type	image.study_link_id	NonDICOMpathologyImages_id	acquisition_method_type	tumor_tissue_type	tissue_fixative	embedding_medium	staining_method	objective	nominal_magnification	immersion	lens_numerical_aperture
NonDICOMpathologyImages	CDS-IMAGE-578966	CDS-NonDICOMpathologyImages-722343	barba_crescit_caput_nescit	salus_in_arduis	Carbodiimide	PBS+Serum	MxIF	id_quod_plerumque_accidit	scientia_et_sapientia	Obedientia_civium_urbis_felicitas	Obedientia_civium_urbis_felicitas
NonDICOMpathologyImages	CDS-IMAGE-124987	CDS-NonDICOMpathologyImages-528992	nanos_gigantum_humeris_insidentes	imperium_in_imperio	Carnoy's Solution	None	H&E	Gallia_est_omnis_divisa_in_partes_tres	e_causa_ignota	scientia_et_sapientia	damnant_quod_non_intellegunt
NonDICOMpathologyImages	CDS-IMAGE-718416	CDS-NonDICOMpathologyImages-337587	haec_olim_meminisse_iuvabit	Obedientia_civium_urbis_felicitas	PAXgene Tissue	RPMI+Serum	MxIF	scientiae_et_patriae	saltus_in_demonstrando	id_quod_plerumque_accidit	nanos_gigantum_humeris_insidentes
NonDICOMpathologyImages	CDS-IMAGE-287076	CDS-NonDICOMpathologyImages-809099	O_Tite_tute_Tati_tibi_tanta_tyranne_tulisti	scientia_et_labor	RNAlater	DMEM+Serum	CyCIF	scientiae_cedit_mare	faber_est_suae_quisque_fortunae	"scientia,_aere_perennius"	Macte_animo_Generose_puer_sic_itur_ad_astra
NonDICOMpathologyImages	CDS-IMAGE-233824	CDS-NonDICOMpathologyImages-504642	scientia_et_labor	salus_in_arduis	NP40 Lysis Buffer	DMEM+Serum	Not Applicable	barba_crescit_caput_nescit	Macte_animo_Generose_puer_sic_itur_ad_astra	nanos_gigantum_humeris_insidentes	Obedientia_civium_urbis_felicitas
NonDICOMpathologyImages	CDS-IMAGE-299479	CDS-NonDICOMpathologyImages-183774	saltus_in_demonstrando	labor_ipse_voluptas	Poloxamer	DMEM	mIHC	scientia_et_labor	cacatum_non_est_pictum	e_causa_ignota	scientia_imperii_decus_et_tutamen
NonDICOMpathologyImages	CDS-IMAGE-239322	CDS-NonDICOMpathologyImages-924974	e_causa_ignota	faber_est_suae_quisque_fortunae	Poloxamer	None	mIHC	scientia_imperii_decus_et_tutamen	nascentes_morimur_finisque_ab_origine_pendet	scientia_et_labor	scientia_et_labor
NonDICOMpathologyImages	CDS-IMAGE-919628	CDS-NonDICOMpathologyImages-528044	labor_ipse_voluptas	salus_in_arduis	Carnoy's Solution	DMEM	CyCIF	scientia_et_labor	scientia_imperii_decus_et_tutamen	Obedientia_civium_urbis_felicitas	nanos_gigantum_humeris_insidentes
NonDICOMpathologyImages	CDS-IMAGE-383512	CDS-NonDICOMpathologyImages-775699	scientia_et_sapientia	damnant_quod_non_intellegunt	PAXgene Tissue	DMEM+Serum	ExSeq	scientia_imperii_decus_et_tutamen	O_Tite_tute_Tati_tibi_tanta_tyranne_tulisti	cacatum_non_est_pictum	imperium_in_imperio
NonDICOMpathologyImages	CDS-IMAGE-567427	CDS-NonDICOMpathologyImages-642450	scientia_et_sapientia	scientia_et_sapientia	Formalin	RPMI+Serum	MIBI	damnant_quod_non_intellegunt	Macte_animo_Generose_puer_sic_itur_ad_astra	nanos_gigantum_humeris_insidentes	faber_est_suae_quisque_fortunae
NonDICOMpathologyImages	CDS-IMAGE-679182	CDS-NonDICOMpathologyImages-644615	pace_tua	haec_olim_meminisse_iuvabit	Poloxamer	RPMI+Serum	GeoMX-DSP	barba_crescit_caput_nescit	e_causa_ignota	haec_olim_meminisse_iuvabit	Macte_animo_Generose_puer_sic_itur_ad_astra
NonDICOMpathologyImages	CDS-IMAGE-947828	CDS-NonDICOMpathologyImages-797387	pace_tua	labor_ipse_voluptas	PAXgene Tissue	PBS+Serum	IHC	salus_in_arduis	labor_ipse_voluptas	nascentes_morimur_finisque_ab_origine_pendet	barba_crescit_caput_nescit
NonDICOMpathologyImages	CDS-IMAGE-519196	CDS-NonDICOMpathologyImages-580729	Macte_animo_Generose_puer_sic_itur_ad_astra	e_causa_ignota	Other	PBS+Serum	SABER	Gallia_est_omnis_divisa_in_partes_tres	haec_olim_meminisse_iuvabit	O_Tite_tute_Tati_tibi_tanta_tyranne_tulisti	scientiae_et_patriae
NonDICOMpathologyImages	CDS-IMAGE-676641	CDS-NonDICOMpathologyImages-958077	e_causa_ignota	scientia_imperii_decus_et_tutamen	Saline	DMEM	GeoMX-DSP	"scientia,_aere_perennius"	salus_in_arduis	e_causa_ignota	Obedientia_civium_urbis_felicitas
NonDICOMpathologyImages	CDS-IMAGE-202121	CDS-NonDICOMpathologyImages-537831	a_bene_placito	Gallia_est_omnis_divisa_in_partes_tres	Poloxamer	PBS+Serum	CyCIF	scientia_et_sapientia	imperium_in_imperio	sapiens_qui_prospicit	haec_olim_meminisse_iuvabit
NonDICOMpathologyImages	CDS-IMAGE-381513	CDS-NonDICOMpathologyImages-473526	nanos_gigantum_humeris_insidentes	"scientia,_aere_perennius"	PAXgene Tissue	None	MIBI	imperium_in_imperio	cacatum_non_est_pictum	scientia_et_labor	labor_ipse_voluptas
NonDICOMpathologyImages	CDS-IMAGE-926772	CDS-NonDICOMpathologyImages-371042	pace_tua	e_causa_ignota	TCL Lysis Buffer	DMEM	MERFISH	a_bene_placito	imperium_in_imperio	faber_est_suae_quisque_fortunae	saltus_in_demonstrando
NonDICOMpathologyImages	CDS-IMAGE-712838	CDS-NonDICOMpathologyImages-344633	labor_ipse_voluptas	scientia_et_labor	NP40 Lysis Buffer	DMEM+Serum	CyCIF	imperium_in_imperio	nanos_gigantum_humeris_insidentes	id_quod_plerumque_accidit	saltus_in_demonstrando
NonDICOMpathologyImages	CDS-IMAGE-295911	CDS-NonDICOMpathologyImages-823846	scientia_imperii_decus_et_tutamen	scientia_et_sapientia	Glutaraldehyde	PBS+Serum	IHC	nascentes_morimur_finisque_ab_origine_pendet	nascentes_morimur_finisque_ab_origine_pendet	e_causa_ignota	scientia_et_sapientia
NonDICOMpathologyImages	CDS-IMAGE-367856	CDS-NonDICOMpathologyImages-981093	haec_olim_meminisse_iuvabit	O_Tite_tute_Tati_tibi_tanta_tyranne_tulisti	Not recorded	PBS+Serum	Not Applicable	nascentes_morimur_finisque_ab_origine_pendet	e_causa_ignota	pace_tua	faber_est_suae_quisque_fortunae
NonDICOMpathologyImages	CDS-IMAGE-372267	CDS-NonDICOMpathologyImages-672662	sapiens_qui_prospicit	scientiae_cedit_mare	Dimethylacetamide	PBS+Serum	Not Applicable	labor_ipse_voluptas	labor_ipse_voluptas	barba_crescit_caput_nescit	saltus_in_demonstrando
NonDICOMpathologyImages	CDS-IMAGE-893562	CDS-NonDICOMpathologyImages-938884	scientia_et_sapientia	nascentes_morimur_finisque_ab_origine_pendet	Diimidoester	PBS+Serum	mIHC	faber_est_suae_quisque_fortunae	scientia_et_sapientia	Obedientia_civium_urbis_felicitas	nascentes_morimur_finisque_ab_origine_pendet
NonDICOMpathologyImages	CDS-IMAGE-815441	CDS-NonDICOMpathologyImages-549952	labor_ipse_voluptas	pace_tua	NP40 Lysis Buffer	RPMI+Serum	CyCIF	Macte_animo_Generose_puer_sic_itur_ad_astra	a_bene_placito	O_Tite_tute_Tati_tibi_tanta_tyranne_tulisti	haec_olim_meminisse_iuvabit
NonDICOMpathologyImages	CDS-IMAGE-626494	CDS-NonDICOMpathologyImages-797243	Gallia_est_omnis_divisa_in_partes_tres	faber_est_suae_quisque_fortunae	NP40 Lysis Buffer	RPMI+Serum	MIBI	saltus_in_demonstrando	scientia_et_sapientia	e_causa_ignota	Gallia_est_omnis_divisa_in_partes_tres
NonDICOMpathologyImages	CDS-IMAGE-639240	CDS-NonDICOMpathologyImages-288502	haec_olim_meminisse_iuvabit	sapiens_qui_prospicit	Not recorded	None	SABER	saltus_in_demonstrando	a_bene_placito	O_Tite_tute_Tati_tibi_tanta_tyranne_tulisti	scientia_et_sapientia
NonDICOMpathologyImages	CDS-IMAGE-391697	CDS-NonDICOMpathologyImages-190131	id_quod_plerumque_accidit	damnant_quod_non_intellegunt	Dimethylacetamide	DMEM+Serum	SABER	barba_crescit_caput_nescit	Gallia_est_omnis_divisa_in_partes_tres	nascentes_morimur_finisque_ab_origine_pendet	e_causa_ignota
NonDICOMpathologyImages	CDS-IMAGE-582211	CDS-NonDICOMpathologyImages-771712	faber_est_suae_quisque_fortunae	damnant_quod_non_intellegunt	Carnoy's Solution	PBS+Serum	MERFISH	scientia_imperii_decus_et_tutamen	scientiae_et_patriae	salus_in_arduis	damnant_quod_non_intellegunt
NonDICOMpathologyImages	CDS-IMAGE-831406	CDS-NonDICOMpathologyImages-132469	nascentes_morimur_finisque_ab_origine_pendet	a_bene_placito	Saline	DMEM+Serum	CyCIF	scientia_et_sapientia	scientia_et_sapientia	scientia_et_sapientia	nanos_gigantum_humeris_insidentes
NonDICOMpathologyImages	CDS-IMAGE-386691	CDS-NonDICOMpathologyImages-455307	a_bene_placito	saltus_in_demonstrando	Formalin	DMEM+Serum	IMC	haec_olim_meminisse_iuvabit	a_bene_placito	barba_crescit_caput_nescit	e_causa_ignota
NonDICOMpathologyImages	CDS-IMAGE-740819	CDS-NonDICOMpathologyImages-553844	nascentes_morimur_finisque_ab_origine_pendet	faber_est_suae_quisque_fortunae	TCL Lysis Buffer	RPMI+Serum	SABER	id_quod_plerumque_accidit	sapiens_qui_prospicit	nascentes_morimur_finisque_ab_origine_pendet	sapiens_qui_prospicit
NonDICOMpathologyImages	CDS-IMAGE-287308	CDS-NonDICOMpathologyImages-446974	pace_tua	haec_olim_meminisse_iuvabit	OCT media	None	H&E	id_quod_plerumque_accidit	damnant_quod_non_intellegunt	sapiens_qui_prospicit	scientia_et_sapientia
NonDICOMpathologyImages	CDS-IMAGE-686249	CDS-NonDICOMpathologyImages-234560	e_causa_ignota	scientia_et_labor	OCT media	DMEM+Serum	Not Applicable	Obedientia_civium_urbis_felicitas	id_quod_plerumque_accidit	scientia_et_labor	sapiens_qui_prospicit
NonDICOMpathologyImages	CDS-IMAGE-256022	CDS-NonDICOMpathologyImages-793060	"scientia,_aere_perennius"	scientia_et_labor	TCL Lysis Buffer	None	GeoMX-DSP	nanos_gigantum_humeris_insidentes	Gallia_est_omnis_divisa_in_partes_tres	imperium_in_imperio	sapiens_qui_prospicit
NonDICOMpathologyImages	CDS-IMAGE-874930	CDS-NonDICOMpathologyImages-501176	scientia_imperii_decus_et_tutamen	scientiae_cedit_mare	Para-benzoquinone	PBS+Serum	H&E	scientia_imperii_decus_et_tutamen	scientiae_et_patriae	sapiens_qui_prospicit	haec_olim_meminisse_iuvabit
NonDICOMpathologyImages	CDS-IMAGE-127817	CDS-NonDICOMpathologyImages-198587	imperium_in_imperio	saltus_in_demonstrando	Dimethylacetamide	PBS+Serum	GeoMX-DSP	labor_ipse_voluptas	imperium_in_imperio	nanos_gigantum_humeris_insidentes	id_quod_plerumque_accidit
NonDICOMpathologyImages	CDS-IMAGE-581794	CDS-NonDICOMpathologyImages-586093	scientiae_cedit_mare	faber_est_suae_quisque_fortunae	Saline	PBS+Serum	ExSeq	imperium_in_imperio	scientiae_cedit_mare	"scientia,_aere_perennius"	nanos_gigantum_humeris_insidentes
NonDICOMpathologyImages	CDS-IMAGE-308055	CDS-NonDICOMpathologyImages-244877	Obedientia_civium_urbis_felicitas	nanos_gigantum_humeris_insidentes	Saline	None	MERFISH	id_quod_plerumque_accidit	id_quod_plerumque_accidit	scientiae_et_patriae	scientia_et_labor
NonDICOMpathologyImages	CDS-IMAGE-684720	CDS-NonDICOMpathologyImages-763705	"scientia,_aere_perennius"	scientiae_cedit_mare	CryoStor	DMEM	IMC	pace_tua	id_quod_plerumque_accidit	nanos_gigantum_humeris_insidentes	scientia_et_labor
NonDICOMpathologyImages	CDS-IMAGE-708275	CDS-NonDICOMpathologyImages-304017	scientiae_et_patriae	nascentes_morimur_finisque_ab_origine_pendet	Carnoy's Solution	None	MxIF	Macte_animo_Generose_puer_sic_itur_ad_astra	barba_crescit_caput_nescit	sapiens_qui_prospicit	O_Tite_tute_Tati_tibi_tanta_tyranne_tulisti
NonDICOMpathologyImages	CDS-IMAGE-258255	CDS-NonDICOMpathologyImages-139273	faber_est_suae_quisque_fortunae	Obedientia_civium_urbis_felicitas	RNAlater	PBS+Serum	IMC	scientiae_cedit_mare	Macte_animo_Generose_puer_sic_itur_ad_astra	nascentes_morimur_finisque_ab_origine_pendet	id_quod_plerumque_accidit
NonDICOMpathologyImages	CDS-IMAGE-309016	CDS-NonDICOMpathologyImages-553735	"scientia,_aere_perennius"	a_bene_placito	Methacarn	DMEM+Serum	IHC	pace_tua	Obedientia_civium_urbis_felicitas	scientia_et_sapientia	cacatum_non_est_pictum
NonDICOMpathologyImages	CDS-IMAGE-586896	CDS-NonDICOMpathologyImages-534545	nanos_gigantum_humeris_insidentes	saltus_in_demonstrando	NP40 Lysis Buffer	PBS+Serum	mIHC	damnant_quod_non_intellegunt	pace_tua	"scientia,_aere_perennius"	scientia_et_sapientia
NonDICOMpathologyImages	CDS-IMAGE-232154	CDS-NonDICOMpathologyImages-351831	scientia_et_sapientia	sapiens_qui_prospicit	Not applicable	RPMI+Serum	MxIF	damnant_quod_non_intellegunt	scientia_et_labor	scientiae_cedit_mare	salus_in_arduis
NonDICOMpathologyImages	CDS-IMAGE-686660	CDS-NonDICOMpathologyImages-266640	scientia_et_labor	e_causa_ignota	Acetone	RPMI+Serum	IMC	scientia_et_labor	pace_tua	nanos_gigantum_humeris_insidentes	scientia_et_labor
NonDICOMpathologyImages	CDS-IMAGE-593991	CDS-NonDICOMpathologyImages-458715	pace_tua	scientia_et_labor	Diimidoester	RPMI+Serum	Not Applicable	cacatum_non_est_pictum	scientiae_cedit_mare	barba_crescit_caput_nescit	scientiae_et_patriae
NonDICOMpathologyImages	CDS-IMAGE-420908	CDS-NonDICOMpathologyImages-190241	cacatum_non_est_pictum	faber_est_suae_quisque_fortunae	Other	None	GeoMX-DSP	barba_crescit_caput_nescit	scientia_et_labor	scientia_et_sapientia	scientiae_cedit_mare
NonDICOMpathologyImages	CDS-IMAGE-982628	CDS-NonDICOMpathologyImages-465795	saltus_in_demonstrando	cacatum_non_est_pictum	OCT media	DMEM	MIBI	nanos_gigantum_humeris_insidentes	"scientia,_aere_perennius"	saltus_in_demonstrando	nanos_gigantum_humeris_insidentes
NonDICOMpathologyImages	CDS-IMAGE-936544	CDS-NonDICOMpathologyImages-242139	nascentes_morimur_finisque_ab_origine_pendet	e_causa_ignota	Methacarn	None	IMC	labor_ipse_voluptas	e_causa_ignota	a_bene_placito	scientia_imperii_decus_et_tutamen
NonDICOMpathologyImages	CDS-IMAGE-153107	CDS-NonDICOMpathologyImages-611089	salus_in_arduis	Obedientia_civium_urbis_felicitas	Dimethylacetamide	DMEM	H&E	"scientia,_aere_perennius"	scientia_imperii_decus_et_tutamen	scientia_imperii_decus_et_tutamen	a_bene_placito
NonDICOMpathologyImages	CDS-IMAGE-120003	CDS-NonDICOMpathologyImages-962616	saltus_in_demonstrando	a_bene_placito	NP40 Lysis Buffer	None	IHC	scientiae_et_patriae	sapiens_qui_prospicit	imperium_in_imperio	cacatum_non_est_pictum
NonDICOMpathologyImages	CDS-IMAGE-879670	CDS-NonDICOMpathologyImages-594108	scientia_imperii_decus_et_tutamen	saltus_in_demonstrando	Dimethylacetamide	DMEM+Serum	MxIF	a_bene_placito	imperium_in_imperio	scientia_et_labor	saltus_in_demonstrando
NonDICOMpathologyImages	CDS-IMAGE-740031	CDS-NonDICOMpathologyImages-632274	"scientia,_aere_perennius"	e_causa_ignota	Para-benzoquinone	DMEM+Serum	H&E	haec_olim_meminisse_iuvabit	scientia_imperii_decus_et_tutamen	haec_olim_meminisse_iuvabit	Gallia_est_omnis_divisa_in_partes_tres
NonDICOMpathologyImages	CDS-IMAGE-768020	CDS-NonDICOMpathologyImages-870845	Gallia_est_omnis_divisa_in_partes_tres	salus_in_arduis	Not recorded	None	Not Applicable	nanos_gigantum_humeris_insidentes	scientia_et_labor	Obedientia_civium_urbis_felicitas	"scientia,_aere_perennius"
NonDICOMpathologyImages	CDS-IMAGE-230793	CDS-NonDICOMpathologyImages-741935	O_Tite_tute_Tati_tibi_tanta_tyranne_tulisti	"scientia,_aere_perennius"	OCT media	RPMI+Serum	CODEX	saltus_in_demonstrando	id_quod_plerumque_accidit	Gallia_est_omnis_divisa_in_partes_tres	Macte_animo_Generose_puer_sic_itur_ad_astra
NonDICOMpathologyImages	CDS-IMAGE-932811	CDS-NonDICOMpathologyImages-474335	"scientia,_aere_perennius"	sapiens_qui_prospicit	OCT media	None	ExSeq	Obedientia_civium_urbis_felicitas	id_quod_plerumque_accidit	scientiae_cedit_mare	labor_ipse_voluptas
NonDICOMpathologyImages	CDS-IMAGE-851055	CDS-NonDICOMpathologyImages-592324	labor_ipse_voluptas	scientia_et_labor	Formalin	DMEM	SABER	salus_in_arduis	nascentes_morimur_finisque_ab_origine_pendet	barba_crescit_caput_nescit	"scientia,_aere_perennius"
NonDICOMpathologyImages	CDS-IMAGE-326445	CDS-NonDICOMpathologyImages-983354	id_quod_plerumque_accidit	nanos_gigantum_humeris_insidentes	RNAlater	PBS+Serum	MERFISH	saltus_in_demonstrando	O_Tite_tute_Tati_tibi_tanta_tyranne_tulisti	O_Tite_tute_Tati_tibi_tanta_tyranne_tulisti	e_causa_ignota
NonDICOMpathologyImages	CDS-IMAGE-493675	CDS-NonDICOMpathologyImages-351315	e_causa_ignota	imperium_in_imperio	Not applicable	DMEM+Serum	MERFISH	scientiae_et_patriae	a_bene_placito	sapiens_qui_prospicit	salus_in_arduis
NonDICOMpathologyImages	CDS-IMAGE-415899	CDS-NonDICOMpathologyImages-781296	salus_in_arduis	sapiens_qui_prospicit	Glutaraldehyde	None	MERFISH	nanos_gigantum_humeris_insidentes	labor_ipse_voluptas	e_causa_ignota	scientia_imperii_decus_et_tutamen
NonDICOMpathologyImages	CDS-IMAGE-133251	CDS-NonDICOMpathologyImages-280919	damnant_quod_non_intellegunt	labor_ipse_voluptas	Carnoy's Solution	None	IHC	scientia_imperii_decus_et_tutamen	e_causa_ignota	barba_crescit_caput_nescit	saltus_in_demonstrando
NonDICOMpathologyImages	CDS-IMAGE-656754	CDS-NonDICOMpathologyImages-539879	scientia_et_labor	pace_tua	Carnoy's Solution	PBS+Serum	IMC	scientiae_cedit_mare	nanos_gigantum_humeris_insidentes	scientiae_et_patriae	Macte_animo_Generose_puer_sic_itur_ad_astra
NonDICOMpathologyImages	CDS-IMAGE-791129	CDS-NonDICOMpathologyImages-921844	scientiae_et_patriae	scientiae_et_patriae	Poloxamer	None	t-CyCIF	haec_olim_meminisse_iuvabit	e_causa_ignota	damnant_quod_non_intellegunt	haec_olim_meminisse_iuvabit
NonDICOMpathologyImages	CDS-IMAGE-130480	CDS-NonDICOMpathologyImages-734401	a_bene_placito	damnant_quod_non_intellegunt	OCT media	DMEM+Serum	MIBI	sapiens_qui_prospicit	pace_tua	Macte_animo_Generose_puer_sic_itur_ad_astra	"scientia,_aere_perennius"
NonDICOMpathologyImages	CDS-IMAGE-329416	CDS-NonDICOMpathologyImages-837277	scientiae_cedit_mare	imperium_in_imperio	Dimethylacetamide	PBS+Serum	ExSeq	scientiae_et_patriae	scientia_et_sapientia	scientiae_et_patriae	scientia_et_labor
NonDICOMpathologyImages	CDS-IMAGE-194844	CDS-NonDICOMpathologyImages-269563	damnant_quod_non_intellegunt	nanos_gigantum_humeris_insidentes	None	DMEM	IHC	haec_olim_meminisse_iuvabit	damnant_quod_non_intellegunt	scientiae_et_patriae	labor_ipse_voluptas
NonDICOMpathologyImages	CDS-IMAGE-269384	CDS-NonDICOMpathologyImages-284769	scientia_et_labor	scientiae_et_patriae	Other	None	MxIF	damnant_quod_non_intellegunt	labor_ipse_voluptas	scientiae_et_patriae	"scientia,_aere_perennius"
NonDICOMpathologyImages	CDS-IMAGE-726419	CDS-NonDICOMpathologyImages-280578	scientiae_et_patriae	id_quod_plerumque_accidit	Poloxamer	DMEM	SABER	scientiae_et_patriae	scientia_et_sapientia	barba_crescit_caput_nescit	labor_ipse_voluptas
NonDICOMpathologyImages	CDS-IMAGE-622255	CDS-NonDICOMpathologyImages-951825	a_bene_placito	faber_est_suae_quisque_fortunae	NP40 Lysis Buffer	PBS+Serum	SABER	saltus_in_demonstrando	damnant_quod_non_intellegunt	Obedientia_civium_urbis_felicitas	imperium_in_imperio
NonDICOMpathologyImages	CDS-IMAGE-712290	CDS-NonDICOMpathologyImages-933270	barba_crescit_caput_nescit	O_Tite_tute_Tati_tibi_tanta_tyranne_tulisti	RNAlater	PBS+Serum	CODEX	imperium_in_imperio	e_causa_ignota	sapiens_qui_prospicit	"scientia,_aere_perennius"
NonDICOMpathologyImages	CDS-IMAGE-291915	CDS-NonDICOMpathologyImages-348433	saltus_in_demonstrando	faber_est_suae_quisque_fortunae	OCT media	DMEM	MERFISH	Gallia_est_omnis_divisa_in_partes_tres	pace_tua	e_causa_ignota	barba_crescit_caput_nescit
NonDICOMpathologyImages	CDS-IMAGE-682449	CDS-NonDICOMpathologyImages-900077	sapiens_qui_prospicit	e_causa_ignota	Para-benzoquinone	DMEM+Serum	IMC	nanos_gigantum_humeris_insidentes	id_quod_plerumque_accidit	scientia_et_labor	labor_ipse_voluptas
NonDICOMpathologyImages	CDS-IMAGE-439609	CDS-NonDICOMpathologyImages-780163	Obedientia_civium_urbis_felicitas	id_quod_plerumque_accidit	RNAlater	PBS+Serum	MxIF	scientiae_et_patriae	pace_tua	scientia_imperii_decus_et_tutamen	saltus_in_demonstrando
NonDICOMpathologyImages	CDS-IMAGE-386183	CDS-NonDICOMpathologyImages-944223	nanos_gigantum_humeris_insidentes	labor_ipse_voluptas	CryoStor	PBS+Serum	t-CyCIF	scientiae_cedit_mare	imperium_in_imperio	scientia_et_labor	labor_ipse_voluptas
NonDICOMpathologyImages	CDS-IMAGE-750302	CDS-NonDICOMpathologyImages-429253	sapiens_qui_prospicit	pace_tua	Dimethylacetamide	PBS+Serum	MxIF	O_Tite_tute_Tati_tibi_tanta_tyranne_tulisti	scientiae_et_patriae	nascentes_morimur_finisque_ab_origine_pendet	scientia_et_sapientia
NonDICOMpathologyImages	CDS-IMAGE-239761	CDS-NonDICOMpathologyImages-643346	faber_est_suae_quisque_fortunae	id_quod_plerumque_accidit	Acetone	PBS+Serum	MxIF	pace_tua	labor_ipse_voluptas	salus_in_arduis	e_causa_ignota
NonDICOMpathologyImages	CDS-IMAGE-690976	CDS-NonDICOMpathologyImages-370554	sapiens_qui_prospicit	damnant_quod_non_intellegunt	Acetone	DMEM+Serum	GeoMX-DSP	damnant_quod_non_intellegunt	salus_in_arduis	labor_ipse_voluptas	cacatum_non_est_pictum
NonDICOMpathologyImages	CDS-IMAGE-372342	CDS-NonDICOMpathologyImages-601877	Obedientia_civium_urbis_felicitas	barba_crescit_caput_nescit	Formalin	DMEM	ExSeq	labor_ipse_voluptas	Macte_animo_Generose_puer_sic_itur_ad_astra	sapiens_qui_prospicit	haec_olim_meminisse_iuvabit
NonDICOMpathologyImages	CDS-IMAGE-251183	CDS-NonDICOMpathologyImages-426877	Gallia_est_omnis_divisa_in_partes_tres	id_quod_plerumque_accidit	Not applicable	RPMI+Serum	IHC	cacatum_non_est_pictum	scientia_imperii_decus_et_tutamen	a_bene_placito	Gallia_est_omnis_divisa_in_partes_tres
NonDICOMpathologyImages	CDS-IMAGE-497884	CDS-NonDICOMpathologyImages-693515	sapiens_qui_prospicit	pace_tua	Alcohol	None	H&E	cacatum_non_est_pictum	labor_ipse_voluptas	salus_in_arduis	faber_est_suae_quisque_fortunae
NonDICOMpathologyImages	CDS-IMAGE-294800	CDS-NonDICOMpathologyImages-754888	sapiens_qui_prospicit	sapiens_qui_prospicit	CryoStor	DMEM	IMC	cacatum_non_est_pictum	scientiae_cedit_mare	"scientia,_aere_perennius"	barba_crescit_caput_nescit
NonDICOMpathologyImages	CDS-IMAGE-317666	CDS-NonDICOMpathologyImages-656679	barba_crescit_caput_nescit	O_Tite_tute_Tati_tibi_tanta_tyranne_tulisti	CryoStor	RPMI+Serum	H&E	nanos_gigantum_humeris_insidentes	cacatum_non_est_pictum	damnant_quod_non_intellegunt	Macte_animo_Generose_puer_sic_itur_ad_astra
NonDICOMpathologyImages	CDS-IMAGE-281478	CDS-NonDICOMpathologyImages-802404	barba_crescit_caput_nescit	e_causa_ignota	Saline	None	CyCIF	scientia_et_sapientia	O_Tite_tute_Tati_tibi_tanta_tyranne_tulisti	faber_est_suae_quisque_fortunae	damnant_quod_non_intellegunt
NonDICOMpathologyImages	CDS-IMAGE-111851	CDS-NonDICOMpathologyImages-793172	imperium_in_imperio	salus_in_arduis	RNAlater	PBS+Serum	H&E	cacatum_non_est_pictum	pace_tua	scientia_et_labor	labor_ipse_voluptas
NonDICOMpathologyImages	CDS-IMAGE-766539	CDS-NonDICOMpathologyImages-405341	pace_tua	nascentes_morimur_finisque_ab_origine_pendet	Para-benzoquinone	DMEM	MERFISH	haec_olim_meminisse_iuvabit	scientia_et_labor	e_causa_ignota	nanos_gigantum_humeris_insidentes
NonDICOMpathologyImages	CDS-IMAGE-549808	CDS-NonDICOMpathologyImages-852300	sapiens_qui_prospicit	labor_ipse_voluptas	95% Ethanol	PBS+Serum	MIBI	a_bene_placito	Obedientia_civium_urbis_felicitas	Macte_animo_Generose_puer_sic_itur_ad_astra	scientia_et_sapientia
NonDICOMpathologyImages	CDS-IMAGE-426473	CDS-NonDICOMpathologyImages-236754	scientia_et_labor	saltus_in_demonstrando	Other	DMEM	CyCIF	imperium_in_imperio	Macte_animo_Generose_puer_sic_itur_ad_astra	sapiens_qui_prospicit	e_causa_ignota
NonDICOMpathologyImages	CDS-IMAGE-625285	CDS-NonDICOMpathologyImages-635421	imperium_in_imperio	nascentes_morimur_finisque_ab_origine_pendet	Not applicable	RPMI+Serum	t-CyCIF	Macte_animo_Generose_puer_sic_itur_ad_astra	imperium_in_imperio	scientiae_et_patriae	faber_est_suae_quisque_fortunae
NonDICOMpathologyImages	CDS-IMAGE-494415	CDS-NonDICOMpathologyImages-128652	saltus_in_demonstrando	nascentes_morimur_finisque_ab_origine_pendet	CryoStor	PBS+Serum	MERFISH	sapiens_qui_prospicit	id_quod_plerumque_accidit	damnant_quod_non_intellegunt	salus_in_arduis
NonDICOMpathologyImages	CDS-IMAGE-821423	CDS-NonDICOMpathologyImages-116309	scientia_imperii_decus_et_tutamen	nanos_gigantum_humeris_insidentes	TCL Lysis Buffer	PBS+Serum	IHC	salus_in_arduis	Macte_animo_Generose_puer_sic_itur_ad_astra	"scientia,_aere_perennius"	Macte_animo_Generose_puer_sic_itur_ad_astra
NonDICOMpathologyImages	CDS-IMAGE-510337	CDS-NonDICOMpathologyImages-120076	haec_olim_meminisse_iuvabit	salus_in_arduis	Not recorded	None	CODEX	haec_olim_meminisse_iuvabit	cacatum_non_est_pictum	a_bene_placito	haec_olim_meminisse_iuvabit
NonDICOMpathologyImages	CDS-IMAGE-959315	CDS-NonDICOMpathologyImages-821847	O_Tite_tute_Tati_tibi_tanta_tyranne_tulisti	"scientia,_aere_perennius"	Methacarn	None	MERFISH	id_quod_plerumque_accidit	damnant_quod_non_intellegunt	faber_est_suae_quisque_fortunae	barba_crescit_caput_nescit
NonDICOMpathologyImages	CDS-IMAGE-541481	CDS-NonDICOMpathologyImages-678808	id_quod_plerumque_accidit	id_quod_plerumque_accidit	CryoStor	DMEM+Serum	SABER	scientia_et_labor	nascentes_morimur_finisque_ab_origine_pendet	salus_in_arduis	damnant_quod_non_intellegunt
NonDICOMpathologyImages	CDS-IMAGE-904242	CDS-NonDICOMpathologyImages-154016	scientiae_et_patriae	nanos_gigantum_humeris_insidentes	CryoStor	DMEM+Serum	CODEX	nascentes_morimur_finisque_ab_origine_pendet	nascentes_morimur_finisque_ab_origine_pendet	cacatum_non_est_pictum	cacatum_non_est_pictum
NonDICOMpathologyImages	CDS-IMAGE-153459	CDS-NonDICOMpathologyImages-155600	barba_crescit_caput_nescit	imperium_in_imperio	Formalin	PBS+Serum	mIHC	saltus_in_demonstrando	Obedientia_civium_urbis_felicitas	cacatum_non_est_pictum	nanos_gigantum_humeris_insidentes
NonDICOMpathologyImages	CDS-IMAGE-856203	CDS-NonDICOMpathologyImages-824656	salus_in_arduis	"scientia,_aere_perennius"	PAXgene Tissue	RPMI+Serum	CyCIF	imperium_in_imperio	id_quod_plerumque_accidit	id_quod_plerumque_accidit	e_causa_ignota
NonDICOMpathologyImages	CDS-IMAGE-343534	CDS-NonDICOMpathologyImages-501218	O_Tite_tute_Tati_tibi_tanta_tyranne_tulisti	id_quod_plerumque_accidit	Other	DMEM	H&E	"scientia,_aere_perennius"	scientiae_cedit_mare	sapiens_qui_prospicit	"scientia,_aere_perennius"
NonDICOMpathologyImages	CDS-IMAGE-651419	CDS-NonDICOMpathologyImages-742374	barba_crescit_caput_nescit	saltus_in_demonstrando	Unknown	RPMI+Serum	H&E	scientia_imperii_decus_et_tutamen	faber_est_suae_quisque_fortunae	e_causa_ignota	nascentes_morimur_finisque_ab_origine_pendet
NonDICOMpathologyImages	CDS-IMAGE-652644	CDS-NonDICOMpathologyImages-293283	cacatum_non_est_pictum	salus_in_arduis	Other	PBS+Serum	ExSeq	id_quod_plerumque_accidit	scientia_et_sapientia	haec_olim_meminisse_iuvabit	cacatum_non_est_pictum
NonDICOMpathologyImages	CDS-IMAGE-891933	CDS-NonDICOMpathologyImages-725384	scientia_et_labor	id_quod_plerumque_accidit	Unknown	PBS+Serum	IMC	labor_ipse_voluptas	barba_crescit_caput_nescit	saltus_in_demonstrando	Obedientia_civium_urbis_felicitas
NonDICOMpathologyImages	CDS-IMAGE-744478	CDS-NonDICOMpathologyImages-944177	scientiae_cedit_mare	Gallia_est_omnis_divisa_in_partes_tres	Formalin	DMEM+Serum	MIBI	salus_in_arduis	scientiae_cedit_mare	damnant_quod_non_intellegunt	labor_ipse_voluptas
NonDICOMpathologyImages	CDS-IMAGE-616240	CDS-NonDICOMpathologyImages-874353	id_quod_plerumque_accidit	labor_ipse_voluptas	95% Ethanol	DMEM+Serum	H&E	scientiae_et_patriae	scientia_imperii_decus_et_tutamen	faber_est_suae_quisque_fortunae	damnant_quod_non_intellegunt
NonDICOMpathologyImages	CDS-IMAGE-941357	CDS-NonDICOMpathologyImages-873506	id_quod_plerumque_accidit	nanos_gigantum_humeris_insidentes	Other	None	mIHC	salus_in_arduis	Obedientia_civium_urbis_felicitas	scientia_imperii_decus_et_tutamen	id_quod_plerumque_accidit
NonDICOMpathologyImages	CDS-IMAGE-280577	CDS-NonDICOMpathologyImages-829004	pace_tua	imperium_in_imperio	None	None	MxIF	Gallia_est_omnis_divisa_in_partes_tres	barba_crescit_caput_nescit	pace_tua	scientiae_cedit_mare
NonDICOMpathologyImages	CDS-IMAGE-277292	CDS-NonDICOMpathologyImages-179675	"scientia,_aere_perennius"	sapiens_qui_prospicit	Dimethylacetamide	PBS+Serum	Not Applicable	imperium_in_imperio	faber_est_suae_quisque_fortunae	e_causa_ignota	labor_ipse_voluptas
NonDICOMpathologyImages	CDS-IMAGE-892202	CDS-NonDICOMpathologyImages-627664	scientiae_et_patriae	O_Tite_tute_Tati_tibi_tanta_tyranne_tulisti	95% Ethanol	DMEM+Serum	MERFISH	e_causa_ignota	salus_in_arduis	nascentes_morimur_finisque_ab_origine_pendet	O_Tite_tute_Tati_tibi_tanta_tyranne_tulisti
NonDICOMpathologyImages	CDS-IMAGE-929566	CDS-NonDICOMpathologyImages-782875	Gallia_est_omnis_divisa_in_partes_tres	O_Tite_tute_Tati_tibi_tanta_tyranne_tulisti	Carnoy's Solution	DMEM+Serum	mIHC	scientia_imperii_decus_et_tutamen	"scientia,_aere_perennius"	nascentes_morimur_finisque_ab_origine_pendet	pace_tua
NonDICOMpathologyImages	CDS-IMAGE-341706	CDS-NonDICOMpathologyImages-155200	Gallia_est_omnis_divisa_in_partes_tres	sapiens_qui_prospicit	NP40 Lysis Buffer	PBS+Serum	t-CyCIF	scientiae_cedit_mare	salus_in_arduis	scientiae_cedit_mare	O_Tite_tute_Tati_tibi_tanta_tyranne_tulisti
NonDICOMpathologyImages	CDS-IMAGE-906672	CDS-NonDICOMpathologyImages-980730	sapiens_qui_prospicit	O_Tite_tute_Tati_tibi_tanta_tyranne_tulisti	Carbodiimide	None	t-CyCIF	scientia_et_labor	faber_est_suae_quisque_fortunae	nanos_gigantum_humeris_insidentes	cacatum_non_est_pictum
NonDICOMpathologyImages	CDS-IMAGE-897321	CDS-NonDICOMpathologyImages-428590	scientia_et_labor	id_quod_plerumque_accidit	Other	PBS+Serum	CODEX	haec_olim_meminisse_iuvabit	Macte_animo_Generose_puer_sic_itur_ad_astra	scientia_et_labor	Macte_animo_Generose_puer_sic_itur_ad_astra
NonDICOMpathologyImages	CDS-IMAGE-847954	CDS-NonDICOMpathologyImages-683454	imperium_in_imperio	faber_est_suae_quisque_fortunae	RNAlater	DMEM	MERFISH	nascentes_morimur_finisque_ab_origine_pendet	scientiae_et_patriae	cacatum_non_est_pictum	nanos_gigantum_humeris_insidentes
NonDICOMpathologyImages	CDS-IMAGE-365404	CDS-NonDICOMpathologyImages-152695	O_Tite_tute_Tati_tibi_tanta_tyranne_tulisti	O_Tite_tute_Tati_tibi_tanta_tyranne_tulisti	CryoStor	RPMI+Serum	MIBI	e_causa_ignota	e_causa_ignota	Obedientia_civium_urbis_felicitas	Macte_animo_Generose_puer_sic_itur_ad_astra
NonDICOMpathologyImages	CDS-IMAGE-979174	CDS-NonDICOMpathologyImages-482205	damnant_quod_non_intellegunt	sapiens_qui_prospicit	Poloxamer	DMEM	ExSeq	id_quod_plerumque_accidit	scientia_imperii_decus_et_tutamen	scientia_et_labor	labor_ipse_voluptas
NonDICOMpathologyImages	CDS-IMAGE-391881	CDS-NonDICOMpathologyImages-531671	Macte_animo_Generose_puer_sic_itur_ad_astra	nascentes_morimur_finisque_ab_origine_pendet	Alcohol	PBS+Serum	IHC	Macte_animo_Generose_puer_sic_itur_ad_astra	scientiae_cedit_mare	saltus_in_demonstrando	cacatum_non_est_pictum
NonDICOMpathologyImages	CDS-IMAGE-615430	CDS-NonDICOMpathologyImages-557077	Macte_animo_Generose_puer_sic_itur_ad_astra	scientiae_cedit_mare	Carbodiimide	DMEM	IHC	pace_tua	faber_est_suae_quisque_fortunae	Gallia_est_omnis_divisa_in_partes_tres	Gallia_est_omnis_divisa_in_partes_tres
NonDICOMpathologyImages	CDS-IMAGE-512851	CDS-NonDICOMpathologyImages-762254	barba_crescit_caput_nescit	saltus_in_demonstrando	None	DMEM+Serum	t-CyCIF	Obedientia_civium_urbis_felicitas	nanos_gigantum_humeris_insidentes	id_quod_plerumque_accidit	scientiae_cedit_mare
NonDICOMpathologyImages	CDS-IMAGE-734258	CDS-NonDICOMpathologyImages-480548	Gallia_est_omnis_divisa_in_partes_tres	scientia_imperii_decus_et_tutamen	Glutaraldehyde	DMEM+Serum	IHC	pace_tua	labor_ipse_voluptas	scientia_et_labor	Gallia_est_omnis_divisa_in_partes_tres
NonDICOMpathologyImages	CDS-IMAGE-473310	CDS-NonDICOMpathologyImages-433498	cacatum_non_est_pictum	pace_tua	Glutaraldehyde	PBS+Serum	IMC	O_Tite_tute_Tati_tibi_tanta_tyranne_tulisti	"scientia,_aere_perennius"	saltus_in_demonstrando	scientia_et_sapientia
NonDICOMpathologyImages	CDS-IMAGE-787121	CDS-NonDICOMpathologyImages-757152	a_bene_placito	saltus_in_demonstrando	Acetone	None	Not Applicable	id_quod_plerumque_accidit	"scientia,_aere_perennius"	sapiens_qui_prospicit	cacatum_non_est_pictum
NonDICOMpathologyImages	CDS-IMAGE-813932	CDS-NonDICOMpathologyImages-880912	cacatum_non_est_pictum	scientia_et_sapientia	OCT media	DMEM+Serum	IMC	scientiae_et_patriae	id_quod_plerumque_accidit	faber_est_suae_quisque_fortunae	barba_crescit_caput_nescit
NonDICOMpathologyImages	CDS-IMAGE-387078	CDS-NonDICOMpathologyImages-521870	nascentes_morimur_finisque_ab_origine_pendet	barba_crescit_caput_nescit	Diimidoester	DMEM	ExSeq	cacatum_non_est_pictum	"scientia,_aere_perennius"	a_bene_placito	nascentes_morimur_finisque_ab_origine_pendet
NonDICOMpathologyImages	CDS-IMAGE-864313	CDS-NonDICOMpathologyImages-912624	e_causa_ignota	pace_tua	Formalin	PBS+Serum	MxIF	nascentes_morimur_finisque_ab_origine_pendet	damnant_quod_non_intellegunt	sapiens_qui_prospicit	saltus_in_demonstrando
NonDICOMpathologyImages	CDS-IMAGE-612442	CDS-NonDICOMpathologyImages-175922	scientia_et_sapientia	scientiae_et_patriae	None	DMEM	MxIF	O_Tite_tute_Tati_tibi_tanta_tyranne_tulisti	salus_in_arduis	O_Tite_tute_Tati_tibi_tanta_tyranne_tulisti	Macte_animo_Generose_puer_sic_itur_ad_astra
NonDICOMpathologyImages	CDS-IMAGE-901869	CDS-NonDICOMpathologyImages-907707	O_Tite_tute_Tati_tibi_tanta_tyranne_tulisti	imperium_in_imperio	NP40 Lysis Buffer	PBS+Serum	MERFISH	O_Tite_tute_Tati_tibi_tanta_tyranne_tulisti	imperium_in_imperio	e_causa_ignota	scientiae_cedit_mare
NonDICOMpathologyImages	CDS-IMAGE-208893	CDS-NonDICOMpathologyImages-737752	nascentes_morimur_finisque_ab_origine_pendet	Gallia_est_omnis_divisa_in_partes_tres	Alcohol	None	ExSeq	cacatum_non_est_pictum	scientia_imperii_decus_et_tutamen	saltus_in_demonstrando	Macte_animo_Generose_puer_sic_itur_ad_astra
NonDICOMpathologyImages	CDS-IMAGE-688666	CDS-NonDICOMpathologyImages-198423	a_bene_placito	imperium_in_imperio	TCL Lysis Buffer	DMEM+Serum	GeoMX-DSP	cacatum_non_est_pictum	scientiae_cedit_mare	scientiae_cedit_mare	pace_tua
NonDICOMpathologyImages	CDS-IMAGE-945475	CDS-NonDICOMpathologyImages-327165	O_Tite_tute_Tati_tibi_tanta_tyranne_tulisti	imperium_in_imperio	Poloxamer	PBS+Serum	ExSeq	Macte_animo_Generose_puer_sic_itur_ad_astra	scientia_imperii_decus_et_tutamen	scientia_et_sapientia	scientiae_et_patriae
NonDICOMpathologyImages	CDS-IMAGE-201384	CDS-NonDICOMpathologyImages-489853	Gallia_est_omnis_divisa_in_partes_tres	id_quod_plerumque_accidit	CryoStor	None	CODEX	haec_olim_meminisse_iuvabit	id_quod_plerumque_accidit	labor_ipse_voluptas	id_quod_plerumque_accidit
NonDICOMpathologyImages	CDS-IMAGE-445248	CDS-NonDICOMpathologyImages-869022	nanos_gigantum_humeris_insidentes	Macte_animo_Generose_puer_sic_itur_ad_astra	Diimidoester	RPMI+Serum	MIBI	cacatum_non_est_pictum	Macte_animo_Generose_puer_sic_itur_ad_astra	pace_tua	pace_tua
NonDICOMpathologyImages	CDS-IMAGE-156605	CDS-NonDICOMpathologyImages-830214	pace_tua	scientiae_et_patriae	CryoStor	DMEM	IMC	damnant_quod_non_intellegunt	"scientia,_aere_perennius"	Macte_animo_Generose_puer_sic_itur_ad_astra	e_causa_ignota
NonDICOMpathologyImages	CDS-IMAGE-774433	CDS-NonDICOMpathologyImages-482130	a_bene_placito	haec_olim_meminisse_iuvabit	RNAlater	RPMI+Serum	mIHC	scientia_et_sapientia	scientiae_cedit_mare	haec_olim_meminisse_iuvabit	O_Tite_tute_Tati_tibi_tanta_tyranne_tulisti
NonDICOMpathologyImages	CDS-IMAGE-661207	CDS-NonDICOMpathologyImages-500160	"scientia,_aere_perennius"	imperium_in_imperio	Dimethylacetamide	DMEM	mIHC	scientia_et_labor	O_Tite_tute_Tati_tibi_tanta_tyranne_tulisti	sapiens_qui_prospicit	a_bene_placito
NonDICOMpathologyImages	CDS-IMAGE-816016	CDS-NonDICOMpathologyImages-907801	faber_est_suae_quisque_fortunae	scientiae_cedit_mare	Acetone	None	SABER	scientia_imperii_decus_et_tutamen	O_Tite_tute_Tati_tibi_tanta_tyranne_tulisti	saltus_in_demonstrando	imperium_in_imperio
NonDICOMpathologyImages	CDS-IMAGE-836375	CDS-NonDICOMpathologyImages-336712	Obedientia_civium_urbis_felicitas	sapiens_qui_prospicit	NP40 Lysis Buffer	PBS+Serum	IHC	labor_ipse_voluptas	nanos_gigantum_humeris_insidentes	"scientia,_aere_perennius"	scientiae_et_patriae
NonDICOMpathologyImages	CDS-IMAGE-540024	CDS-NonDICOMpathologyImages-534824	imperium_in_imperio	labor_ipse_voluptas	Formalin	None	SABER	"scientia,_aere_perennius"	cacatum_non_est_pictum	cacatum_non_est_pictum	"scientia,_aere_perennius"
NonDICOMpathologyImages	CDS-IMAGE-580642	CDS-NonDICOMpathologyImages-112896	faber_est_suae_quisque_fortunae	faber_est_suae_quisque_fortunae	PAXgene Tissue	None	MIBI	e_causa_ignota	sapiens_qui_prospicit	faber_est_suae_quisque_fortunae	Macte_animo_Generose_puer_sic_itur_ad_astra
NonDICOMpathologyImages	CDS-IMAGE-652664	CDS-NonDICOMpathologyImages-175637	scientia_et_sapientia	Obedientia_civium_urbis_felicitas	CryoStor	PBS+Serum	MERFISH	e_causa_ignota	labor_ipse_voluptas	faber_est_suae_quisque_fortunae	scientiae_cedit_mare
NonDICOMpathologyImages	CDS-IMAGE-188547	CDS-NonDICOMpathologyImages-837403	pace_tua	scientia_et_sapientia	PAXgene Tissue	DMEM	IMC	id_quod_plerumque_accidit	scientia_et_labor	barba_crescit_caput_nescit	scientiae_cedit_mare
NonDICOMpathologyImages	CDS-IMAGE-458035	CDS-NonDICOMpathologyImages-804861	scientiae_cedit_mare	nanos_gigantum_humeris_insidentes	Formalin	DMEM	H&E	cacatum_non_est_pictum	nascentes_morimur_finisque_ab_origine_pendet	scientia_imperii_decus_et_tutamen	scientia_et_sapientia
NonDICOMpathologyImages	CDS-IMAGE-643090	CDS-NonDICOMpathologyImages-512613	scientiae_cedit_mare	scientiae_cedit_mare	Not recorded	RPMI+Serum	ExSeq	scientiae_cedit_mare	imperium_in_imperio	cacatum_non_est_pictum	sapiens_qui_prospicit
NonDICOMpathologyImages	CDS-IMAGE-291743	CDS-NonDICOMpathologyImages-134714	"scientia,_aere_perennius"	saltus_in_demonstrando	TCL Lysis Buffer	None	ExSeq	scientia_et_labor	id_quod_plerumque_accidit	scientia_et_labor	e_causa_ignota
NonDICOMpathologyImages	CDS-IMAGE-761451	CDS-NonDICOMpathologyImages-994775	"scientia,_aere_perennius"	haec_olim_meminisse_iuvabit	Saline	DMEM+Serum	IMC	id_quod_plerumque_accidit	scientiae_et_patriae	saltus_in_demonstrando	Obedientia_civium_urbis_felicitas
NonDICOMpathologyImages	CDS-IMAGE-233732	CDS-NonDICOMpathologyImages-506435	sapiens_qui_prospicit	id_quod_plerumque_accidit	PAXgene Tissue	None	IMC	nanos_gigantum_humeris_insidentes	pace_tua	scientia_imperii_decus_et_tutamen	pace_tua
NonDICOMpathologyImages	CDS-IMAGE-231108	CDS-NonDICOMpathologyImages-753755	e_causa_ignota	damnant_quod_non_intellegunt	Formalin	None	Not Applicable	damnant_quod_non_intellegunt	e_causa_ignota	scientiae_cedit_mare	scientiae_cedit_mare
NonDICOMpathologyImages	CDS-IMAGE-691994	CDS-NonDICOMpathologyImages-180427	scientia_et_labor	scientiae_cedit_mare	PAXgene Tissue	RPMI+Serum	IMC	saltus_in_demonstrando	"scientia,_aere_perennius"	Obedientia_civium_urbis_felicitas	pace_tua
NonDICOMpathologyImages	CDS-IMAGE-786924	CDS-NonDICOMpathologyImages-786834	a_bene_placito	Gallia_est_omnis_divisa_in_partes_tres	Para-benzoquinone	PBS+Serum	MIBI	Gallia_est_omnis_divisa_in_partes_tres	e_causa_ignota	scientiae_et_patriae	salus_in_arduis
NonDICOMpathologyImages	CDS-IMAGE-716607	CDS-NonDICOMpathologyImages-954689	imperium_in_imperio	e_causa_ignota	TCL Lysis Buffer	DMEM	IMC	scientiae_cedit_mare	salus_in_arduis	e_causa_ignota	scientia_et_sapientia
NonDICOMpathologyImages	CDS-IMAGE-171852	CDS-NonDICOMpathologyImages-808540	Obedientia_civium_urbis_felicitas	labor_ipse_voluptas	TCL Lysis Buffer	DMEM+Serum	MERFISH	scientiae_cedit_mare	id_quod_plerumque_accidit	haec_olim_meminisse_iuvabit	"scientia,_aere_perennius"
NonDICOMpathologyImages	CDS-IMAGE-581842	CDS-NonDICOMpathologyImages-819304	scientia_imperii_decus_et_tutamen	scientia_et_labor	RNAlater	DMEM+Serum	CyCIF	Macte_animo_Generose_puer_sic_itur_ad_astra	scientia_et_labor	id_quod_plerumque_accidit	sapiens_qui_prospicit
NonDICOMpathologyImages	CDS-IMAGE-570169	CDS-NonDICOMpathologyImages-151170	scientiae_et_patriae	scientia_et_labor	Formalin	DMEM	Not Applicable	scientia_imperii_decus_et_tutamen	barba_crescit_caput_nescit	damnant_quod_non_intellegunt	imperium_in_imperio
NonDICOMpathologyImages	CDS-IMAGE-917365	CDS-NonDICOMpathologyImages-794278	e_causa_ignota	sapiens_qui_prospicit	Not recorded	DMEM	Not Applicable	scientiae_cedit_mare	haec_olim_meminisse_iuvabit	sapiens_qui_prospicit	scientia_imperii_decus_et_tutamen
NonDICOMpathologyImages	CDS-IMAGE-263335	CDS-NonDICOMpathologyImages-689525	sapiens_qui_prospicit	nascentes_morimur_finisque_ab_origine_pendet	Formalin	None	IMC	nanos_gigantum_humeris_insidentes	scientia_imperii_decus_et_tutamen	sapiens_qui_prospicit	scientia_et_sapientia
NonDICOMpathologyImages	CDS-IMAGE-222866	CDS-NonDICOMpathologyImages-529222	nascentes_morimur_finisque_ab_origine_pendet	Gallia_est_omnis_divisa_in_partes_tres	PAXgene Tissue	DMEM	Not Applicable	scientia_imperii_decus_et_tutamen	Macte_animo_Generose_puer_sic_itur_ad_astra	sapiens_qui_prospicit	nascentes_morimur_finisque_ab_origine_pendet
NonDICOMpathologyImages	CDS-IMAGE-192965	CDS-NonDICOMpathologyImages-943244	e_causa_ignota	cacatum_non_est_pictum	Para-benzoquinone	None	GeoMX-DSP	O_Tite_tute_Tati_tibi_tanta_tyranne_tulisti	Obedientia_civium_urbis_felicitas	e_causa_ignota	Obedientia_civium_urbis_felicitas
NonDICOMpathologyImages	CDS-IMAGE-890680	CDS-NonDICOMpathologyImages-464633	a_bene_placito	scientia_et_labor	PAXgene Tissue	None	IHC	cacatum_non_est_pictum	scientiae_cedit_mare	e_causa_ignota	barba_crescit_caput_nescit
NonDICOMpathologyImages	CDS-IMAGE-675466	CDS-NonDICOMpathologyImages-860854	scientia_et_labor	sapiens_qui_prospicit	Glutaraldehyde	DMEM	mIHC	scientia_et_sapientia	damnant_quod_non_intellegunt	damnant_quod_non_intellegunt	Gallia_est_omnis_divisa_in_partes_tres
NonDICOMpathologyImages	CDS-IMAGE-582826	CDS-NonDICOMpathologyImages-732110	pace_tua	salus_in_arduis	OCT media	PBS+Serum	SABER	cacatum_non_est_pictum	O_Tite_tute_Tati_tibi_tanta_tyranne_tulisti	scientia_imperii_decus_et_tutamen	nascentes_morimur_finisque_ab_origine_pendet
NonDICOMpathologyImages	CDS-IMAGE-102545	CDS-NonDICOMpathologyImages-639232	e_causa_ignota	e_causa_ignota	Glutaraldehyde	RPMI+Serum	IMC	a_bene_placito	O_Tite_tute_Tati_tibi_tanta_tyranne_tulisti	pace_tua	id_quod_plerumque_accidit
NonDICOMpathologyImages	CDS-IMAGE-532815	CDS-NonDICOMpathologyImages-770029	scientia_et_labor	cacatum_non_est_pictum	Alcohol	DMEM	t-CyCIF	Macte_animo_Generose_puer_sic_itur_ad_astra	scientia_et_sapientia	Macte_animo_Generose_puer_sic_itur_ad_astra	saltus_in_demonstrando
NonDICOMpathologyImages	CDS-IMAGE-121773	CDS-NonDICOMpathologyImages-161168	saltus_in_demonstrando	Obedientia_civium_urbis_felicitas	Not recorded	None	IHC	sapiens_qui_prospicit	imperium_in_imperio	nascentes_morimur_finisque_ab_origine_pendet	scientiae_et_patriae
NonDICOMpathologyImages	CDS-IMAGE-507252	CDS-NonDICOMpathologyImages-865553	nanos_gigantum_humeris_insidentes	"scientia,_aere_perennius"	Not applicable	RPMI+Serum	H&E	sapiens_qui_prospicit	scientiae_cedit_mare	"scientia,_aere_perennius"	cacatum_non_est_pictum
NonDICOMpathologyImages	CDS-IMAGE-571853	CDS-NonDICOMpathologyImages-140336	"scientia,_aere_perennius"	scientiae_et_patriae	RNAlater	RPMI+Serum	MIBI	nanos_gigantum_humeris_insidentes	Gallia_est_omnis_divisa_in_partes_tres	"scientia,_aere_perennius"	scientia_et_labor
NonDICOMpathologyImages	CDS-IMAGE-107421	CDS-NonDICOMpathologyImages-308530	scientia_imperii_decus_et_tutamen	pace_tua	Poloxamer	DMEM	CyCIF	scientia_et_sapientia	saltus_in_demonstrando	scientia_et_sapientia	Gallia_est_omnis_divisa_in_partes_tres
NonDICOMpathologyImages	CDS-IMAGE-259739	CDS-NonDICOMpathologyImages-573526	scientia_imperii_decus_et_tutamen	damnant_quod_non_intellegunt	NP40 Lysis Buffer	DMEM	MxIF	salus_in_arduis	sapiens_qui_prospicit	scientia_et_sapientia	Gallia_est_omnis_divisa_in_partes_tres
NonDICOMpathologyImages	CDS-IMAGE-946198	CDS-NonDICOMpathologyImages-410733	scientia_imperii_decus_et_tutamen	scientia_imperii_decus_et_tutamen	Poloxamer	None	MERFISH	salus_in_arduis	nanos_gigantum_humeris_insidentes	Gallia_est_omnis_divisa_in_partes_tres	pace_tua
NonDICOMpathologyImages	CDS-IMAGE-943611	CDS-NonDICOMpathologyImages-958713	sapiens_qui_prospicit	Gallia_est_omnis_divisa_in_partes_tres	Para-benzoquinone	RPMI+Serum	CyCIF	sapiens_qui_prospicit	Obedientia_civium_urbis_felicitas	damnant_quod_non_intellegunt	Obedientia_civium_urbis_felicitas
NonDICOMpathologyImages	CDS-IMAGE-921152	CDS-NonDICOMpathologyImages-392093	Gallia_est_omnis_divisa_in_partes_tres	saltus_in_demonstrando	OCT media	DMEM	H&E	cacatum_non_est_pictum	sapiens_qui_prospicit	salus_in_arduis	cacatum_non_est_pictum
NonDICOMpathologyImages	CDS-IMAGE-717772	CDS-NonDICOMpathologyImages-892493	saltus_in_demonstrando	scientiae_cedit_mare	95% Ethanol	None	CODEX	saltus_in_demonstrando	O_Tite_tute_Tati_tibi_tanta_tyranne_tulisti	scientia_imperii_decus_et_tutamen	damnant_quod_non_intellegunt
NonDICOMpathologyImages	CDS-IMAGE-158646	CDS-NonDICOMpathologyImages-388960	saltus_in_demonstrando	Gallia_est_omnis_divisa_in_partes_tres	CryoStor	RPMI+Serum	mIHC	Obedientia_civium_urbis_felicitas	scientia_et_sapientia	faber_est_suae_quisque_fortunae	barba_crescit_caput_nescit
NonDICOMpathologyImages	CDS-IMAGE-845246	CDS-NonDICOMpathologyImages-368801	scientiae_cedit_mare	scientia_et_sapientia	RNAlater	DMEM	IHC	faber_est_suae_quisque_fortunae	nascentes_morimur_finisque_ab_origine_pendet	scientia_et_sapientia	scientia_et_labor
NonDICOMpathologyImages	CDS-IMAGE-986434	CDS-NonDICOMpathologyImages-836035	scientia_et_sapientia	a_bene_placito	Saline	DMEM+Serum	mIHC	nascentes_morimur_finisque_ab_origine_pendet	nascentes_morimur_finisque_ab_origine_pendet	saltus_in_demonstrando	pace_tua
NonDICOMpathologyImages	CDS-IMAGE-319142	CDS-NonDICOMpathologyImages-468100	scientia_imperii_decus_et_tutamen	haec_olim_meminisse_iuvabit	Acetone	None	CyCIF	scientia_imperii_decus_et_tutamen	"scientia,_aere_perennius"	sapiens_qui_prospicit	cacatum_non_est_pictum
NonDICOMpathologyImages	CDS-IMAGE-123706	CDS-NonDICOMpathologyImages-740705	haec_olim_meminisse_iuvabit	scientiae_cedit_mare	95% Ethanol	PBS+Serum	GeoMX-DSP	O_Tite_tute_Tati_tibi_tanta_tyranne_tulisti	scientia_imperii_decus_et_tutamen	barba_crescit_caput_nescit	scientia_et_labor
NonDICOMpathologyImages	CDS-IMAGE-408748	CDS-NonDICOMpathologyImages-918212	scientiae_cedit_mare	barba_crescit_caput_nescit	None	DMEM+Serum	mIHC	Gallia_est_omnis_divisa_in_partes_tres	cacatum_non_est_pictum	salus_in_arduis	id_quod_plerumque_accidit
NonDICOMpathologyImages	CDS-IMAGE-651212	CDS-NonDICOMpathologyImages-676223	pace_tua	imperium_in_imperio	Methacarn	RPMI+Serum	ExSeq	imperium_in_imperio	cacatum_non_est_pictum	scientiae_et_patriae	Macte_animo_Generose_puer_sic_itur_ad_astra
NonDICOMpathologyImages	CDS-IMAGE-643650	CDS-NonDICOMpathologyImages-816707	scientia_et_labor	faber_est_suae_quisque_fortunae	NP40 Lysis Buffer	DMEM+Serum	Not Applicable	imperium_in_imperio	pace_tua	"scientia,_aere_perennius"	salus_in_arduis
NonDICOMpathologyImages	CDS-IMAGE-406175	CDS-NonDICOMpathologyImages-241321	Macte_animo_Generose_puer_sic_itur_ad_astra	barba_crescit_caput_nescit	Other	None	MERFISH	pace_tua	nanos_gigantum_humeris_insidentes	haec_olim_meminisse_iuvabit	salus_in_arduis
NonDICOMpathologyImages	CDS-IMAGE-339971	CDS-NonDICOMpathologyImages-550951	sapiens_qui_prospicit	O_Tite_tute_Tati_tibi_tanta_tyranne_tulisti	Alcohol	DMEM+Serum	MERFISH	Gallia_est_omnis_divisa_in_partes_tres	haec_olim_meminisse_iuvabit	scientia_et_sapientia	scientiae_cedit_mare
NonDICOMpathologyImages	CDS-IMAGE-197099	CDS-NonDICOMpathologyImages-728362	haec_olim_meminisse_iuvabit	salus_in_arduis	TCL Lysis Buffer	RPMI+Serum	IHC	haec_olim_meminisse_iuvabit	id_quod_plerumque_accidit	labor_ipse_voluptas	scientia_et_labor
NonDICOMpathologyImages	CDS-IMAGE-942505	CDS-NonDICOMpathologyImages-976589	salus_in_arduis	barba_crescit_caput_nescit	Dimethylacetamide	DMEM	Not Applicable	sapiens_qui_prospicit	imperium_in_imperio	e_causa_ignota	Macte_animo_Generose_puer_sic_itur_ad_astra
NonDICOMpathologyImages	CDS-IMAGE-266115	CDS-NonDICOMpathologyImages-657585	scientiae_et_patriae	scientia_et_labor	Other	DMEM+Serum	MIBI	damnant_quod_non_intellegunt	haec_olim_meminisse_iuvabit	scientia_et_sapientia	haec_olim_meminisse_iuvabit
NonDICOMpathologyImages	CDS-IMAGE-928372	CDS-NonDICOMpathologyImages-687728	scientia_et_labor	a_bene_placito	Saline	DMEM+Serum	CODEX	cacatum_non_est_pictum	scientia_et_sapientia	faber_est_suae_quisque_fortunae	damnant_quod_non_intellegunt
NonDICOMpathologyImages	CDS-IMAGE-998258	CDS-NonDICOMpathologyImages-908651	a_bene_placito	labor_ipse_voluptas	Poloxamer	RPMI+Serum	mIHC	scientia_et_labor	faber_est_suae_quisque_fortunae	scientia_imperii_decus_et_tutamen	imperium_in_imperio
NonDICOMpathologyImages	CDS-IMAGE-188505	CDS-NonDICOMpathologyImages-953395	nanos_gigantum_humeris_insidentes	salus_in_arduis	Diimidoester	PBS+Serum	MERFISH	sapiens_qui_prospicit	nascentes_morimur_finisque_ab_origine_pendet	e_causa_ignota	scientia_et_sapientia
NonDICOMpathologyImages	CDS-IMAGE-672501	CDS-NonDICOMpathologyImages-842580	"scientia,_aere_perennius"	id_quod_plerumque_accidit	None	None	H&E	scientia_et_labor	sapiens_qui_prospicit	Obedientia_civium_urbis_felicitas	sapiens_qui_prospicit
NonDICOMpathologyImages	CDS-IMAGE-901102	CDS-NonDICOMpathologyImages-762042	imperium_in_imperio	sapiens_qui_prospicit	Carnoy's Solution	RPMI+Serum	GeoMX-DSP	damnant_quod_non_intellegunt	sapiens_qui_prospicit	id_quod_plerumque_accidit	labor_ipse_voluptas
NonDICOMpathologyImages	CDS-IMAGE-717235	CDS-NonDICOMpathologyImages-863709	haec_olim_meminisse_iuvabit	nascentes_morimur_finisque_ab_origine_pendet	Para-benzoquinone	PBS+Serum	SABER	saltus_in_demonstrando	id_quod_plerumque_accidit	scientia_et_sapientia	scientia_et_labor
NonDICOMpathologyImages	CDS-IMAGE-465186	CDS-NonDICOMpathologyImages-990970	labor_ipse_voluptas	scientia_et_sapientia	Formalin	DMEM+Serum	SABER	salus_in_arduis	Macte_animo_Generose_puer_sic_itur_ad_astra	e_causa_ignota	sapiens_qui_prospicit
NonDICOMpathologyImages	CDS-IMAGE-845752	CDS-NonDICOMpathologyImages-624549	Gallia_est_omnis_divisa_in_partes_tres	Macte_animo_Generose_puer_sic_itur_ad_astra	Not recorded	DMEM+Serum	H&E	faber_est_suae_quisque_fortunae	scientiae_cedit_mare	sapiens_qui_prospicit	scientia_et_sapientia
NonDICOMpathologyImages	CDS-IMAGE-884166	CDS-NonDICOMpathologyImages-533861	salus_in_arduis	saltus_in_demonstrando	Unknown	DMEM	Not Applicable	Macte_animo_Generose_puer_sic_itur_ad_astra	pace_tua	saltus_in_demonstrando	barba_crescit_caput_nescit
NonDICOMpathologyImages	CDS-IMAGE-520329	CDS-NonDICOMpathologyImages-399000	labor_ipse_voluptas	"scientia,_aere_perennius"	Acetone	DMEM	MIBI	imperium_in_imperio	imperium_in_imperio	scientia_et_sapientia	Gallia_est_omnis_divisa_in_partes_tres
NonDICOMpathologyImages	CDS-IMAGE-517311	CDS-NonDICOMpathologyImages-951693	labor_ipse_voluptas	e_causa_ignota	Acetone	PBS+Serum	Not Applicable	Obedientia_civium_urbis_felicitas	nanos_gigantum_humeris_insidentes	"scientia,_aere_perennius"	haec_olim_meminisse_iuvabit
NonDICOMpathologyImages	CDS-IMAGE-326269	CDS-NonDICOMpathologyImages-182586	pace_tua	nanos_gigantum_humeris_insidentes	Poloxamer	None	MIBI	damnant_quod_non_intellegunt	salus_in_arduis	faber_est_suae_quisque_fortunae	pace_tua
NonDICOMpathologyImages	CDS-IMAGE-145573	CDS-NonDICOMpathologyImages-138465	Macte_animo_Generose_puer_sic_itur_ad_astra	"scientia,_aere_perennius"	Saline	DMEM	CyCIF	barba_crescit_caput_nescit	id_quod_plerumque_accidit	a_bene_placito	cacatum_non_est_pictum
NonDICOMpathologyImages	CDS-IMAGE-734092	CDS-NonDICOMpathologyImages-693934	barba_crescit_caput_nescit	scientia_et_labor	CryoStor	DMEM+Serum	t-CyCIF	scientia_et_labor	scientia_et_labor	O_Tite_tute_Tati_tibi_tanta_tyranne_tulisti	saltus_in_demonstrando
NonDICOMpathologyImages	CDS-IMAGE-686576	CDS-NonDICOMpathologyImages-808499	Gallia_est_omnis_divisa_in_partes_tres	saltus_in_demonstrando	Not applicable	DMEM	MxIF	scientia_et_labor	e_causa_ignota	Macte_animo_Generose_puer_sic_itur_ad_astra	e_causa_ignota
NonDICOMpathologyImages	CDS-IMAGE-789062	CDS-NonDICOMpathologyImages-737387	barba_crescit_caput_nescit	a_bene_placito	OCT media	DMEM+Serum	Not Applicable	Gallia_est_omnis_divisa_in_partes_tres	pace_tua	Gallia_est_omnis_divisa_in_partes_tres	salus_in_arduis
NonDICOMpathologyImages	CDS-IMAGE-154021	CDS-NonDICOMpathologyImages-529405	Macte_animo_Generose_puer_sic_itur_ad_astra	saltus_in_demonstrando	Other	RPMI+Serum	ExSeq	salus_in_arduis	nascentes_morimur_finisque_ab_origine_pendet	haec_olim_meminisse_iuvabit	haec_olim_meminisse_iuvabit
NonDICOMpathologyImages	CDS-IMAGE-355320	CDS-NonDICOMpathologyImages-245461	scientia_imperii_decus_et_tutamen	barba_crescit_caput_nescit	RNAlater	PBS+Serum	mIHC	Macte_animo_Generose_puer_sic_itur_ad_astra	faber_est_suae_quisque_fortunae	Obedientia_civium_urbis_felicitas	scientia_et_sapientia
NonDICOMpathologyImages	CDS-IMAGE-721674	CDS-NonDICOMpathologyImages-918238	scientia_imperii_decus_et_tutamen	imperium_in_imperio	Diimidoester	DMEM+Serum	t-CyCIF	Macte_animo_Generose_puer_sic_itur_ad_astra	saltus_in_demonstrando	nanos_gigantum_humeris_insidentes	scientia_et_labor
NonDICOMpathologyImages	CDS-IMAGE-197450	CDS-NonDICOMpathologyImages-782728	labor_ipse_voluptas	a_bene_placito	Not recorded	RPMI+Serum	IHC	imperium_in_imperio	haec_olim_meminisse_iuvabit	O_Tite_tute_Tati_tibi_tanta_tyranne_tulisti	imperium_in_imperio