type	file.file_id	aliquot_id	analytical_fractions	instrument_make	proteomic_instrument_model	proteomic_design_description
proteomic	dg.4DFC/840c7e9c-8900-4d1d-96667ce99c1e_1	CDS-PROTEOMIC-544845	saltus_in_demonstrando	labor_ipse_voluptas	nascentes_morimur_finisque_ab_origine_pendet	nanos_gigantum_humeris_insidentes
proteomic	dg.4DFC/840c7e9c-8900-4d1d-96667ce99c1e_2	CDS-PROTEOMIC-724579	damnant_quod_non_intellegunt	e_causa_ignota	nanos_gigantum_humeris_insidentes	saltus_in_demonstrando
proteomic	dg.4DFC/840c7e9c-8900-4d1d-96667ce99c1e_3	CDS-PROTEOMIC-259422	Obedientia_civium_urbis_felicitas	id_quod_plerumque_accidit	e_causa_ignota	id_quod_plerumque_accidit
proteomic	dg.4DFC/840c7e9c-8900-4d1d-96667ce99c1e_4	CDS-PROTEOMIC-991262	nascentes_morimur_finisque_ab_origine_pendet	e_causa_ignota	saltus_in_demonstrando	nanos_gigantum_humeris_insidentes
proteomic	dg.4DFC/840c7e9c-8900-4d1d-96667ce99c1e_5	CDS-PROTEOMIC-738693	cacatum_non_est_pictum	imperium_in_imperio	cacatum_non_est_pictum	barba_crescit_caput_nescit
proteomic	dg.4DFC/840c7e9c-8900-4d1d-96667ce99c1e_6	CDS-PROTEOMIC-588648	imperium_in_imperio	cacatum_non_est_pictum	id_quod_plerumque_accidit	Gallia_est_omnis_divisa_in_partes_tres
proteomic	dg.4DFC/840c7e9c-8900-4d1d-96667ce99c1e_7	CDS-PROTEOMIC-445710	Gallia_est_omnis_divisa_in_partes_tres	imperium_in_imperio	saltus_in_demonstrando	Obedientia_civium_urbis_felicitas
proteomic	dg.4DFC/840c7e9c-8900-4d1d-96667ce99c1e_8	CDS-PROTEOMIC-910751	scientia_et_labor	faber_est_suae_quisque_fortunae	damnant_quod_non_intellegunt	Macte_animo_Generose_puer_sic_itur_ad_astra
proteomic	dg.4DFC/840c7e9c-8900-4d1d-96667ce99c1e_9	CDS-PROTEOMIC-860508	id_quod_plerumque_accidit	haec_olim_meminisse_iuvabit	pace_tua	Gallia_est_omnis_divisa_in_partes_tres
proteomic	dg.4DFC/840c7e9c-8900-4d1d-96667ce99c1e_10	CDS-PROTEOMIC-269323	salus_in_arduis	saltus_in_demonstrando	a_bene_placito	haec_olim_meminisse_iuvabit
proteomic	dg.4DFC/840c7e9c-8900-4d1d-96667ce99c1e_11	CDS-PROTEOMIC-600750	imperium_in_imperio	cacatum_non_est_pictum	scientiae_et_patriae	faber_est_suae_quisque_fortunae
proteomic	dg.4DFC/840c7e9c-8900-4d1d-96667ce99c1e_12	CDS-PROTEOMIC-721125	scientia_imperii_decus_et_tutamen	a_bene_placito	pace_tua	e_causa_ignota
proteomic	dg.4DFC/840c7e9c-8900-4d1d-96667ce99c1e_13	CDS-PROTEOMIC-362402	"scientia,_aere_perennius"	scientiae_et_patriae	faber_est_suae_quisque_fortunae	a_bene_placito
proteomic	dg.4DFC/840c7e9c-8900-4d1d-96667ce99c1e_14	CDS-PROTEOMIC-740507	haec_olim_meminisse_iuvabit	scientia_et_sapientia	saltus_in_demonstrando	cacatum_non_est_pictum
proteomic	dg.4DFC/840c7e9c-8900-4d1d-96667ce99c1e_15	CDS-PROTEOMIC-547186	scientia_et_labor	faber_est_suae_quisque_fortunae	nascentes_morimur_finisque_ab_origine_pendet	scientiae_cedit_mare
proteomic	dg.4DFC/840c7e9c-8900-4d1d-96667ce99c1e_16	CDS-PROTEOMIC-242040	scientiae_cedit_mare	scientiae_et_patriae	scientia_et_sapientia	e_causa_ignota
proteomic	dg.4DFC/840c7e9c-8900-4d1d-96667ce99c1e_17	CDS-PROTEOMIC-576884	Macte_animo_Generose_puer_sic_itur_ad_astra	pace_tua	Macte_animo_Generose_puer_sic_itur_ad_astra	damnant_quod_non_intellegunt
proteomic	dg.4DFC/840c7e9c-8900-4d1d-96667ce99c1e_18	CDS-PROTEOMIC-276441	nascentes_morimur_finisque_ab_origine_pendet	barba_crescit_caput_nescit	saltus_in_demonstrando	Obedientia_civium_urbis_felicitas
proteomic	dg.4DFC/840c7e9c-8900-4d1d-96667ce99c1e_19	CDS-PROTEOMIC-751447	saltus_in_demonstrando	O_Tite_tute_Tati_tibi_tanta_tyranne_tulisti	pace_tua	e_causa_ignota
proteomic	dg.4DFC/840c7e9c-8900-4d1d-96667ce99c1e_20	CDS-PROTEOMIC-364122	imperium_in_imperio	Gallia_est_omnis_divisa_in_partes_tres	labor_ipse_voluptas	e_causa_ignota
proteomic	dg.4DFC/840c7e9c-8900-4d1d-96667ce99c1e_21	CDS-PROTEOMIC-415513	barba_crescit_caput_nescit	scientia_imperii_decus_et_tutamen	nanos_gigantum_humeris_insidentes	e_causa_ignota
proteomic	dg.4DFC/840c7e9c-8900-4d1d-96667ce99c1e_22	CDS-PROTEOMIC-415089	salus_in_arduis	imperium_in_imperio	scientiae_cedit_mare	nanos_gigantum_humeris_insidentes
proteomic	dg.4DFC/840c7e9c-8900-4d1d-96667ce99c1e_23	CDS-PROTEOMIC-880082	scientia_et_labor	haec_olim_meminisse_iuvabit	salus_in_arduis	scientiae_et_patriae
proteomic	dg.4DFC/840c7e9c-8900-4d1d-96667ce99c1e_24	CDS-PROTEOMIC-341692	barba_crescit_caput_nescit	id_quod_plerumque_accidit	scientiae_et_patriae	cacatum_non_est_pictum
proteomic	dg.4DFC/840c7e9c-8900-4d1d-96667ce99c1e_25	CDS-PROTEOMIC-640212	nanos_gigantum_humeris_insidentes	salus_in_arduis	pace_tua	scientia_et_sapientia
proteomic	dg.4DFC/840c7e9c-8900-4d1d-96667ce99c1e_26	CDS-PROTEOMIC-281276	cacatum_non_est_pictum	nascentes_morimur_finisque_ab_origine_pendet	Gallia_est_omnis_divisa_in_partes_tres	"scientia,_aere_perennius"
proteomic	dg.4DFC/840c7e9c-8900-4d1d-96667ce99c1e_27	CDS-PROTEOMIC-162948	salus_in_arduis	damnant_quod_non_intellegunt	damnant_quod_non_intellegunt	scientia_et_sapientia
proteomic	dg.4DFC/840c7e9c-8900-4d1d-96667ce99c1e_28	CDS-PROTEOMIC-258809	cacatum_non_est_pictum	saltus_in_demonstrando	id_quod_plerumque_accidit	e_causa_ignota
proteomic	dg.4DFC/840c7e9c-8900-4d1d-96667ce99c1e_29	CDS-PROTEOMIC-584288	pace_tua	Obedientia_civium_urbis_felicitas	O_Tite_tute_Tati_tibi_tanta_tyranne_tulisti	faber_est_suae_quisque_fortunae
proteomic	dg.4DFC/840c7e9c-8900-4d1d-96667ce99c1e_30	CDS-PROTEOMIC-417942	saltus_in_demonstrando	saltus_in_demonstrando	a_bene_placito	barba_crescit_caput_nescit
proteomic	dg.4DFC/840c7e9c-8900-4d1d-96667ce99c1e_31	CDS-PROTEOMIC-483597	barba_crescit_caput_nescit	imperium_in_imperio	saltus_in_demonstrando	nanos_gigantum_humeris_insidentes
proteomic	dg.4DFC/840c7e9c-8900-4d1d-96667ce99c1e_32	CDS-PROTEOMIC-521948	scientia_imperii_decus_et_tutamen	cacatum_non_est_pictum	Macte_animo_Generose_puer_sic_itur_ad_astra	id_quod_plerumque_accidit
proteomic	dg.4DFC/840c7e9c-8900-4d1d-96667ce99c1e_33	CDS-PROTEOMIC-227686	haec_olim_meminisse_iuvabit	scientiae_et_patriae	faber_est_suae_quisque_fortunae	faber_est_suae_quisque_fortunae
proteomic	dg.4DFC/840c7e9c-8900-4d1d-96667ce99c1e_34	CDS-PROTEOMIC-776292	e_causa_ignota	saltus_in_demonstrando	scientiae_et_patriae	faber_est_suae_quisque_fortunae
proteomic	dg.4DFC/840c7e9c-8900-4d1d-96667ce99c1e_35	CDS-PROTEOMIC-772336	barba_crescit_caput_nescit	damnant_quod_non_intellegunt	pace_tua	scientiae_et_patriae
proteomic	dg.4DFC/840c7e9c-8900-4d1d-96667ce99c1e_36	CDS-PROTEOMIC-614604	"scientia,_aere_perennius"	scientia_imperii_decus_et_tutamen	saltus_in_demonstrando	Obedientia_civium_urbis_felicitas
proteomic	dg.4DFC/840c7e9c-8900-4d1d-96667ce99c1e_37	CDS-PROTEOMIC-230977	Macte_animo_Generose_puer_sic_itur_ad_astra	scientia_et_sapientia	sapiens_qui_prospicit	cacatum_non_est_pictum
proteomic	dg.4DFC/840c7e9c-8900-4d1d-96667ce99c1e_38	CDS-PROTEOMIC-198868	"scientia,_aere_perennius"	pace_tua	scientiae_et_patriae	O_Tite_tute_Tati_tibi_tanta_tyranne_tulisti
proteomic	dg.4DFC/840c7e9c-8900-4d1d-96667ce99c1e_39	CDS-PROTEOMIC-954979	scientia_et_labor	Gallia_est_omnis_divisa_in_partes_tres	Gallia_est_omnis_divisa_in_partes_tres	O_Tite_tute_Tati_tibi_tanta_tyranne_tulisti
proteomic	dg.4DFC/840c7e9c-8900-4d1d-96667ce99c1e_40	CDS-PROTEOMIC-884962	faber_est_suae_quisque_fortunae	scientia_imperii_decus_et_tutamen	pace_tua	scientia_et_labor
proteomic	dg.4DFC/840c7e9c-8900-4d1d-96667ce99c1e_41	CDS-PROTEOMIC-539658	scientia_imperii_decus_et_tutamen	Gallia_est_omnis_divisa_in_partes_tres	haec_olim_meminisse_iuvabit	scientia_imperii_decus_et_tutamen
proteomic	dg.4DFC/840c7e9c-8900-4d1d-96667ce99c1e_42	CDS-PROTEOMIC-457688	scientia_imperii_decus_et_tutamen	nanos_gigantum_humeris_insidentes	nascentes_morimur_finisque_ab_origine_pendet	Obedientia_civium_urbis_felicitas
proteomic	dg.4DFC/840c7e9c-8900-4d1d-96667ce99c1e_43	CDS-PROTEOMIC-530014	Obedientia_civium_urbis_felicitas	scientia_et_labor	nanos_gigantum_humeris_insidentes	cacatum_non_est_pictum
proteomic	dg.4DFC/840c7e9c-8900-4d1d-96667ce99c1e_44	CDS-PROTEOMIC-848393	cacatum_non_est_pictum	Macte_animo_Generose_puer_sic_itur_ad_astra	scientia_et_labor	saltus_in_demonstrando
proteomic	dg.4DFC/840c7e9c-8900-4d1d-96667ce99c1e_45	CDS-PROTEOMIC-963935	saltus_in_demonstrando	labor_ipse_voluptas	scientia_et_labor	a_bene_placito
proteomic	dg.4DFC/840c7e9c-8900-4d1d-96667ce99c1e_46	CDS-PROTEOMIC-135231	faber_est_suae_quisque_fortunae	nanos_gigantum_humeris_insidentes	cacatum_non_est_pictum	Gallia_est_omnis_divisa_in_partes_tres
proteomic	dg.4DFC/840c7e9c-8900-4d1d-96667ce99c1e_47	CDS-PROTEOMIC-215761	Obedientia_civium_urbis_felicitas	sapiens_qui_prospicit	Obedientia_civium_urbis_felicitas	labor_ipse_voluptas
proteomic	dg.4DFC/840c7e9c-8900-4d1d-96667ce99c1e_48	CDS-PROTEOMIC-504847	Gallia_est_omnis_divisa_in_partes_tres	scientiae_cedit_mare	imperium_in_imperio	Gallia_est_omnis_divisa_in_partes_tres
proteomic	dg.4DFC/840c7e9c-8900-4d1d-96667ce99c1e_49	CDS-PROTEOMIC-808645	faber_est_suae_quisque_fortunae	salus_in_arduis	Obedientia_civium_urbis_felicitas	nanos_gigantum_humeris_insidentes
proteomic	dg.4DFC/840c7e9c-8900-4d1d-96667ce99c1e_50	CDS-PROTEOMIC-440476	saltus_in_demonstrando	haec_olim_meminisse_iuvabit	Gallia_est_omnis_divisa_in_partes_tres	faber_est_suae_quisque_fortunae
proteomic	dg.4DFC/840c7e9c-8900-4d1d-96667ce99c1e_51	CDS-PROTEOMIC-923319	nascentes_morimur_finisque_ab_origine_pendet	"scientia,_aere_perennius"	saltus_in_demonstrando	scientiae_cedit_mare
proteomic	dg.4DFC/840c7e9c-8900-4d1d-96667ce99c1e_52	CDS-PROTEOMIC-755792	damnant_quod_non_intellegunt	scientia_et_sapientia	nascentes_morimur_finisque_ab_origine_pendet	scientia_imperii_decus_et_tutamen
proteomic	dg.4DFC/840c7e9c-8900-4d1d-96667ce99c1e_53	CDS-PROTEOMIC-804757	saltus_in_demonstrando	scientiae_et_patriae	O_Tite_tute_Tati_tibi_tanta_tyranne_tulisti	Obedientia_civium_urbis_felicitas
proteomic	dg.4DFC/840c7e9c-8900-4d1d-96667ce99c1e_54	CDS-PROTEOMIC-816358	Gallia_est_omnis_divisa_in_partes_tres	cacatum_non_est_pictum	sapiens_qui_prospicit	imperium_in_imperio
proteomic	dg.4DFC/840c7e9c-8900-4d1d-96667ce99c1e_55	CDS-PROTEOMIC-309593	scientiae_et_patriae	"scientia,_aere_perennius"	cacatum_non_est_pictum	"scientia,_aere_perennius"
proteomic	dg.4DFC/840c7e9c-8900-4d1d-96667ce99c1e_56	CDS-PROTEOMIC-147391	scientiae_et_patriae	salus_in_arduis	"scientia,_aere_perennius"	a_bene_placito
proteomic	dg.4DFC/840c7e9c-8900-4d1d-96667ce99c1e_57	CDS-PROTEOMIC-750915	saltus_in_demonstrando	id_quod_plerumque_accidit	O_Tite_tute_Tati_tibi_tanta_tyranne_tulisti	nanos_gigantum_humeris_insidentes
proteomic	dg.4DFC/840c7e9c-8900-4d1d-96667ce99c1e_58	CDS-PROTEOMIC-152561	barba_crescit_caput_nescit	Gallia_est_omnis_divisa_in_partes_tres	salus_in_arduis	"scientia,_aere_perennius"
proteomic	dg.4DFC/840c7e9c-8900-4d1d-96667ce99c1e_59	CDS-PROTEOMIC-691796	salus_in_arduis	scientia_imperii_decus_et_tutamen	id_quod_plerumque_accidit	Obedientia_civium_urbis_felicitas
proteomic	dg.4DFC/840c7e9c-8900-4d1d-96667ce99c1e_60	CDS-PROTEOMIC-174736	e_causa_ignota	scientia_imperii_decus_et_tutamen	cacatum_non_est_pictum	Gallia_est_omnis_divisa_in_partes_tres
proteomic	dg.4DFC/840c7e9c-8900-4d1d-96667ce99c1e_61	CDS-PROTEOMIC-684005	O_Tite_tute_Tati_tibi_tanta_tyranne_tulisti	cacatum_non_est_pictum	pace_tua	scientia_et_labor
proteomic	dg.4DFC/840c7e9c-8900-4d1d-96667ce99c1e_62	CDS-PROTEOMIC-380222	scientiae_et_patriae	O_Tite_tute_Tati_tibi_tanta_tyranne_tulisti	Macte_animo_Generose_puer_sic_itur_ad_astra	scientiae_cedit_mare
proteomic	dg.4DFC/840c7e9c-8900-4d1d-96667ce99c1e_63	CDS-PROTEOMIC-973707	Gallia_est_omnis_divisa_in_partes_tres	scientia_et_labor	labor_ipse_voluptas	scientia_et_sapientia
proteomic	dg.4DFC/840c7e9c-8900-4d1d-96667ce99c1e_64	CDS-PROTEOMIC-371849	scientia_et_sapientia	scientiae_et_patriae	barba_crescit_caput_nescit	Obedientia_civium_urbis_felicitas
proteomic	dg.4DFC/840c7e9c-8900-4d1d-96667ce99c1e_65	CDS-PROTEOMIC-855069	barba_crescit_caput_nescit	a_bene_placito	pace_tua	labor_ipse_voluptas
proteomic	dg.4DFC/840c7e9c-8900-4d1d-96667ce99c1e_66	CDS-PROTEOMIC-582801	scientia_et_sapientia	barba_crescit_caput_nescit	pace_tua	saltus_in_demonstrando
proteomic	dg.4DFC/840c7e9c-8900-4d1d-96667ce99c1e_67	CDS-PROTEOMIC-318100	e_causa_ignota	sapiens_qui_prospicit	faber_est_suae_quisque_fortunae	id_quod_plerumque_accidit
proteomic	dg.4DFC/840c7e9c-8900-4d1d-96667ce99c1e_68	CDS-PROTEOMIC-964200	Macte_animo_Generose_puer_sic_itur_ad_astra	"scientia,_aere_perennius"	scientia_imperii_decus_et_tutamen	imperium_in_imperio
proteomic	dg.4DFC/840c7e9c-8900-4d1d-96667ce99c1e_69	CDS-PROTEOMIC-776147	cacatum_non_est_pictum	"scientia,_aere_perennius"	barba_crescit_caput_nescit	scientia_et_sapientia
proteomic	dg.4DFC/840c7e9c-8900-4d1d-96667ce99c1e_70	CDS-PROTEOMIC-366532	Macte_animo_Generose_puer_sic_itur_ad_astra	nascentes_morimur_finisque_ab_origine_pendet	scientia_et_sapientia	saltus_in_demonstrando
proteomic	dg.4DFC/840c7e9c-8900-4d1d-96667ce99c1e_71	CDS-PROTEOMIC-750595	nascentes_morimur_finisque_ab_origine_pendet	Obedientia_civium_urbis_felicitas	Gallia_est_omnis_divisa_in_partes_tres	nanos_gigantum_humeris_insidentes
proteomic	dg.4DFC/840c7e9c-8900-4d1d-96667ce99c1e_72	CDS-PROTEOMIC-220899	damnant_quod_non_intellegunt	faber_est_suae_quisque_fortunae	damnant_quod_non_intellegunt	Gallia_est_omnis_divisa_in_partes_tres
proteomic	dg.4DFC/840c7e9c-8900-4d1d-96667ce99c1e_73	CDS-PROTEOMIC-469578	id_quod_plerumque_accidit	Gallia_est_omnis_divisa_in_partes_tres	labor_ipse_voluptas	pace_tua
proteomic	dg.4DFC/840c7e9c-8900-4d1d-96667ce99c1e_74	CDS-PROTEOMIC-803745	scientiae_et_patriae	id_quod_plerumque_accidit	scientiae_et_patriae	scientia_et_labor
proteomic	dg.4DFC/840c7e9c-8900-4d1d-96667ce99c1e_75	CDS-PROTEOMIC-416109	id_quod_plerumque_accidit	O_Tite_tute_Tati_tibi_tanta_tyranne_tulisti	barba_crescit_caput_nescit	O_Tite_tute_Tati_tibi_tanta_tyranne_tulisti
proteomic	dg.4DFC/840c7e9c-8900-4d1d-96667ce99c1e_76	CDS-PROTEOMIC-740682	e_causa_ignota	barba_crescit_caput_nescit	damnant_quod_non_intellegunt	Macte_animo_Generose_puer_sic_itur_ad_astra
proteomic	dg.4DFC/840c7e9c-8900-4d1d-96667ce99c1e_77	CDS-PROTEOMIC-769330	nascentes_morimur_finisque_ab_origine_pendet	saltus_in_demonstrando	Obedientia_civium_urbis_felicitas	barba_crescit_caput_nescit
proteomic	dg.4DFC/840c7e9c-8900-4d1d-96667ce99c1e_78	CDS-PROTEOMIC-123107	saltus_in_demonstrando	scientia_et_labor	salus_in_arduis	Gallia_est_omnis_divisa_in_partes_tres
proteomic	dg.4DFC/840c7e9c-8900-4d1d-96667ce99c1e_79	CDS-PROTEOMIC-876287	scientia_et_sapientia	a_bene_placito	id_quod_plerumque_accidit	nascentes_morimur_finisque_ab_origine_pendet
proteomic	dg.4DFC/840c7e9c-8900-4d1d-96667ce99c1e_80	CDS-PROTEOMIC-161186	"scientia,_aere_perennius"	"scientia,_aere_perennius"	scientiae_cedit_mare	cacatum_non_est_pictum
proteomic	dg.4DFC/840c7e9c-8900-4d1d-96667ce99c1e_81	CDS-PROTEOMIC-145584	saltus_in_demonstrando	sapiens_qui_prospicit	damnant_quod_non_intellegunt	scientiae_cedit_mare
proteomic	dg.4DFC/840c7e9c-8900-4d1d-96667ce99c1e_82	CDS-PROTEOMIC-471414	Macte_animo_Generose_puer_sic_itur_ad_astra	Gallia_est_omnis_divisa_in_partes_tres	labor_ipse_voluptas	haec_olim_meminisse_iuvabit
proteomic	dg.4DFC/840c7e9c-8900-4d1d-96667ce99c1e_83	CDS-PROTEOMIC-239142	"scientia,_aere_perennius"	pace_tua	e_causa_ignota	scientia_imperii_decus_et_tutamen
proteomic	dg.4DFC/840c7e9c-8900-4d1d-96667ce99c1e_84	CDS-PROTEOMIC-734346	labor_ipse_voluptas	scientia_et_labor	sapiens_qui_prospicit	a_bene_placito
proteomic	dg.4DFC/840c7e9c-8900-4d1d-96667ce99c1e_85	CDS-PROTEOMIC-737234	scientiae_cedit_mare	Obedientia_civium_urbis_felicitas	O_Tite_tute_Tati_tibi_tanta_tyranne_tulisti	"scientia,_aere_perennius"
proteomic	dg.4DFC/840c7e9c-8900-4d1d-96667ce99c1e_86	CDS-PROTEOMIC-111394	saltus_in_demonstrando	nanos_gigantum_humeris_insidentes	O_Tite_tute_Tati_tibi_tanta_tyranne_tulisti	sapiens_qui_prospicit
proteomic	dg.4DFC/840c7e9c-8900-4d1d-96667ce99c1e_87	CDS-PROTEOMIC-628474	scientia_imperii_decus_et_tutamen	salus_in_arduis	sapiens_qui_prospicit	a_bene_placito
proteomic	dg.4DFC/840c7e9c-8900-4d1d-96667ce99c1e_88	CDS-PROTEOMIC-659555	O_Tite_tute_Tati_tibi_tanta_tyranne_tulisti	saltus_in_demonstrando	labor_ipse_voluptas	haec_olim_meminisse_iuvabit
proteomic	dg.4DFC/840c7e9c-8900-4d1d-96667ce99c1e_89	CDS-PROTEOMIC-858458	cacatum_non_est_pictum	saltus_in_demonstrando	e_causa_ignota	pace_tua
proteomic	dg.4DFC/840c7e9c-8900-4d1d-96667ce99c1e_90	CDS-PROTEOMIC-592994	scientia_et_sapientia	O_Tite_tute_Tati_tibi_tanta_tyranne_tulisti	Macte_animo_Generose_puer_sic_itur_ad_astra	scientiae_et_patriae
proteomic	dg.4DFC/840c7e9c-8900-4d1d-96667ce99c1e_91	CDS-PROTEOMIC-434028	cacatum_non_est_pictum	damnant_quod_non_intellegunt	"scientia,_aere_perennius"	a_bene_placito
proteomic	dg.4DFC/840c7e9c-8900-4d1d-96667ce99c1e_92	CDS-PROTEOMIC-967366	Obedientia_civium_urbis_felicitas	Gallia_est_omnis_divisa_in_partes_tres	nascentes_morimur_finisque_ab_origine_pendet	salus_in_arduis
proteomic	dg.4DFC/840c7e9c-8900-4d1d-96667ce99c1e_93	CDS-PROTEOMIC-309108	pace_tua	"scientia,_aere_perennius"	Macte_animo_Generose_puer_sic_itur_ad_astra	sapiens_qui_prospicit
proteomic	dg.4DFC/840c7e9c-8900-4d1d-96667ce99c1e_94	CDS-PROTEOMIC-586038	a_bene_placito	nanos_gigantum_humeris_insidentes	Macte_animo_Generose_puer_sic_itur_ad_astra	haec_olim_meminisse_iuvabit
proteomic	dg.4DFC/840c7e9c-8900-4d1d-96667ce99c1e_95	CDS-PROTEOMIC-587630	sapiens_qui_prospicit	faber_est_suae_quisque_fortunae	nascentes_morimur_finisque_ab_origine_pendet	saltus_in_demonstrando
proteomic	dg.4DFC/840c7e9c-8900-4d1d-96667ce99c1e_96	CDS-PROTEOMIC-504405	barba_crescit_caput_nescit	barba_crescit_caput_nescit	imperium_in_imperio	id_quod_plerumque_accidit
proteomic	dg.4DFC/840c7e9c-8900-4d1d-96667ce99c1e_97	CDS-PROTEOMIC-227230	damnant_quod_non_intellegunt	scientia_imperii_decus_et_tutamen	nanos_gigantum_humeris_insidentes	e_causa_ignota
proteomic	dg.4DFC/840c7e9c-8900-4d1d-96667ce99c1e_98	CDS-PROTEOMIC-716361	damnant_quod_non_intellegunt	cacatum_non_est_pictum	scientiae_cedit_mare	sapiens_qui_prospicit
proteomic	dg.4DFC/840c7e9c-8900-4d1d-96667ce99c1e_99	CDS-PROTEOMIC-308312	"scientia,_aere_perennius"	pace_tua	nascentes_morimur_finisque_ab_origine_pendet	Macte_animo_Generose_puer_sic_itur_ad_astra
proteomic	dg.4DFC/840c7e9c-8900-4d1d-96667ce99c1e_100	CDS-PROTEOMIC-524804	salus_in_arduis	scientia_imperii_decus_et_tutamen	id_quod_plerumque_accidit	pace_tua
proteomic	dg.4DFC/840c7e9c-8900-4d1d-96667ce99c1e_101	CDS-PROTEOMIC-674848	saltus_in_demonstrando	nanos_gigantum_humeris_insidentes	O_Tite_tute_Tati_tibi_tanta_tyranne_tulisti	haec_olim_meminisse_iuvabit
proteomic	dg.4DFC/840c7e9c-8900-4d1d-96667ce99c1e_102	CDS-PROTEOMIC-785803	"scientia,_aere_perennius"	nascentes_morimur_finisque_ab_origine_pendet	nanos_gigantum_humeris_insidentes	id_quod_plerumque_accidit
proteomic	dg.4DFC/840c7e9c-8900-4d1d-96667ce99c1e_103	CDS-PROTEOMIC-307514	saltus_in_demonstrando	O_Tite_tute_Tati_tibi_tanta_tyranne_tulisti	nanos_gigantum_humeris_insidentes	"scientia,_aere_perennius"
proteomic	dg.4DFC/840c7e9c-8900-4d1d-96667ce99c1e_104	CDS-PROTEOMIC-971522	sapiens_qui_prospicit	salus_in_arduis	barba_crescit_caput_nescit	faber_est_suae_quisque_fortunae
proteomic	dg.4DFC/840c7e9c-8900-4d1d-96667ce99c1e_105	CDS-PROTEOMIC-814024	scientia_et_sapientia	O_Tite_tute_Tati_tibi_tanta_tyranne_tulisti	damnant_quod_non_intellegunt	cacatum_non_est_pictum
proteomic	dg.4DFC/840c7e9c-8900-4d1d-96667ce99c1e_106	CDS-PROTEOMIC-797620	e_causa_ignota	damnant_quod_non_intellegunt	salus_in_arduis	haec_olim_meminisse_iuvabit
proteomic	dg.4DFC/840c7e9c-8900-4d1d-96667ce99c1e_107	CDS-PROTEOMIC-311827	scientiae_cedit_mare	scientiae_et_patriae	salus_in_arduis	a_bene_placito
proteomic	dg.4DFC/840c7e9c-8900-4d1d-96667ce99c1e_108	CDS-PROTEOMIC-158713	scientiae_et_patriae	scientiae_et_patriae	scientia_et_sapientia	saltus_in_demonstrando
proteomic	dg.4DFC/840c7e9c-8900-4d1d-96667ce99c1e_109	CDS-PROTEOMIC-526874	scientia_et_sapientia	"scientia,_aere_perennius"	scientia_imperii_decus_et_tutamen	scientia_et_labor
proteomic	dg.4DFC/840c7e9c-8900-4d1d-96667ce99c1e_110	CDS-PROTEOMIC-213528	Macte_animo_Generose_puer_sic_itur_ad_astra	nanos_gigantum_humeris_insidentes	sapiens_qui_prospicit	Gallia_est_omnis_divisa_in_partes_tres
proteomic	dg.4DFC/840c7e9c-8900-4d1d-96667ce99c1e_111	CDS-PROTEOMIC-229939	saltus_in_demonstrando	"scientia,_aere_perennius"	scientia_et_labor	faber_est_suae_quisque_fortunae
proteomic	dg.4DFC/840c7e9c-8900-4d1d-96667ce99c1e_112	CDS-PROTEOMIC-113604	barba_crescit_caput_nescit	nanos_gigantum_humeris_insidentes	cacatum_non_est_pictum	cacatum_non_est_pictum
proteomic	dg.4DFC/840c7e9c-8900-4d1d-96667ce99c1e_113	CDS-PROTEOMIC-134833	scientia_et_labor	pace_tua	salus_in_arduis	nanos_gigantum_humeris_insidentes
proteomic	dg.4DFC/840c7e9c-8900-4d1d-96667ce99c1e_114	CDS-PROTEOMIC-545170	scientiae_et_patriae	cacatum_non_est_pictum	labor_ipse_voluptas	salus_in_arduis
proteomic	dg.4DFC/840c7e9c-8900-4d1d-96667ce99c1e_115	CDS-PROTEOMIC-714531	pace_tua	labor_ipse_voluptas	Obedientia_civium_urbis_felicitas	saltus_in_demonstrando
proteomic	dg.4DFC/840c7e9c-8900-4d1d-96667ce99c1e_116	CDS-PROTEOMIC-663360	nascentes_morimur_finisque_ab_origine_pendet	sapiens_qui_prospicit	pace_tua	id_quod_plerumque_accidit
proteomic	dg.4DFC/840c7e9c-8900-4d1d-96667ce99c1e_117	CDS-PROTEOMIC-656072	scientia_imperii_decus_et_tutamen	e_causa_ignota	sapiens_qui_prospicit	O_Tite_tute_Tati_tibi_tanta_tyranne_tulisti
proteomic	dg.4DFC/840c7e9c-8900-4d1d-96667ce99c1e_118	CDS-PROTEOMIC-130005	pace_tua	barba_crescit_caput_nescit	salus_in_arduis	pace_tua
proteomic	dg.4DFC/840c7e9c-8900-4d1d-96667ce99c1e_119	CDS-PROTEOMIC-545665	Obedientia_civium_urbis_felicitas	nanos_gigantum_humeris_insidentes	imperium_in_imperio	a_bene_placito
proteomic	dg.4DFC/840c7e9c-8900-4d1d-96667ce99c1e_120	CDS-PROTEOMIC-378164	saltus_in_demonstrando	"scientia,_aere_perennius"	"scientia,_aere_perennius"	labor_ipse_voluptas
proteomic	dg.4DFC/840c7e9c-8900-4d1d-96667ce99c1e_121	CDS-PROTEOMIC-555288	labor_ipse_voluptas	imperium_in_imperio	saltus_in_demonstrando	scientia_et_sapientia
proteomic	dg.4DFC/840c7e9c-8900-4d1d-96667ce99c1e_122	CDS-PROTEOMIC-275218	e_causa_ignota	nascentes_morimur_finisque_ab_origine_pendet	salus_in_arduis	"scientia,_aere_perennius"
proteomic	dg.4DFC/840c7e9c-8900-4d1d-96667ce99c1e_123	CDS-PROTEOMIC-906487	labor_ipse_voluptas	id_quod_plerumque_accidit	scientia_imperii_decus_et_tutamen	nanos_gigantum_humeris_insidentes
proteomic	dg.4DFC/840c7e9c-8900-4d1d-96667ce99c1e_124	CDS-PROTEOMIC-461047	a_bene_placito	scientiae_et_patriae	saltus_in_demonstrando	barba_crescit_caput_nescit
proteomic	dg.4DFC/840c7e9c-8900-4d1d-96667ce99c1e_125	CDS-PROTEOMIC-144863	Macte_animo_Generose_puer_sic_itur_ad_astra	scientiae_cedit_mare	nascentes_morimur_finisque_ab_origine_pendet	scientia_imperii_decus_et_tutamen
proteomic	dg.4DFC/840c7e9c-8900-4d1d-96667ce99c1e_126	CDS-PROTEOMIC-571775	damnant_quod_non_intellegunt	faber_est_suae_quisque_fortunae	scientia_imperii_decus_et_tutamen	labor_ipse_voluptas
proteomic	dg.4DFC/840c7e9c-8900-4d1d-96667ce99c1e_127	CDS-PROTEOMIC-307367	imperium_in_imperio	scientiae_et_patriae	a_bene_placito	O_Tite_tute_Tati_tibi_tanta_tyranne_tulisti
proteomic	dg.4DFC/840c7e9c-8900-4d1d-96667ce99c1e_128	CDS-PROTEOMIC-832282	salus_in_arduis	Macte_animo_Generose_puer_sic_itur_ad_astra	salus_in_arduis	pace_tua
proteomic	dg.4DFC/840c7e9c-8900-4d1d-96667ce99c1e_129	CDS-PROTEOMIC-501011	scientiae_et_patriae	scientia_et_labor	nanos_gigantum_humeris_insidentes	faber_est_suae_quisque_fortunae
proteomic	dg.4DFC/840c7e9c-8900-4d1d-96667ce99c1e_130	CDS-PROTEOMIC-267452	"scientia,_aere_perennius"	faber_est_suae_quisque_fortunae	pace_tua	scientia_et_labor
proteomic	dg.4DFC/840c7e9c-8900-4d1d-96667ce99c1e_131	CDS-PROTEOMIC-593515	scientia_et_sapientia	scientia_imperii_decus_et_tutamen	saltus_in_demonstrando	scientiae_et_patriae
proteomic	dg.4DFC/840c7e9c-8900-4d1d-96667ce99c1e_132	CDS-PROTEOMIC-249160	barba_crescit_caput_nescit	scientiae_cedit_mare	sapiens_qui_prospicit	barba_crescit_caput_nescit
proteomic	dg.4DFC/840c7e9c-8900-4d1d-96667ce99c1e_133	CDS-PROTEOMIC-262129	Obedientia_civium_urbis_felicitas	a_bene_placito	scientiae_et_patriae	nanos_gigantum_humeris_insidentes
proteomic	dg.4DFC/840c7e9c-8900-4d1d-96667ce99c1e_134	CDS-PROTEOMIC-690181	scientiae_et_patriae	barba_crescit_caput_nescit	Macte_animo_Generose_puer_sic_itur_ad_astra	nascentes_morimur_finisque_ab_origine_pendet
proteomic	dg.4DFC/840c7e9c-8900-4d1d-96667ce99c1e_135	CDS-PROTEOMIC-541720	e_causa_ignota	scientiae_et_patriae	pace_tua	a_bene_placito
proteomic	dg.4DFC/840c7e9c-8900-4d1d-96667ce99c1e_136	CDS-PROTEOMIC-172052	salus_in_arduis	nanos_gigantum_humeris_insidentes	Macte_animo_Generose_puer_sic_itur_ad_astra	cacatum_non_est_pictum
proteomic	dg.4DFC/840c7e9c-8900-4d1d-96667ce99c1e_137	CDS-PROTEOMIC-217786	salus_in_arduis	saltus_in_demonstrando	a_bene_placito	imperium_in_imperio
proteomic	dg.4DFC/840c7e9c-8900-4d1d-96667ce99c1e_138	CDS-PROTEOMIC-949036	sapiens_qui_prospicit	scientiae_et_patriae	haec_olim_meminisse_iuvabit	imperium_in_imperio
proteomic	dg.4DFC/840c7e9c-8900-4d1d-96667ce99c1e_139	CDS-PROTEOMIC-520172	Gallia_est_omnis_divisa_in_partes_tres	labor_ipse_voluptas	Macte_animo_Generose_puer_sic_itur_ad_astra	faber_est_suae_quisque_fortunae
proteomic	dg.4DFC/840c7e9c-8900-4d1d-96667ce99c1e_140	CDS-PROTEOMIC-485735	sapiens_qui_prospicit	"scientia,_aere_perennius"	cacatum_non_est_pictum	nanos_gigantum_humeris_insidentes
proteomic	dg.4DFC/840c7e9c-8900-4d1d-96667ce99c1e_141	CDS-PROTEOMIC-218659	Gallia_est_omnis_divisa_in_partes_tres	Obedientia_civium_urbis_felicitas	scientiae_cedit_mare	e_causa_ignota
proteomic	dg.4DFC/840c7e9c-8900-4d1d-96667ce99c1e_142	CDS-PROTEOMIC-442499	sapiens_qui_prospicit	saltus_in_demonstrando	a_bene_placito	imperium_in_imperio
proteomic	dg.4DFC/840c7e9c-8900-4d1d-96667ce99c1e_143	CDS-PROTEOMIC-358602	scientiae_cedit_mare	nanos_gigantum_humeris_insidentes	nascentes_morimur_finisque_ab_origine_pendet	barba_crescit_caput_nescit
proteomic	dg.4DFC/840c7e9c-8900-4d1d-96667ce99c1e_144	CDS-PROTEOMIC-128217	Macte_animo_Generose_puer_sic_itur_ad_astra	Macte_animo_Generose_puer_sic_itur_ad_astra	faber_est_suae_quisque_fortunae	labor_ipse_voluptas
proteomic	dg.4DFC/840c7e9c-8900-4d1d-96667ce99c1e_145	CDS-PROTEOMIC-205972	Macte_animo_Generose_puer_sic_itur_ad_astra	damnant_quod_non_intellegunt	scientiae_cedit_mare	sapiens_qui_prospicit
proteomic	dg.4DFC/840c7e9c-8900-4d1d-96667ce99c1e_146	CDS-PROTEOMIC-301618	scientiae_et_patriae	scientia_imperii_decus_et_tutamen	nanos_gigantum_humeris_insidentes	scientia_et_sapientia
proteomic	dg.4DFC/840c7e9c-8900-4d1d-96667ce99c1e_147	CDS-PROTEOMIC-192923	imperium_in_imperio	Gallia_est_omnis_divisa_in_partes_tres	"scientia,_aere_perennius"	sapiens_qui_prospicit
proteomic	dg.4DFC/840c7e9c-8900-4d1d-96667ce99c1e_148	CDS-PROTEOMIC-987960	scientiae_et_patriae	Obedientia_civium_urbis_felicitas	id_quod_plerumque_accidit	pace_tua
proteomic	dg.4DFC/840c7e9c-8900-4d1d-96667ce99c1e_149	CDS-PROTEOMIC-329831	cacatum_non_est_pictum	scientiae_cedit_mare	imperium_in_imperio	scientiae_cedit_mare
proteomic	dg.4DFC/840c7e9c-8900-4d1d-96667ce99c1e_150	CDS-PROTEOMIC-550493	scientia_imperii_decus_et_tutamen	nascentes_morimur_finisque_ab_origine_pendet	Gallia_est_omnis_divisa_in_partes_tres	scientia_imperii_decus_et_tutamen
proteomic	dg.4DFC/840c7e9c-8900-4d1d-96667ce99c1e_151	CDS-PROTEOMIC-203589	pace_tua	Macte_animo_Generose_puer_sic_itur_ad_astra	labor_ipse_voluptas	faber_est_suae_quisque_fortunae
proteomic	dg.4DFC/840c7e9c-8900-4d1d-96667ce99c1e_152	CDS-PROTEOMIC-969781	Gallia_est_omnis_divisa_in_partes_tres	damnant_quod_non_intellegunt	Obedientia_civium_urbis_felicitas	scientiae_et_patriae
proteomic	dg.4DFC/840c7e9c-8900-4d1d-96667ce99c1e_153	CDS-PROTEOMIC-881490	barba_crescit_caput_nescit	"scientia,_aere_perennius"	pace_tua	nanos_gigantum_humeris_insidentes
proteomic	dg.4DFC/840c7e9c-8900-4d1d-96667ce99c1e_154	CDS-PROTEOMIC-545905	a_bene_placito	salus_in_arduis	cacatum_non_est_pictum	damnant_quod_non_intellegunt
proteomic	dg.4DFC/840c7e9c-8900-4d1d-96667ce99c1e_155	CDS-PROTEOMIC-456244	haec_olim_meminisse_iuvabit	barba_crescit_caput_nescit	scientia_et_labor	"scientia,_aere_perennius"
proteomic	dg.4DFC/840c7e9c-8900-4d1d-96667ce99c1e_156	CDS-PROTEOMIC-723292	haec_olim_meminisse_iuvabit	sapiens_qui_prospicit	faber_est_suae_quisque_fortunae	scientiae_et_patriae
proteomic	dg.4DFC/840c7e9c-8900-4d1d-96667ce99c1e_157	CDS-PROTEOMIC-486600	"scientia,_aere_perennius"	barba_crescit_caput_nescit	scientia_et_labor	labor_ipse_voluptas
proteomic	dg.4DFC/840c7e9c-8900-4d1d-96667ce99c1e_158	CDS-PROTEOMIC-266365	nascentes_morimur_finisque_ab_origine_pendet	faber_est_suae_quisque_fortunae	scientia_et_labor	scientia_imperii_decus_et_tutamen
proteomic	dg.4DFC/840c7e9c-8900-4d1d-96667ce99c1e_159	CDS-PROTEOMIC-560131	imperium_in_imperio	a_bene_placito	scientia_et_sapientia	imperium_in_imperio
proteomic	dg.4DFC/840c7e9c-8900-4d1d-96667ce99c1e_160	CDS-PROTEOMIC-474011	damnant_quod_non_intellegunt	"scientia,_aere_perennius"	Gallia_est_omnis_divisa_in_partes_tres	scientia_imperii_decus_et_tutamen
proteomic	dg.4DFC/840c7e9c-8900-4d1d-96667ce99c1e_161	CDS-PROTEOMIC-104222	barba_crescit_caput_nescit	O_Tite_tute_Tati_tibi_tanta_tyranne_tulisti	scientiae_et_patriae	pace_tua
proteomic	dg.4DFC/840c7e9c-8900-4d1d-96667ce99c1e_162	CDS-PROTEOMIC-358670	scientia_et_sapientia	haec_olim_meminisse_iuvabit	scientia_et_sapientia	scientiae_et_patriae
proteomic	dg.4DFC/840c7e9c-8900-4d1d-96667ce99c1e_163	CDS-PROTEOMIC-240512	barba_crescit_caput_nescit	faber_est_suae_quisque_fortunae	id_quod_plerumque_accidit	a_bene_placito
proteomic	dg.4DFC/840c7e9c-8900-4d1d-96667ce99c1e_164	CDS-PROTEOMIC-764208	O_Tite_tute_Tati_tibi_tanta_tyranne_tulisti	scientia_imperii_decus_et_tutamen	nascentes_morimur_finisque_ab_origine_pendet	Gallia_est_omnis_divisa_in_partes_tres
proteomic	dg.4DFC/840c7e9c-8900-4d1d-96667ce99c1e_165	CDS-PROTEOMIC-393899	salus_in_arduis	Obedientia_civium_urbis_felicitas	scientiae_et_patriae	pace_tua
proteomic	dg.4DFC/840c7e9c-8900-4d1d-96667ce99c1e_166	CDS-PROTEOMIC-672903	scientiae_cedit_mare	saltus_in_demonstrando	scientia_et_sapientia	scientiae_cedit_mare
proteomic	dg.4DFC/840c7e9c-8900-4d1d-96667ce99c1e_167	CDS-PROTEOMIC-739924	faber_est_suae_quisque_fortunae	damnant_quod_non_intellegunt	cacatum_non_est_pictum	Macte_animo_Generose_puer_sic_itur_ad_astra
proteomic	dg.4DFC/840c7e9c-8900-4d1d-96667ce99c1e_168	CDS-PROTEOMIC-808208	haec_olim_meminisse_iuvabit	damnant_quod_non_intellegunt	scientia_et_labor	imperium_in_imperio
proteomic	dg.4DFC/840c7e9c-8900-4d1d-96667ce99c1e_169	CDS-PROTEOMIC-339133	id_quod_plerumque_accidit	damnant_quod_non_intellegunt	sapiens_qui_prospicit	nanos_gigantum_humeris_insidentes
proteomic	dg.4DFC/840c7e9c-8900-4d1d-96667ce99c1e_170	CDS-PROTEOMIC-736354	Obedientia_civium_urbis_felicitas	Gallia_est_omnis_divisa_in_partes_tres	a_bene_placito	barba_crescit_caput_nescit
proteomic	dg.4DFC/840c7e9c-8900-4d1d-96667ce99c1e_171	CDS-PROTEOMIC-736412	scientiae_cedit_mare	scientia_et_labor	barba_crescit_caput_nescit	Gallia_est_omnis_divisa_in_partes_tres
proteomic	dg.4DFC/840c7e9c-8900-4d1d-96667ce99c1e_172	CDS-PROTEOMIC-662102	Macte_animo_Generose_puer_sic_itur_ad_astra	saltus_in_demonstrando	"scientia,_aere_perennius"	imperium_in_imperio
proteomic	dg.4DFC/840c7e9c-8900-4d1d-96667ce99c1e_173	CDS-PROTEOMIC-835174	imperium_in_imperio	salus_in_arduis	pace_tua	Obedientia_civium_urbis_felicitas
proteomic	dg.4DFC/840c7e9c-8900-4d1d-96667ce99c1e_174	CDS-PROTEOMIC-835896	faber_est_suae_quisque_fortunae	O_Tite_tute_Tati_tibi_tanta_tyranne_tulisti	salus_in_arduis	a_bene_placito
proteomic	dg.4DFC/840c7e9c-8900-4d1d-96667ce99c1e_175	CDS-PROTEOMIC-150611	Obedientia_civium_urbis_felicitas	a_bene_placito	saltus_in_demonstrando	haec_olim_meminisse_iuvabit
proteomic	dg.4DFC/840c7e9c-8900-4d1d-96667ce99c1e_176	CDS-PROTEOMIC-472692	O_Tite_tute_Tati_tibi_tanta_tyranne_tulisti	O_Tite_tute_Tati_tibi_tanta_tyranne_tulisti	cacatum_non_est_pictum	e_causa_ignota
proteomic	dg.4DFC/840c7e9c-8900-4d1d-96667ce99c1e_177	CDS-PROTEOMIC-411418	pace_tua	"scientia,_aere_perennius"	salus_in_arduis	imperium_in_imperio
proteomic	dg.4DFC/840c7e9c-8900-4d1d-96667ce99c1e_178	CDS-PROTEOMIC-188806	Gallia_est_omnis_divisa_in_partes_tres	labor_ipse_voluptas	Obedientia_civium_urbis_felicitas	scientia_imperii_decus_et_tutamen
proteomic	dg.4DFC/840c7e9c-8900-4d1d-96667ce99c1e_179	CDS-PROTEOMIC-114919	"scientia,_aere_perennius"	Obedientia_civium_urbis_felicitas	scientiae_cedit_mare	scientia_et_sapientia
proteomic	dg.4DFC/840c7e9c-8900-4d1d-96667ce99c1e_180	CDS-PROTEOMIC-707935	salus_in_arduis	scientiae_cedit_mare	nascentes_morimur_finisque_ab_origine_pendet	Gallia_est_omnis_divisa_in_partes_tres
proteomic	dg.4DFC/840c7e9c-8900-4d1d-96667ce99c1e_181	CDS-PROTEOMIC-471048	nascentes_morimur_finisque_ab_origine_pendet	salus_in_arduis	Obedientia_civium_urbis_felicitas	Obedientia_civium_urbis_felicitas
proteomic	dg.4DFC/840c7e9c-8900-4d1d-96667ce99c1e_182	CDS-PROTEOMIC-395927	e_causa_ignota	e_causa_ignota	a_bene_placito	Macte_animo_Generose_puer_sic_itur_ad_astra
proteomic	dg.4DFC/840c7e9c-8900-4d1d-96667ce99c1e_183	CDS-PROTEOMIC-849912	scientia_et_sapientia	scientiae_et_patriae	haec_olim_meminisse_iuvabit	labor_ipse_voluptas
proteomic	dg.4DFC/840c7e9c-8900-4d1d-96667ce99c1e_184	CDS-PROTEOMIC-295249	labor_ipse_voluptas	barba_crescit_caput_nescit	scientiae_cedit_mare	barba_crescit_caput_nescit
proteomic	dg.4DFC/840c7e9c-8900-4d1d-96667ce99c1e_185	CDS-PROTEOMIC-107685	Gallia_est_omnis_divisa_in_partes_tres	id_quod_plerumque_accidit	id_quod_plerumque_accidit	damnant_quod_non_intellegunt
proteomic	dg.4DFC/840c7e9c-8900-4d1d-96667ce99c1e_186	CDS-PROTEOMIC-818812	scientiae_cedit_mare	Macte_animo_Generose_puer_sic_itur_ad_astra	scientia_et_sapientia	Gallia_est_omnis_divisa_in_partes_tres
proteomic	dg.4DFC/840c7e9c-8900-4d1d-96667ce99c1e_187	CDS-PROTEOMIC-676635	e_causa_ignota	pace_tua	cacatum_non_est_pictum	"scientia,_aere_perennius"
proteomic	dg.4DFC/840c7e9c-8900-4d1d-96667ce99c1e_188	CDS-PROTEOMIC-474803	id_quod_plerumque_accidit	scientia_et_sapientia	saltus_in_demonstrando	labor_ipse_voluptas
proteomic	dg.4DFC/840c7e9c-8900-4d1d-96667ce99c1e_189	CDS-PROTEOMIC-835131	a_bene_placito	Macte_animo_Generose_puer_sic_itur_ad_astra	nascentes_morimur_finisque_ab_origine_pendet	damnant_quod_non_intellegunt
proteomic	dg.4DFC/840c7e9c-8900-4d1d-96667ce99c1e_190	CDS-PROTEOMIC-261063	cacatum_non_est_pictum	id_quod_plerumque_accidit	saltus_in_demonstrando	labor_ipse_voluptas
proteomic	dg.4DFC/840c7e9c-8900-4d1d-96667ce99c1e_191	CDS-PROTEOMIC-173959	cacatum_non_est_pictum	nanos_gigantum_humeris_insidentes	Macte_animo_Generose_puer_sic_itur_ad_astra	scientia_imperii_decus_et_tutamen
proteomic	dg.4DFC/840c7e9c-8900-4d1d-96667ce99c1e_192	CDS-PROTEOMIC-646323	imperium_in_imperio	scientia_et_sapientia	labor_ipse_voluptas	damnant_quod_non_intellegunt
proteomic	dg.4DFC/840c7e9c-8900-4d1d-96667ce99c1e_193	CDS-PROTEOMIC-995463	faber_est_suae_quisque_fortunae	a_bene_placito	barba_crescit_caput_nescit	scientia_et_labor
proteomic	dg.4DFC/840c7e9c-8900-4d1d-96667ce99c1e_194	CDS-PROTEOMIC-674811	id_quod_plerumque_accidit	O_Tite_tute_Tati_tibi_tanta_tyranne_tulisti	haec_olim_meminisse_iuvabit	scientiae_cedit_mare
proteomic	dg.4DFC/840c7e9c-8900-4d1d-96667ce99c1e_195	CDS-PROTEOMIC-132534	Macte_animo_Generose_puer_sic_itur_ad_astra	scientia_et_sapientia	damnant_quod_non_intellegunt	id_quod_plerumque_accidit
proteomic	dg.4DFC/840c7e9c-8900-4d1d-96667ce99c1e_196	CDS-PROTEOMIC-887967	sapiens_qui_prospicit	salus_in_arduis	sapiens_qui_prospicit	imperium_in_imperio
proteomic	dg.4DFC/840c7e9c-8900-4d1d-96667ce99c1e_197	CDS-PROTEOMIC-322608	scientiae_cedit_mare	labor_ipse_voluptas	imperium_in_imperio	nascentes_morimur_finisque_ab_origine_pendet
proteomic	dg.4DFC/840c7e9c-8900-4d1d-96667ce99c1e_198	CDS-PROTEOMIC-534805	e_causa_ignota	scientia_imperii_decus_et_tutamen	cacatum_non_est_pictum	sapiens_qui_prospicit
proteomic	dg.4DFC/840c7e9c-8900-4d1d-96667ce99c1e_199	CDS-PROTEOMIC-504460	"scientia,_aere_perennius"	barba_crescit_caput_nescit	nascentes_morimur_finisque_ab_origine_pendet	e_causa_ignota
proteomic	dg.4DFC/840c7e9c-8900-4d1d-96667ce99c1e_200	CDS-PROTEOMIC-939459	"scientia,_aere_perennius"	scientia_et_sapientia	e_causa_ignota	imperium_in_imperio