type	participant.study_participant_id	treatment_id	treatment_type	days_to_treatment	therapeutic_agents	response
treatment	phs000000_CDS1001	CDS-TREATMENT-513078	External Beam Radiation Therapy	544	AR Antagonist BMS-641988	Unknown
treatment	phs000000_CDS1002	CDS-TREATMENT-242178	Stem Cell Transplant	384	Hsp90 Inhibitor PU-H71	Persistent Disease
treatment	phs000000_CDS1003	CDS-TREATMENT-548237	Surgical Procedure	260	2-Hydroxyestrone	Progressive Disease
treatment	phs000000_CDS1004	CDS-TREATMENT-470217	Low-Dose Rate Brachytherapy	72	Anti-GD2 Monoclonal Antibody hu14.18K322A	No Evidence of Disease
treatment	phs000000_CDS1005	CDS-TREATMENT-210108	Stereotactic Body Radiation Therapy	627	Tepotinib	Progressive Disease
treatment	phs000000_CDS1006	CDS-TREATMENT-329618	Stereotactic Radiosurgery	738	PD-1 Inhibitor	No Evidence of Disease
treatment	phs000000_CDS1007	CDS-TREATMENT-211474	Pharmacotherapy	115	Anti-Claudin18.2 Monoclonal Antibody TST001	Partial Response
treatment	phs000000_CDS1008	CDS-TREATMENT-769131	Stem Cell Transplant	311	Roblitinib	Progressive Disease
treatment	phs000000_CDS1009	CDS-TREATMENT-773677	Not Reported	17	Nanosomal Docetaxel Lipid Suspension	Progressive Disease
treatment	phs000000_CDS1010	CDS-TREATMENT-985104	Autologous Stem Cell Transplantation	473	Mechlorethamine Hydrochloride Gel	Progressive Disease
treatment	phs000000_CDS1011	CDS-TREATMENT-873930	Pharmacotherapy	99	Trametinib	Progressive Disease
treatment	phs000000_CDS1012	CDS-TREATMENT-738099	Intensity-Modulated Radiation Therapy	26	Burixafor Hydrobromide	Stable Disease
treatment	phs000000_CDS1013	CDS-TREATMENT-364697	3-Dimensional Conformal Radiation Therapy	401	ER alpha Proteolysis-targeting Chimera Protein Degrader ARV-471	Partial Response
treatment	phs000000_CDS1014	CDS-TREATMENT-288340	Unknown	626	Baltaleucel-T	Unknown
treatment	phs000000_CDS1015	CDS-TREATMENT-993387	Conventional Radiotherapy	390	Deslorelin	Stable Disease
treatment	phs000000_CDS1016	CDS-TREATMENT-165004	Stereotactic Radiosurgery	418	Anti-FGFR3 Antibody-drug Conjugate LY3076226	Complete Response
treatment	phs000000_CDS1017	CDS-TREATMENT-544149	Radiofrequency Ablation	754	Echinomycin	Not Evaluable
treatment	phs000000_CDS1018	CDS-TREATMENT-644368	Surgical Procedure	188	Anti-CLEVER-1 Monoclonal Antibody FP-1305	No Evidence of Disease
treatment	phs000000_CDS1019	CDS-TREATMENT-389360	High-Dose Rate Brachytherapy	43	Phosphorus P-32	Persistent Disease
treatment	phs000000_CDS1020	CDS-TREATMENT-762960	Targeted Molecular Therapy	986	Topotecan	Progressive Disease
treatment	phs000000_CDS1021	CDS-TREATMENT-119363	Electron Beam Radiation Therapy	898	Resveratrol Formulation SRT501	Complete Response
treatment	phs000000_CDS1022	CDS-TREATMENT-939510	Targeted Molecular Therapy	625	Recombinant Leukoregulin	No Evidence of Disease
treatment	phs000000_CDS1023	CDS-TREATMENT-680685	Allogeneic Hematopoietic Stem Cell Transplantation	175	Aurora A Kinase/Tyrosine Kinase Inhibitor ENMD-2076	Not Evaluable
treatment	phs000000_CDS1024	CDS-TREATMENT-137970	Surgical Procedure	386	Hsp90 Inhibitor BIIB021	Not Reported
treatment	phs000000_CDS1025	CDS-TREATMENT-862647	Electron Beam Radiation Therapy	784	Synchrovax SEM Plasmid DNA Vaccine	Unknown
treatment	phs000000_CDS1026	CDS-TREATMENT-900644	Proton Beam Radiation Therapy	702	Mirvetuximab Soravtansine	No Evidence of Disease
treatment	phs000000_CDS1027	CDS-TREATMENT-571126	Pharmacotherapy	259	pan-RAF Kinase Inhibitor CCT3833	Partial Response
treatment	phs000000_CDS1028	CDS-TREATMENT-156948	Photon Beam Radiation Therapy	892	Mofarotene	Progressive Disease
treatment	phs000000_CDS1029	CDS-TREATMENT-618269	Targeted Molecular Therapy	303	Multi-kinase Inhibitor XL092	Unknown
treatment	phs000000_CDS1030	CDS-TREATMENT-507132	Intensity-Modulated Radiation Therapy	12	Anti-ETBR/MMAE Antibody-Drug Conjugate DEDN6526A	Not Evaluable
treatment	phs000000_CDS1031	CDS-TREATMENT-945087	Autologous Stem Cell Transplantation	896	Chiauranib	Stable Disease
treatment	phs000000_CDS1032	CDS-TREATMENT-879360	Stereotactic Radiosurgery	76	Losoxantrone	Unknown
treatment	phs000000_CDS1033	CDS-TREATMENT-463004	High-Dose Rate Brachytherapy	782	PI3K-delta Inhibitor YY-20394	Not Reported
treatment	phs000000_CDS1034	CDS-TREATMENT-727607	Radiation Therapy	897	Fotemustine	Progressive Disease
treatment	phs000000_CDS1035	CDS-TREATMENT-529889	Immunotherapy	253	RIPK1 Inhibitor GSK3145095	Not Applicable
treatment	phs000000_CDS1036	CDS-TREATMENT-796512	Autologous Stem Cell Transplantation	934	Seocalcitol	Not Reported
treatment	phs000000_CDS1037	CDS-TREATMENT-283734	Allogeneic Hematopoietic Stem Cell Transplantation	532	Cinobufagin	Unknown
treatment	phs000000_CDS1038	CDS-TREATMENT-383248	Intensity-Modulated Radiation Therapy	617	Tritylcysteine	Stable Disease
treatment	phs000000_CDS1039	CDS-TREATMENT-590995	Surgical Procedure	787	MET x MET Bispecific Antibody REGN5093	Stable Disease
treatment	phs000000_CDS1040	CDS-TREATMENT-277910	Photon Beam Radiation Therapy	940	Fenretinide Lipid Matrix	Stable Disease
treatment	phs000000_CDS1041	CDS-TREATMENT-141118	3-Dimensional Conformal Radiation Therapy	13	Zuclomiphene Citrate	Complete Response
treatment	phs000000_CDS1042	CDS-TREATMENT-639179	Cellular Therapy	760	Autologous Tumor Infiltrating Lymphocytes LN-144	Stable Disease
treatment	phs000000_CDS1043	CDS-TREATMENT-755650	Stem Cell Transplant	806	Breflate	Unknown
treatment	phs000000_CDS1044	CDS-TREATMENT-131424	Radiofrequency Ablation	741	Tazarotene	Not Evaluable
treatment	phs000000_CDS1045	CDS-TREATMENT-362028	High-Dose Rate Brachytherapy	145	Tirapazamine	Partial Response
treatment	phs000000_CDS1046	CDS-TREATMENT-290218	Radiopharmaceutical	952	Recombinant Thyroglobulin	Partial Response
treatment	phs000000_CDS1047	CDS-TREATMENT-709102	High-Dose Rate Brachytherapy	319	Rezivertinib	Complete Response
treatment	phs000000_CDS1048	CDS-TREATMENT-961633	Not Reported	328	p53-HDM2 Protein-protein Interaction Inhibitor APG-115	No Evidence of Disease
treatment	phs000000_CDS1049	CDS-TREATMENT-901216	High-Dose Rate Brachytherapy	751	Enzastaurin	Partial Response
treatment	phs000000_CDS1050	CDS-TREATMENT-918671	Conventional Radiotherapy	369	PI3K-delta Inhibitor SHC014748M	No Evidence of Disease
treatment	phs000000_CDS1051	CDS-TREATMENT-468427	Brachytherapy	725	Recombinant Human Papillomavirus Nonavalent Vaccine	Unknown
treatment	phs000000_CDS1052	CDS-TREATMENT-567009	Stem Cell Transplant	453	Dusigitumab	Not Applicable
treatment	phs000000_CDS1053	CDS-TREATMENT-330026	Radiation Therapy	736	Ladirubicin	Stable Disease
treatment	phs000000_CDS1054	CDS-TREATMENT-206015	Radiofrequency Ablation	118	Binimetinib	No Evidence of Disease
treatment	phs000000_CDS1055	CDS-TREATMENT-385165	Low-Dose Rate Brachytherapy	373	DPX-E7 HPV Vaccine	No Response
treatment	phs000000_CDS1056	CDS-TREATMENT-408047	Immunotherapy	35	Apoptosis Inducer BZL101	Stable Disease
treatment	phs000000_CDS1057	CDS-TREATMENT-552822	Radiopharmaceutical	469	Dezaguanine	No Evidence of Disease
treatment	phs000000_CDS1058	CDS-TREATMENT-380450	Radiation Therapy	327	Recombinant Interferon	Not Applicable
treatment	phs000000_CDS1059	CDS-TREATMENT-298156	Radiofrequency Ablation	17	VEGFR2 Tyrosine Kinase Inhibitor PF-00337210	Not Evaluable
treatment	phs000000_CDS1060	CDS-TREATMENT-102294	3-Dimensional Conformal Radiation Therapy	986	c-raf Antisense Oligonucleotide ISIS 5132	No Response
treatment	phs000000_CDS1061	CDS-TREATMENT-772559	Low-Dose Rate Brachytherapy	402	Diarylsulfonylurea Compound ILX-295501	Persistent Disease
treatment	phs000000_CDS1062	CDS-TREATMENT-709860	Brachytherapy	725	Edelfosine	Partial Response
treatment	phs000000_CDS1063	CDS-TREATMENT-713794	Immunotherapy	996	Savolitinib	Partial Response
treatment	phs000000_CDS1064	CDS-TREATMENT-743801	Low-Dose Rate Brachytherapy	931	PI3Kalpha Inhibitor AZD8835	Partial Response
treatment	phs000000_CDS1065	CDS-TREATMENT-552662	Cellular Therapy	909	Anti-CD71/vcMMAE Probody-drug Conjugate CX-2029	Not Applicable
treatment	phs000000_CDS1066	CDS-TREATMENT-454077	3-Dimensional Conformal Radiation Therapy	256	Autologous Monocyte-derived Lysate-pulsed Dendritic Cell Vaccine PV-001-DC	Persistent Disease
treatment	phs000000_CDS1067	CDS-TREATMENT-422613	Low-Dose Rate Brachytherapy	502	Anti-PD-1 Monoclonal Antibody BI 754091	No Response
treatment	phs000000_CDS1068	CDS-TREATMENT-260727	Brachytherapy	934	Everolimus Tablets for Oral Suspension	Not Evaluable
treatment	phs000000_CDS1069	CDS-TREATMENT-429462	Immunotherapy	63	Vistusertib	No Evidence of Disease
treatment	phs000000_CDS1070	CDS-TREATMENT-436546	Not Reported	444	Pazopanib	Not Applicable
treatment	phs000000_CDS1071	CDS-TREATMENT-529491	Pharmacotherapy	183	Anti-HER-2 Bispecific Antibody KN026	Stable Disease
treatment	phs000000_CDS1072	CDS-TREATMENT-412828	Immunotherapy	189	Roniciclib	Persistent Disease
treatment	phs000000_CDS1073	CDS-TREATMENT-336806	Radiofrequency Ablation	500	Lutetium Lu 177 DOTA-N3-CTT1403	Complete Response
treatment	phs000000_CDS1074	CDS-TREATMENT-647836	Radiofrequency Ablation	610	Elgemtumab	Not Reported
treatment	phs000000_CDS1075	CDS-TREATMENT-184332	Targeted Molecular Therapy	868	Serine/Threonine Kinase Inhibitor CBP501	Unknown
treatment	phs000000_CDS1076	CDS-TREATMENT-806929	Stereotactic Radiosurgery	198	Zelavespib	No Evidence of Disease
treatment	phs000000_CDS1077	CDS-TREATMENT-586922	Surgical Procedure	922	Anti-PD-1 Monoclonal Antibody SCT-I10A	Complete Response
treatment	phs000000_CDS1078	CDS-TREATMENT-312609	Electron Beam Radiation Therapy	540	Abexinostat Tosylate	Not Applicable
treatment	phs000000_CDS1079	CDS-TREATMENT-425441	Chemotherapy	958	Folic Acid	Persistent Disease
treatment	phs000000_CDS1080	CDS-TREATMENT-176740	Pharmacotherapy	724	Imaradenant	Not Applicable
treatment	phs000000_CDS1081	CDS-TREATMENT-255002	Stereotactic Body Radiation Therapy	552	Bromocriptine Mesylate	Not Reported
treatment	phs000000_CDS1082	CDS-TREATMENT-781538	Brachytherapy	146	Mitosis Inhibitor T 1101 Tosylate	Progressive Disease
treatment	phs000000_CDS1083	CDS-TREATMENT-703775	Immunotherapy	95	Peptide 946 Melanoma Vaccine	Progressive Disease
treatment	phs000000_CDS1084	CDS-TREATMENT-152319	Intensity-Modulated Radiation Therapy	562	Azaribine	No Evidence of Disease
treatment	phs000000_CDS1085	CDS-TREATMENT-407722	Low-Dose Rate Brachytherapy	965	Filgrastim	Not Applicable
treatment	phs000000_CDS1086	CDS-TREATMENT-848329	Chemotherapy	260	Redaporfin	Persistent Disease
treatment	phs000000_CDS1087	CDS-TREATMENT-503952	Proton Beam Radiation Therapy	137	Arnebia Indigo Jade Pearl Topical Cream	Persistent Disease
treatment	phs000000_CDS1088	CDS-TREATMENT-988815	Stem Cell Transplant	248	Personalized Peptide Cancer Vaccine NEO-PV-01	Progressive Disease
treatment	phs000000_CDS1089	CDS-TREATMENT-153533	Not Reported	211	Axatilimab	Partial Response
treatment	phs000000_CDS1090	CDS-TREATMENT-721876	Radiofrequency Ablation	492	Veliparib	Stable Disease
treatment	phs000000_CDS1091	CDS-TREATMENT-915693	Conventional Radiotherapy	271	Erbulozole	Progressive Disease
treatment	phs000000_CDS1092	CDS-TREATMENT-645208	Intensity-Modulated Radiation Therapy	606	Anti-OX40 Monoclonal Antibody IBI101	No Evidence of Disease
treatment	phs000000_CDS1093	CDS-TREATMENT-455771	Hormone Therapy	54	Ombrabulin	No Response
treatment	phs000000_CDS1094	CDS-TREATMENT-588355	Electron Beam Radiation Therapy	534	Short Chain Fatty Acid HQK-1004	No Response
treatment	phs000000_CDS1095	CDS-TREATMENT-629053	Radiopharmaceutical	213	Magrolimab	Stable Disease
treatment	phs000000_CDS1096	CDS-TREATMENT-346155	Radiation Therapy	829	Amifostine	Partial Response
treatment	phs000000_CDS1097	CDS-TREATMENT-937444	Intensity-Modulated Radiation Therapy	744	Anti-CD20 Monoclonal Antibody SCT400	Partial Response
treatment	phs000000_CDS1098	CDS-TREATMENT-153221	Radiofrequency Ablation	621	Anti-BCMA Antibody-drug Conjugate AMG 224	Not Reported
treatment	phs000000_CDS1099	CDS-TREATMENT-836066	Chemotherapy	567	Sotrastaurin Acetate	Progressive Disease
treatment	phs000000_CDS1100	CDS-TREATMENT-935277	Photon Beam Radiation Therapy	846	PV-10	Partial Response
treatment	phs000000_CDS1101	CDS-TREATMENT-406977	Allogeneic Hematopoietic Stem Cell Transplantation	584	Molibresib	Partial Response
treatment	phs000000_CDS1102	CDS-TREATMENT-191203	Targeted Molecular Therapy	20	Siplizumab	Persistent Disease
treatment	phs000000_CDS1103	CDS-TREATMENT-289669	Not Reported	291	Adenosine A2A Receptor Antagonist NIR178	Persistent Disease
treatment	phs000000_CDS1104	CDS-TREATMENT-913470	Targeted Molecular Therapy	35	White Carrot	Unknown
treatment	phs000000_CDS1105	CDS-TREATMENT-178536	Radiopharmaceutical	88	Anhydrovinblastine	Unknown
treatment	phs000000_CDS1106	CDS-TREATMENT-184611	Pharmacotherapy	835	Antroquinonol Capsule	Complete Response
treatment	phs000000_CDS1107	CDS-TREATMENT-526383	Brachytherapy	881	Nidanilimab	Not Applicable
treatment	phs000000_CDS1108	CDS-TREATMENT-917071	Brachytherapy	156	Nab-paclitaxel	Unknown
treatment	phs000000_CDS1109	CDS-TREATMENT-270978	Radiofrequency Ablation	748	Anti-CD123/CD3 Bispecific Antibody APVO436	Partial Response
treatment	phs000000_CDS1110	CDS-TREATMENT-236386	Targeted Molecular Therapy	728	Src Kinase Inhibitor KX2-391 Ointment	Progressive Disease
treatment	phs000000_CDS1111	CDS-TREATMENT-676493	High-Dose Rate Brachytherapy	780	Autologous Anti-CD22 CAR-4-1BB-TCRz-transduced T-lymphocytes CART22-65s	Unknown
treatment	phs000000_CDS1112	CDS-TREATMENT-372988	Conventional Radiotherapy	958	Inactivated Oncolytic Virus Particle GEN0101	Persistent Disease
treatment	phs000000_CDS1113	CDS-TREATMENT-842429	Intensity-Modulated Radiation Therapy	126	PEG-Proline-Interferon Alfa-2b	No Response
treatment	phs000000_CDS1114	CDS-TREATMENT-213376	Chemotherapy	860	Interleukin-15 Agonist Fusion Protein SHR1501	Complete Response
treatment	phs000000_CDS1115	CDS-TREATMENT-925641	Stereotactic Radiosurgery	721	Lutetium Lu 177 DOTA-Tetulomab	No Response
treatment	phs000000_CDS1116	CDS-TREATMENT-450758	High-Dose Rate Brachytherapy	162	TLR Agonist BSG-001	No Evidence of Disease
treatment	phs000000_CDS1117	CDS-TREATMENT-757234	Electron Beam Radiation Therapy	935	Indatuximab Ravtansine	Complete Response
treatment	phs000000_CDS1118	CDS-TREATMENT-418827	Conventional Radiotherapy	127	Volasertib	No Response
treatment	phs000000_CDS1119	CDS-TREATMENT-769149	Low-Dose Rate Brachytherapy	515	Liposomal Bcl-2 Antisense Oligonucleotide BP1002	Stable Disease
treatment	phs000000_CDS1120	CDS-TREATMENT-745689	Brachytherapy	183	Onatasertib	Not Evaluable
treatment	phs000000_CDS1121	CDS-TREATMENT-229443	Intensity-Modulated Radiation Therapy	372	Retifanlimab	Partial Response
treatment	phs000000_CDS1122	CDS-TREATMENT-120544	Autologous Stem Cell Transplantation	768	FGF Receptor Antagonist HGS1036	No Evidence of Disease
treatment	phs000000_CDS1123	CDS-TREATMENT-567685	Conventional Radiotherapy	711	Palbociclib	Partial Response
treatment	phs000000_CDS1124	CDS-TREATMENT-775581	Electron Beam Radiation Therapy	24	Plevitrexed	Unknown
treatment	phs000000_CDS1125	CDS-TREATMENT-329545	Hormone Therapy	839	Sustained-release Mitomycin C Hydrogel Formulation UGN-101	Not Applicable
treatment	phs000000_CDS1126	CDS-TREATMENT-914512	Radiopharmaceutical	304	Asciminib	Not Reported
treatment	phs000000_CDS1127	CDS-TREATMENT-901849	Concurrent Chemoradiation	616	Allogeneic Anti-CD19 CAR T-cells ALLO-501A	Stable Disease
treatment	phs000000_CDS1128	CDS-TREATMENT-846250	Hormone Therapy	716	TAM/c-Met Inhibitor RXDX-106	Stable Disease
treatment	phs000000_CDS1129	CDS-TREATMENT-434420	Chemotherapy	284	Necitumumab	No Response
treatment	phs000000_CDS1130	CDS-TREATMENT-464235	Chemotherapy	859	Anti-PD-1 Monoclonal Antibody MGA012	Unknown
treatment	phs000000_CDS1131	CDS-TREATMENT-682976	Conventional Radiotherapy	441	Selective Androgen Receptor Modulator RAD140	Unknown
treatment	phs000000_CDS1132	CDS-TREATMENT-265871	Radiopharmaceutical	319	Shu Yu Wan Formula	Progressive Disease
treatment	phs000000_CDS1133	CDS-TREATMENT-812804	External Beam Radiation Therapy	664	Lenzilumab	Not Reported
treatment	phs000000_CDS1134	CDS-TREATMENT-253020	Radiation Therapy	234	Polo-like Kinase 1 Inhibitor MK1496	Partial Response
treatment	phs000000_CDS1135	CDS-TREATMENT-721902	Concurrent Chemoradiation	399	Sotigalimab	Stable Disease
treatment	phs000000_CDS1136	CDS-TREATMENT-451669	Brachytherapy	756	MAT2A Inhibitor AG-270	Progressive Disease
treatment	phs000000_CDS1137	CDS-TREATMENT-645583	Surgical Procedure	103	Shared Anti-Idiotype-AB-S006	Not Evaluable
treatment	phs000000_CDS1138	CDS-TREATMENT-207994	Low-Dose Rate Brachytherapy	913	Autologous Heat-Shock Protein 70 Peptide Vaccine AG-858	Unknown
treatment	phs000000_CDS1139	CDS-TREATMENT-875391	Stereotactic Body Radiation Therapy	328	Fosbretabulin	Complete Response
treatment	phs000000_CDS1140	CDS-TREATMENT-698023	Radiopharmaceutical	814	Interferon	Unknown
treatment	phs000000_CDS1141	CDS-TREATMENT-973761	Concurrent Chemoradiation	753	Motesanib	Progressive Disease
treatment	phs000000_CDS1142	CDS-TREATMENT-376449	Intensity-Modulated Radiation Therapy	703	Anti-BCMA/CD3 BiTE Antibody AMG 701	No Response
treatment	phs000000_CDS1143	CDS-TREATMENT-636309	Proton Beam Radiation Therapy	226	Letrozole	Partial Response
treatment	phs000000_CDS1144	CDS-TREATMENT-658978	Brachytherapy	644	Microbiome-derived Peptide Vaccine EO2401	No Evidence of Disease
treatment	phs000000_CDS1145	CDS-TREATMENT-431198	Stereotactic Radiosurgery	371	Gilteritinib Fumarate	Unknown
treatment	phs000000_CDS1146	CDS-TREATMENT-956569	Stereotactic Body Radiation Therapy	632	Pharmacological Ascorbate	No Evidence of Disease
treatment	phs000000_CDS1147	CDS-TREATMENT-660072	Stereotactic Body Radiation Therapy	919	2'-F-ara-deoxyuridine	Stable Disease
treatment	phs000000_CDS1148	CDS-TREATMENT-368944	Immunotherapy	354	Efatutazone	Unknown
treatment	phs000000_CDS1149	CDS-TREATMENT-533015	Brachytherapy	76	Anti-PD-L1 Monoclonal Antibody A167	Progressive Disease
treatment	phs000000_CDS1150	CDS-TREATMENT-232015	Stereotactic Radiosurgery	99	Antineoplastic Vaccine GV-1301	No Response
treatment	phs000000_CDS1151	CDS-TREATMENT-160484	Cellular Therapy	656	Resveratrol Formulation SRT501	Not Evaluable
treatment	phs000000_CDS1152	CDS-TREATMENT-210524	Cellular Therapy	940	Beauvericin	Persistent Disease
treatment	phs000000_CDS1153	CDS-TREATMENT-933462	Stereotactic Body Radiation Therapy	296	Wnt Signaling Inhibitor SM04755	Not Applicable
treatment	phs000000_CDS1154	CDS-TREATMENT-143400	Stereotactic Body Radiation Therapy	700	Daratumumab	Persistent Disease
treatment	phs000000_CDS1155	CDS-TREATMENT-899241	Chemotherapy	459	Tenalisib	Progressive Disease
treatment	phs000000_CDS1156	CDS-TREATMENT-549444	Low-Dose Rate Brachytherapy	481	Bispecific Antibody MDX447	Complete Response
treatment	phs000000_CDS1157	CDS-TREATMENT-343670	Surgical Procedure	533	Ipomeanol	Not Evaluable
treatment	phs000000_CDS1158	CDS-TREATMENT-819603	Brachytherapy	721	Edodekin alfa	Progressive Disease
treatment	phs000000_CDS1159	CDS-TREATMENT-224350	3-Dimensional Conformal Radiation Therapy	751	Trimetrexate	Not Evaluable
treatment	phs000000_CDS1160	CDS-TREATMENT-762291	Stereotactic Body Radiation Therapy	565	Adenovirus-expressing TLR5/TLR5 Agonist Nanoformulation M-VM3	Stable Disease
treatment	phs000000_CDS1161	CDS-TREATMENT-215138	Stereotactic Radiosurgery	361	Autologous CD22-4SCAR-expressing T-cells 4SCAR22	Not Applicable
treatment	phs000000_CDS1162	CDS-TREATMENT-822457	3-Dimensional Conformal Radiation Therapy	892	DNA Plasmid-encoding Interleukin-12 INO-9012/PSA/PSMA DNA Plasmids INO-5150 Formulation INO-5151	No Response
treatment	phs000000_CDS1163	CDS-TREATMENT-665067	Low-Dose Rate Brachytherapy	31	Wobe-Mugos E	Not Evaluable
treatment	phs000000_CDS1164	CDS-TREATMENT-776122	Stereotactic Radiosurgery	355	Ivaltinostat	No Evidence of Disease
treatment	phs000000_CDS1165	CDS-TREATMENT-616264	Radiation Therapy	633	Anti-ICOS Monoclonal Antibody MEDI-570	Not Applicable
treatment	phs000000_CDS1166	CDS-TREATMENT-270324	Conventional Radiotherapy	585	Yttrium Y 90 Colloid	Unknown
treatment	phs000000_CDS1167	CDS-TREATMENT-498265	Intensity-Modulated Radiation Therapy	382	Anti-TIM3 Monoclonal Antibody SHR-1702	Progressive Disease
treatment	phs000000_CDS1168	CDS-TREATMENT-950147	Concurrent Chemoradiation	535	Liver X Receptor beta Agonist RGX-104	Persistent Disease
treatment	phs000000_CDS1169	CDS-TREATMENT-707222	Stereotactic Body Radiation Therapy	303	HAAH Lambda phage Vaccine SNS-301	Persistent Disease
treatment	phs000000_CDS1170	CDS-TREATMENT-806740	3-Dimensional Conformal Radiation Therapy	656	Live-attenuated Listeria monocytogenes-encoding EGFRvIII-NY-ESO-1 Vaccine ADU-623	Complete Response
treatment	phs000000_CDS1171	CDS-TREATMENT-160343	Radiation Therapy	14	Anti-GITR Monoclonal Antibody MK-4166	No Evidence of Disease
treatment	phs000000_CDS1172	CDS-TREATMENT-156450	Radiofrequency Ablation	735	Clinical Trial Agent	Not Evaluable
treatment	phs000000_CDS1173	CDS-TREATMENT-308634	Low-Dose Rate Brachytherapy	42	Anti-PD1 Monoclonal Antibody AGEN2034	Partial Response
treatment	phs000000_CDS1174	CDS-TREATMENT-741153	Photon Beam Radiation Therapy	750	P-TEFb Inhibitor BAY1143572	Not Reported
treatment	phs000000_CDS1175	CDS-TREATMENT-407468	Unknown	408	EGFR/HER2 Inhibitor DZD9008	Complete Response
treatment	phs000000_CDS1176	CDS-TREATMENT-793797	Intensity-Modulated Radiation Therapy	191	Recombinant Tumor Necrosis Factor-Alpha	Partial Response
treatment	phs000000_CDS1177	CDS-TREATMENT-802608	Stereotactic Radiosurgery	995	Hycanthone	Complete Response
treatment	phs000000_CDS1178	CDS-TREATMENT-546136	Autologous Stem Cell Transplantation	420	IL-2/9/15 Gamma Chain Receptor Inhibitor BNZ-1	Unknown
treatment	phs000000_CDS1179	CDS-TREATMENT-378836	Not Reported	669	Anti-IL-1 alpha Monoclonal Antibody MABp1	Persistent Disease
treatment	phs000000_CDS1180	CDS-TREATMENT-357674	Brachytherapy	364	Tivantinib	Persistent Disease
treatment	phs000000_CDS1181	CDS-TREATMENT-828188	Radiation Therapy	750	Thyroid Extract	No Response
treatment	phs000000_CDS1182	CDS-TREATMENT-206936	External Beam Radiation Therapy	367	Anti-PGF Monoclonal Antibody RO5323441	No Evidence of Disease
treatment	phs000000_CDS1183	CDS-TREATMENT-717985	Targeted Molecular Therapy	116	Allogeneic Irradiated Melanoma Cell Vaccine CSF470	Complete Response
treatment	phs000000_CDS1184	CDS-TREATMENT-867960	Pharmacotherapy	307	Idronoxil	Persistent Disease
treatment	phs000000_CDS1185	CDS-TREATMENT-126944	Conventional Radiotherapy	323	Androgen Antagonist APC-100	No Response
treatment	phs000000_CDS1186	CDS-TREATMENT-115554	Allogeneic Hematopoietic Stem Cell Transplantation	942	Clanfenur	Progressive Disease
treatment	phs000000_CDS1187	CDS-TREATMENT-775002	Cellular Therapy	142	Antineoplaston A10	Stable Disease
treatment	phs000000_CDS1188	CDS-TREATMENT-857653	Radiofrequency Ablation	829	Folate Receptor-Targeted Tubulysin Conjugate EC1456	No Evidence of Disease
treatment	phs000000_CDS1189	CDS-TREATMENT-459501	Proton Beam Radiation Therapy	389	Dynemicin A	Persistent Disease
treatment	phs000000_CDS1190	CDS-TREATMENT-955257	3-Dimensional Conformal Radiation Therapy	95	Enteric-Coated TRPM8 Agonist D-3263 Hydrochloride	Partial Response
treatment	phs000000_CDS1191	CDS-TREATMENT-119916	Pharmacotherapy	843	CDK Inhibitor R547	Not Reported
treatment	phs000000_CDS1192	CDS-TREATMENT-283218	Hormone Therapy	57	PIM/FLT3 Kinase Inhibitor SEL24	Partial Response
treatment	phs000000_CDS1193	CDS-TREATMENT-804582	Photon Beam Radiation Therapy	214	PCNU	No Response
treatment	phs000000_CDS1194	CDS-TREATMENT-584401	3-Dimensional Conformal Radiation Therapy	997	EGFR/TGFb Fusion Monoclonal Antibody BCA101	Stable Disease
treatment	phs000000_CDS1195	CDS-TREATMENT-733587	Electron Beam Radiation Therapy	395	CDC7 Kinase Inhibitor BMS-863233	Stable Disease
treatment	phs000000_CDS1196	CDS-TREATMENT-329564	Immunotherapy	444	CD80-Fc Fusion Protein ALPN-202	Unknown
treatment	phs000000_CDS1197	CDS-TREATMENT-156522	Chemotherapy	401	Lorlatinib	Not Applicable
treatment	phs000000_CDS1198	CDS-TREATMENT-634530	Proton Beam Radiation Therapy	936	SHP2 Inhibitor JAB-3068	No Response
treatment	phs000000_CDS1199	CDS-TREATMENT-319198	Photon Beam Radiation Therapy	529	Pyrotinib	No Evidence of Disease
treatment	phs000000_CDS1200	CDS-TREATMENT-933358	High-Dose Rate Brachytherapy	857	CTLA-4-directed Probody BMS-986249	Unknown