type	image.study_link_id	NonDICOMCTimages_id	CTAquisitionProtocolElement_singleCollimationWidth	CTAquisitionProtocolElement_totalCollimationWidth	CTAquisitionProtocolElement_gantryDetectorTilt	CTAquisitionProtocolElement_spiralPitchFactor	CTAquisitionProtocolElement_ctdiVol	CTAquisitionProtocolElement_ctdiPhantomTypeCode	CTAquisitionProtocolElement_kVp	CTAquisitionProtocolElement_exposureModulationType_Code	CTImageReconstructionProtocolElement_convolutionKernel	CTImageReconstructionProtocolElement_convolutionKernelGroupCode
NonDICOMCTimages	CDS-IMAGE-578966	CDS-NonDICOMCTimages-915719	imperium_in_imperio	damnant_quod_non_intellegunt	cacatum_non_est_pictum	saltus_in_demonstrando	Gallia_est_omnis_divisa_in_partes_tres	Gallia_est_omnis_divisa_in_partes_tres	scientiae_et_patriae	NONE	e_causa_ignota	labor_ipse_voluptas
NonDICOMCTimages	CDS-IMAGE-124987	CDS-NonDICOMCTimages-492668	Gallia_est_omnis_divisa_in_partes_tres	scientia_et_labor	Macte_animo_Generose_puer_sic_itur_ad_astra	imperium_in_imperio	cacatum_non_est_pictum	scientiae_et_patriae	id_quod_plerumque_accidit	ORGAN-BASED	damnant_quod_non_intellegunt	id_quod_plerumque_accidit
NonDICOMCTimages	CDS-IMAGE-718416	CDS-NonDICOMCTimages-251435	scientia_et_sapientia	haec_olim_meminisse_iuvabit	imperium_in_imperio	barba_crescit_caput_nescit	a_bene_placito	faber_est_suae_quisque_fortunae	Macte_animo_Generose_puer_sic_itur_ad_astra	ANGULAR	pace_tua	scientia_imperii_decus_et_tutamen
NonDICOMCTimages	CDS-IMAGE-287076	CDS-NonDICOMCTimages-151654	pace_tua	nascentes_morimur_finisque_ab_origine_pendet	cacatum_non_est_pictum	nascentes_morimur_finisque_ab_origine_pendet	damnant_quod_non_intellegunt	scientia_et_sapientia	a_bene_placito	ANGULAR	scientiae_cedit_mare	damnant_quod_non_intellegunt
NonDICOMCTimages	CDS-IMAGE-233824	CDS-NonDICOMCTimages-389802	Gallia_est_omnis_divisa_in_partes_tres	imperium_in_imperio	scientia_imperii_decus_et_tutamen	pace_tua	scientia,_aere_perennius	saltus_in_demonstrando	a_bene_placito	ANGULAR	imperium_in_imperio	faber_est_suae_quisque_fortunae
NonDICOMCTimages	CDS-IMAGE-299479	CDS-NonDICOMCTimages-760414	e_causa_ignota	salus_in_arduis	Macte_animo_Generose_puer_sic_itur_ad_astra	Obedientia_civium_urbis_felicitas	saltus_in_demonstrando	faber_est_suae_quisque_fortunae	a_bene_placito	ECG-BASED	damnant_quod_non_intellegunt	salus_in_arduis
NonDICOMCTimages	CDS-IMAGE-239322	CDS-NonDICOMCTimages-960427	Obedientia_civium_urbis_felicitas	Obedientia_civium_urbis_felicitas	faber_est_suae_quisque_fortunae	Macte_animo_Generose_puer_sic_itur_ad_astra	nanos_gigantum_humeris_insidentes	imperium_in_imperio	sapiens_qui_prospicit	LONGITUDINAL	imperium_in_imperio	O_Tite_tute_Tati_tibi_tanta_tyranne_tulisti
NonDICOMCTimages	CDS-IMAGE-919628	CDS-NonDICOMCTimages-774191	scientia_et_labor	O_Tite_tute_Tati_tibi_tanta_tyranne_tulisti	scientia_et_sapientia	O_Tite_tute_Tati_tibi_tanta_tyranne_tulisti	scientia_et_sapientia	scientia,_aere_perennius	scientia_imperii_decus_et_tutamen	ANGULAR	pace_tua	scientia,_aere_perennius
NonDICOMCTimages	CDS-IMAGE-383512	CDS-NonDICOMCTimages-627294	damnant_quod_non_intellegunt	O_Tite_tute_Tati_tibi_tanta_tyranne_tulisti	pace_tua	scientia,_aere_perennius	haec_olim_meminisse_iuvabit	nascentes_morimur_finisque_ab_origine_pendet	scientia_imperii_decus_et_tutamen	ANGULAR	scientia_et_labor	nanos_gigantum_humeris_insidentes
NonDICOMCTimages	CDS-IMAGE-567427	CDS-NonDICOMCTimages-115054	scientiae_et_patriae	scientia_et_labor	scientiae_cedit_mare	scientia_et_sapientia	saltus_in_demonstrando	scientiae_cedit_mare	sapiens_qui_prospicit	LONGITUDINAL	id_quod_plerumque_accidit	Gallia_est_omnis_divisa_in_partes_tres
NonDICOMCTimages	CDS-IMAGE-679182	CDS-NonDICOMCTimages-373244	scientia,_aere_perennius	cacatum_non_est_pictum	e_causa_ignota	pace_tua	scientia_imperii_decus_et_tutamen	pace_tua	sapiens_qui_prospicit	LONGITUDINAL	nanos_gigantum_humeris_insidentes	O_Tite_tute_Tati_tibi_tanta_tyranne_tulisti
NonDICOMCTimages	CDS-IMAGE-947828	CDS-NonDICOMCTimages-751407	Gallia_est_omnis_divisa_in_partes_tres	pace_tua	salus_in_arduis	damnant_quod_non_intellegunt	id_quod_plerumque_accidit	Obedientia_civium_urbis_felicitas	barba_crescit_caput_nescit	ECG-BASED	id_quod_plerumque_accidit	scientia_et_labor
NonDICOMCTimages	CDS-IMAGE-519196	CDS-NonDICOMCTimages-706937	cacatum_non_est_pictum	scientia_et_labor	a_bene_placito	Macte_animo_Generose_puer_sic_itur_ad_astra	scientiae_et_patriae	pace_tua	Obedientia_civium_urbis_felicitas	ANGULAR	faber_est_suae_quisque_fortunae	a_bene_placito
NonDICOMCTimages	CDS-IMAGE-676641	CDS-NonDICOMCTimages-344169	cacatum_non_est_pictum	nascentes_morimur_finisque_ab_origine_pendet	barba_crescit_caput_nescit	haec_olim_meminisse_iuvabit	saltus_in_demonstrando	e_causa_ignota	haec_olim_meminisse_iuvabit	NONE	cacatum_non_est_pictum	pace_tua
NonDICOMCTimages	CDS-IMAGE-202121	CDS-NonDICOMCTimages-440253	nascentes_morimur_finisque_ab_origine_pendet	a_bene_placito	nanos_gigantum_humeris_insidentes	a_bene_placito	sapiens_qui_prospicit	sapiens_qui_prospicit	saltus_in_demonstrando	NONE	imperium_in_imperio	faber_est_suae_quisque_fortunae
NonDICOMCTimages	CDS-IMAGE-381513	CDS-NonDICOMCTimages-830303	scientia_et_sapientia	barba_crescit_caput_nescit	imperium_in_imperio	haec_olim_meminisse_iuvabit	damnant_quod_non_intellegunt	haec_olim_meminisse_iuvabit	scientiae_cedit_mare	ORGAN-BASED	scientia_et_labor	scientia_et_labor
NonDICOMCTimages	CDS-IMAGE-926772	CDS-NonDICOMCTimages-807368	Obedientia_civium_urbis_felicitas	Gallia_est_omnis_divisa_in_partes_tres	salus_in_arduis	nascentes_morimur_finisque_ab_origine_pendet	salus_in_arduis	labor_ipse_voluptas	scientiae_cedit_mare	ECG-BASED	Macte_animo_Generose_puer_sic_itur_ad_astra	salus_in_arduis
NonDICOMCTimages	CDS-IMAGE-712838	CDS-NonDICOMCTimages-353913	scientia,_aere_perennius	labor_ipse_voluptas	damnant_quod_non_intellegunt	imperium_in_imperio	e_causa_ignota	damnant_quod_non_intellegunt	saltus_in_demonstrando	ECG-BASED	saltus_in_demonstrando	cacatum_non_est_pictum
NonDICOMCTimages	CDS-IMAGE-295911	CDS-NonDICOMCTimages-997728	labor_ipse_voluptas	labor_ipse_voluptas	scientia_et_sapientia	haec_olim_meminisse_iuvabit	scientiae_et_patriae	e_causa_ignota	O_Tite_tute_Tati_tibi_tanta_tyranne_tulisti	ECG-BASED	scientiae_et_patriae	nascentes_morimur_finisque_ab_origine_pendet
NonDICOMCTimages	CDS-IMAGE-367856	CDS-NonDICOMCTimages-821543	imperium_in_imperio	nanos_gigantum_humeris_insidentes	e_causa_ignota	e_causa_ignota	nascentes_morimur_finisque_ab_origine_pendet	id_quod_plerumque_accidit	imperium_in_imperio	LONGITUDINAL	scientiae_et_patriae	scientia_et_labor
NonDICOMCTimages	CDS-IMAGE-372267	CDS-NonDICOMCTimages-584139	nascentes_morimur_finisque_ab_origine_pendet	id_quod_plerumque_accidit	faber_est_suae_quisque_fortunae	haec_olim_meminisse_iuvabit	scientia,_aere_perennius	salus_in_arduis	scientiae_cedit_mare	ECG-BASED	cacatum_non_est_pictum	scientia_et_sapientia
NonDICOMCTimages	CDS-IMAGE-893562	CDS-NonDICOMCTimages-146047	Gallia_est_omnis_divisa_in_partes_tres	a_bene_placito	a_bene_placito	sapiens_qui_prospicit	scientia_et_labor	Gallia_est_omnis_divisa_in_partes_tres	scientiae_cedit_mare	ECG-BASED	haec_olim_meminisse_iuvabit	saltus_in_demonstrando
NonDICOMCTimages	CDS-IMAGE-815441	CDS-NonDICOMCTimages-301332	Gallia_est_omnis_divisa_in_partes_tres	imperium_in_imperio	nanos_gigantum_humeris_insidentes	id_quod_plerumque_accidit	a_bene_placito	labor_ipse_voluptas	nascentes_morimur_finisque_ab_origine_pendet	NONE	O_Tite_tute_Tati_tibi_tanta_tyranne_tulisti	cacatum_non_est_pictum
NonDICOMCTimages	CDS-IMAGE-626494	CDS-NonDICOMCTimages-602724	scientia_imperii_decus_et_tutamen	salus_in_arduis	Obedientia_civium_urbis_felicitas	labor_ipse_voluptas	scientia_imperii_decus_et_tutamen	pace_tua	Macte_animo_Generose_puer_sic_itur_ad_astra	ORGAN-BASED	id_quod_plerumque_accidit	scientia_et_labor
NonDICOMCTimages	CDS-IMAGE-639240	CDS-NonDICOMCTimages-604177	Gallia_est_omnis_divisa_in_partes_tres	id_quod_plerumque_accidit	O_Tite_tute_Tati_tibi_tanta_tyranne_tulisti	scientiae_cedit_mare	a_bene_placito	Macte_animo_Generose_puer_sic_itur_ad_astra	id_quod_plerumque_accidit	ECG-BASED	nanos_gigantum_humeris_insidentes	id_quod_plerumque_accidit
NonDICOMCTimages	CDS-IMAGE-391697	CDS-NonDICOMCTimages-429804	damnant_quod_non_intellegunt	Gallia_est_omnis_divisa_in_partes_tres	scientiae_cedit_mare	salus_in_arduis	barba_crescit_caput_nescit	nanos_gigantum_humeris_insidentes	barba_crescit_caput_nescit	LONGITUDINAL	barba_crescit_caput_nescit	nascentes_morimur_finisque_ab_origine_pendet
NonDICOMCTimages	CDS-IMAGE-582211	CDS-NonDICOMCTimages-221549	nascentes_morimur_finisque_ab_origine_pendet	barba_crescit_caput_nescit	nanos_gigantum_humeris_insidentes	scientia_et_labor	sapiens_qui_prospicit	Macte_animo_Generose_puer_sic_itur_ad_astra	Macte_animo_Generose_puer_sic_itur_ad_astra	LONGITUDINAL	saltus_in_demonstrando	labor_ipse_voluptas
NonDICOMCTimages	CDS-IMAGE-831406	CDS-NonDICOMCTimages-627584	scientiae_cedit_mare	imperium_in_imperio	O_Tite_tute_Tati_tibi_tanta_tyranne_tulisti	scientiae_cedit_mare	Macte_animo_Generose_puer_sic_itur_ad_astra	barba_crescit_caput_nescit	scientia,_aere_perennius	ANGULAR	Gallia_est_omnis_divisa_in_partes_tres	scientiae_cedit_mare
NonDICOMCTimages	CDS-IMAGE-386691	CDS-NonDICOMCTimages-273386	labor_ipse_voluptas	Obedientia_civium_urbis_felicitas	scientia,_aere_perennius	saltus_in_demonstrando	nanos_gigantum_humeris_insidentes	a_bene_placito	scientia,_aere_perennius	NONE	saltus_in_demonstrando	faber_est_suae_quisque_fortunae
NonDICOMCTimages	CDS-IMAGE-740819	CDS-NonDICOMCTimages-774824	scientia_et_sapientia	pace_tua	scientia,_aere_perennius	salus_in_arduis	faber_est_suae_quisque_fortunae	scientiae_cedit_mare	Obedientia_civium_urbis_felicitas	ECG-BASED	Obedientia_civium_urbis_felicitas	cacatum_non_est_pictum
NonDICOMCTimages	CDS-IMAGE-287308	CDS-NonDICOMCTimages-538779	cacatum_non_est_pictum	scientia_et_sapientia	scientia_et_sapientia	a_bene_placito	scientia_et_labor	nanos_gigantum_humeris_insidentes	imperium_in_imperio	LONGITUDINAL	scientiae_cedit_mare	scientiae_cedit_mare
NonDICOMCTimages	CDS-IMAGE-686249	CDS-NonDICOMCTimages-655351	O_Tite_tute_Tati_tibi_tanta_tyranne_tulisti	haec_olim_meminisse_iuvabit	Macte_animo_Generose_puer_sic_itur_ad_astra	faber_est_suae_quisque_fortunae	labor_ipse_voluptas	scientiae_cedit_mare	scientiae_et_patriae	ANGULAR	Obedientia_civium_urbis_felicitas	Macte_animo_Generose_puer_sic_itur_ad_astra
NonDICOMCTimages	CDS-IMAGE-256022	CDS-NonDICOMCTimages-339362	faber_est_suae_quisque_fortunae	scientia,_aere_perennius	labor_ipse_voluptas	barba_crescit_caput_nescit	cacatum_non_est_pictum	damnant_quod_non_intellegunt	nanos_gigantum_humeris_insidentes	ECG-BASED	id_quod_plerumque_accidit	faber_est_suae_quisque_fortunae
NonDICOMCTimages	CDS-IMAGE-874930	CDS-NonDICOMCTimages-615943	scientia_imperii_decus_et_tutamen	O_Tite_tute_Tati_tibi_tanta_tyranne_tulisti	e_causa_ignota	nascentes_morimur_finisque_ab_origine_pendet	salus_in_arduis	sapiens_qui_prospicit	sapiens_qui_prospicit	NONE	faber_est_suae_quisque_fortunae	scientia,_aere_perennius
NonDICOMCTimages	CDS-IMAGE-127817	CDS-NonDICOMCTimages-213439	Macte_animo_Generose_puer_sic_itur_ad_astra	a_bene_placito	barba_crescit_caput_nescit	O_Tite_tute_Tati_tibi_tanta_tyranne_tulisti	imperium_in_imperio	scientiae_et_patriae	sapiens_qui_prospicit	ORGAN-BASED	imperium_in_imperio	sapiens_qui_prospicit
NonDICOMCTimages	CDS-IMAGE-581794	CDS-NonDICOMCTimages-664412	scientiae_cedit_mare	cacatum_non_est_pictum	saltus_in_demonstrando	imperium_in_imperio	saltus_in_demonstrando	e_causa_ignota	Gallia_est_omnis_divisa_in_partes_tres	ECG-BASED	haec_olim_meminisse_iuvabit	haec_olim_meminisse_iuvabit
NonDICOMCTimages	CDS-IMAGE-308055	CDS-NonDICOMCTimages-846094	scientia_et_labor	a_bene_placito	salus_in_arduis	id_quod_plerumque_accidit	saltus_in_demonstrando	sapiens_qui_prospicit	pace_tua	ORGAN-BASED	labor_ipse_voluptas	saltus_in_demonstrando
NonDICOMCTimages	CDS-IMAGE-684720	CDS-NonDICOMCTimages-849373	O_Tite_tute_Tati_tibi_tanta_tyranne_tulisti	scientia_et_sapientia	O_Tite_tute_Tati_tibi_tanta_tyranne_tulisti	id_quod_plerumque_accidit	nanos_gigantum_humeris_insidentes	haec_olim_meminisse_iuvabit	cacatum_non_est_pictum	LONGITUDINAL	pace_tua	scientiae_et_patriae
NonDICOMCTimages	CDS-IMAGE-708275	CDS-NonDICOMCTimages-457776	e_causa_ignota	a_bene_placito	nascentes_morimur_finisque_ab_origine_pendet	saltus_in_demonstrando	haec_olim_meminisse_iuvabit	a_bene_placito	scientia_imperii_decus_et_tutamen	LONGITUDINAL	pace_tua	nanos_gigantum_humeris_insidentes
NonDICOMCTimages	CDS-IMAGE-258255	CDS-NonDICOMCTimages-934368	a_bene_placito	Macte_animo_Generose_puer_sic_itur_ad_astra	Macte_animo_Generose_puer_sic_itur_ad_astra	scientiae_cedit_mare	scientia_imperii_decus_et_tutamen	O_Tite_tute_Tati_tibi_tanta_tyranne_tulisti	faber_est_suae_quisque_fortunae	ANGULAR	a_bene_placito	nascentes_morimur_finisque_ab_origine_pendet
NonDICOMCTimages	CDS-IMAGE-309016	CDS-NonDICOMCTimages-190511	scientiae_et_patriae	imperium_in_imperio	cacatum_non_est_pictum	labor_ipse_voluptas	scientia,_aere_perennius	O_Tite_tute_Tati_tibi_tanta_tyranne_tulisti	damnant_quod_non_intellegunt	ORGAN-BASED	salus_in_arduis	faber_est_suae_quisque_fortunae
NonDICOMCTimages	CDS-IMAGE-586896	CDS-NonDICOMCTimages-989535	scientiae_et_patriae	scientia,_aere_perennius	scientia_et_labor	saltus_in_demonstrando	haec_olim_meminisse_iuvabit	haec_olim_meminisse_iuvabit	faber_est_suae_quisque_fortunae	NONE	sapiens_qui_prospicit	barba_crescit_caput_nescit
NonDICOMCTimages	CDS-IMAGE-232154	CDS-NonDICOMCTimages-905011	nanos_gigantum_humeris_insidentes	nanos_gigantum_humeris_insidentes	scientia_imperii_decus_et_tutamen	cacatum_non_est_pictum	nanos_gigantum_humeris_insidentes	labor_ipse_voluptas	damnant_quod_non_intellegunt	NONE	sapiens_qui_prospicit	damnant_quod_non_intellegunt
NonDICOMCTimages	CDS-IMAGE-686660	CDS-NonDICOMCTimages-720346	salus_in_arduis	Gallia_est_omnis_divisa_in_partes_tres	cacatum_non_est_pictum	cacatum_non_est_pictum	e_causa_ignota	barba_crescit_caput_nescit	O_Tite_tute_Tati_tibi_tanta_tyranne_tulisti	ANGULAR	saltus_in_demonstrando	pace_tua
NonDICOMCTimages	CDS-IMAGE-593991	CDS-NonDICOMCTimages-848924	imperium_in_imperio	nascentes_morimur_finisque_ab_origine_pendet	cacatum_non_est_pictum	haec_olim_meminisse_iuvabit	O_Tite_tute_Tati_tibi_tanta_tyranne_tulisti	Gallia_est_omnis_divisa_in_partes_tres	Obedientia_civium_urbis_felicitas	LONGITUDINAL	Obedientia_civium_urbis_felicitas	pace_tua
NonDICOMCTimages	CDS-IMAGE-420908	CDS-NonDICOMCTimages-625531	salus_in_arduis	imperium_in_imperio	sapiens_qui_prospicit	e_causa_ignota	O_Tite_tute_Tati_tibi_tanta_tyranne_tulisti	labor_ipse_voluptas	scientiae_et_patriae	NONE	id_quod_plerumque_accidit	salus_in_arduis
NonDICOMCTimages	CDS-IMAGE-982628	CDS-NonDICOMCTimages-959005	sapiens_qui_prospicit	scientia,_aere_perennius	scientia,_aere_perennius	imperium_in_imperio	e_causa_ignota	scientiae_et_patriae	O_Tite_tute_Tati_tibi_tanta_tyranne_tulisti	ECG-BASED	scientiae_cedit_mare	a_bene_placito
NonDICOMCTimages	CDS-IMAGE-936544	CDS-NonDICOMCTimages-164712	labor_ipse_voluptas	scientia,_aere_perennius	O_Tite_tute_Tati_tibi_tanta_tyranne_tulisti	nascentes_morimur_finisque_ab_origine_pendet	nanos_gigantum_humeris_insidentes	barba_crescit_caput_nescit	barba_crescit_caput_nescit	ANGULAR	haec_olim_meminisse_iuvabit	faber_est_suae_quisque_fortunae
NonDICOMCTimages	CDS-IMAGE-153107	CDS-NonDICOMCTimages-941937	nascentes_morimur_finisque_ab_origine_pendet	scientiae_cedit_mare	haec_olim_meminisse_iuvabit	nascentes_morimur_finisque_ab_origine_pendet	Macte_animo_Generose_puer_sic_itur_ad_astra	barba_crescit_caput_nescit	saltus_in_demonstrando	NONE	scientia_et_labor	pace_tua
NonDICOMCTimages	CDS-IMAGE-120003	CDS-NonDICOMCTimages-369824	scientia_imperii_decus_et_tutamen	e_causa_ignota	pace_tua	scientia_et_sapientia	cacatum_non_est_pictum	nascentes_morimur_finisque_ab_origine_pendet	e_causa_ignota	ORGAN-BASED	Obedientia_civium_urbis_felicitas	sapiens_qui_prospicit
NonDICOMCTimages	CDS-IMAGE-879670	CDS-NonDICOMCTimages-343569	scientiae_cedit_mare	barba_crescit_caput_nescit	scientia_et_sapientia	O_Tite_tute_Tati_tibi_tanta_tyranne_tulisti	scientia_imperii_decus_et_tutamen	sapiens_qui_prospicit	barba_crescit_caput_nescit	LONGITUDINAL	saltus_in_demonstrando	faber_est_suae_quisque_fortunae
NonDICOMCTimages	CDS-IMAGE-740031	CDS-NonDICOMCTimages-847711	damnant_quod_non_intellegunt	imperium_in_imperio	scientia_et_labor	faber_est_suae_quisque_fortunae	Macte_animo_Generose_puer_sic_itur_ad_astra	O_Tite_tute_Tati_tibi_tanta_tyranne_tulisti	O_Tite_tute_Tati_tibi_tanta_tyranne_tulisti	LONGITUDINAL	cacatum_non_est_pictum	faber_est_suae_quisque_fortunae
NonDICOMCTimages	CDS-IMAGE-768020	CDS-NonDICOMCTimages-605237	scientia_imperii_decus_et_tutamen	faber_est_suae_quisque_fortunae	e_causa_ignota	scientia,_aere_perennius	scientia_et_labor	scientiae_et_patriae	saltus_in_demonstrando	NONE	salus_in_arduis	haec_olim_meminisse_iuvabit
NonDICOMCTimages	CDS-IMAGE-230793	CDS-NonDICOMCTimages-687247	salus_in_arduis	nanos_gigantum_humeris_insidentes	O_Tite_tute_Tati_tibi_tanta_tyranne_tulisti	O_Tite_tute_Tati_tibi_tanta_tyranne_tulisti	scientia_imperii_decus_et_tutamen	pace_tua	barba_crescit_caput_nescit	LONGITUDINAL	scientia,_aere_perennius	haec_olim_meminisse_iuvabit
NonDICOMCTimages	CDS-IMAGE-932811	CDS-NonDICOMCTimages-334674	barba_crescit_caput_nescit	scientia_et_sapientia	pace_tua	haec_olim_meminisse_iuvabit	a_bene_placito	pace_tua	salus_in_arduis	ORGAN-BASED	scientiae_cedit_mare	O_Tite_tute_Tati_tibi_tanta_tyranne_tulisti
NonDICOMCTimages	CDS-IMAGE-851055	CDS-NonDICOMCTimages-134036	saltus_in_demonstrando	Obedientia_civium_urbis_felicitas	id_quod_plerumque_accidit	damnant_quod_non_intellegunt	O_Tite_tute_Tati_tibi_tanta_tyranne_tulisti	e_causa_ignota	faber_est_suae_quisque_fortunae	LONGITUDINAL	imperium_in_imperio	O_Tite_tute_Tati_tibi_tanta_tyranne_tulisti
NonDICOMCTimages	CDS-IMAGE-326445	CDS-NonDICOMCTimages-402974	nascentes_morimur_finisque_ab_origine_pendet	scientiae_et_patriae	scientiae_et_patriae	scientiae_cedit_mare	saltus_in_demonstrando	a_bene_placito	e_causa_ignota	ORGAN-BASED	saltus_in_demonstrando	haec_olim_meminisse_iuvabit
NonDICOMCTimages	CDS-IMAGE-493675	CDS-NonDICOMCTimages-269989	scientiae_cedit_mare	damnant_quod_non_intellegunt	O_Tite_tute_Tati_tibi_tanta_tyranne_tulisti	damnant_quod_non_intellegunt	nanos_gigantum_humeris_insidentes	a_bene_placito	Macte_animo_Generose_puer_sic_itur_ad_astra	ANGULAR	scientia,_aere_perennius	scientia_et_sapientia
NonDICOMCTimages	CDS-IMAGE-415899	CDS-NonDICOMCTimages-604111	haec_olim_meminisse_iuvabit	Gallia_est_omnis_divisa_in_partes_tres	scientia_et_labor	barba_crescit_caput_nescit	pace_tua	damnant_quod_non_intellegunt	haec_olim_meminisse_iuvabit	ANGULAR	scientia_imperii_decus_et_tutamen	faber_est_suae_quisque_fortunae
NonDICOMCTimages	CDS-IMAGE-133251	CDS-NonDICOMCTimages-580175	saltus_in_demonstrando	Obedientia_civium_urbis_felicitas	faber_est_suae_quisque_fortunae	O_Tite_tute_Tati_tibi_tanta_tyranne_tulisti	damnant_quod_non_intellegunt	salus_in_arduis	a_bene_placito	ORGAN-BASED	damnant_quod_non_intellegunt	pace_tua
NonDICOMCTimages	CDS-IMAGE-656754	CDS-NonDICOMCTimages-330181	sapiens_qui_prospicit	saltus_in_demonstrando	sapiens_qui_prospicit	sapiens_qui_prospicit	nanos_gigantum_humeris_insidentes	imperium_in_imperio	nanos_gigantum_humeris_insidentes	ANGULAR	O_Tite_tute_Tati_tibi_tanta_tyranne_tulisti	sapiens_qui_prospicit
NonDICOMCTimages	CDS-IMAGE-791129	CDS-NonDICOMCTimages-331116	a_bene_placito	Obedientia_civium_urbis_felicitas	labor_ipse_voluptas	saltus_in_demonstrando	scientia_imperii_decus_et_tutamen	haec_olim_meminisse_iuvabit	nanos_gigantum_humeris_insidentes	ECG-BASED	scientia,_aere_perennius	imperium_in_imperio
NonDICOMCTimages	CDS-IMAGE-130480	CDS-NonDICOMCTimages-953209	O_Tite_tute_Tati_tibi_tanta_tyranne_tulisti	scientia_et_labor	haec_olim_meminisse_iuvabit	salus_in_arduis	faber_est_suae_quisque_fortunae	scientia_imperii_decus_et_tutamen	Obedientia_civium_urbis_felicitas	ORGAN-BASED	haec_olim_meminisse_iuvabit	scientiae_et_patriae
NonDICOMCTimages	CDS-IMAGE-329416	CDS-NonDICOMCTimages-316603	a_bene_placito	imperium_in_imperio	sapiens_qui_prospicit	Obedientia_civium_urbis_felicitas	scientiae_cedit_mare	imperium_in_imperio	damnant_quod_non_intellegunt	ANGULAR	cacatum_non_est_pictum	imperium_in_imperio
NonDICOMCTimages	CDS-IMAGE-194844	CDS-NonDICOMCTimages-415669	damnant_quod_non_intellegunt	haec_olim_meminisse_iuvabit	labor_ipse_voluptas	nascentes_morimur_finisque_ab_origine_pendet	scientia_imperii_decus_et_tutamen	damnant_quod_non_intellegunt	cacatum_non_est_pictum	ORGAN-BASED	scientia_et_labor	O_Tite_tute_Tati_tibi_tanta_tyranne_tulisti
NonDICOMCTimages	CDS-IMAGE-269384	CDS-NonDICOMCTimages-958393	a_bene_placito	scientia_et_sapientia	scientiae_cedit_mare	id_quod_plerumque_accidit	scientiae_cedit_mare	nanos_gigantum_humeris_insidentes	pace_tua	LONGITUDINAL	salus_in_arduis	haec_olim_meminisse_iuvabit
NonDICOMCTimages	CDS-IMAGE-726419	CDS-NonDICOMCTimages-547519	id_quod_plerumque_accidit	scientia,_aere_perennius	id_quod_plerumque_accidit	salus_in_arduis	nanos_gigantum_humeris_insidentes	Obedientia_civium_urbis_felicitas	damnant_quod_non_intellegunt	ECG-BASED	scientiae_cedit_mare	Obedientia_civium_urbis_felicitas
NonDICOMCTimages	CDS-IMAGE-622255	CDS-NonDICOMCTimages-702950	damnant_quod_non_intellegunt	nascentes_morimur_finisque_ab_origine_pendet	Obedientia_civium_urbis_felicitas	a_bene_placito	scientiae_et_patriae	pace_tua	scientia_et_labor	LONGITUDINAL	labor_ipse_voluptas	scientia,_aere_perennius
NonDICOMCTimages	CDS-IMAGE-712290	CDS-NonDICOMCTimages-169412	cacatum_non_est_pictum	scientiae_cedit_mare	scientia_imperii_decus_et_tutamen	damnant_quod_non_intellegunt	e_causa_ignota	labor_ipse_voluptas	scientiae_et_patriae	ECG-BASED	salus_in_arduis	a_bene_placito
NonDICOMCTimages	CDS-IMAGE-291915	CDS-NonDICOMCTimages-497085	damnant_quod_non_intellegunt	salus_in_arduis	damnant_quod_non_intellegunt	a_bene_placito	faber_est_suae_quisque_fortunae	saltus_in_demonstrando	id_quod_plerumque_accidit	ORGAN-BASED	O_Tite_tute_Tati_tibi_tanta_tyranne_tulisti	saltus_in_demonstrando
NonDICOMCTimages	CDS-IMAGE-682449	CDS-NonDICOMCTimages-174109	scientia_et_sapientia	faber_est_suae_quisque_fortunae	imperium_in_imperio	scientia_et_sapientia	damnant_quod_non_intellegunt	Gallia_est_omnis_divisa_in_partes_tres	Obedientia_civium_urbis_felicitas	ECG-BASED	damnant_quod_non_intellegunt	sapiens_qui_prospicit
NonDICOMCTimages	CDS-IMAGE-439609	CDS-NonDICOMCTimages-630456	scientia_et_sapientia	imperium_in_imperio	saltus_in_demonstrando	scientia_et_sapientia	id_quod_plerumque_accidit	nanos_gigantum_humeris_insidentes	Gallia_est_omnis_divisa_in_partes_tres	ORGAN-BASED	imperium_in_imperio	saltus_in_demonstrando
NonDICOMCTimages	CDS-IMAGE-386183	CDS-NonDICOMCTimages-360811	haec_olim_meminisse_iuvabit	sapiens_qui_prospicit	scientia_et_labor	nascentes_morimur_finisque_ab_origine_pendet	scientia,_aere_perennius	faber_est_suae_quisque_fortunae	scientiae_et_patriae	ANGULAR	Macte_animo_Generose_puer_sic_itur_ad_astra	nascentes_morimur_finisque_ab_origine_pendet
NonDICOMCTimages	CDS-IMAGE-750302	CDS-NonDICOMCTimages-781923	scientia,_aere_perennius	scientia,_aere_perennius	e_causa_ignota	labor_ipse_voluptas	scientia_et_sapientia	haec_olim_meminisse_iuvabit	labor_ipse_voluptas	ECG-BASED	labor_ipse_voluptas	scientia_et_labor
NonDICOMCTimages	CDS-IMAGE-239761	CDS-NonDICOMCTimages-788694	scientia_imperii_decus_et_tutamen	scientia_et_sapientia	Gallia_est_omnis_divisa_in_partes_tres	faber_est_suae_quisque_fortunae	nanos_gigantum_humeris_insidentes	scientia_imperii_decus_et_tutamen	haec_olim_meminisse_iuvabit	ECG-BASED	haec_olim_meminisse_iuvabit	labor_ipse_voluptas
NonDICOMCTimages	CDS-IMAGE-690976	CDS-NonDICOMCTimages-609950	saltus_in_demonstrando	id_quod_plerumque_accidit	imperium_in_imperio	saltus_in_demonstrando	O_Tite_tute_Tati_tibi_tanta_tyranne_tulisti	e_causa_ignota	Gallia_est_omnis_divisa_in_partes_tres	ORGAN-BASED	faber_est_suae_quisque_fortunae	sapiens_qui_prospicit
NonDICOMCTimages	CDS-IMAGE-372342	CDS-NonDICOMCTimages-191431	imperium_in_imperio	imperium_in_imperio	Macte_animo_Generose_puer_sic_itur_ad_astra	a_bene_placito	O_Tite_tute_Tati_tibi_tanta_tyranne_tulisti	Obedientia_civium_urbis_felicitas	O_Tite_tute_Tati_tibi_tanta_tyranne_tulisti	NONE	nanos_gigantum_humeris_insidentes	id_quod_plerumque_accidit
NonDICOMCTimages	CDS-IMAGE-251183	CDS-NonDICOMCTimages-738452	Obedientia_civium_urbis_felicitas	nanos_gigantum_humeris_insidentes	scientia,_aere_perennius	barba_crescit_caput_nescit	sapiens_qui_prospicit	nascentes_morimur_finisque_ab_origine_pendet	scientiae_et_patriae	ORGAN-BASED	scientia,_aere_perennius	damnant_quod_non_intellegunt
NonDICOMCTimages	CDS-IMAGE-497884	CDS-NonDICOMCTimages-463751	salus_in_arduis	Obedientia_civium_urbis_felicitas	cacatum_non_est_pictum	scientia,_aere_perennius	pace_tua	imperium_in_imperio	scientiae_cedit_mare	LONGITUDINAL	scientiae_cedit_mare	scientia_imperii_decus_et_tutamen
NonDICOMCTimages	CDS-IMAGE-294800	CDS-NonDICOMCTimages-924857	cacatum_non_est_pictum	scientia_imperii_decus_et_tutamen	faber_est_suae_quisque_fortunae	labor_ipse_voluptas	scientia,_aere_perennius	cacatum_non_est_pictum	scientiae_et_patriae	NONE	O_Tite_tute_Tati_tibi_tanta_tyranne_tulisti	cacatum_non_est_pictum
NonDICOMCTimages	CDS-IMAGE-317666	CDS-NonDICOMCTimages-875270	O_Tite_tute_Tati_tibi_tanta_tyranne_tulisti	sapiens_qui_prospicit	pace_tua	barba_crescit_caput_nescit	Gallia_est_omnis_divisa_in_partes_tres	imperium_in_imperio	Macte_animo_Generose_puer_sic_itur_ad_astra	ORGAN-BASED	pace_tua	pace_tua
NonDICOMCTimages	CDS-IMAGE-281478	CDS-NonDICOMCTimages-475692	damnant_quod_non_intellegunt	imperium_in_imperio	O_Tite_tute_Tati_tibi_tanta_tyranne_tulisti	scientia_et_labor	scientia_imperii_decus_et_tutamen	salus_in_arduis	labor_ipse_voluptas	ANGULAR	haec_olim_meminisse_iuvabit	pace_tua
NonDICOMCTimages	CDS-IMAGE-111851	CDS-NonDICOMCTimages-588598	faber_est_suae_quisque_fortunae	scientia,_aere_perennius	salus_in_arduis	Gallia_est_omnis_divisa_in_partes_tres	labor_ipse_voluptas	a_bene_placito	a_bene_placito	ANGULAR	saltus_in_demonstrando	O_Tite_tute_Tati_tibi_tanta_tyranne_tulisti
NonDICOMCTimages	CDS-IMAGE-766539	CDS-NonDICOMCTimages-139659	scientia,_aere_perennius	scientia_imperii_decus_et_tutamen	scientiae_et_patriae	nanos_gigantum_humeris_insidentes	nascentes_morimur_finisque_ab_origine_pendet	saltus_in_demonstrando	scientia_et_labor	NONE	scientia_et_labor	scientia_et_labor
NonDICOMCTimages	CDS-IMAGE-549808	CDS-NonDICOMCTimages-856944	damnant_quod_non_intellegunt	scientia_et_labor	scientiae_cedit_mare	Obedientia_civium_urbis_felicitas	nanos_gigantum_humeris_insidentes	scientia_et_sapientia	damnant_quod_non_intellegunt	ANGULAR	scientia_imperii_decus_et_tutamen	damnant_quod_non_intellegunt
NonDICOMCTimages	CDS-IMAGE-426473	CDS-NonDICOMCTimages-560893	nascentes_morimur_finisque_ab_origine_pendet	Obedientia_civium_urbis_felicitas	id_quod_plerumque_accidit	scientiae_et_patriae	Obedientia_civium_urbis_felicitas	Obedientia_civium_urbis_felicitas	nascentes_morimur_finisque_ab_origine_pendet	LONGITUDINAL	a_bene_placito	nanos_gigantum_humeris_insidentes
NonDICOMCTimages	CDS-IMAGE-625285	CDS-NonDICOMCTimages-862194	barba_crescit_caput_nescit	cacatum_non_est_pictum	haec_olim_meminisse_iuvabit	scientia_imperii_decus_et_tutamen	Gallia_est_omnis_divisa_in_partes_tres	labor_ipse_voluptas	scientia,_aere_perennius	ECG-BASED	haec_olim_meminisse_iuvabit	a_bene_placito
NonDICOMCTimages	CDS-IMAGE-494415	CDS-NonDICOMCTimages-895568	damnant_quod_non_intellegunt	Macte_animo_Generose_puer_sic_itur_ad_astra	labor_ipse_voluptas	Macte_animo_Generose_puer_sic_itur_ad_astra	a_bene_placito	scientia_imperii_decus_et_tutamen	haec_olim_meminisse_iuvabit	ANGULAR	labor_ipse_voluptas	faber_est_suae_quisque_fortunae
NonDICOMCTimages	CDS-IMAGE-821423	CDS-NonDICOMCTimages-406534	damnant_quod_non_intellegunt	scientiae_cedit_mare	salus_in_arduis	pace_tua	faber_est_suae_quisque_fortunae	scientiae_cedit_mare	id_quod_plerumque_accidit	ANGULAR	scientiae_cedit_mare	id_quod_plerumque_accidit
NonDICOMCTimages	CDS-IMAGE-510337	CDS-NonDICOMCTimages-650547	scientiae_et_patriae	scientia_et_labor	Macte_animo_Generose_puer_sic_itur_ad_astra	cacatum_non_est_pictum	nascentes_morimur_finisque_ab_origine_pendet	salus_in_arduis	nanos_gigantum_humeris_insidentes	NONE	salus_in_arduis	imperium_in_imperio
NonDICOMCTimages	CDS-IMAGE-959315	CDS-NonDICOMCTimages-718457	a_bene_placito	Obedientia_civium_urbis_felicitas	e_causa_ignota	haec_olim_meminisse_iuvabit	a_bene_placito	nascentes_morimur_finisque_ab_origine_pendet	Macte_animo_Generose_puer_sic_itur_ad_astra	ECG-BASED	e_causa_ignota	nanos_gigantum_humeris_insidentes
NonDICOMCTimages	CDS-IMAGE-541481	CDS-NonDICOMCTimages-515966	labor_ipse_voluptas	Macte_animo_Generose_puer_sic_itur_ad_astra	Gallia_est_omnis_divisa_in_partes_tres	nascentes_morimur_finisque_ab_origine_pendet	scientiae_cedit_mare	scientia_et_sapientia	labor_ipse_voluptas	NONE	scientia_imperii_decus_et_tutamen	haec_olim_meminisse_iuvabit
NonDICOMCTimages	CDS-IMAGE-904242	CDS-NonDICOMCTimages-763266	e_causa_ignota	haec_olim_meminisse_iuvabit	labor_ipse_voluptas	Gallia_est_omnis_divisa_in_partes_tres	scientia_imperii_decus_et_tutamen	nanos_gigantum_humeris_insidentes	a_bene_placito	ECG-BASED	barba_crescit_caput_nescit	pace_tua
NonDICOMCTimages	CDS-IMAGE-153459	CDS-NonDICOMCTimages-816981	imperium_in_imperio	scientia,_aere_perennius	salus_in_arduis	scientiae_et_patriae	damnant_quod_non_intellegunt	cacatum_non_est_pictum	scientia_et_sapientia	NONE	saltus_in_demonstrando	id_quod_plerumque_accidit
NonDICOMCTimages	CDS-IMAGE-856203	CDS-NonDICOMCTimages-224957	O_Tite_tute_Tati_tibi_tanta_tyranne_tulisti	nascentes_morimur_finisque_ab_origine_pendet	Macte_animo_Generose_puer_sic_itur_ad_astra	scientia,_aere_perennius	imperium_in_imperio	scientia_et_labor	Gallia_est_omnis_divisa_in_partes_tres	NONE	imperium_in_imperio	scientia_et_sapientia
NonDICOMCTimages	CDS-IMAGE-343534	CDS-NonDICOMCTimages-112833	cacatum_non_est_pictum	Macte_animo_Generose_puer_sic_itur_ad_astra	id_quod_plerumque_accidit	scientia,_aere_perennius	pace_tua	imperium_in_imperio	nascentes_morimur_finisque_ab_origine_pendet	LONGITUDINAL	salus_in_arduis	scientiae_cedit_mare
NonDICOMCTimages	CDS-IMAGE-651419	CDS-NonDICOMCTimages-477961	scientiae_et_patriae	scientia_imperii_decus_et_tutamen	faber_est_suae_quisque_fortunae	scientiae_cedit_mare	cacatum_non_est_pictum	cacatum_non_est_pictum	pace_tua	LONGITUDINAL	Obedientia_civium_urbis_felicitas	pace_tua
NonDICOMCTimages	CDS-IMAGE-652644	CDS-NonDICOMCTimages-862687	nascentes_morimur_finisque_ab_origine_pendet	faber_est_suae_quisque_fortunae	faber_est_suae_quisque_fortunae	scientiae_et_patriae	haec_olim_meminisse_iuvabit	barba_crescit_caput_nescit	O_Tite_tute_Tati_tibi_tanta_tyranne_tulisti	ECG-BASED	damnant_quod_non_intellegunt	haec_olim_meminisse_iuvabit
NonDICOMCTimages	CDS-IMAGE-891933	CDS-NonDICOMCTimages-422605	Obedientia_civium_urbis_felicitas	Gallia_est_omnis_divisa_in_partes_tres	a_bene_placito	salus_in_arduis	imperium_in_imperio	cacatum_non_est_pictum	nanos_gigantum_humeris_insidentes	ANGULAR	e_causa_ignota	scientia,_aere_perennius
NonDICOMCTimages	CDS-IMAGE-744478	CDS-NonDICOMCTimages-958341	damnant_quod_non_intellegunt	scientia_et_sapientia	imperium_in_imperio	scientia_et_labor	scientia_et_sapientia	id_quod_plerumque_accidit	scientia_et_labor	LONGITUDINAL	Obedientia_civium_urbis_felicitas	scientia_et_labor
NonDICOMCTimages	CDS-IMAGE-616240	CDS-NonDICOMCTimages-894351	nanos_gigantum_humeris_insidentes	scientiae_et_patriae	pace_tua	faber_est_suae_quisque_fortunae	a_bene_placito	id_quod_plerumque_accidit	salus_in_arduis	ORGAN-BASED	sapiens_qui_prospicit	damnant_quod_non_intellegunt
NonDICOMCTimages	CDS-IMAGE-941357	CDS-NonDICOMCTimages-342860	labor_ipse_voluptas	scientia_et_labor	pace_tua	nanos_gigantum_humeris_insidentes	damnant_quod_non_intellegunt	barba_crescit_caput_nescit	imperium_in_imperio	LONGITUDINAL	damnant_quod_non_intellegunt	scientia_imperii_decus_et_tutamen
NonDICOMCTimages	CDS-IMAGE-280577	CDS-NonDICOMCTimages-822213	damnant_quod_non_intellegunt	id_quod_plerumque_accidit	O_Tite_tute_Tati_tibi_tanta_tyranne_tulisti	Obedientia_civium_urbis_felicitas	id_quod_plerumque_accidit	sapiens_qui_prospicit	scientiae_cedit_mare	ORGAN-BASED	scientia,_aere_perennius	scientia_et_sapientia
NonDICOMCTimages	CDS-IMAGE-277292	CDS-NonDICOMCTimages-831703	scientia_et_sapientia	pace_tua	cacatum_non_est_pictum	nascentes_morimur_finisque_ab_origine_pendet	id_quod_plerumque_accidit	saltus_in_demonstrando	Gallia_est_omnis_divisa_in_partes_tres	ORGAN-BASED	cacatum_non_est_pictum	pace_tua
NonDICOMCTimages	CDS-IMAGE-892202	CDS-NonDICOMCTimages-846057	scientiae_cedit_mare	e_causa_ignota	saltus_in_demonstrando	salus_in_arduis	salus_in_arduis	imperium_in_imperio	nanos_gigantum_humeris_insidentes	ECG-BASED	sapiens_qui_prospicit	damnant_quod_non_intellegunt
NonDICOMCTimages	CDS-IMAGE-929566	CDS-NonDICOMCTimages-763782	nanos_gigantum_humeris_insidentes	nanos_gigantum_humeris_insidentes	a_bene_placito	scientia_imperii_decus_et_tutamen	id_quod_plerumque_accidit	sapiens_qui_prospicit	scientia_imperii_decus_et_tutamen	LONGITUDINAL	scientiae_cedit_mare	Macte_animo_Generose_puer_sic_itur_ad_astra
NonDICOMCTimages	CDS-IMAGE-341706	CDS-NonDICOMCTimages-965692	a_bene_placito	faber_est_suae_quisque_fortunae	faber_est_suae_quisque_fortunae	imperium_in_imperio	labor_ipse_voluptas	haec_olim_meminisse_iuvabit	scientia_et_sapientia	ANGULAR	salus_in_arduis	barba_crescit_caput_nescit
NonDICOMCTimages	CDS-IMAGE-906672	CDS-NonDICOMCTimages-117423	scientiae_et_patriae	nascentes_morimur_finisque_ab_origine_pendet	e_causa_ignota	barba_crescit_caput_nescit	scientiae_cedit_mare	scientiae_et_patriae	O_Tite_tute_Tati_tibi_tanta_tyranne_tulisti	ANGULAR	imperium_in_imperio	cacatum_non_est_pictum
NonDICOMCTimages	CDS-IMAGE-897321	CDS-NonDICOMCTimages-159224	scientia_imperii_decus_et_tutamen	saltus_in_demonstrando	imperium_in_imperio	sapiens_qui_prospicit	saltus_in_demonstrando	id_quod_plerumque_accidit	id_quod_plerumque_accidit	ECG-BASED	saltus_in_demonstrando	scientia_et_labor
NonDICOMCTimages	CDS-IMAGE-847954	CDS-NonDICOMCTimages-669179	Obedientia_civium_urbis_felicitas	cacatum_non_est_pictum	e_causa_ignota	scientia_et_sapientia	damnant_quod_non_intellegunt	pace_tua	O_Tite_tute_Tati_tibi_tanta_tyranne_tulisti	ECG-BASED	barba_crescit_caput_nescit	scientiae_et_patriae
NonDICOMCTimages	CDS-IMAGE-365404	CDS-NonDICOMCTimages-801197	e_causa_ignota	saltus_in_demonstrando	nascentes_morimur_finisque_ab_origine_pendet	imperium_in_imperio	scientia_imperii_decus_et_tutamen	a_bene_placito	scientiae_cedit_mare	NONE	scientia,_aere_perennius	barba_crescit_caput_nescit
NonDICOMCTimages	CDS-IMAGE-979174	CDS-NonDICOMCTimages-925645	imperium_in_imperio	scientia_imperii_decus_et_tutamen	barba_crescit_caput_nescit	nanos_gigantum_humeris_insidentes	scientiae_cedit_mare	scientiae_cedit_mare	saltus_in_demonstrando	LONGITUDINAL	scientia_imperii_decus_et_tutamen	scientiae_cedit_mare
NonDICOMCTimages	CDS-IMAGE-391881	CDS-NonDICOMCTimages-703037	e_causa_ignota	labor_ipse_voluptas	scientiae_cedit_mare	damnant_quod_non_intellegunt	labor_ipse_voluptas	Obedientia_civium_urbis_felicitas	scientiae_cedit_mare	NONE	saltus_in_demonstrando	scientia_et_labor
NonDICOMCTimages	CDS-IMAGE-615430	CDS-NonDICOMCTimages-830689	labor_ipse_voluptas	scientia_et_sapientia	scientia,_aere_perennius	pace_tua	Obedientia_civium_urbis_felicitas	salus_in_arduis	barba_crescit_caput_nescit	ANGULAR	scientia_et_labor	scientia_et_sapientia
NonDICOMCTimages	CDS-IMAGE-512851	CDS-NonDICOMCTimages-606937	Obedientia_civium_urbis_felicitas	nanos_gigantum_humeris_insidentes	id_quod_plerumque_accidit	cacatum_non_est_pictum	cacatum_non_est_pictum	haec_olim_meminisse_iuvabit	Obedientia_civium_urbis_felicitas	ANGULAR	salus_in_arduis	scientia_et_labor
NonDICOMCTimages	CDS-IMAGE-734258	CDS-NonDICOMCTimages-850963	a_bene_placito	labor_ipse_voluptas	barba_crescit_caput_nescit	saltus_in_demonstrando	faber_est_suae_quisque_fortunae	scientiae_et_patriae	O_Tite_tute_Tati_tibi_tanta_tyranne_tulisti	ORGAN-BASED	imperium_in_imperio	haec_olim_meminisse_iuvabit
NonDICOMCTimages	CDS-IMAGE-473310	CDS-NonDICOMCTimages-679183	id_quod_plerumque_accidit	pace_tua	salus_in_arduis	scientia,_aere_perennius	scientia_imperii_decus_et_tutamen	a_bene_placito	id_quod_plerumque_accidit	ECG-BASED	labor_ipse_voluptas	nascentes_morimur_finisque_ab_origine_pendet
NonDICOMCTimages	CDS-IMAGE-787121	CDS-NonDICOMCTimages-632248	scientia_et_labor	e_causa_ignota	a_bene_placito	Gallia_est_omnis_divisa_in_partes_tres	a_bene_placito	Obedientia_civium_urbis_felicitas	saltus_in_demonstrando	ORGAN-BASED	Macte_animo_Generose_puer_sic_itur_ad_astra	nanos_gigantum_humeris_insidentes
NonDICOMCTimages	CDS-IMAGE-813932	CDS-NonDICOMCTimages-984345	haec_olim_meminisse_iuvabit	scientiae_cedit_mare	scientia_et_sapientia	e_causa_ignota	imperium_in_imperio	sapiens_qui_prospicit	nanos_gigantum_humeris_insidentes	LONGITUDINAL	scientia,_aere_perennius	pace_tua
NonDICOMCTimages	CDS-IMAGE-387078	CDS-NonDICOMCTimages-359530	id_quod_plerumque_accidit	scientia_et_sapientia	scientia,_aere_perennius	id_quod_plerumque_accidit	haec_olim_meminisse_iuvabit	Obedientia_civium_urbis_felicitas	haec_olim_meminisse_iuvabit	NONE	scientia_et_sapientia	scientia,_aere_perennius
NonDICOMCTimages	CDS-IMAGE-864313	CDS-NonDICOMCTimages-738409	barba_crescit_caput_nescit	e_causa_ignota	pace_tua	faber_est_suae_quisque_fortunae	faber_est_suae_quisque_fortunae	cacatum_non_est_pictum	salus_in_arduis	ECG-BASED	sapiens_qui_prospicit	saltus_in_demonstrando
NonDICOMCTimages	CDS-IMAGE-612442	CDS-NonDICOMCTimages-279969	scientia,_aere_perennius	scientia,_aere_perennius	a_bene_placito	id_quod_plerumque_accidit	a_bene_placito	scientia,_aere_perennius	scientiae_cedit_mare	ORGAN-BASED	haec_olim_meminisse_iuvabit	scientia_et_labor
NonDICOMCTimages	CDS-IMAGE-901869	CDS-NonDICOMCTimages-397940	pace_tua	sapiens_qui_prospicit	scientia_et_labor	cacatum_non_est_pictum	cacatum_non_est_pictum	Gallia_est_omnis_divisa_in_partes_tres	id_quod_plerumque_accidit	NONE	cacatum_non_est_pictum	scientia_et_sapientia
NonDICOMCTimages	CDS-IMAGE-208893	CDS-NonDICOMCTimages-130968	a_bene_placito	scientia_imperii_decus_et_tutamen	pace_tua	Macte_animo_Generose_puer_sic_itur_ad_astra	damnant_quod_non_intellegunt	Obedientia_civium_urbis_felicitas	scientiae_et_patriae	ORGAN-BASED	a_bene_placito	id_quod_plerumque_accidit
NonDICOMCTimages	CDS-IMAGE-688666	CDS-NonDICOMCTimages-139352	scientia_imperii_decus_et_tutamen	labor_ipse_voluptas	Macte_animo_Generose_puer_sic_itur_ad_astra	pace_tua	faber_est_suae_quisque_fortunae	salus_in_arduis	O_Tite_tute_Tati_tibi_tanta_tyranne_tulisti	ORGAN-BASED	labor_ipse_voluptas	damnant_quod_non_intellegunt
NonDICOMCTimages	CDS-IMAGE-945475	CDS-NonDICOMCTimages-974829	nanos_gigantum_humeris_insidentes	nanos_gigantum_humeris_insidentes	scientiae_cedit_mare	Obedientia_civium_urbis_felicitas	salus_in_arduis	faber_est_suae_quisque_fortunae	Obedientia_civium_urbis_felicitas	ORGAN-BASED	sapiens_qui_prospicit	imperium_in_imperio
NonDICOMCTimages	CDS-IMAGE-201384	CDS-NonDICOMCTimages-693906	sapiens_qui_prospicit	labor_ipse_voluptas	scientia_et_sapientia	scientia_et_labor	Macte_animo_Generose_puer_sic_itur_ad_astra	O_Tite_tute_Tati_tibi_tanta_tyranne_tulisti	haec_olim_meminisse_iuvabit	LONGITUDINAL	salus_in_arduis	labor_ipse_voluptas
NonDICOMCTimages	CDS-IMAGE-445248	CDS-NonDICOMCTimages-862282	O_Tite_tute_Tati_tibi_tanta_tyranne_tulisti	Macte_animo_Generose_puer_sic_itur_ad_astra	cacatum_non_est_pictum	sapiens_qui_prospicit	barba_crescit_caput_nescit	e_causa_ignota	salus_in_arduis	ORGAN-BASED	scientiae_et_patriae	haec_olim_meminisse_iuvabit
NonDICOMCTimages	CDS-IMAGE-156605	CDS-NonDICOMCTimages-144487	e_causa_ignota	haec_olim_meminisse_iuvabit	e_causa_ignota	scientiae_et_patriae	barba_crescit_caput_nescit	Obedientia_civium_urbis_felicitas	nascentes_morimur_finisque_ab_origine_pendet	LONGITUDINAL	scientia_et_labor	salus_in_arduis
NonDICOMCTimages	CDS-IMAGE-774433	CDS-NonDICOMCTimages-413781	scientiae_et_patriae	saltus_in_demonstrando	saltus_in_demonstrando	saltus_in_demonstrando	labor_ipse_voluptas	scientiae_cedit_mare	sapiens_qui_prospicit	ECG-BASED	scientia_et_sapientia	saltus_in_demonstrando
NonDICOMCTimages	CDS-IMAGE-661207	CDS-NonDICOMCTimages-766889	nascentes_morimur_finisque_ab_origine_pendet	faber_est_suae_quisque_fortunae	scientiae_et_patriae	sapiens_qui_prospicit	salus_in_arduis	scientiae_et_patriae	faber_est_suae_quisque_fortunae	ECG-BASED	imperium_in_imperio	pace_tua
NonDICOMCTimages	CDS-IMAGE-816016	CDS-NonDICOMCTimages-542130	scientiae_et_patriae	O_Tite_tute_Tati_tibi_tanta_tyranne_tulisti	nanos_gigantum_humeris_insidentes	saltus_in_demonstrando	id_quod_plerumque_accidit	scientiae_cedit_mare	salus_in_arduis	LONGITUDINAL	Macte_animo_Generose_puer_sic_itur_ad_astra	scientiae_cedit_mare
NonDICOMCTimages	CDS-IMAGE-836375	CDS-NonDICOMCTimages-592542	haec_olim_meminisse_iuvabit	Macte_animo_Generose_puer_sic_itur_ad_astra	salus_in_arduis	saltus_in_demonstrando	scientia_et_labor	scientia_et_labor	a_bene_placito	ORGAN-BASED	scientia_imperii_decus_et_tutamen	sapiens_qui_prospicit
NonDICOMCTimages	CDS-IMAGE-540024	CDS-NonDICOMCTimages-230661	scientia_et_sapientia	e_causa_ignota	imperium_in_imperio	faber_est_suae_quisque_fortunae	sapiens_qui_prospicit	scientiae_et_patriae	scientia_et_labor	ORGAN-BASED	scientia_et_sapientia	scientia_et_sapientia
NonDICOMCTimages	CDS-IMAGE-580642	CDS-NonDICOMCTimages-477858	scientia,_aere_perennius	Gallia_est_omnis_divisa_in_partes_tres	salus_in_arduis	scientia_et_labor	scientiae_et_patriae	haec_olim_meminisse_iuvabit	scientia_imperii_decus_et_tutamen	LONGITUDINAL	damnant_quod_non_intellegunt	id_quod_plerumque_accidit
NonDICOMCTimages	CDS-IMAGE-652664	CDS-NonDICOMCTimages-480182	imperium_in_imperio	id_quod_plerumque_accidit	a_bene_placito	sapiens_qui_prospicit	O_Tite_tute_Tati_tibi_tanta_tyranne_tulisti	salus_in_arduis	cacatum_non_est_pictum	ORGAN-BASED	nanos_gigantum_humeris_insidentes	salus_in_arduis
NonDICOMCTimages	CDS-IMAGE-188547	CDS-NonDICOMCTimages-277573	damnant_quod_non_intellegunt	labor_ipse_voluptas	id_quod_plerumque_accidit	scientia_et_sapientia	saltus_in_demonstrando	imperium_in_imperio	scientia_imperii_decus_et_tutamen	LONGITUDINAL	a_bene_placito	sapiens_qui_prospicit
NonDICOMCTimages	CDS-IMAGE-458035	CDS-NonDICOMCTimages-627068	damnant_quod_non_intellegunt	imperium_in_imperio	labor_ipse_voluptas	cacatum_non_est_pictum	Obedientia_civium_urbis_felicitas	O_Tite_tute_Tati_tibi_tanta_tyranne_tulisti	nanos_gigantum_humeris_insidentes	NONE	e_causa_ignota	labor_ipse_voluptas
NonDICOMCTimages	CDS-IMAGE-643090	CDS-NonDICOMCTimages-362033	scientiae_et_patriae	e_causa_ignota	Macte_animo_Generose_puer_sic_itur_ad_astra	scientiae_cedit_mare	scientiae_cedit_mare	scientiae_cedit_mare	pace_tua	NONE	Macte_animo_Generose_puer_sic_itur_ad_astra	nascentes_morimur_finisque_ab_origine_pendet
NonDICOMCTimages	CDS-IMAGE-291743	CDS-NonDICOMCTimages-348456	cacatum_non_est_pictum	scientia_et_sapientia	cacatum_non_est_pictum	Gallia_est_omnis_divisa_in_partes_tres	scientia_et_sapientia	scientiae_cedit_mare	e_causa_ignota	NONE	scientiae_et_patriae	Gallia_est_omnis_divisa_in_partes_tres
NonDICOMCTimages	CDS-IMAGE-761451	CDS-NonDICOMCTimages-784008	pace_tua	imperium_in_imperio	nascentes_morimur_finisque_ab_origine_pendet	cacatum_non_est_pictum	scientiae_cedit_mare	Gallia_est_omnis_divisa_in_partes_tres	pace_tua	ECG-BASED	saltus_in_demonstrando	id_quod_plerumque_accidit
NonDICOMCTimages	CDS-IMAGE-233732	CDS-NonDICOMCTimages-100932	haec_olim_meminisse_iuvabit	scientia_imperii_decus_et_tutamen	labor_ipse_voluptas	scientiae_cedit_mare	id_quod_plerumque_accidit	scientia,_aere_perennius	nascentes_morimur_finisque_ab_origine_pendet	ECG-BASED	cacatum_non_est_pictum	cacatum_non_est_pictum
NonDICOMCTimages	CDS-IMAGE-231108	CDS-NonDICOMCTimages-921535	Obedientia_civium_urbis_felicitas	damnant_quod_non_intellegunt	scientiae_et_patriae	O_Tite_tute_Tati_tibi_tanta_tyranne_tulisti	faber_est_suae_quisque_fortunae	faber_est_suae_quisque_fortunae	haec_olim_meminisse_iuvabit	NONE	Macte_animo_Generose_puer_sic_itur_ad_astra	nascentes_morimur_finisque_ab_origine_pendet
NonDICOMCTimages	CDS-IMAGE-691994	CDS-NonDICOMCTimages-373180	pace_tua	id_quod_plerumque_accidit	nanos_gigantum_humeris_insidentes	id_quod_plerumque_accidit	faber_est_suae_quisque_fortunae	e_causa_ignota	pace_tua	ORGAN-BASED	haec_olim_meminisse_iuvabit	scientiae_et_patriae
NonDICOMCTimages	CDS-IMAGE-786924	CDS-NonDICOMCTimages-384858	Macte_animo_Generose_puer_sic_itur_ad_astra	Macte_animo_Generose_puer_sic_itur_ad_astra	cacatum_non_est_pictum	id_quod_plerumque_accidit	nascentes_morimur_finisque_ab_origine_pendet	Obedientia_civium_urbis_felicitas	pace_tua	ANGULAR	sapiens_qui_prospicit	scientia_et_labor
NonDICOMCTimages	CDS-IMAGE-716607	CDS-NonDICOMCTimages-470346	labor_ipse_voluptas	scientiae_et_patriae	scientiae_et_patriae	faber_est_suae_quisque_fortunae	salus_in_arduis	scientia_et_sapientia	scientiae_et_patriae	ANGULAR	damnant_quod_non_intellegunt	cacatum_non_est_pictum
NonDICOMCTimages	CDS-IMAGE-171852	CDS-NonDICOMCTimages-256330	a_bene_placito	scientia_imperii_decus_et_tutamen	damnant_quod_non_intellegunt	haec_olim_meminisse_iuvabit	scientia_imperii_decus_et_tutamen	scientia_et_sapientia	salus_in_arduis	LONGITUDINAL	nanos_gigantum_humeris_insidentes	scientia_imperii_decus_et_tutamen
NonDICOMCTimages	CDS-IMAGE-581842	CDS-NonDICOMCTimages-286116	scientia_imperii_decus_et_tutamen	pace_tua	a_bene_placito	Macte_animo_Generose_puer_sic_itur_ad_astra	damnant_quod_non_intellegunt	imperium_in_imperio	Gallia_est_omnis_divisa_in_partes_tres	ORGAN-BASED	labor_ipse_voluptas	O_Tite_tute_Tati_tibi_tanta_tyranne_tulisti
NonDICOMCTimages	CDS-IMAGE-570169	CDS-NonDICOMCTimages-220171	pace_tua	Gallia_est_omnis_divisa_in_partes_tres	nanos_gigantum_humeris_insidentes	e_causa_ignota	scientia_et_labor	scientiae_et_patriae	imperium_in_imperio	LONGITUDINAL	damnant_quod_non_intellegunt	scientia_imperii_decus_et_tutamen
NonDICOMCTimages	CDS-IMAGE-917365	CDS-NonDICOMCTimages-824881	faber_est_suae_quisque_fortunae	scientia,_aere_perennius	Gallia_est_omnis_divisa_in_partes_tres	Obedientia_civium_urbis_felicitas	Obedientia_civium_urbis_felicitas	imperium_in_imperio	Macte_animo_Generose_puer_sic_itur_ad_astra	LONGITUDINAL	nanos_gigantum_humeris_insidentes	a_bene_placito
NonDICOMCTimages	CDS-IMAGE-263335	CDS-NonDICOMCTimages-734939	haec_olim_meminisse_iuvabit	scientia_imperii_decus_et_tutamen	O_Tite_tute_Tati_tibi_tanta_tyranne_tulisti	scientia_et_sapientia	faber_est_suae_quisque_fortunae	scientia_imperii_decus_et_tutamen	barba_crescit_caput_nescit	ECG-BASED	barba_crescit_caput_nescit	imperium_in_imperio
NonDICOMCTimages	CDS-IMAGE-222866	CDS-NonDICOMCTimages-374425	pace_tua	nanos_gigantum_humeris_insidentes	scientiae_cedit_mare	imperium_in_imperio	O_Tite_tute_Tati_tibi_tanta_tyranne_tulisti	cacatum_non_est_pictum	scientia_et_sapientia	ECG-BASED	pace_tua	faber_est_suae_quisque_fortunae
NonDICOMCTimages	CDS-IMAGE-192965	CDS-NonDICOMCTimages-891550	Obedientia_civium_urbis_felicitas	haec_olim_meminisse_iuvabit	Macte_animo_Generose_puer_sic_itur_ad_astra	faber_est_suae_quisque_fortunae	pace_tua	scientiae_cedit_mare	sapiens_qui_prospicit	ANGULAR	damnant_quod_non_intellegunt	labor_ipse_voluptas
NonDICOMCTimages	CDS-IMAGE-890680	CDS-NonDICOMCTimages-740343	scientiae_cedit_mare	imperium_in_imperio	scientia_et_sapientia	damnant_quod_non_intellegunt	scientiae_et_patriae	damnant_quod_non_intellegunt	haec_olim_meminisse_iuvabit	ANGULAR	Gallia_est_omnis_divisa_in_partes_tres	Obedientia_civium_urbis_felicitas
NonDICOMCTimages	CDS-IMAGE-675466	CDS-NonDICOMCTimages-840400	scientiae_cedit_mare	scientia,_aere_perennius	imperium_in_imperio	labor_ipse_voluptas	scientia_et_labor	nanos_gigantum_humeris_insidentes	a_bene_placito	ORGAN-BASED	a_bene_placito	scientiae_cedit_mare
NonDICOMCTimages	CDS-IMAGE-582826	CDS-NonDICOMCTimages-920107	sapiens_qui_prospicit	scientia_et_labor	barba_crescit_caput_nescit	scientia_et_labor	Obedientia_civium_urbis_felicitas	id_quod_plerumque_accidit	salus_in_arduis	ECG-BASED	haec_olim_meminisse_iuvabit	nascentes_morimur_finisque_ab_origine_pendet
NonDICOMCTimages	CDS-IMAGE-102545	CDS-NonDICOMCTimages-736341	labor_ipse_voluptas	scientiae_et_patriae	barba_crescit_caput_nescit	haec_olim_meminisse_iuvabit	salus_in_arduis	Obedientia_civium_urbis_felicitas	id_quod_plerumque_accidit	ANGULAR	nanos_gigantum_humeris_insidentes	scientia_et_sapientia
NonDICOMCTimages	CDS-IMAGE-532815	CDS-NonDICOMCTimages-588475	pace_tua	Gallia_est_omnis_divisa_in_partes_tres	nascentes_morimur_finisque_ab_origine_pendet	nanos_gigantum_humeris_insidentes	O_Tite_tute_Tati_tibi_tanta_tyranne_tulisti	scientia_et_labor	Gallia_est_omnis_divisa_in_partes_tres	LONGITUDINAL	e_causa_ignota	nanos_gigantum_humeris_insidentes
NonDICOMCTimages	CDS-IMAGE-121773	CDS-NonDICOMCTimages-533599	scientia_et_labor	pace_tua	nanos_gigantum_humeris_insidentes	haec_olim_meminisse_iuvabit	barba_crescit_caput_nescit	scientia_et_sapientia	scientia_et_labor	ECG-BASED	sapiens_qui_prospicit	Obedientia_civium_urbis_felicitas
NonDICOMCTimages	CDS-IMAGE-507252	CDS-NonDICOMCTimages-488200	imperium_in_imperio	Gallia_est_omnis_divisa_in_partes_tres	scientia,_aere_perennius	labor_ipse_voluptas	Gallia_est_omnis_divisa_in_partes_tres	scientia_et_labor	scientia_imperii_decus_et_tutamen	ANGULAR	O_Tite_tute_Tati_tibi_tanta_tyranne_tulisti	scientia_imperii_decus_et_tutamen
NonDICOMCTimages	CDS-IMAGE-571853	CDS-NonDICOMCTimages-998251	sapiens_qui_prospicit	scientia_et_labor	haec_olim_meminisse_iuvabit	haec_olim_meminisse_iuvabit	faber_est_suae_quisque_fortunae	scientia,_aere_perennius	Macte_animo_Generose_puer_sic_itur_ad_astra	NONE	Obedientia_civium_urbis_felicitas	cacatum_non_est_pictum
NonDICOMCTimages	CDS-IMAGE-107421	CDS-NonDICOMCTimages-713412	saltus_in_demonstrando	scientia_et_labor	cacatum_non_est_pictum	faber_est_suae_quisque_fortunae	imperium_in_imperio	scientiae_et_patriae	scientia_imperii_decus_et_tutamen	LONGITUDINAL	imperium_in_imperio	scientiae_et_patriae
NonDICOMCTimages	CDS-IMAGE-259739	CDS-NonDICOMCTimages-898531	Obedientia_civium_urbis_felicitas	scientia_imperii_decus_et_tutamen	imperium_in_imperio	scientiae_et_patriae	damnant_quod_non_intellegunt	O_Tite_tute_Tati_tibi_tanta_tyranne_tulisti	scientiae_cedit_mare	NONE	O_Tite_tute_Tati_tibi_tanta_tyranne_tulisti	scientia_et_sapientia
NonDICOMCTimages	CDS-IMAGE-946198	CDS-NonDICOMCTimages-386838	scientia_et_labor	scientia_imperii_decus_et_tutamen	scientia_imperii_decus_et_tutamen	damnant_quod_non_intellegunt	scientiae_cedit_mare	faber_est_suae_quisque_fortunae	a_bene_placito	LONGITUDINAL	labor_ipse_voluptas	barba_crescit_caput_nescit
NonDICOMCTimages	CDS-IMAGE-943611	CDS-NonDICOMCTimages-666543	Macte_animo_Generose_puer_sic_itur_ad_astra	imperium_in_imperio	labor_ipse_voluptas	scientiae_cedit_mare	O_Tite_tute_Tati_tibi_tanta_tyranne_tulisti	Macte_animo_Generose_puer_sic_itur_ad_astra	haec_olim_meminisse_iuvabit	LONGITUDINAL	scientia,_aere_perennius	Macte_animo_Generose_puer_sic_itur_ad_astra
NonDICOMCTimages	CDS-IMAGE-921152	CDS-NonDICOMCTimages-170502	barba_crescit_caput_nescit	nascentes_morimur_finisque_ab_origine_pendet	scientia_et_sapientia	barba_crescit_caput_nescit	scientiae_et_patriae	scientia_imperii_decus_et_tutamen	scientia_et_sapientia	LONGITUDINAL	id_quod_plerumque_accidit	Obedientia_civium_urbis_felicitas
NonDICOMCTimages	CDS-IMAGE-717772	CDS-NonDICOMCTimages-722615	Gallia_est_omnis_divisa_in_partes_tres	O_Tite_tute_Tati_tibi_tanta_tyranne_tulisti	id_quod_plerumque_accidit	Gallia_est_omnis_divisa_in_partes_tres	Gallia_est_omnis_divisa_in_partes_tres	faber_est_suae_quisque_fortunae	faber_est_suae_quisque_fortunae	LONGITUDINAL	a_bene_placito	scientia_et_sapientia
NonDICOMCTimages	CDS-IMAGE-158646	CDS-NonDICOMCTimages-509430	barba_crescit_caput_nescit	cacatum_non_est_pictum	faber_est_suae_quisque_fortunae	nanos_gigantum_humeris_insidentes	scientia_et_labor	scientia_et_sapientia	damnant_quod_non_intellegunt	ANGULAR	Macte_animo_Generose_puer_sic_itur_ad_astra	scientia_et_sapientia
NonDICOMCTimages	CDS-IMAGE-845246	CDS-NonDICOMCTimages-265659	Macte_animo_Generose_puer_sic_itur_ad_astra	Obedientia_civium_urbis_felicitas	haec_olim_meminisse_iuvabit	scientiae_cedit_mare	scientia_et_sapientia	haec_olim_meminisse_iuvabit	scientia,_aere_perennius	ANGULAR	Gallia_est_omnis_divisa_in_partes_tres	id_quod_plerumque_accidit
NonDICOMCTimages	CDS-IMAGE-986434	CDS-NonDICOMCTimages-771231	e_causa_ignota	cacatum_non_est_pictum	haec_olim_meminisse_iuvabit	scientiae_cedit_mare	sapiens_qui_prospicit	Macte_animo_Generose_puer_sic_itur_ad_astra	Macte_animo_Generose_puer_sic_itur_ad_astra	NONE	scientia_et_labor	nanos_gigantum_humeris_insidentes
NonDICOMCTimages	CDS-IMAGE-319142	CDS-NonDICOMCTimages-338271	scientia_imperii_decus_et_tutamen	sapiens_qui_prospicit	labor_ipse_voluptas	scientia,_aere_perennius	id_quod_plerumque_accidit	e_causa_ignota	sapiens_qui_prospicit	ECG-BASED	O_Tite_tute_Tati_tibi_tanta_tyranne_tulisti	e_causa_ignota
NonDICOMCTimages	CDS-IMAGE-123706	CDS-NonDICOMCTimages-369066	scientia,_aere_perennius	O_Tite_tute_Tati_tibi_tanta_tyranne_tulisti	e_causa_ignota	id_quod_plerumque_accidit	scientia_et_labor	damnant_quod_non_intellegunt	Macte_animo_Generose_puer_sic_itur_ad_astra	ORGAN-BASED	labor_ipse_voluptas	pace_tua
NonDICOMCTimages	CDS-IMAGE-408748	CDS-NonDICOMCTimages-671441	barba_crescit_caput_nescit	cacatum_non_est_pictum	cacatum_non_est_pictum	cacatum_non_est_pictum	saltus_in_demonstrando	Obedientia_civium_urbis_felicitas	Macte_animo_Generose_puer_sic_itur_ad_astra	ECG-BASED	scientiae_cedit_mare	scientiae_cedit_mare
NonDICOMCTimages	CDS-IMAGE-651212	CDS-NonDICOMCTimages-463683	nanos_gigantum_humeris_insidentes	salus_in_arduis	Gallia_est_omnis_divisa_in_partes_tres	id_quod_plerumque_accidit	scientia,_aere_perennius	salus_in_arduis	imperium_in_imperio	NONE	labor_ipse_voluptas	pace_tua
NonDICOMCTimages	CDS-IMAGE-643650	CDS-NonDICOMCTimages-179770	e_causa_ignota	Macte_animo_Generose_puer_sic_itur_ad_astra	scientia_et_labor	scientiae_cedit_mare	damnant_quod_non_intellegunt	scientia_et_sapientia	salus_in_arduis	ORGAN-BASED	a_bene_placito	barba_crescit_caput_nescit
NonDICOMCTimages	CDS-IMAGE-406175	CDS-NonDICOMCTimages-112631	scientia_imperii_decus_et_tutamen	scientiae_et_patriae	Gallia_est_omnis_divisa_in_partes_tres	sapiens_qui_prospicit	sapiens_qui_prospicit	scientia_et_sapientia	scientia_et_sapientia	LONGITUDINAL	Obedientia_civium_urbis_felicitas	e_causa_ignota
NonDICOMCTimages	CDS-IMAGE-339971	CDS-NonDICOMCTimages-385038	saltus_in_demonstrando	Macte_animo_Generose_puer_sic_itur_ad_astra	sapiens_qui_prospicit	O_Tite_tute_Tati_tibi_tanta_tyranne_tulisti	barba_crescit_caput_nescit	scientia_et_labor	scientia_et_sapientia	ECG-BASED	scientia_imperii_decus_et_tutamen	labor_ipse_voluptas
NonDICOMCTimages	CDS-IMAGE-197099	CDS-NonDICOMCTimages-349061	imperium_in_imperio	scientia,_aere_perennius	damnant_quod_non_intellegunt	imperium_in_imperio	Gallia_est_omnis_divisa_in_partes_tres	a_bene_placito	O_Tite_tute_Tati_tibi_tanta_tyranne_tulisti	LONGITUDINAL	nanos_gigantum_humeris_insidentes	scientia_et_labor
NonDICOMCTimages	CDS-IMAGE-942505	CDS-NonDICOMCTimages-171931	saltus_in_demonstrando	faber_est_suae_quisque_fortunae	nanos_gigantum_humeris_insidentes	scientiae_et_patriae	nanos_gigantum_humeris_insidentes	scientia_et_sapientia	Macte_animo_Generose_puer_sic_itur_ad_astra	ECG-BASED	scientia_imperii_decus_et_tutamen	imperium_in_imperio
NonDICOMCTimages	CDS-IMAGE-266115	CDS-NonDICOMCTimages-235342	imperium_in_imperio	pace_tua	faber_est_suae_quisque_fortunae	scientia_imperii_decus_et_tutamen	labor_ipse_voluptas	cacatum_non_est_pictum	Macte_animo_Generose_puer_sic_itur_ad_astra	ANGULAR	salus_in_arduis	O_Tite_tute_Tati_tibi_tanta_tyranne_tulisti
NonDICOMCTimages	CDS-IMAGE-928372	CDS-NonDICOMCTimages-453028	Obedientia_civium_urbis_felicitas	nanos_gigantum_humeris_insidentes	scientiae_cedit_mare	imperium_in_imperio	O_Tite_tute_Tati_tibi_tanta_tyranne_tulisti	haec_olim_meminisse_iuvabit	haec_olim_meminisse_iuvabit	ORGAN-BASED	scientiae_cedit_mare	e_causa_ignota
NonDICOMCTimages	CDS-IMAGE-998258	CDS-NonDICOMCTimages-386791	Macte_animo_Generose_puer_sic_itur_ad_astra	pace_tua	id_quod_plerumque_accidit	barba_crescit_caput_nescit	haec_olim_meminisse_iuvabit	Obedientia_civium_urbis_felicitas	imperium_in_imperio	LONGITUDINAL	haec_olim_meminisse_iuvabit	scientiae_cedit_mare
NonDICOMCTimages	CDS-IMAGE-188505	CDS-NonDICOMCTimages-362623	cacatum_non_est_pictum	pace_tua	a_bene_placito	scientiae_et_patriae	scientia_et_sapientia	damnant_quod_non_intellegunt	e_causa_ignota	LONGITUDINAL	sapiens_qui_prospicit	nanos_gigantum_humeris_insidentes
NonDICOMCTimages	CDS-IMAGE-672501	CDS-NonDICOMCTimages-660504	haec_olim_meminisse_iuvabit	salus_in_arduis	nanos_gigantum_humeris_insidentes	pace_tua	Gallia_est_omnis_divisa_in_partes_tres	labor_ipse_voluptas	saltus_in_demonstrando	ECG-BASED	labor_ipse_voluptas	a_bene_placito
NonDICOMCTimages	CDS-IMAGE-901102	CDS-NonDICOMCTimages-565428	scientiae_et_patriae	Gallia_est_omnis_divisa_in_partes_tres	haec_olim_meminisse_iuvabit	Gallia_est_omnis_divisa_in_partes_tres	Macte_animo_Generose_puer_sic_itur_ad_astra	salus_in_arduis	scientiae_et_patriae	ANGULAR	salus_in_arduis	imperium_in_imperio
NonDICOMCTimages	CDS-IMAGE-717235	CDS-NonDICOMCTimages-405969	Gallia_est_omnis_divisa_in_partes_tres	Obedientia_civium_urbis_felicitas	haec_olim_meminisse_iuvabit	id_quod_plerumque_accidit	scientiae_cedit_mare	scientiae_cedit_mare	scientia_et_labor	LONGITUDINAL	Gallia_est_omnis_divisa_in_partes_tres	scientiae_et_patriae
NonDICOMCTimages	CDS-IMAGE-465186	CDS-NonDICOMCTimages-836985	scientia_et_sapientia	faber_est_suae_quisque_fortunae	scientia,_aere_perennius	salus_in_arduis	sapiens_qui_prospicit	barba_crescit_caput_nescit	id_quod_plerumque_accidit	ECG-BASED	labor_ipse_voluptas	faber_est_suae_quisque_fortunae
NonDICOMCTimages	CDS-IMAGE-845752	CDS-NonDICOMCTimages-287313	sapiens_qui_prospicit	Gallia_est_omnis_divisa_in_partes_tres	salus_in_arduis	nanos_gigantum_humeris_insidentes	O_Tite_tute_Tati_tibi_tanta_tyranne_tulisti	Macte_animo_Generose_puer_sic_itur_ad_astra	nanos_gigantum_humeris_insidentes	ORGAN-BASED	barba_crescit_caput_nescit	scientia_imperii_decus_et_tutamen
NonDICOMCTimages	CDS-IMAGE-884166	CDS-NonDICOMCTimages-500762	Obedientia_civium_urbis_felicitas	labor_ipse_voluptas	sapiens_qui_prospicit	Gallia_est_omnis_divisa_in_partes_tres	barba_crescit_caput_nescit	sapiens_qui_prospicit	Macte_animo_Generose_puer_sic_itur_ad_astra	LONGITUDINAL	salus_in_arduis	haec_olim_meminisse_iuvabit
NonDICOMCTimages	CDS-IMAGE-520329	CDS-NonDICOMCTimages-301613	pace_tua	scientiae_cedit_mare	a_bene_placito	salus_in_arduis	scientiae_et_patriae	sapiens_qui_prospicit	sapiens_qui_prospicit	ECG-BASED	scientiae_cedit_mare	imperium_in_imperio
NonDICOMCTimages	CDS-IMAGE-517311	CDS-NonDICOMCTimages-578279	cacatum_non_est_pictum	O_Tite_tute_Tati_tibi_tanta_tyranne_tulisti	scientia_et_labor	a_bene_placito	Obedientia_civium_urbis_felicitas	scientiae_cedit_mare	scientia_et_sapientia	ORGAN-BASED	sapiens_qui_prospicit	scientiae_cedit_mare
NonDICOMCTimages	CDS-IMAGE-326269	CDS-NonDICOMCTimages-821651	id_quod_plerumque_accidit	O_Tite_tute_Tati_tibi_tanta_tyranne_tulisti	pace_tua	pace_tua	damnant_quod_non_intellegunt	nascentes_morimur_finisque_ab_origine_pendet	id_quod_plerumque_accidit	ORGAN-BASED	scientia_imperii_decus_et_tutamen	faber_est_suae_quisque_fortunae
NonDICOMCTimages	CDS-IMAGE-145573	CDS-NonDICOMCTimages-363440	cacatum_non_est_pictum	scientiae_et_patriae	salus_in_arduis	id_quod_plerumque_accidit	faber_est_suae_quisque_fortunae	scientia,_aere_perennius	scientia_et_labor	NONE	pace_tua	Obedientia_civium_urbis_felicitas
NonDICOMCTimages	CDS-IMAGE-734092	CDS-NonDICOMCTimages-913999	sapiens_qui_prospicit	pace_tua	scientiae_et_patriae	barba_crescit_caput_nescit	Macte_animo_Generose_puer_sic_itur_ad_astra	faber_est_suae_quisque_fortunae	salus_in_arduis	ANGULAR	e_causa_ignota	nascentes_morimur_finisque_ab_origine_pendet
NonDICOMCTimages	CDS-IMAGE-686576	CDS-NonDICOMCTimages-585321	Gallia_est_omnis_divisa_in_partes_tres	id_quod_plerumque_accidit	scientia_et_sapientia	imperium_in_imperio	cacatum_non_est_pictum	scientiae_cedit_mare	id_quod_plerumque_accidit	ORGAN-BASED	nanos_gigantum_humeris_insidentes	saltus_in_demonstrando
NonDICOMCTimages	CDS-IMAGE-789062	CDS-NonDICOMCTimages-831813	damnant_quod_non_intellegunt	saltus_in_demonstrando	damnant_quod_non_intellegunt	O_Tite_tute_Tati_tibi_tanta_tyranne_tulisti	sapiens_qui_prospicit	sapiens_qui_prospicit	damnant_quod_non_intellegunt	ECG-BASED	scientiae_et_patriae	scientia_imperii_decus_et_tutamen
NonDICOMCTimages	CDS-IMAGE-154021	CDS-NonDICOMCTimages-600115	Macte_animo_Generose_puer_sic_itur_ad_astra	Obedientia_civium_urbis_felicitas	scientiae_et_patriae	id_quod_plerumque_accidit	e_causa_ignota	nascentes_morimur_finisque_ab_origine_pendet	sapiens_qui_prospicit	ORGAN-BASED	O_Tite_tute_Tati_tibi_tanta_tyranne_tulisti	sapiens_qui_prospicit
NonDICOMCTimages	CDS-IMAGE-355320	CDS-NonDICOMCTimages-374118	Macte_animo_Generose_puer_sic_itur_ad_astra	saltus_in_demonstrando	damnant_quod_non_intellegunt	scientia_imperii_decus_et_tutamen	scientia,_aere_perennius	pace_tua	damnant_quod_non_intellegunt	ANGULAR	O_Tite_tute_Tati_tibi_tanta_tyranne_tulisti	salus_in_arduis
NonDICOMCTimages	CDS-IMAGE-721674	CDS-NonDICOMCTimages-175534	faber_est_suae_quisque_fortunae	faber_est_suae_quisque_fortunae	scientia_imperii_decus_et_tutamen	Gallia_est_omnis_divisa_in_partes_tres	scientia_et_sapientia	damnant_quod_non_intellegunt	a_bene_placito	NONE	barba_crescit_caput_nescit	nascentes_morimur_finisque_ab_origine_pendet
NonDICOMCTimages	CDS-IMAGE-197450	CDS-NonDICOMCTimages-827757	scientia_imperii_decus_et_tutamen	Gallia_est_omnis_divisa_in_partes_tres	e_causa_ignota	sapiens_qui_prospicit	O_Tite_tute_Tati_tibi_tanta_tyranne_tulisti	scientia,_aere_perennius	Gallia_est_omnis_divisa_in_partes_tres	ORGAN-BASED	O_Tite_tute_Tati_tibi_tanta_tyranne_tulisti	haec_olim_meminisse_iuvabit
