type	file.file_id	study_link_id	de_identification_method_type	de_identification_method_description	de_identification_software	license	citation_or_DOI	species	image_modality	imaging_equipment_manufacturer	imaging_equipment_model	imaging_software	imaging_protocol	organ_or_tissue	performed_imaging_study_typeCode	longitudinal_temporal_event_type	longitudinal_temporal_event_offset
image	dg.4DFC/840c7e9c-8900-4d1d-96667ce99c1e_1	CDS-IMAGE-578966	Not applicable	Macte_animo_Generose_puer_sic_itur_ad_astra	scientiae_cedit_mare	CC BY-NC 4.0 https://creativecommons.org/licenses/by-nc/4.0/	scientia_et_sapientia	a_bene_placito	OP	MIBI-TOF Beta Apollo	MIBI-TOF Beta Apollo	combine_tiffs-200	dxxxx.dxi.org/209	Pancreas NOS	nanos_gigantum_humeris_insidentes	840.95	337.63
image	dg.4DFC/840c7e9c-8900-4d1d-96667ce99c1e_2	CDS-IMAGE-124987	Manual	nanos_gigantum_humeris_insidentes	Obedientia_civium_urbis_felicitas	CC BY 4.0    https://creativecommons.org/licenses/by/4.0/	saltus_in_demonstrando	labor_ipse_voluptas	XC	MIBI-TOF Beta Apollo	MIBI-TOF Beta Apollo	combine_tiffs-199	dxxxx.dxi.org/208	Pancreas NOS	saltus_in_demonstrando	230.96	708.67
image	dg.4DFC/840c7e9c-8900-4d1d-96667ce99c1e_3	CDS-IMAGE-718416	Not applicable	imperium_in_imperio	scientia_imperii_decus_et_tutamen	Other	pace_tua	scientia_et_labor	US	Leica DM6000 B	Leica DM6000 B	combine_tiffs-198	dxxxx.dxi.org/207	Pancreas NOS	id_quod_plerumque_accidit	604.25	477.64
image	dg.4DFC/840c7e9c-8900-4d1d-96667ce99c1e_4	CDS-IMAGE-287076	Not applicable	id_quod_plerumque_accidit	scientia_et_labor	Other	nanos_gigantum_humeris_insidentes	e_causa_ignota	OPTBSV	MIBI-TOF Beta Apollo	MIBI-TOF Beta Apollo	combine_tiffs-197	dxxxx.dxi.org/206	Pancreas NOS	sapiens_qui_prospicit	18	111.8
image	dg.4DFC/840c7e9c-8900-4d1d-96667ce99c1e_5	CDS-IMAGE-233824	Manual	a_bene_placito	nanos_gigantum_humeris_insidentes	Other	"scientia,_aere_perennius"	"scientia,_aere_perennius"	TG	Leica DM6000 B	Leica DM6000 B	combine_tiffs-196	dxxxx.dxi.org/205	Pancreas NOS	barba_crescit_caput_nescit	671.29	640.16
image	dg.4DFC/840c7e9c-8900-4d1d-96667ce99c1e_6	CDS-IMAGE-299479	Semiautomatic	damnant_quod_non_intellegunt	scientia_imperii_decus_et_tutamen	Other	nascentes_morimur_finisque_ab_origine_pendet	imperium_in_imperio	IVOCT	Leica DM6000 B	Leica DM6000 B	combine_tiffs-195	dxxxx.dxi.org/204	Pancreas NOS	scientiae_et_patriae	677.87	596.85
image	dg.4DFC/840c7e9c-8900-4d1d-96667ce99c1e_7	CDS-IMAGE-239322	Automatic	nascentes_morimur_finisque_ab_origine_pendet	a_bene_placito	Other	scientiae_cedit_mare	barba_crescit_caput_nescit	OAM	MIBI-TOF Beta Apollo	MIBI-TOF Beta Apollo	combine_tiffs-194	dxxxx.dxi.org/203	Pancreas NOS	e_causa_ignota	476.63	450.18
image	dg.4DFC/840c7e9c-8900-4d1d-96667ce99c1e_8	CDS-IMAGE-919628	Automatic	damnant_quod_non_intellegunt	Macte_animo_Generose_puer_sic_itur_ad_astra	CC BY-NC 3.0 https://creativecommons.org/licenses/by-nc/3.0/	"scientia,_aere_perennius"	imperium_in_imperio	OPM	MIBI-TOF Beta Apollo	MIBI-TOF Beta Apollo	combine_tiffs-193	dxxxx.dxi.org/202	Pancreas NOS	Gallia_est_omnis_divisa_in_partes_tres	303.12	348.84
image	dg.4DFC/840c7e9c-8900-4d1d-96667ce99c1e_9	CDS-IMAGE-383512	Semiautomatic	scientiae_cedit_mare	a_bene_placito	CC BY 3.0    http://creativecommons.org/licenses/by/3.0/	salus_in_arduis	Macte_animo_Generose_puer_sic_itur_ad_astra	RTIMAGE	Leica DM6000 B	Leica DM6000 B	combine_tiffs-192	dxxxx.dxi.org/201	Pancreas NOS	scientia_et_sapientia	162.03	377.83
image	dg.4DFC/840c7e9c-8900-4d1d-96667ce99c1e_10	CDS-IMAGE-567427	Not applicable	salus_in_arduis	labor_ipse_voluptas	CC BY-NC 4.0 https://creativecommons.org/licenses/by-nc/4.0/	O_Tite_tute_Tati_tibi_tanta_tyranne_tulisti	Macte_animo_Generose_puer_sic_itur_ad_astra	PT	Leica DM6000 B	Leica DM6000 B	combine_tiffs-191	dxxxx.dxi.org/200	Pancreas NOS	labor_ipse_voluptas	545.96	432.44
image	dg.4DFC/840c7e9c-8900-4d1d-96667ce99c1e_11	CDS-IMAGE-679182	Automatic	a_bene_placito	Gallia_est_omnis_divisa_in_partes_tres	Other	id_quod_plerumque_accidit	cacatum_non_est_pictum	OP	Leica DM6000 B	Leica DM6000 B	combine_tiffs-190	dxxxx.dxi.org/199	Pancreas NOS	haec_olim_meminisse_iuvabit	912.95	191.8
image	dg.4DFC/840c7e9c-8900-4d1d-96667ce99c1e_12	CDS-IMAGE-947828	Semiautomatic	scientiae_cedit_mare	saltus_in_demonstrando	CC BY-NC 4.0 https://creativecommons.org/licenses/by-nc/4.0/	nascentes_morimur_finisque_ab_origine_pendet	saltus_in_demonstrando	SRF	Leica DM6000 B	Leica DM6000 B	combine_tiffs-189	dxxxx.dxi.org/198	Pancreas NOS	O_Tite_tute_Tati_tibi_tanta_tyranne_tulisti	353.49	429.02
image	dg.4DFC/840c7e9c-8900-4d1d-96667ce99c1e_13	CDS-IMAGE-519196	Manual	saltus_in_demonstrando	barba_crescit_caput_nescit	CC BY 3.0    http://creativecommons.org/licenses/by/3.0/	saltus_in_demonstrando	barba_crescit_caput_nescit	PT	Leica DM6000 B	Leica DM6000 B	combine_tiffs-188	dxxxx.dxi.org/197	Pancreas NOS	Obedientia_civium_urbis_felicitas	620.28	818.09
image	dg.4DFC/840c7e9c-8900-4d1d-96667ce99c1e_14	CDS-IMAGE-676641	Not applicable	barba_crescit_caput_nescit	damnant_quod_non_intellegunt	CC BY-NC 4.0 https://creativecommons.org/licenses/by-nc/4.0/	O_Tite_tute_Tati_tibi_tanta_tyranne_tulisti	Obedientia_civium_urbis_felicitas	IVUS	Leica DM6000 B	Leica DM6000 B	combine_tiffs-187	dxxxx.dxi.org/196	Pancreas NOS	Obedientia_civium_urbis_felicitas	480.44	826.49
image	dg.4DFC/840c7e9c-8900-4d1d-96667ce99c1e_15	CDS-IMAGE-202121	Manual	imperium_in_imperio	sapiens_qui_prospicit	Other	scientia_et_sapientia	scientiae_cedit_mare	XC	Leica DM6000 B	Leica DM6000 B	combine_tiffs-186	dxxxx.dxi.org/195	Pancreas NOS	cacatum_non_est_pictum	135.58	838.74
image	dg.4DFC/840c7e9c-8900-4d1d-96667ce99c1e_16	CDS-IMAGE-381513	Semiautomatic	Gallia_est_omnis_divisa_in_partes_tres	scientiae_et_patriae	Other	e_causa_ignota	Macte_animo_Generose_puer_sic_itur_ad_astra	XA	Leica DM6000 B	Leica DM6000 B	combine_tiffs-185	dxxxx.dxi.org/194	Pancreas NOS	barba_crescit_caput_nescit	632.86	313.54
image	dg.4DFC/840c7e9c-8900-4d1d-96667ce99c1e_17	CDS-IMAGE-926772	Semiautomatic	cacatum_non_est_pictum	scientiae_cedit_mare	CC BY 3.0    http://creativecommons.org/licenses/by/3.0/	e_causa_ignota	scientia_et_sapientia	OPM	Leica DM6000 B	Leica DM6000 B	combine_tiffs-184	dxxxx.dxi.org/193	Pancreas NOS	e_causa_ignota	262.94	28.19
image	dg.4DFC/840c7e9c-8900-4d1d-96667ce99c1e_18	CDS-IMAGE-712838	Manual	damnant_quod_non_intellegunt	scientia_et_sapientia	CC BY 4.0    https://creativecommons.org/licenses/by/4.0/	scientia_imperii_decus_et_tutamen	e_causa_ignota	BDUS	MIBI-TOF Beta Apollo	MIBI-TOF Beta Apollo	combine_tiffs-183	dxxxx.dxi.org/192	Pancreas NOS	Macte_animo_Generose_puer_sic_itur_ad_astra	329.52	930.54
image	dg.4DFC/840c7e9c-8900-4d1d-96667ce99c1e_19	CDS-IMAGE-295911	Manual	sapiens_qui_prospicit	saltus_in_demonstrando	CC BY-NC 3.0 https://creativecommons.org/licenses/by-nc/3.0/	nascentes_morimur_finisque_ab_origine_pendet	saltus_in_demonstrando	OP	Leica DM6000 B	Leica DM6000 B	combine_tiffs-182	dxxxx.dxi.org/191	Pancreas NOS	salus_in_arduis	888.41	471.2
image	dg.4DFC/840c7e9c-8900-4d1d-96667ce99c1e_20	CDS-IMAGE-367856	Manual	haec_olim_meminisse_iuvabit	a_bene_placito	Other	saltus_in_demonstrando	Macte_animo_Generose_puer_sic_itur_ad_astra	EOG	Leica DM6000 B	Leica DM6000 B	combine_tiffs-181	dxxxx.dxi.org/190	Pancreas NOS	e_causa_ignota	669.13	108.89
image	dg.4DFC/840c7e9c-8900-4d1d-96667ce99c1e_21	CDS-IMAGE-372267	Manual	faber_est_suae_quisque_fortunae	haec_olim_meminisse_iuvabit	CC BY-NC 4.0 https://creativecommons.org/licenses/by-nc/4.0/	scientia_et_sapientia	haec_olim_meminisse_iuvabit	BDUS	MIBI-TOF Beta Apollo	MIBI-TOF Beta Apollo	combine_tiffs-180	dxxxx.dxi.org/189	Pancreas NOS	damnant_quod_non_intellegunt	508.62	126.49
image	dg.4DFC/840c7e9c-8900-4d1d-96667ce99c1e_22	CDS-IMAGE-893562	Manual	scientia_imperii_decus_et_tutamen	"scientia,_aere_perennius"	CC BY 3.0    http://creativecommons.org/licenses/by/3.0/	nanos_gigantum_humeris_insidentes	Obedientia_civium_urbis_felicitas	IVOCT	Leica DM6000 B	Leica DM6000 B	combine_tiffs-179	dxxxx.dxi.org/188	Pancreas NOS	cacatum_non_est_pictum	396.87	772.07
image	dg.4DFC/840c7e9c-8900-4d1d-96667ce99c1e_23	CDS-IMAGE-815441	Manual	nascentes_morimur_finisque_ab_origine_pendet	barba_crescit_caput_nescit	CC BY-NC 3.0 https://creativecommons.org/licenses/by-nc/3.0/	"scientia,_aere_perennius"	a_bene_placito	LEN	Leica DM6000 B	Leica DM6000 B	combine_tiffs-178	dxxxx.dxi.org/187	Pancreas NOS	Gallia_est_omnis_divisa_in_partes_tres	231.85	838.14
image	dg.4DFC/840c7e9c-8900-4d1d-96667ce99c1e_24	CDS-IMAGE-626494	Not applicable	scientiae_et_patriae	e_causa_ignota	CC BY 4.0    https://creativecommons.org/licenses/by/4.0/	sapiens_qui_prospicit	a_bene_placito	SM	Leica DM6000 B	Leica DM6000 B	combine_tiffs-177	dxxxx.dxi.org/186	Pancreas NOS	O_Tite_tute_Tati_tibi_tanta_tyranne_tulisti	164.41	566.05
image	dg.4DFC/840c7e9c-8900-4d1d-96667ce99c1e_25	CDS-IMAGE-639240	Manual	Obedientia_civium_urbis_felicitas	Obedientia_civium_urbis_felicitas	CC BY 3.0    http://creativecommons.org/licenses/by/3.0/	scientia_et_sapientia	damnant_quod_non_intellegunt	LEN	Leica DM6000 B	Leica DM6000 B	combine_tiffs-176	dxxxx.dxi.org/185	Pancreas NOS	e_causa_ignota	52.41	775.26
image	dg.4DFC/840c7e9c-8900-4d1d-96667ce99c1e_26	CDS-IMAGE-391697	Semiautomatic	cacatum_non_est_pictum	Obedientia_civium_urbis_felicitas	Other	e_causa_ignota	damnant_quod_non_intellegunt	DMS	MIBI-TOF Beta Apollo	MIBI-TOF Beta Apollo	combine_tiffs-175	dxxxx.dxi.org/184	Pancreas NOS	faber_est_suae_quisque_fortunae	130.74	790.76
image	dg.4DFC/840c7e9c-8900-4d1d-96667ce99c1e_27	CDS-IMAGE-582211	Semiautomatic	haec_olim_meminisse_iuvabit	nascentes_morimur_finisque_ab_origine_pendet	CC BY-NC 3.0 https://creativecommons.org/licenses/by-nc/3.0/	nascentes_morimur_finisque_ab_origine_pendet	O_Tite_tute_Tati_tibi_tanta_tyranne_tulisti	ES	Leica DM6000 B	Leica DM6000 B	combine_tiffs-174	dxxxx.dxi.org/183	Pancreas NOS	labor_ipse_voluptas	431.76	699.17
image	dg.4DFC/840c7e9c-8900-4d1d-96667ce99c1e_28	CDS-IMAGE-831406	Automatic	damnant_quod_non_intellegunt	scientiae_et_patriae	CC BY 3.0    http://creativecommons.org/licenses/by/3.0/	scientia_imperii_decus_et_tutamen	pace_tua	RTIMAGE	MIBI-TOF Beta Apollo	MIBI-TOF Beta Apollo	combine_tiffs-173	dxxxx.dxi.org/182	Pancreas NOS	cacatum_non_est_pictum	242.19	352.98
image	dg.4DFC/840c7e9c-8900-4d1d-96667ce99c1e_29	CDS-IMAGE-386691	Manual	salus_in_arduis	scientia_et_sapientia	CC BY-NC 4.0 https://creativecommons.org/licenses/by-nc/4.0/	nascentes_morimur_finisque_ab_origine_pendet	nascentes_morimur_finisque_ab_origine_pendet	LEN	Leica DM6000 B	Leica DM6000 B	combine_tiffs-172	dxxxx.dxi.org/181	Pancreas NOS	scientiae_et_patriae	116.2	904.36
image	dg.4DFC/840c7e9c-8900-4d1d-96667ce99c1e_30	CDS-IMAGE-740819	Semiautomatic	scientia_et_labor	e_causa_ignota	CC BY 4.0    https://creativecommons.org/licenses/by/4.0/	barba_crescit_caput_nescit	scientia_et_sapientia	OPV	Leica DM6000 B	Leica DM6000 B	combine_tiffs-171	dxxxx.dxi.org/180	Pancreas NOS	scientia_et_labor	110.35	404.47
image	dg.4DFC/840c7e9c-8900-4d1d-96667ce99c1e_31	CDS-IMAGE-287308	Not applicable	scientiae_et_patriae	nascentes_morimur_finisque_ab_origine_pendet	CC BY 4.0    https://creativecommons.org/licenses/by/4.0/	barba_crescit_caput_nescit	nascentes_morimur_finisque_ab_origine_pendet	OP	Leica DM6000 B	Leica DM6000 B	combine_tiffs-170	dxxxx.dxi.org/179	Pancreas NOS	faber_est_suae_quisque_fortunae	209.71	473.43
image	dg.4DFC/840c7e9c-8900-4d1d-96667ce99c1e_32	CDS-IMAGE-686249	Automatic	nascentes_morimur_finisque_ab_origine_pendet	saltus_in_demonstrando	Other	labor_ipse_voluptas	haec_olim_meminisse_iuvabit	EOG	Leica DM6000 B	Leica DM6000 B	combine_tiffs-169	dxxxx.dxi.org/178	Pancreas NOS	nanos_gigantum_humeris_insidentes	591.83	336.52
image	dg.4DFC/840c7e9c-8900-4d1d-96667ce99c1e_33	CDS-IMAGE-256022	Automatic	barba_crescit_caput_nescit	"scientia,_aere_perennius"	CC BY 3.0    http://creativecommons.org/licenses/by/3.0/	faber_est_suae_quisque_fortunae	sapiens_qui_prospicit	BDUS	MIBI-TOF Beta Apollo	MIBI-TOF Beta Apollo	combine_tiffs-168	dxxxx.dxi.org/177	Pancreas NOS	scientiae_et_patriae	826.24	106.35
image	dg.4DFC/840c7e9c-8900-4d1d-96667ce99c1e_34	CDS-IMAGE-874930	Semiautomatic	"scientia,_aere_perennius"	pace_tua	CC BY 3.0    http://creativecommons.org/licenses/by/3.0/	nanos_gigantum_humeris_insidentes	Macte_animo_Generose_puer_sic_itur_ad_astra	SRF	Leica DM6000 B	Leica DM6000 B	combine_tiffs-167	dxxxx.dxi.org/176	Pancreas NOS	"scientia,_aere_perennius"	818.61	539.54
image	dg.4DFC/840c7e9c-8900-4d1d-96667ce99c1e_35	CDS-IMAGE-127817	Semiautomatic	cacatum_non_est_pictum	scientia_et_sapientia	CC BY-NC 3.0 https://creativecommons.org/licenses/by-nc/3.0/	e_causa_ignota	pace_tua	XC	Leica DM6000 B	Leica DM6000 B	combine_tiffs-166	dxxxx.dxi.org/175	Pancreas NOS	damnant_quod_non_intellegunt	309.87	956.94
image	dg.4DFC/840c7e9c-8900-4d1d-96667ce99c1e_36	CDS-IMAGE-581794	Semiautomatic	scientia_imperii_decus_et_tutamen	haec_olim_meminisse_iuvabit	Other	haec_olim_meminisse_iuvabit	a_bene_placito	OCT	Leica DM6000 B	Leica DM6000 B	combine_tiffs-165	dxxxx.dxi.org/174	Pancreas NOS	salus_in_arduis	293.66	627.81
image	dg.4DFC/840c7e9c-8900-4d1d-96667ce99c1e_37	CDS-IMAGE-308055	Semiautomatic	sapiens_qui_prospicit	O_Tite_tute_Tati_tibi_tanta_tyranne_tulisti	Other	"scientia,_aere_perennius"	id_quod_plerumque_accidit	ES	Leica DM6000 B	Leica DM6000 B	combine_tiffs-164	dxxxx.dxi.org/173	Pancreas NOS	cacatum_non_est_pictum	745.82	920.81
image	dg.4DFC/840c7e9c-8900-4d1d-96667ce99c1e_38	CDS-IMAGE-684720	Manual	damnant_quod_non_intellegunt	haec_olim_meminisse_iuvabit	CC BY-NC 3.0 https://creativecommons.org/licenses/by-nc/3.0/	scientia_imperii_decus_et_tutamen	id_quod_plerumque_accidit	XA	MIBI-TOF Beta Apollo	MIBI-TOF Beta Apollo	combine_tiffs-163	dxxxx.dxi.org/172	Pancreas NOS	pace_tua	259.96	968.36
image	dg.4DFC/840c7e9c-8900-4d1d-96667ce99c1e_39	CDS-IMAGE-708275	Manual	saltus_in_demonstrando	nascentes_morimur_finisque_ab_origine_pendet	Other	scientia_et_labor	imperium_in_imperio	ECG	Leica DM6000 B	Leica DM6000 B	combine_tiffs-162	dxxxx.dxi.org/171	Pancreas NOS	salus_in_arduis	715.57	120.27
image	dg.4DFC/840c7e9c-8900-4d1d-96667ce99c1e_40	CDS-IMAGE-258255	Semiautomatic	"scientia,_aere_perennius"	haec_olim_meminisse_iuvabit	Other	nascentes_morimur_finisque_ab_origine_pendet	saltus_in_demonstrando	BDUS	Leica DM6000 B	Leica DM6000 B	combine_tiffs-161	dxxxx.dxi.org/170	Pancreas NOS	scientia_et_labor	332.63	239.05
image	dg.4DFC/840c7e9c-8900-4d1d-96667ce99c1e_41	CDS-IMAGE-309016	Automatic	scientiae_cedit_mare	scientiae_cedit_mare	Other	Macte_animo_Generose_puer_sic_itur_ad_astra	scientia_et_labor	NM	Leica DM6000 B	Leica DM6000 B	combine_tiffs-160	dxxxx.dxi.org/169	Pancreas NOS	"scientia,_aere_perennius"	923.19	596.16
image	dg.4DFC/840c7e9c-8900-4d1d-96667ce99c1e_42	CDS-IMAGE-586896	Not applicable	Obedientia_civium_urbis_felicitas	haec_olim_meminisse_iuvabit	CC BY-NC 4.0 https://creativecommons.org/licenses/by-nc/4.0/	saltus_in_demonstrando	e_causa_ignota	EOG	Leica DM6000 B	Leica DM6000 B	combine_tiffs-159	dxxxx.dxi.org/168	Pancreas NOS	a_bene_placito	161.78	637.1
image	dg.4DFC/840c7e9c-8900-4d1d-96667ce99c1e_43	CDS-IMAGE-232154	Semiautomatic	scientiae_et_patriae	faber_est_suae_quisque_fortunae	CC BY 4.0    https://creativecommons.org/licenses/by/4.0/	scientiae_cedit_mare	sapiens_qui_prospicit	PA	Leica DM6000 B	Leica DM6000 B	combine_tiffs-158	dxxxx.dxi.org/167	Pancreas NOS	Gallia_est_omnis_divisa_in_partes_tres	339.65	584.46
image	dg.4DFC/840c7e9c-8900-4d1d-96667ce99c1e_44	CDS-IMAGE-686660	Automatic	"scientia,_aere_perennius"	scientia_imperii_decus_et_tutamen	CC BY 4.0    https://creativecommons.org/licenses/by/4.0/	imperium_in_imperio	haec_olim_meminisse_iuvabit	LS	Leica DM6000 B	Leica DM6000 B	combine_tiffs-157	dxxxx.dxi.org/166	Pancreas NOS	barba_crescit_caput_nescit	500.38	54.94
image	dg.4DFC/840c7e9c-8900-4d1d-96667ce99c1e_45	CDS-IMAGE-593991	Semiautomatic	scientiae_cedit_mare	Gallia_est_omnis_divisa_in_partes_tres	CC BY-NC 4.0 https://creativecommons.org/licenses/by-nc/4.0/	sapiens_qui_prospicit	a_bene_placito	PX	Leica DM6000 B	Leica DM6000 B	combine_tiffs-156	dxxxx.dxi.org/165	Pancreas NOS	scientiae_et_patriae	228.34	137.36
image	dg.4DFC/840c7e9c-8900-4d1d-96667ce99c1e_46	CDS-IMAGE-420908	Manual	O_Tite_tute_Tati_tibi_tanta_tyranne_tulisti	Obedientia_civium_urbis_felicitas	Other	O_Tite_tute_Tati_tibi_tanta_tyranne_tulisti	e_causa_ignota	ES	Leica DM6000 B	Leica DM6000 B	combine_tiffs-155	dxxxx.dxi.org/164	Pancreas NOS	faber_est_suae_quisque_fortunae	672.44	379.3
image	dg.4DFC/840c7e9c-8900-4d1d-96667ce99c1e_47	CDS-IMAGE-982628	Not applicable	salus_in_arduis	scientia_et_labor	CC BY 4.0    https://creativecommons.org/licenses/by/4.0/	cacatum_non_est_pictum	e_causa_ignota	OPV	Leica DM6000 B	Leica DM6000 B	combine_tiffs-154	dxxxx.dxi.org/163	Pancreas NOS	nanos_gigantum_humeris_insidentes	82.96	573.17
image	dg.4DFC/840c7e9c-8900-4d1d-96667ce99c1e_48	CDS-IMAGE-936544	Not applicable	e_causa_ignota	"scientia,_aere_perennius"	CC BY 4.0    https://creativecommons.org/licenses/by/4.0/	Gallia_est_omnis_divisa_in_partes_tres	"scientia,_aere_perennius"	IVOCT	Leica DM6000 B	Leica DM6000 B	combine_tiffs-153	dxxxx.dxi.org/162	Pancreas NOS	O_Tite_tute_Tati_tibi_tanta_tyranne_tulisti	653.08	835.67
image	dg.4DFC/840c7e9c-8900-4d1d-96667ce99c1e_49	CDS-IMAGE-153107	Not applicable	damnant_quod_non_intellegunt	faber_est_suae_quisque_fortunae	CC BY-NC 3.0 https://creativecommons.org/licenses/by-nc/3.0/	sapiens_qui_prospicit	a_bene_placito	LS	Leica DM6000 B	Leica DM6000 B	combine_tiffs-152	dxxxx.dxi.org/161	Pancreas NOS	O_Tite_tute_Tati_tibi_tanta_tyranne_tulisti	360.93	44.39
image	dg.4DFC/840c7e9c-8900-4d1d-96667ce99c1e_50	CDS-IMAGE-120003	Automatic	cacatum_non_est_pictum	O_Tite_tute_Tati_tibi_tanta_tyranne_tulisti	CC BY-NC 4.0 https://creativecommons.org/licenses/by-nc/4.0/	labor_ipse_voluptas	Gallia_est_omnis_divisa_in_partes_tres	CR	Leica DM6000 B	Leica DM6000 B	combine_tiffs-151	dxxxx.dxi.org/160	Pancreas NOS	scientiae_cedit_mare	41.85	320.94
image	dg.4DFC/840c7e9c-8900-4d1d-96667ce99c1e_51	CDS-IMAGE-879670	Semiautomatic	labor_ipse_voluptas	nanos_gigantum_humeris_insidentes	CC BY-NC 3.0 https://creativecommons.org/licenses/by-nc/3.0/	scientia_et_labor	damnant_quod_non_intellegunt	DMS	Leica DM6000 B	Leica DM6000 B	combine_tiffs-150	dxxxx.dxi.org/159	Pancreas NOS	"scientia,_aere_perennius"	156.07	582.47
image	dg.4DFC/840c7e9c-8900-4d1d-96667ce99c1e_52	CDS-IMAGE-740031	Automatic	e_causa_ignota	faber_est_suae_quisque_fortunae	CC BY 4.0    https://creativecommons.org/licenses/by/4.0/	damnant_quod_non_intellegunt	scientia_et_labor	US	Leica DM6000 B	Leica DM6000 B	combine_tiffs-149	dxxxx.dxi.org/158	Pancreas NOS	id_quod_plerumque_accidit	336.93	379.21
image	dg.4DFC/840c7e9c-8900-4d1d-96667ce99c1e_53	CDS-IMAGE-768020	Manual	Obedientia_civium_urbis_felicitas	"scientia,_aere_perennius"	CC BY-NC 3.0 https://creativecommons.org/licenses/by-nc/3.0/	salus_in_arduis	cacatum_non_est_pictum	US	Leica DM6000 B	Leica DM6000 B	combine_tiffs-148	dxxxx.dxi.org/157	Pancreas NOS	haec_olim_meminisse_iuvabit	88.85	124.26
image	dg.4DFC/840c7e9c-8900-4d1d-96667ce99c1e_54	CDS-IMAGE-230793	Semiautomatic	"scientia,_aere_perennius"	nanos_gigantum_humeris_insidentes	CC BY-NC 4.0 https://creativecommons.org/licenses/by-nc/4.0/	Macte_animo_Generose_puer_sic_itur_ad_astra	sapiens_qui_prospicit	RF	Leica DM6000 B	Leica DM6000 B	combine_tiffs-147	dxxxx.dxi.org/156	Pancreas NOS	cacatum_non_est_pictum	539.08	502.34
image	dg.4DFC/840c7e9c-8900-4d1d-96667ce99c1e_55	CDS-IMAGE-932811	Semiautomatic	scientiae_et_patriae	sapiens_qui_prospicit	CC BY-NC 3.0 https://creativecommons.org/licenses/by-nc/3.0/	e_causa_ignota	scientiae_et_patriae	IVOCT	Leica DM6000 B	Leica DM6000 B	combine_tiffs-146	dxxxx.dxi.org/155	Pancreas NOS	damnant_quod_non_intellegunt	93.45	143.21
image	dg.4DFC/840c7e9c-8900-4d1d-96667ce99c1e_56	CDS-IMAGE-851055	Semiautomatic	scientia_et_labor	sapiens_qui_prospicit	CC BY 3.0    http://creativecommons.org/licenses/by/3.0/	scientia_et_sapientia	scientia_et_labor	MG	MIBI-TOF Beta Apollo	MIBI-TOF Beta Apollo	combine_tiffs-145	dxxxx.dxi.org/154	Pancreas NOS	scientia_et_sapientia	422.61	947.38
image	dg.4DFC/840c7e9c-8900-4d1d-96667ce99c1e_57	CDS-IMAGE-326445	Automatic	cacatum_non_est_pictum	nascentes_morimur_finisque_ab_origine_pendet	CC BY-NC 3.0 https://creativecommons.org/licenses/by-nc/3.0/	salus_in_arduis	faber_est_suae_quisque_fortunae	RG	Leica DM6000 B	Leica DM6000 B	combine_tiffs-144	dxxxx.dxi.org/153	Pancreas NOS	pace_tua	870.16	463.12
image	dg.4DFC/840c7e9c-8900-4d1d-96667ce99c1e_58	CDS-IMAGE-493675	Semiautomatic	scientiae_cedit_mare	id_quod_plerumque_accidit	CC BY-NC 3.0 https://creativecommons.org/licenses/by-nc/3.0/	sapiens_qui_prospicit	imperium_in_imperio	BI	Leica DM6000 B	Leica DM6000 B	combine_tiffs-143	dxxxx.dxi.org/152	Pancreas NOS	imperium_in_imperio	811.76	94.49
image	dg.4DFC/840c7e9c-8900-4d1d-96667ce99c1e_59	CDS-IMAGE-415899	Semiautomatic	"scientia,_aere_perennius"	Gallia_est_omnis_divisa_in_partes_tres	CC BY 3.0    http://creativecommons.org/licenses/by/3.0/	scientia_et_labor	damnant_quod_non_intellegunt	BMD	Leica DM6000 B	Leica DM6000 B	combine_tiffs-142	dxxxx.dxi.org/151	Pancreas NOS	nanos_gigantum_humeris_insidentes	192.99	640.99
image	dg.4DFC/840c7e9c-8900-4d1d-96667ce99c1e_60	CDS-IMAGE-133251	Semiautomatic	sapiens_qui_prospicit	saltus_in_demonstrando	CC BY 4.0    https://creativecommons.org/licenses/by/4.0/	"scientia,_aere_perennius"	pace_tua	LS	Dragonfly	Dragonfly	combine_tiffs-141	dxxxx.dxi.org/150	Pancreas NOS	haec_olim_meminisse_iuvabit	460.23	625.73
image	dg.4DFC/840c7e9c-8900-4d1d-96667ce99c1e_61	CDS-IMAGE-656754	Automatic	Obedientia_civium_urbis_felicitas	id_quod_plerumque_accidit	CC BY 4.0    https://creativecommons.org/licenses/by/4.0/	scientia_imperii_decus_et_tutamen	"scientia,_aere_perennius"	EMG	Dragonfly	Dragonfly	combine_tiffs-140	dxxxx.dxi.org/149	Pancreas NOS	nanos_gigantum_humeris_insidentes	742.1	348.78
image	dg.4DFC/840c7e9c-8900-4d1d-96667ce99c1e_62	CDS-IMAGE-791129	Semiautomatic	pace_tua	damnant_quod_non_intellegunt	CC BY-NC 3.0 https://creativecommons.org/licenses/by-nc/3.0/	labor_ipse_voluptas	scientia_et_sapientia	OSS	Dragonfly	Dragonfly	combine_tiffs-139	dxxxx.dxi.org/148	Pancreas NOS	id_quod_plerumque_accidit	236.48	770.51
image	dg.4DFC/840c7e9c-8900-4d1d-96667ce99c1e_63	CDS-IMAGE-130480	Semiautomatic	salus_in_arduis	scientia_et_sapientia	CC BY-NC 3.0 https://creativecommons.org/licenses/by-nc/3.0/	cacatum_non_est_pictum	salus_in_arduis	RTIMAGE	Dragonfly	Dragonfly	combine_tiffs-138	dxxxx.dxi.org/147	Pancreas NOS	saltus_in_demonstrando	411.48	68.74
image	dg.4DFC/840c7e9c-8900-4d1d-96667ce99c1e_64	CDS-IMAGE-329416	Semiautomatic	haec_olim_meminisse_iuvabit	scientia_et_labor	CC BY 3.0    http://creativecommons.org/licenses/by/3.0/	barba_crescit_caput_nescit	damnant_quod_non_intellegunt	BI	Dragonfly	Dragonfly	combine_tiffs-137	dxxxx.dxi.org/146	Pancreas NOS	sapiens_qui_prospicit	628.48	120.34
image	dg.4DFC/840c7e9c-8900-4d1d-96667ce99c1e_65	CDS-IMAGE-194844	Automatic	sapiens_qui_prospicit	scientiae_et_patriae	CC BY 3.0    http://creativecommons.org/licenses/by/3.0/	nascentes_morimur_finisque_ab_origine_pendet	Macte_animo_Generose_puer_sic_itur_ad_astra	OPM	Dragonfly	Dragonfly	combine_tiffs-136	dxxxx.dxi.org/145	Pancreas NOS	pace_tua	250.19	43.43
image	dg.4DFC/840c7e9c-8900-4d1d-96667ce99c1e_66	CDS-IMAGE-269384	Manual	cacatum_non_est_pictum	damnant_quod_non_intellegunt	CC BY 3.0    http://creativecommons.org/licenses/by/3.0/	damnant_quod_non_intellegunt	salus_in_arduis	OPTBSV	Rarecyte;HT;3	Rarecyte;HT;3	combine_tiffs-135	dxxxx.dxi.org/144	Pancreas NOS	scientiae_et_patriae	585.87	791.5
image	dg.4DFC/840c7e9c-8900-4d1d-96667ce99c1e_67	CDS-IMAGE-726419	Automatic	Gallia_est_omnis_divisa_in_partes_tres	scientia_imperii_decus_et_tutamen	CC BY-NC 3.0 https://creativecommons.org/licenses/by-nc/3.0/	O_Tite_tute_Tati_tibi_tanta_tyranne_tulisti	scientia_et_labor	ECG	Rarecyte;HT;3	Rarecyte;HT;3	combine_tiffs-134	dxxxx.dxi.org/143	Pancreas NOS	id_quod_plerumque_accidit	126.45	475.66
image	dg.4DFC/840c7e9c-8900-4d1d-96667ce99c1e_68	CDS-IMAGE-622255	Manual	"scientia,_aere_perennius"	salus_in_arduis	CC BY 4.0    https://creativecommons.org/licenses/by/4.0/	salus_in_arduis	damnant_quod_non_intellegunt	OAM	Rarecyte;HT;3	Rarecyte;HT;3	combine_tiffs-133	dxxxx.dxi.org/142	Pancreas NOS	haec_olim_meminisse_iuvabit	267.07	930.97
image	dg.4DFC/840c7e9c-8900-4d1d-96667ce99c1e_69	CDS-IMAGE-712290	Not applicable	nascentes_morimur_finisque_ab_origine_pendet	scientiae_cedit_mare	CC BY 3.0    http://creativecommons.org/licenses/by/3.0/	damnant_quod_non_intellegunt	damnant_quod_non_intellegunt	OPT	Rarecyte;HT;3	Rarecyte;HT;3	combine_tiffs-132	dxxxx.dxi.org/141	Pancreas NOS	Macte_animo_Generose_puer_sic_itur_ad_astra	645.01	358.65
image	dg.4DFC/840c7e9c-8900-4d1d-96667ce99c1e_70	CDS-IMAGE-291915	Semiautomatic	cacatum_non_est_pictum	scientiae_cedit_mare	CC BY-NC 4.0 https://creativecommons.org/licenses/by-nc/4.0/	scientia_imperii_decus_et_tutamen	scientiae_et_patriae	SRF	Rarecyte;HT;3	Rarecyte;HT;3	combine_tiffs-131	dxxxx.dxi.org/140	Pancreas NOS	scientia_et_labor	732.74	827.06
image	dg.4DFC/840c7e9c-8900-4d1d-96667ce99c1e_71	CDS-IMAGE-682449	Semiautomatic	e_causa_ignota	O_Tite_tute_Tati_tibi_tanta_tyranne_tulisti	Other	"scientia,_aere_perennius"	Macte_animo_Generose_puer_sic_itur_ad_astra	DX	Rarecyte;HT;3	Rarecyte;HT;3	combine_tiffs-130	dxxxx.dxi.org/139	Pancreas NOS	scientia_et_labor	670.77	312.51
image	dg.4DFC/840c7e9c-8900-4d1d-96667ce99c1e_72	CDS-IMAGE-439609	Not applicable	a_bene_placito	Macte_animo_Generose_puer_sic_itur_ad_astra	CC BY-NC 4.0 https://creativecommons.org/licenses/by-nc/4.0/	scientia_imperii_decus_et_tutamen	e_causa_ignota	POS	Rarecyte;HT;3	Rarecyte;HT;3	combine_tiffs-129	dxxxx.dxi.org/138	Pancreas NOS	sapiens_qui_prospicit	914.7	983.12
image	dg.4DFC/840c7e9c-8900-4d1d-96667ce99c1e_73	CDS-IMAGE-386183	Automatic	a_bene_placito	scientiae_cedit_mare	CC BY 4.0    https://creativecommons.org/licenses/by/4.0/	O_Tite_tute_Tati_tibi_tanta_tyranne_tulisti	Macte_animo_Generose_puer_sic_itur_ad_astra	DMS	Rarecyte;HT;3	Rarecyte;HT;3	combine_tiffs-128	dxxxx.dxi.org/137	Pancreas NOS	O_Tite_tute_Tati_tibi_tanta_tyranne_tulisti	24.75	398.4
image	dg.4DFC/840c7e9c-8900-4d1d-96667ce99c1e_74	CDS-IMAGE-750302	Automatic	sapiens_qui_prospicit	sapiens_qui_prospicit	Other	imperium_in_imperio	scientia_et_sapientia	IO	Rarecyte;HT;3	Rarecyte;HT;3	combine_tiffs-127	dxxxx.dxi.org/136	Breast NOS	"scientia,_aere_perennius"	964.03	512.87
image	dg.4DFC/840c7e9c-8900-4d1d-96667ce99c1e_75	CDS-IMAGE-239761	Automatic	scientia_et_labor	Obedientia_civium_urbis_felicitas	CC BY 4.0    https://creativecommons.org/licenses/by/4.0/	imperium_in_imperio	scientia_et_labor	ES	Rarecyte;HT;3	Rarecyte;HT;3	combine_tiffs-126	dxxxx.dxi.org/135	Breast NOS	salus_in_arduis	765.97	573.86
image	dg.4DFC/840c7e9c-8900-4d1d-96667ce99c1e_76	CDS-IMAGE-690976	Manual	damnant_quod_non_intellegunt	cacatum_non_est_pictum	CC BY-NC 4.0 https://creativecommons.org/licenses/by-nc/4.0/	cacatum_non_est_pictum	imperium_in_imperio	PX	Rarecyte;HT;3	Rarecyte;HT;3	combine_tiffs-125	dxxxx.dxi.org/134	Breast NOS	scientiae_et_patriae	614.45	21.55
image	dg.4DFC/840c7e9c-8900-4d1d-96667ce99c1e_77	CDS-IMAGE-372342	Automatic	nascentes_morimur_finisque_ab_origine_pendet	barba_crescit_caput_nescit	CC BY 3.0    http://creativecommons.org/licenses/by/3.0/	id_quod_plerumque_accidit	Obedientia_civium_urbis_felicitas	EEG	Rarecyte;HT;3	Rarecyte;HT;3	combine_tiffs-124	dxxxx.dxi.org/133	Breast NOS	scientia_imperii_decus_et_tutamen	472.85	822.18
image	dg.4DFC/840c7e9c-8900-4d1d-96667ce99c1e_78	CDS-IMAGE-251183	Automatic	cacatum_non_est_pictum	Gallia_est_omnis_divisa_in_partes_tres	Other	e_causa_ignota	pace_tua	MR	Rarecyte;HT;3	Rarecyte;HT;3	combine_tiffs-123	dxxxx.dxi.org/132	Breast NOS	barba_crescit_caput_nescit	328.19	153.22
image	dg.4DFC/840c7e9c-8900-4d1d-96667ce99c1e_79	CDS-IMAGE-497884	Manual	scientia_et_sapientia	"scientia,_aere_perennius"	CC BY-NC 3.0 https://creativecommons.org/licenses/by-nc/3.0/	Gallia_est_omnis_divisa_in_partes_tres	pace_tua	BMD	Rarecyte;HT;3	Rarecyte;HT;3	combine_tiffs-122	dxxxx.dxi.org/131	Breast NOS	e_causa_ignota	778.56	936.37
image	dg.4DFC/840c7e9c-8900-4d1d-96667ce99c1e_80	CDS-IMAGE-294800	Automatic	barba_crescit_caput_nescit	scientia_et_sapientia	CC BY-NC 4.0 https://creativecommons.org/licenses/by-nc/4.0/	scientia_imperii_decus_et_tutamen	a_bene_placito	PX	Rarecyte;HT;3	Rarecyte;HT;3	combine_tiffs-121	dxxxx.dxi.org/130	Breast NOS	scientiae_cedit_mare	823	114.37
image	dg.4DFC/840c7e9c-8900-4d1d-96667ce99c1e_81	CDS-IMAGE-317666	Manual	imperium_in_imperio	damnant_quod_non_intellegunt	CC BY-NC 4.0 https://creativecommons.org/licenses/by-nc/4.0/	imperium_in_imperio	scientiae_et_patriae	EMG	Rarecyte;HT;3	Rarecyte;HT;3	combine_tiffs-120	dxxxx.dxi.org/129	Breast NOS	saltus_in_demonstrando	63.38	114.09
image	dg.4DFC/840c7e9c-8900-4d1d-96667ce99c1e_82	CDS-IMAGE-281478	Semiautomatic	salus_in_arduis	saltus_in_demonstrando	CC BY 3.0    http://creativecommons.org/licenses/by/3.0/	id_quod_plerumque_accidit	Obedientia_civium_urbis_felicitas	CR	Rarecyte;HT;3	Rarecyte;HT;3	combine_tiffs-119	dxxxx.dxi.org/128	Upper-outer quadrant of breast	saltus_in_demonstrando	578.55	72.13
image	dg.4DFC/840c7e9c-8900-4d1d-96667ce99c1e_83	CDS-IMAGE-111851	Not applicable	e_causa_ignota	scientiae_cedit_mare	CC BY-NC 3.0 https://creativecommons.org/licenses/by-nc/3.0/	pace_tua	salus_in_arduis	BDUS	Rarecyte;HT;3	Rarecyte;HT;3	combine_tiffs-118	dxxxx.dxi.org/127	Upper-outer quadrant of breast	pace_tua	350.48	907.13
image	dg.4DFC/840c7e9c-8900-4d1d-96667ce99c1e_84	CDS-IMAGE-766539	Manual	Obedientia_civium_urbis_felicitas	Gallia_est_omnis_divisa_in_partes_tres	Other	a_bene_placito	imperium_in_imperio	RTIMAGE	Rarecyte;HT;3	Rarecyte;HT;3	combine_tiffs-117	dxxxx.dxi.org/126	Upper-outer quadrant of breast	scientia_imperii_decus_et_tutamen	966.15	36.02
image	dg.4DFC/840c7e9c-8900-4d1d-96667ce99c1e_85	CDS-IMAGE-549808	Manual	faber_est_suae_quisque_fortunae	haec_olim_meminisse_iuvabit	CC BY-NC 4.0 https://creativecommons.org/licenses/by-nc/4.0/	scientia_et_labor	nanos_gigantum_humeris_insidentes	PX	Rarecyte;HT;3	Rarecyte;HT;3	combine_tiffs-116	dxxxx.dxi.org/125	Upper-outer quadrant of breast	labor_ipse_voluptas	61.21	978.18
image	dg.4DFC/840c7e9c-8900-4d1d-96667ce99c1e_86	CDS-IMAGE-426473	Manual	labor_ipse_voluptas	saltus_in_demonstrando	CC BY-NC 3.0 https://creativecommons.org/licenses/by-nc/3.0/	saltus_in_demonstrando	damnant_quod_non_intellegunt	OPM	Rarecyte;HT;3	Rarecyte;HT;3	combine_tiffs-115	dxxxx.dxi.org/124	Upper-outer quadrant of breast	scientia_et_labor	446.17	50.23
image	dg.4DFC/840c7e9c-8900-4d1d-96667ce99c1e_87	CDS-IMAGE-625285	Semiautomatic	scientia_imperii_decus_et_tutamen	scientia_et_sapientia	CC BY-NC 4.0 https://creativecommons.org/licenses/by-nc/4.0/	scientiae_cedit_mare	id_quod_plerumque_accidit	KER	Rarecyte;HT;3	Rarecyte;HT;3	combine_tiffs-114	dxxxx.dxi.org/123	Lower-outer quadrant of breast	cacatum_non_est_pictum	273.97	616.86
image	dg.4DFC/840c7e9c-8900-4d1d-96667ce99c1e_88	CDS-IMAGE-494415	Semiautomatic	sapiens_qui_prospicit	scientia_imperii_decus_et_tutamen	CC BY 4.0    https://creativecommons.org/licenses/by/4.0/	scientiae_cedit_mare	"scientia,_aere_perennius"	BDUS	Rarecyte;HT;3	Rarecyte;HT;3	combine_tiffs-113	dxxxx.dxi.org/122	Lower-outer quadrant of breast	salus_in_arduis	502.66	351.27
image	dg.4DFC/840c7e9c-8900-4d1d-96667ce99c1e_89	CDS-IMAGE-821423	Manual	Gallia_est_omnis_divisa_in_partes_tres	sapiens_qui_prospicit	CC BY-NC 3.0 https://creativecommons.org/licenses/by-nc/3.0/	imperium_in_imperio	a_bene_placito	US	Rarecyte;HT;3	Rarecyte;HT;3	combine_tiffs-112	dxxxx.dxi.org/121	Breast NOS	nanos_gigantum_humeris_insidentes	10.81	18.45
image	dg.4DFC/840c7e9c-8900-4d1d-96667ce99c1e_90	CDS-IMAGE-510337	Automatic	scientiae_cedit_mare	barba_crescit_caput_nescit	CC BY-NC 3.0 https://creativecommons.org/licenses/by-nc/3.0/	scientiae_cedit_mare	salus_in_arduis	OPV	Rarecyte;HT;3	Rarecyte;HT;3	combine_tiffs-111	dxxxx.dxi.org/120	Breast NOS	"scientia,_aere_perennius"	314.76	491.23
image	dg.4DFC/840c7e9c-8900-4d1d-96667ce99c1e_91	CDS-IMAGE-959315	Semiautomatic	cacatum_non_est_pictum	"scientia,_aere_perennius"	Other	O_Tite_tute_Tati_tibi_tanta_tyranne_tulisti	saltus_in_demonstrando	OPTENF	Rarecyte;HT;3	Rarecyte;HT;3	combine_tiffs-110	dxxxx.dxi.org/119	Breast NOS	scientia_et_labor	678.31	394.29
image	dg.4DFC/840c7e9c-8900-4d1d-96667ce99c1e_92	CDS-IMAGE-541481	Not applicable	scientiae_cedit_mare	scientia_et_sapientia	CC BY-NC 3.0 https://creativecommons.org/licenses/by-nc/3.0/	a_bene_placito	haec_olim_meminisse_iuvabit	VA	Rarecyte;HT;3	Rarecyte;HT;3	combine_tiffs-109	dxxxx.dxi.org/118	Breast NOS	haec_olim_meminisse_iuvabit	188.89	277.4
image	dg.4DFC/840c7e9c-8900-4d1d-96667ce99c1e_93	CDS-IMAGE-904242	Semiautomatic	haec_olim_meminisse_iuvabit	a_bene_placito	CC BY-NC 3.0 https://creativecommons.org/licenses/by-nc/3.0/	Obedientia_civium_urbis_felicitas	nanos_gigantum_humeris_insidentes	VA	Rarecyte;HT;3	Rarecyte;HT;3	combine_tiffs-108	dxxxx.dxi.org/117	Breast NOS	a_bene_placito	312.86	412.72
image	dg.4DFC/840c7e9c-8900-4d1d-96667ce99c1e_94	CDS-IMAGE-153459	Not applicable	faber_est_suae_quisque_fortunae	"scientia,_aere_perennius"	CC BY 4.0    https://creativecommons.org/licenses/by/4.0/	scientia_et_labor	scientia_imperii_decus_et_tutamen	IVOCT	Rarecyte;HT;3	Rarecyte;HT;3	combine_tiffs-107	dxxxx.dxi.org/116	Breast NOS	O_Tite_tute_Tati_tibi_tanta_tyranne_tulisti	370.88	863.27
image	dg.4DFC/840c7e9c-8900-4d1d-96667ce99c1e_95	CDS-IMAGE-856203	Semiautomatic	Gallia_est_omnis_divisa_in_partes_tres	scientia_et_sapientia	CC BY 4.0    https://creativecommons.org/licenses/by/4.0/	haec_olim_meminisse_iuvabit	sapiens_qui_prospicit	IVUS	Rarecyte;HT;3	Rarecyte;HT;3	combine_tiffs-106	dxxxx.dxi.org/115	Breast NOS	nascentes_morimur_finisque_ab_origine_pendet	922.06	10.28
image	dg.4DFC/840c7e9c-8900-4d1d-96667ce99c1e_96	CDS-IMAGE-343534	Semiautomatic	damnant_quod_non_intellegunt	scientia_et_labor	CC BY-NC 4.0 https://creativecommons.org/licenses/by-nc/4.0/	scientia_et_sapientia	scientia_et_sapientia	LS	Rarecyte;HT;3	Rarecyte;HT;3	combine_tiffs-105	dxxxx.dxi.org/114	Breast NOS	salus_in_arduis	372.84	548.43
image	dg.4DFC/840c7e9c-8900-4d1d-96667ce99c1e_97	CDS-IMAGE-651419	Semiautomatic	pace_tua	salus_in_arduis	CC BY-NC 4.0 https://creativecommons.org/licenses/by-nc/4.0/	"scientia,_aere_perennius"	cacatum_non_est_pictum	OPT	Rarecyte;HT;3	Rarecyte;HT;3	combine_tiffs-104	dxxxx.dxi.org/113	Breast NOS	sapiens_qui_prospicit	42.19	648.32
image	dg.4DFC/840c7e9c-8900-4d1d-96667ce99c1e_98	CDS-IMAGE-652644	Semiautomatic	Gallia_est_omnis_divisa_in_partes_tres	saltus_in_demonstrando	Other	"scientia,_aere_perennius"	scientia_imperii_decus_et_tutamen	IVUS	Rarecyte;HT;3	Rarecyte;HT;3	combine_tiffs-103	dxxxx.dxi.org/112	Breast NOS	id_quod_plerumque_accidit	497	825.21
image	dg.4DFC/840c7e9c-8900-4d1d-96667ce99c1e_99	CDS-IMAGE-891933	Not applicable	faber_est_suae_quisque_fortunae	Gallia_est_omnis_divisa_in_partes_tres	CC BY 3.0    http://creativecommons.org/licenses/by/3.0/	a_bene_placito	pace_tua	VA	Rarecyte;HT;3	Rarecyte;HT;3	combine_tiffs-102	dxxxx.dxi.org/111	Breast NOS	saltus_in_demonstrando	411.58	559.17
image	dg.4DFC/840c7e9c-8900-4d1d-96667ce99c1e_100	CDS-IMAGE-744478	Automatic	salus_in_arduis	scientia_et_sapientia	CC BY 3.0    http://creativecommons.org/licenses/by/3.0/	barba_crescit_caput_nescit	e_causa_ignota	ECG	Rarecyte;HT;3	Rarecyte;HT;3	combine_tiffs-101	dxxxx.dxi.org/110	Breast NOS	id_quod_plerumque_accidit	712.95	639.42
image	dg.4DFC/840c7e9c-8900-4d1d-96667ce99c1e_101	CDS-IMAGE-616240	Semiautomatic	nanos_gigantum_humeris_insidentes	scientiae_et_patriae	CC BY-NC 4.0 https://creativecommons.org/licenses/by-nc/4.0/	cacatum_non_est_pictum	Gallia_est_omnis_divisa_in_partes_tres	CT	Rarecyte;HT;3	Rarecyte;HT;3	combine_tiffs-100	dxxxx.dxi.org/109	Upper-outer quadrant of breast	scientia_imperii_decus_et_tutamen	771.46	86.53
image	dg.4DFC/840c7e9c-8900-4d1d-96667ce99c1e_102	CDS-IMAGE-941357	Semiautomatic	O_Tite_tute_Tati_tibi_tanta_tyranne_tulisti	pace_tua	Other	saltus_in_demonstrando	a_bene_placito	XA	Rarecyte;HT;3	Rarecyte;HT;3	combine_tiffs-99	dxxxx.dxi.org/108	Upper-outer quadrant of breast	scientia_et_sapientia	769.42	105.56
image	dg.4DFC/840c7e9c-8900-4d1d-96667ce99c1e_103	CDS-IMAGE-280577	Not applicable	saltus_in_demonstrando	saltus_in_demonstrando	CC BY 4.0    https://creativecommons.org/licenses/by/4.0/	faber_est_suae_quisque_fortunae	scientia_et_sapientia	VA	Rarecyte;HT;3	Rarecyte;HT;3	combine_tiffs-98	dxxxx.dxi.org/107	Upper-outer quadrant of breast	imperium_in_imperio	661.07	919.88
image	dg.4DFC/840c7e9c-8900-4d1d-96667ce99c1e_104	CDS-IMAGE-277292	Manual	a_bene_placito	scientiae_cedit_mare	CC BY-NC 4.0 https://creativecommons.org/licenses/by-nc/4.0/	pace_tua	scientia_imperii_decus_et_tutamen	XC	Rarecyte;HT;3	Rarecyte;HT;3	combine_tiffs-97	dxxxx.dxi.org/106	Upper-outer quadrant of breast	saltus_in_demonstrando	609.96	595.18
image	dg.4DFC/840c7e9c-8900-4d1d-96667ce99c1e_105	CDS-IMAGE-892202	Automatic	nanos_gigantum_humeris_insidentes	cacatum_non_est_pictum	CC BY-NC 3.0 https://creativecommons.org/licenses/by-nc/3.0/	Gallia_est_omnis_divisa_in_partes_tres	labor_ipse_voluptas	ECG	Rarecyte;HT;3	Rarecyte;HT;3	combine_tiffs-96	dxxxx.dxi.org/105	Breast NOS	pace_tua	586.87	524.46
image	dg.4DFC/840c7e9c-8900-4d1d-96667ce99c1e_106	CDS-IMAGE-929566	Manual	nascentes_morimur_finisque_ab_origine_pendet	saltus_in_demonstrando	CC BY-NC 4.0 https://creativecommons.org/licenses/by-nc/4.0/	haec_olim_meminisse_iuvabit	saltus_in_demonstrando	RTIMAGE	Rarecyte;HT;3	Rarecyte;HT;3	combine_tiffs-95	dxxxx.dxi.org/104	Breast NOS	damnant_quod_non_intellegunt	934.56	58.5
image	dg.4DFC/840c7e9c-8900-4d1d-96667ce99c1e_107	CDS-IMAGE-341706	Not applicable	scientiae_et_patriae	labor_ipse_voluptas	CC BY-NC 4.0 https://creativecommons.org/licenses/by-nc/4.0/	nanos_gigantum_humeris_insidentes	Obedientia_civium_urbis_felicitas	OPTBSV	Rarecyte;HT;3	Rarecyte;HT;3	combine_tiffs-94	dxxxx.dxi.org/103	Breast NOS	nanos_gigantum_humeris_insidentes	892.54	47.09
image	dg.4DFC/840c7e9c-8900-4d1d-96667ce99c1e_108	CDS-IMAGE-906672	Manual	barba_crescit_caput_nescit	nascentes_morimur_finisque_ab_origine_pendet	CC BY 4.0    https://creativecommons.org/licenses/by/4.0/	pace_tua	Macte_animo_Generose_puer_sic_itur_ad_astra	RG	Rarecyte;HT;3	Rarecyte;HT;3	combine_tiffs-93	dxxxx.dxi.org/102	Breast NOS	cacatum_non_est_pictum	790.69	504.79
image	dg.4DFC/840c7e9c-8900-4d1d-96667ce99c1e_109	CDS-IMAGE-897321	Not applicable	sapiens_qui_prospicit	sapiens_qui_prospicit	CC BY 4.0    https://creativecommons.org/licenses/by/4.0/	scientiae_et_patriae	O_Tite_tute_Tati_tibi_tanta_tyranne_tulisti	RG	Dragonfly	Dragonfly	combine_tiffs-92	dxxxx.dxi.org/101	Lower-inner quadrant of breast	haec_olim_meminisse_iuvabit	695.33	945.47
image	dg.4DFC/840c7e9c-8900-4d1d-96667ce99c1e_110	CDS-IMAGE-847954	Not applicable	e_causa_ignota	damnant_quod_non_intellegunt	Other	haec_olim_meminisse_iuvabit	scientia_et_labor	RG	Dragonfly	Dragonfly	combine_tiffs-91	dxxxx.dxi.org/100	Lower-inner quadrant of breast	"scientia,_aere_perennius"	864.08	486.39
image	dg.4DFC/840c7e9c-8900-4d1d-96667ce99c1e_111	CDS-IMAGE-365404	Not applicable	nanos_gigantum_humeris_insidentes	scientia_et_sapientia	CC BY 4.0    https://creativecommons.org/licenses/by/4.0/	barba_crescit_caput_nescit	O_Tite_tute_Tati_tibi_tanta_tyranne_tulisti	CR	Rarecyte;HT;3	Rarecyte;HT;3	combine_tiffs-90	dxxxx.dxi.org/99	Lower-inner quadrant of breast	scientiae_cedit_mare	91.51	511.23
image	dg.4DFC/840c7e9c-8900-4d1d-96667ce99c1e_112	CDS-IMAGE-979174	Not applicable	cacatum_non_est_pictum	e_causa_ignota	Other	scientia_et_sapientia	id_quod_plerumque_accidit	PX	Rarecyte;HT;3	Rarecyte;HT;3	combine_tiffs-89	dxxxx.dxi.org/98	Lower-inner quadrant of breast	e_causa_ignota	352.23	241.26
image	dg.4DFC/840c7e9c-8900-4d1d-96667ce99c1e_113	CDS-IMAGE-391881	Semiautomatic	scientiae_et_patriae	labor_ipse_voluptas	Other	saltus_in_demonstrando	haec_olim_meminisse_iuvabit	RTIMAGE	Rarecyte;HT;3	Rarecyte;HT;3	combine_tiffs-88	dxxxx.dxi.org/97	Lower-inner quadrant of breast	scientia_et_sapientia	656.89	966
image	dg.4DFC/840c7e9c-8900-4d1d-96667ce99c1e_114	CDS-IMAGE-615430	Manual	imperium_in_imperio	cacatum_non_est_pictum	CC BY 4.0    https://creativecommons.org/licenses/by/4.0/	scientia_et_sapientia	labor_ipse_voluptas	GM	Rarecyte;HT;3	Rarecyte;HT;3	combine_tiffs-87	dxxxx.dxi.org/96	Lower-inner quadrant of breast	faber_est_suae_quisque_fortunae	28.33	977.78
image	dg.4DFC/840c7e9c-8900-4d1d-96667ce99c1e_115	CDS-IMAGE-512851	Semiautomatic	Obedientia_civium_urbis_felicitas	Gallia_est_omnis_divisa_in_partes_tres	CC BY-NC 4.0 https://creativecommons.org/licenses/by-nc/4.0/	nascentes_morimur_finisque_ab_origine_pendet	scientia_et_labor	OPTENF	Dragonfly	Dragonfly	combine_tiffs-86	dxxxx.dxi.org/95	Lower-inner quadrant of breast	scientiae_cedit_mare	239.59	622.4
image	dg.4DFC/840c7e9c-8900-4d1d-96667ce99c1e_116	CDS-IMAGE-734258	Automatic	labor_ipse_voluptas	nanos_gigantum_humeris_insidentes	Other	saltus_in_demonstrando	saltus_in_demonstrando	MR	Dragonfly	Dragonfly	combine_tiffs-85	dxxxx.dxi.org/94	Connective subcutaneous and other soft tissues of head face and neck	Macte_animo_Generose_puer_sic_itur_ad_astra	786.59	723.88
image	dg.4DFC/840c7e9c-8900-4d1d-96667ce99c1e_117	CDS-IMAGE-473310	Not applicable	Obedientia_civium_urbis_felicitas	pace_tua	CC BY 3.0    http://creativecommons.org/licenses/by/3.0/	nascentes_morimur_finisque_ab_origine_pendet	faber_est_suae_quisque_fortunae	BDUS	Dragonfly	Dragonfly	combine_tiffs-84	dxxxx.dxi.org/93	Connective subcutaneous and other soft tissues of head face and neck	Obedientia_civium_urbis_felicitas	803.91	106.99
image	dg.4DFC/840c7e9c-8900-4d1d-96667ce99c1e_118	CDS-IMAGE-787121	Automatic	damnant_quod_non_intellegunt	cacatum_non_est_pictum	CC BY 3.0    http://creativecommons.org/licenses/by/3.0/	e_causa_ignota	a_bene_placito	XC	Dragonfly	Dragonfly	combine_tiffs-83	dxxxx.dxi.org/92	Connective subcutaneous and other soft tissues of head face and neck	scientiae_et_patriae	982.98	844.02
image	dg.4DFC/840c7e9c-8900-4d1d-96667ce99c1e_119	CDS-IMAGE-813932	Automatic	cacatum_non_est_pictum	faber_est_suae_quisque_fortunae	CC BY-NC 3.0 https://creativecommons.org/licenses/by-nc/3.0/	pace_tua	scientia_et_sapientia	BI	Dragonfly	Dragonfly	combine_tiffs-82	dxxxx.dxi.org/91	Bone marrow	barba_crescit_caput_nescit	962.2	769.84
image	dg.4DFC/840c7e9c-8900-4d1d-96667ce99c1e_120	CDS-IMAGE-387078	Not applicable	pace_tua	sapiens_qui_prospicit	CC BY 4.0    https://creativecommons.org/licenses/by/4.0/	imperium_in_imperio	haec_olim_meminisse_iuvabit	RESP	Rarecyte;HT;3	Rarecyte;HT;3	combine_tiffs-81	dxxxx.dxi.org/90	Bone marrow	id_quod_plerumque_accidit	796.87	570.69
image	dg.4DFC/840c7e9c-8900-4d1d-96667ce99c1e_121	CDS-IMAGE-864313	Semiautomatic	scientiae_cedit_mare	saltus_in_demonstrando	Other	scientia_imperii_decus_et_tutamen	damnant_quod_non_intellegunt	NM	Rarecyte;HT;3	Rarecyte;HT;3	combine_tiffs-80	dxxxx.dxi.org/89	Bone marrow	cacatum_non_est_pictum	257.28	905.26
image	dg.4DFC/840c7e9c-8900-4d1d-96667ce99c1e_122	CDS-IMAGE-612442	Not applicable	"scientia,_aere_perennius"	a_bene_placito	CC BY 4.0    https://creativecommons.org/licenses/by/4.0/	labor_ipse_voluptas	saltus_in_demonstrando	RF	Rarecyte;HT;3	Rarecyte;HT;3	combine_tiffs-79	dxxxx.dxi.org/88	Breast NOS	nanos_gigantum_humeris_insidentes	840.61	334.38
image	dg.4DFC/840c7e9c-8900-4d1d-96667ce99c1e_123	CDS-IMAGE-901869	Not applicable	id_quod_plerumque_accidit	e_causa_ignota	CC BY-NC 4.0 https://creativecommons.org/licenses/by-nc/4.0/	a_bene_placito	scientia_et_labor	PT	Rarecyte;HT;3	Rarecyte;HT;3	combine_tiffs-78	dxxxx.dxi.org/87	Breast NOS	scientia_et_labor	588.63	50.7
image	dg.4DFC/840c7e9c-8900-4d1d-96667ce99c1e_124	CDS-IMAGE-208893	Not applicable	nanos_gigantum_humeris_insidentes	e_causa_ignota	CC BY-NC 4.0 https://creativecommons.org/licenses/by-nc/4.0/	imperium_in_imperio	scientia_et_sapientia	IO	Rarecyte;HT;3	Rarecyte;HT;3	combine_tiffs-77	dxxxx.dxi.org/86	Breast NOS	sapiens_qui_prospicit	465.21	353.34
image	dg.4DFC/840c7e9c-8900-4d1d-96667ce99c1e_125	CDS-IMAGE-688666	Automatic	saltus_in_demonstrando	nanos_gigantum_humeris_insidentes	CC BY-NC 3.0 https://creativecommons.org/licenses/by-nc/3.0/	haec_olim_meminisse_iuvabit	scientiae_cedit_mare	US	Dragonfly	Dragonfly	combine_tiffs-76	dxxxx.dxi.org/85	Breast NOS	barba_crescit_caput_nescit	866.35	856.41
image	dg.4DFC/840c7e9c-8900-4d1d-96667ce99c1e_126	CDS-IMAGE-945475	Manual	nascentes_morimur_finisque_ab_origine_pendet	scientiae_et_patriae	CC BY-NC 3.0 https://creativecommons.org/licenses/by-nc/3.0/	haec_olim_meminisse_iuvabit	O_Tite_tute_Tati_tibi_tanta_tyranne_tulisti	XA	Dragonfly	Dragonfly	combine_tiffs-75	dxxxx.dxi.org/84	Breast NOS	saltus_in_demonstrando	773.15	35.78
image	dg.4DFC/840c7e9c-8900-4d1d-96667ce99c1e_127	CDS-IMAGE-201384	Semiautomatic	labor_ipse_voluptas	Macte_animo_Generose_puer_sic_itur_ad_astra	CC BY-NC 4.0 https://creativecommons.org/licenses/by-nc/4.0/	cacatum_non_est_pictum	scientiae_et_patriae	OPT	Dragonfly	Dragonfly	combine_tiffs-74	dxxxx.dxi.org/83	Breast NOS	Obedientia_civium_urbis_felicitas	154.11	339.44
image	dg.4DFC/840c7e9c-8900-4d1d-96667ce99c1e_128	CDS-IMAGE-445248	Automatic	cacatum_non_est_pictum	a_bene_placito	CC BY-NC 3.0 https://creativecommons.org/licenses/by-nc/3.0/	Obedientia_civium_urbis_felicitas	Macte_animo_Generose_puer_sic_itur_ad_astra	IVOCT	Dragonfly	Dragonfly	combine_tiffs-73	dxxxx.dxi.org/82	Breast NOS	faber_est_suae_quisque_fortunae	758.8	199.09
image	dg.4DFC/840c7e9c-8900-4d1d-96667ce99c1e_129	CDS-IMAGE-156605	Manual	a_bene_placito	imperium_in_imperio	Other	scientia_et_sapientia	scientia_et_sapientia	DG	Dragonfly	Dragonfly	combine_tiffs-72	dxxxx.dxi.org/81	Breast NOS	e_causa_ignota	58.54	601.23
image	dg.4DFC/840c7e9c-8900-4d1d-96667ce99c1e_130	CDS-IMAGE-774433	Automatic	e_causa_ignota	saltus_in_demonstrando	Other	pace_tua	scientia_et_labor	US	Dragonfly	Dragonfly	combine_tiffs-71	dxxxx.dxi.org/80	Breast NOS	labor_ipse_voluptas	999.66	273.54
image	dg.4DFC/840c7e9c-8900-4d1d-96667ce99c1e_131	CDS-IMAGE-661207	Not applicable	Obedientia_civium_urbis_felicitas	Macte_animo_Generose_puer_sic_itur_ad_astra	CC BY 4.0    https://creativecommons.org/licenses/by/4.0/	haec_olim_meminisse_iuvabit	Macte_animo_Generose_puer_sic_itur_ad_astra	OSS	Hyperion Imaging System	Hyperion Imaging System	combine_tiffs-70	dxxxx.dxi.org/79	Lower-outer quadrant of breast	Macte_animo_Generose_puer_sic_itur_ad_astra	323.55	393.05
image	dg.4DFC/840c7e9c-8900-4d1d-96667ce99c1e_132	CDS-IMAGE-816016	Semiautomatic	sapiens_qui_prospicit	scientia_et_labor	Other	scientia_imperii_decus_et_tutamen	scientia_et_labor	KER	Hyperion Imaging System	Hyperion Imaging System	combine_tiffs-69	dxxxx.dxi.org/78	Lower-outer quadrant of breast	Obedientia_civium_urbis_felicitas	389.34	438.68
image	dg.4DFC/840c7e9c-8900-4d1d-96667ce99c1e_133	CDS-IMAGE-836375	Manual	pace_tua	"scientia,_aere_perennius"	CC BY 3.0    http://creativecommons.org/licenses/by/3.0/	scientia_imperii_decus_et_tutamen	a_bene_placito	IVUS	Hyperion Imaging System	Hyperion Imaging System	combine_tiffs-68	dxxxx.dxi.org/77	Lower-outer quadrant of breast	cacatum_non_est_pictum	524.59	122.44
image	dg.4DFC/840c7e9c-8900-4d1d-96667ce99c1e_134	CDS-IMAGE-540024	Not applicable	O_Tite_tute_Tati_tibi_tanta_tyranne_tulisti	haec_olim_meminisse_iuvabit	CC BY 4.0    https://creativecommons.org/licenses/by/4.0/	imperium_in_imperio	a_bene_placito	BI	PATH-APERIOAT2	PATH-APERIOAT2	combine_tiffs-67	dxxxx.dxi.org/76	Lower-outer quadrant of breast	Macte_animo_Generose_puer_sic_itur_ad_astra	536.01	461.52
image	dg.4DFC/840c7e9c-8900-4d1d-96667ce99c1e_135	CDS-IMAGE-580642	Semiautomatic	Obedientia_civium_urbis_felicitas	nascentes_morimur_finisque_ab_origine_pendet	CC BY-NC 3.0 https://creativecommons.org/licenses/by-nc/3.0/	a_bene_placito	pace_tua	OPTBSV	Hyperion Imaging System	Hyperion Imaging System	combine_tiffs-66	dxxxx.dxi.org/75	Lower-outer quadrant of breast	Gallia_est_omnis_divisa_in_partes_tres	119.5	508.69
image	dg.4DFC/840c7e9c-8900-4d1d-96667ce99c1e_136	CDS-IMAGE-652664	Manual	e_causa_ignota	id_quod_plerumque_accidit	CC BY 4.0    https://creativecommons.org/licenses/by/4.0/	barba_crescit_caput_nescit	saltus_in_demonstrando	EMG	Hyperion Imaging System	Hyperion Imaging System	combine_tiffs-65	dxxxx.dxi.org/74	Lower-outer quadrant of breast	scientia_et_labor	117.54	725.32
image	dg.4DFC/840c7e9c-8900-4d1d-96667ce99c1e_137	CDS-IMAGE-188547	Not applicable	a_bene_placito	e_causa_ignota	Other	O_Tite_tute_Tati_tibi_tanta_tyranne_tulisti	saltus_in_demonstrando	PA	PATH-APERIOAT2	PATH-APERIOAT2	combine_tiffs-64	dxxxx.dxi.org/73	Lower-outer quadrant of breast	Gallia_est_omnis_divisa_in_partes_tres	535.91	927.15
image	dg.4DFC/840c7e9c-8900-4d1d-96667ce99c1e_138	CDS-IMAGE-458035	Automatic	Obedientia_civium_urbis_felicitas	scientia_et_labor	CC BY-NC 4.0 https://creativecommons.org/licenses/by-nc/4.0/	nanos_gigantum_humeris_insidentes	nascentes_morimur_finisque_ab_origine_pendet	OPV	Hyperion Imaging System	Hyperion Imaging System	combine_tiffs-63	dxxxx.dxi.org/72	Lower-outer quadrant of breast	sapiens_qui_prospicit	457.2	687.78
image	dg.4DFC/840c7e9c-8900-4d1d-96667ce99c1e_139	CDS-IMAGE-643090	Automatic	O_Tite_tute_Tati_tibi_tanta_tyranne_tulisti	cacatum_non_est_pictum	CC BY 4.0    https://creativecommons.org/licenses/by/4.0/	faber_est_suae_quisque_fortunae	haec_olim_meminisse_iuvabit	BDUS	PATH-APERIOAT2	PATH-APERIOAT2	combine_tiffs-62	dxxxx.dxi.org/71	Lower-outer quadrant of breast	barba_crescit_caput_nescit	970.92	535.39
image	dg.4DFC/840c7e9c-8900-4d1d-96667ce99c1e_140	CDS-IMAGE-291743	Automatic	O_Tite_tute_Tati_tibi_tanta_tyranne_tulisti	haec_olim_meminisse_iuvabit	CC BY 3.0    http://creativecommons.org/licenses/by/3.0/	scientia_et_sapientia	barba_crescit_caput_nescit	OSS	PATH-APERIOAT2	PATH-APERIOAT2	combine_tiffs-61	dxxxx.dxi.org/70	Lower-outer quadrant of breast	O_Tite_tute_Tati_tibi_tanta_tyranne_tulisti	551.24	354.86
image	dg.4DFC/840c7e9c-8900-4d1d-96667ce99c1e_141	CDS-IMAGE-761451	Automatic	sapiens_qui_prospicit	damnant_quod_non_intellegunt	CC BY 3.0    http://creativecommons.org/licenses/by/3.0/	haec_olim_meminisse_iuvabit	O_Tite_tute_Tati_tibi_tanta_tyranne_tulisti	DG	Hyperion Imaging System	Hyperion Imaging System	combine_tiffs-60	dxxxx.dxi.org/69	Upper-outer quadrant of breast	scientiae_et_patriae	541.45	64.48
image	dg.4DFC/840c7e9c-8900-4d1d-96667ce99c1e_142	CDS-IMAGE-233732	Semiautomatic	scientia_et_labor	"scientia,_aere_perennius"	CC BY 3.0    http://creativecommons.org/licenses/by/3.0/	scientiae_et_patriae	damnant_quod_non_intellegunt	AR	Hyperion Imaging System	Hyperion Imaging System	combine_tiffs-59	dxxxx.dxi.org/68	Upper-outer quadrant of breast	barba_crescit_caput_nescit	175.85	734.74
image	dg.4DFC/840c7e9c-8900-4d1d-96667ce99c1e_143	CDS-IMAGE-231108	Manual	scientiae_cedit_mare	O_Tite_tute_Tati_tibi_tanta_tyranne_tulisti	CC BY-NC 3.0 https://creativecommons.org/licenses/by-nc/3.0/	Macte_animo_Generose_puer_sic_itur_ad_astra	scientiae_cedit_mare	KER	Hyperion Imaging System	Hyperion Imaging System	combine_tiffs-58	dxxxx.dxi.org/67	Upper-outer quadrant of breast	Gallia_est_omnis_divisa_in_partes_tres	270.94	263.46
image	dg.4DFC/840c7e9c-8900-4d1d-96667ce99c1e_144	CDS-IMAGE-691994	Automatic	O_Tite_tute_Tati_tibi_tanta_tyranne_tulisti	Macte_animo_Generose_puer_sic_itur_ad_astra	CC BY 4.0    https://creativecommons.org/licenses/by/4.0/	barba_crescit_caput_nescit	Macte_animo_Generose_puer_sic_itur_ad_astra	OPTENF	PATH-APERIOAT2	PATH-APERIOAT2	combine_tiffs-57	dxxxx.dxi.org/66	Upper-outer quadrant of breast	scientiae_et_patriae	555.16	324.49
image	dg.4DFC/840c7e9c-8900-4d1d-96667ce99c1e_145	CDS-IMAGE-786924	Manual	O_Tite_tute_Tati_tibi_tanta_tyranne_tulisti	"scientia,_aere_perennius"	Other	"scientia,_aere_perennius"	scientia_et_sapientia	DX	PATH-APERIOAT2	PATH-APERIOAT2	combine_tiffs-56	dxxxx.dxi.org/65	Upper-outer quadrant of breast	nanos_gigantum_humeris_insidentes	137.94	23.62
image	dg.4DFC/840c7e9c-8900-4d1d-96667ce99c1e_146	CDS-IMAGE-716607	Manual	labor_ipse_voluptas	imperium_in_imperio	CC BY 4.0    https://creativecommons.org/licenses/by/4.0/	Gallia_est_omnis_divisa_in_partes_tres	"scientia,_aere_perennius"	DMS	PATH-APERIOAT2	PATH-APERIOAT2	combine_tiffs-55	dxxxx.dxi.org/64	Upper-outer quadrant of breast	nascentes_morimur_finisque_ab_origine_pendet	738.31	332.94
image	dg.4DFC/840c7e9c-8900-4d1d-96667ce99c1e_147	CDS-IMAGE-171852	Automatic	scientia_et_labor	scientiae_et_patriae	CC BY-NC 3.0 https://creativecommons.org/licenses/by-nc/3.0/	e_causa_ignota	Gallia_est_omnis_divisa_in_partes_tres	XA	PATH-APERIOAT2	PATH-APERIOAT2	combine_tiffs-54	dxxxx.dxi.org/63	Upper-outer quadrant of breast	imperium_in_imperio	371.12	512.8
image	dg.4DFC/840c7e9c-8900-4d1d-96667ce99c1e_148	CDS-IMAGE-581842	Semiautomatic	scientiae_et_patriae	faber_est_suae_quisque_fortunae	CC BY-NC 3.0 https://creativecommons.org/licenses/by-nc/3.0/	scientia_et_sapientia	a_bene_placito	OSS	PATH-APERIOAT2	PATH-APERIOAT2	combine_tiffs-53	dxxxx.dxi.org/62	Breast NOS	cacatum_non_est_pictum	676.01	882.94
image	dg.4DFC/840c7e9c-8900-4d1d-96667ce99c1e_149	CDS-IMAGE-570169	Not applicable	scientia_et_sapientia	damnant_quod_non_intellegunt	CC BY-NC 4.0 https://creativecommons.org/licenses/by-nc/4.0/	saltus_in_demonstrando	Macte_animo_Generose_puer_sic_itur_ad_astra	CR	PATH-APERIOAT2	PATH-APERIOAT2	combine_tiffs-52	dxxxx.dxi.org/61	Breast NOS	labor_ipse_voluptas	661.94	34.19
image	dg.4DFC/840c7e9c-8900-4d1d-96667ce99c1e_150	CDS-IMAGE-917365	Semiautomatic	Obedientia_civium_urbis_felicitas	salus_in_arduis	Other	faber_est_suae_quisque_fortunae	id_quod_plerumque_accidit	XC	PATH-APERIOAT2	PATH-APERIOAT2	combine_tiffs-51	dxxxx.dxi.org/60	Breast NOS	scientiae_et_patriae	151.33	982.96
image	dg.4DFC/840c7e9c-8900-4d1d-96667ce99c1e_151	CDS-IMAGE-263335	Not applicable	scientia_imperii_decus_et_tutamen	barba_crescit_caput_nescit	CC BY 3.0    http://creativecommons.org/licenses/by/3.0/	damnant_quod_non_intellegunt	scientiae_cedit_mare	OPT	PATH-APERIOAT2	PATH-APERIOAT2	combine_tiffs-50	dxxxx.dxi.org/59	Breast NOS	scientia_et_sapientia	322.59	660.69
image	dg.4DFC/840c7e9c-8900-4d1d-96667ce99c1e_152	CDS-IMAGE-222866	Manual	damnant_quod_non_intellegunt	e_causa_ignota	CC BY-NC 3.0 https://creativecommons.org/licenses/by-nc/3.0/	Gallia_est_omnis_divisa_in_partes_tres	damnant_quod_non_intellegunt	XC	PATH-APERIOAT2	PATH-APERIOAT2	combine_tiffs-49	dxxxx.dxi.org/58	Breast NOS	saltus_in_demonstrando	137.8	212.72
image	dg.4DFC/840c7e9c-8900-4d1d-96667ce99c1e_153	CDS-IMAGE-192965	Manual	Gallia_est_omnis_divisa_in_partes_tres	Gallia_est_omnis_divisa_in_partes_tres	CC BY 3.0    http://creativecommons.org/licenses/by/3.0/	scientia_et_labor	e_causa_ignota	PA	PATH-APERIOAT2	PATH-APERIOAT2	combine_tiffs-48	dxxxx.dxi.org/57	Upper-inner quadrant of breast	pace_tua	575.85	15.82
image	dg.4DFC/840c7e9c-8900-4d1d-96667ce99c1e_154	CDS-IMAGE-890680	Automatic	scientiae_cedit_mare	nascentes_morimur_finisque_ab_origine_pendet	CC BY-NC 4.0 https://creativecommons.org/licenses/by-nc/4.0/	barba_crescit_caput_nescit	Gallia_est_omnis_divisa_in_partes_tres	PA	PATH-APERIOAT2	PATH-APERIOAT2	combine_tiffs-47	dxxxx.dxi.org/56	Upper-inner quadrant of breast	O_Tite_tute_Tati_tibi_tanta_tyranne_tulisti	776.65	953.57
image	dg.4DFC/840c7e9c-8900-4d1d-96667ce99c1e_155	CDS-IMAGE-675466	Manual	scientia_imperii_decus_et_tutamen	barba_crescit_caput_nescit	Other	salus_in_arduis	sapiens_qui_prospicit	ECG	PATH-APERIOAT2	PATH-APERIOAT2	combine_tiffs-46	dxxxx.dxi.org/55	Overlapping lesion of breast	sapiens_qui_prospicit	323.12	540.65
image	dg.4DFC/840c7e9c-8900-4d1d-96667ce99c1e_156	CDS-IMAGE-582826	Automatic	barba_crescit_caput_nescit	O_Tite_tute_Tati_tibi_tanta_tyranne_tulisti	CC BY 3.0    http://creativecommons.org/licenses/by/3.0/	Obedientia_civium_urbis_felicitas	cacatum_non_est_pictum	OAM	PATH-APERIOAT2	PATH-APERIOAT2	combine_tiffs-45	dxxxx.dxi.org/54	Overlapping lesion of breast	haec_olim_meminisse_iuvabit	103.6	584.43
image	dg.4DFC/840c7e9c-8900-4d1d-96667ce99c1e_157	CDS-IMAGE-102545	Not applicable	scientia_et_labor	haec_olim_meminisse_iuvabit	CC BY 3.0    http://creativecommons.org/licenses/by/3.0/	pace_tua	saltus_in_demonstrando	HD	PATH-APERIOAT2	PATH-APERIOAT2	combine_tiffs-44	dxxxx.dxi.org/53	Overlapping lesion of breast	cacatum_non_est_pictum	56.31	720.75
image	dg.4DFC/840c7e9c-8900-4d1d-96667ce99c1e_158	CDS-IMAGE-532815	Not applicable	haec_olim_meminisse_iuvabit	salus_in_arduis	CC BY-NC 3.0 https://creativecommons.org/licenses/by-nc/3.0/	damnant_quod_non_intellegunt	a_bene_placito	PX	PATH-APERIOAT2	PATH-APERIOAT2	combine_tiffs-43	dxxxx.dxi.org/52	Overlapping lesion of breast	"scientia,_aere_perennius"	123.9	376.16
image	dg.4DFC/840c7e9c-8900-4d1d-96667ce99c1e_159	CDS-IMAGE-121773	Automatic	O_Tite_tute_Tati_tibi_tanta_tyranne_tulisti	salus_in_arduis	Other	labor_ipse_voluptas	scientiae_cedit_mare	ECG	PATH-APERIOAT2	PATH-APERIOAT2	combine_tiffs-42	dxxxx.dxi.org/51	Upper-outer quadrant of breast	scientia_et_labor	167.56	406.26
image	dg.4DFC/840c7e9c-8900-4d1d-96667ce99c1e_160	CDS-IMAGE-507252	Semiautomatic	a_bene_placito	nascentes_morimur_finisque_ab_origine_pendet	CC BY-NC 3.0 https://creativecommons.org/licenses/by-nc/3.0/	nanos_gigantum_humeris_insidentes	faber_est_suae_quisque_fortunae	MR	Hyperion Imaging System	Hyperion Imaging System	combine_tiffs-41	dxxxx.dxi.org/50	Upper-outer quadrant of breast	salus_in_arduis	703.99	586.91
image	dg.4DFC/840c7e9c-8900-4d1d-96667ce99c1e_161	CDS-IMAGE-571853	Automatic	a_bene_placito	"scientia,_aere_perennius"	Other	scientiae_et_patriae	scientia_et_sapientia	RTIMAGE	Hyperion Imaging System	Hyperion Imaging System	combine_tiffs-40	dxxxx.dxi.org/49	Lower-outer quadrant of breast	damnant_quod_non_intellegunt	618.43	338.42
image	dg.4DFC/840c7e9c-8900-4d1d-96667ce99c1e_162	CDS-IMAGE-107421	Not applicable	id_quod_plerumque_accidit	id_quod_plerumque_accidit	Other	e_causa_ignota	Gallia_est_omnis_divisa_in_partes_tres	OAM	PATH-APERIOAT2	PATH-APERIOAT2	combine_tiffs-39	dxxxx.dxi.org/48	Lower-outer quadrant of breast	O_Tite_tute_Tati_tibi_tanta_tyranne_tulisti	656.58	605.6
image	dg.4DFC/840c7e9c-8900-4d1d-96667ce99c1e_163	CDS-IMAGE-259739	Manual	haec_olim_meminisse_iuvabit	imperium_in_imperio	Other	barba_crescit_caput_nescit	saltus_in_demonstrando	RF	PATH-APERIOAT2	PATH-APERIOAT2	combine_tiffs-38	dxxxx.dxi.org/47	Lower-outer quadrant of breast	faber_est_suae_quisque_fortunae	49.19	989.32
image	dg.4DFC/840c7e9c-8900-4d1d-96667ce99c1e_164	CDS-IMAGE-946198	Not applicable	salus_in_arduis	scientia_imperii_decus_et_tutamen	CC BY-NC 4.0 https://creativecommons.org/licenses/by-nc/4.0/	scientia_et_sapientia	Gallia_est_omnis_divisa_in_partes_tres	OPTENF	Hyperion Imaging System	Hyperion Imaging System	combine_tiffs-37	dxxxx.dxi.org/46	Lower-outer quadrant of breast	faber_est_suae_quisque_fortunae	399.73	934.35
image	dg.4DFC/840c7e9c-8900-4d1d-96667ce99c1e_165	CDS-IMAGE-943611	Manual	pace_tua	id_quod_plerumque_accidit	CC BY 3.0    http://creativecommons.org/licenses/by/3.0/	sapiens_qui_prospicit	barba_crescit_caput_nescit	BDUS	Hyperion Imaging System	Hyperion Imaging System	combine_tiffs-36	dxxxx.dxi.org/45	Lower-outer quadrant of breast	O_Tite_tute_Tati_tibi_tanta_tyranne_tulisti	611.65	110
image	dg.4DFC/840c7e9c-8900-4d1d-96667ce99c1e_166	CDS-IMAGE-921152	Automatic	labor_ipse_voluptas	pace_tua	CC BY-NC 4.0 https://creativecommons.org/licenses/by-nc/4.0/	sapiens_qui_prospicit	saltus_in_demonstrando	KER	PATH-APERIOAT2	PATH-APERIOAT2	combine_tiffs-35	dxxxx.dxi.org/44	Lower-outer quadrant of breast	e_causa_ignota	917.66	338.98
image	dg.4DFC/840c7e9c-8900-4d1d-96667ce99c1e_167	CDS-IMAGE-717772	Semiautomatic	saltus_in_demonstrando	sapiens_qui_prospicit	CC BY 4.0    https://creativecommons.org/licenses/by/4.0/	scientia_imperii_decus_et_tutamen	damnant_quod_non_intellegunt	OPTBSV	Hyperion Imaging System	Hyperion Imaging System	combine_tiffs-34	dxxxx.dxi.org/43	Upper-outer quadrant of breast	scientia_et_labor	592.16	713.75
image	dg.4DFC/840c7e9c-8900-4d1d-96667ce99c1e_168	CDS-IMAGE-158646	Not applicable	scientia_imperii_decus_et_tutamen	nanos_gigantum_humeris_insidentes	CC BY-NC 4.0 https://creativecommons.org/licenses/by-nc/4.0/	sapiens_qui_prospicit	damnant_quod_non_intellegunt	OPTBSV	Hyperion Imaging System	Hyperion Imaging System	combine_tiffs-33	dxxxx.dxi.org/42	Upper-outer quadrant of breast	Gallia_est_omnis_divisa_in_partes_tres	638.9	763.41
image	dg.4DFC/840c7e9c-8900-4d1d-96667ce99c1e_169	CDS-IMAGE-845246	Not applicable	Obedientia_civium_urbis_felicitas	barba_crescit_caput_nescit	CC BY 4.0    https://creativecommons.org/licenses/by/4.0/	e_causa_ignota	Obedientia_civium_urbis_felicitas	KER	Hyperion Imaging System	Hyperion Imaging System	combine_tiffs-32	dxxxx.dxi.org/41	Upper-outer quadrant of breast	pace_tua	789.19	684.52
image	dg.4DFC/840c7e9c-8900-4d1d-96667ce99c1e_170	CDS-IMAGE-986434	Not applicable	nascentes_morimur_finisque_ab_origine_pendet	cacatum_non_est_pictum	CC BY 4.0    https://creativecommons.org/licenses/by/4.0/	scientiae_et_patriae	id_quod_plerumque_accidit	EPS	Hyperion Imaging System	Hyperion Imaging System	combine_tiffs-31	dxxxx.dxi.org/40	Upper-outer quadrant of breast	scientia_et_sapientia	549.78	59.63
image	dg.4DFC/840c7e9c-8900-4d1d-96667ce99c1e_171	CDS-IMAGE-319142	Manual	nanos_gigantum_humeris_insidentes	scientia_et_sapientia	CC BY-NC 4.0 https://creativecommons.org/licenses/by-nc/4.0/	O_Tite_tute_Tati_tibi_tanta_tyranne_tulisti	nanos_gigantum_humeris_insidentes	HD	Hyperion Imaging System	Hyperion Imaging System	combine_tiffs-30	dxxxx.dxi.org/39	Upper-outer quadrant of breast	nascentes_morimur_finisque_ab_origine_pendet	304.16	664.96
image	dg.4DFC/840c7e9c-8900-4d1d-96667ce99c1e_172	CDS-IMAGE-123706	Automatic	nascentes_morimur_finisque_ab_origine_pendet	sapiens_qui_prospicit	CC BY-NC 4.0 https://creativecommons.org/licenses/by-nc/4.0/	cacatum_non_est_pictum	id_quod_plerumque_accidit	CFM	Hyperion Imaging System	Hyperion Imaging System	combine_tiffs-29	dxxxx.dxi.org/38	Breast NOS	sapiens_qui_prospicit	135.11	745.84
image	dg.4DFC/840c7e9c-8900-4d1d-96667ce99c1e_173	CDS-IMAGE-408748	Manual	nanos_gigantum_humeris_insidentes	scientiae_et_patriae	CC BY 3.0    http://creativecommons.org/licenses/by/3.0/	barba_crescit_caput_nescit	haec_olim_meminisse_iuvabit	OSS	Hyperion Imaging System	Hyperion Imaging System	combine_tiffs-28	dxxxx.dxi.org/37	Breast NOS	"scientia,_aere_perennius"	895.7	334.09
image	dg.4DFC/840c7e9c-8900-4d1d-96667ce99c1e_174	CDS-IMAGE-651212	Not applicable	damnant_quod_non_intellegunt	damnant_quod_non_intellegunt	CC BY-NC 3.0 https://creativecommons.org/licenses/by-nc/3.0/	O_Tite_tute_Tati_tibi_tanta_tyranne_tulisti	haec_olim_meminisse_iuvabit	XC	Hyperion Imaging System	Hyperion Imaging System	combine_tiffs-27	dxxxx.dxi.org/36	Mediastinum NOS	scientia_et_sapientia	288.93	643.27
image	dg.4DFC/840c7e9c-8900-4d1d-96667ce99c1e_175	CDS-IMAGE-643650	Manual	sapiens_qui_prospicit	Macte_animo_Generose_puer_sic_itur_ad_astra	CC BY-NC 4.0 https://creativecommons.org/licenses/by-nc/4.0/	Gallia_est_omnis_divisa_in_partes_tres	salus_in_arduis	DX	Hyperion Imaging System	Hyperion Imaging System	combine_tiffs-26	dxxxx.dxi.org/35	Mediastinum NOS	salus_in_arduis	782.29	167.57
image	dg.4DFC/840c7e9c-8900-4d1d-96667ce99c1e_176	CDS-IMAGE-406175	Semiautomatic	salus_in_arduis	scientia_imperii_decus_et_tutamen	CC BY-NC 4.0 https://creativecommons.org/licenses/by-nc/4.0/	e_causa_ignota	saltus_in_demonstrando	BDUS	Hyperion Imaging System	Hyperion Imaging System	combine_tiffs-25	dxxxx.dxi.org/34	Mediastinum NOS	e_causa_ignota	222.85	197.12
image	dg.4DFC/840c7e9c-8900-4d1d-96667ce99c1e_177	CDS-IMAGE-339971	Manual	scientiae_et_patriae	haec_olim_meminisse_iuvabit	CC BY 4.0    https://creativecommons.org/licenses/by/4.0/	e_causa_ignota	scientia_imperii_decus_et_tutamen	AR	Hyperion Imaging System	Hyperion Imaging System	combine_tiffs-24	dxxxx.dxi.org/33	Paraspinal	"scientia,_aere_perennius"	497.65	96.76
image	dg.4DFC/840c7e9c-8900-4d1d-96667ce99c1e_178	CDS-IMAGE-197099	Manual	faber_est_suae_quisque_fortunae	Gallia_est_omnis_divisa_in_partes_tres	CC BY 3.0    http://creativecommons.org/licenses/by/3.0/	salus_in_arduis	labor_ipse_voluptas	XA	Hyperion Imaging System	Hyperion Imaging System	combine_tiffs-23	dxxxx.dxi.org/32	Paraspinal	scientiae_cedit_mare	445.26	855.21
image	dg.4DFC/840c7e9c-8900-4d1d-96667ce99c1e_179	CDS-IMAGE-942505	Automatic	id_quod_plerumque_accidit	scientiae_et_patriae	CC BY 3.0    http://creativecommons.org/licenses/by/3.0/	barba_crescit_caput_nescit	saltus_in_demonstrando	IVUS	Hyperion Imaging System	Hyperion Imaging System	combine_tiffs-22	dxxxx.dxi.org/31	Paraspinal	labor_ipse_voluptas	976.75	621.79
image	dg.4DFC/840c7e9c-8900-4d1d-96667ce99c1e_180	CDS-IMAGE-266115	Manual	O_Tite_tute_Tati_tibi_tanta_tyranne_tulisti	scientia_imperii_decus_et_tutamen	CC BY 4.0    https://creativecommons.org/licenses/by/4.0/	damnant_quod_non_intellegunt	nanos_gigantum_humeris_insidentes	OAM	Hyperion Imaging System	Hyperion Imaging System	combine_tiffs-21	dxxxx.dxi.org/30	Mediastinum NOS	barba_crescit_caput_nescit	16.91	285.38
image	dg.4DFC/840c7e9c-8900-4d1d-96667ce99c1e_181	CDS-IMAGE-928372	Automatic	sapiens_qui_prospicit	faber_est_suae_quisque_fortunae	CC BY-NC 4.0 https://creativecommons.org/licenses/by-nc/4.0/	"scientia,_aere_perennius"	O_Tite_tute_Tati_tibi_tanta_tyranne_tulisti	EEG	PATH-APERIOAT2	PATH-APERIOAT2	combine_tiffs-20	dxxxx.dxi.org/29	Mediastinum NOS	cacatum_non_est_pictum	209.59	405.56
image	dg.4DFC/840c7e9c-8900-4d1d-96667ce99c1e_182	CDS-IMAGE-998258	Not applicable	saltus_in_demonstrando	scientiae_et_patriae	CC BY-NC 4.0 https://creativecommons.org/licenses/by-nc/4.0/	id_quod_plerumque_accidit	pace_tua	HD	Hyperion Imaging System	Hyperion Imaging System	combine_tiffs-19	dxxxx.dxi.org/28	Mediastinum NOS	imperium_in_imperio	598.6	551.45
image	dg.4DFC/840c7e9c-8900-4d1d-96667ce99c1e_183	CDS-IMAGE-188505	Automatic	scientiae_cedit_mare	labor_ipse_voluptas	Other	haec_olim_meminisse_iuvabit	labor_ipse_voluptas	OAM	Hyperion Imaging System	Hyperion Imaging System	combine_tiffs-18	dxxxx.dxi.org/27	Adrenal gland NOS	barba_crescit_caput_nescit	929.44	264.11
image	dg.4DFC/840c7e9c-8900-4d1d-96667ce99c1e_184	CDS-IMAGE-672501	Not applicable	nascentes_morimur_finisque_ab_origine_pendet	a_bene_placito	CC BY 4.0    https://creativecommons.org/licenses/by/4.0/	nascentes_morimur_finisque_ab_origine_pendet	faber_est_suae_quisque_fortunae	CR	Hyperion Imaging System	Hyperion Imaging System	combine_tiffs-17	dxxxx.dxi.org/26	Adrenal gland NOS	Macte_animo_Generose_puer_sic_itur_ad_astra	926.73	100.86
image	dg.4DFC/840c7e9c-8900-4d1d-96667ce99c1e_185	CDS-IMAGE-901102	Automatic	pace_tua	id_quod_plerumque_accidit	CC BY 4.0    https://creativecommons.org/licenses/by/4.0/	"scientia,_aere_perennius"	faber_est_suae_quisque_fortunae	LS	PATH-APERIOAT2	PATH-APERIOAT2	combine_tiffs-16	dxxxx.dxi.org/25	Adrenal gland NOS	scientia_imperii_decus_et_tutamen	429.94	619.68
image	dg.4DFC/840c7e9c-8900-4d1d-96667ce99c1e_186	CDS-IMAGE-717235	Automatic	cacatum_non_est_pictum	Macte_animo_Generose_puer_sic_itur_ad_astra	CC BY-NC 3.0 https://creativecommons.org/licenses/by-nc/3.0/	cacatum_non_est_pictum	e_causa_ignota	OPT	PATH-APERIOAT2	PATH-APERIOAT2	combine_tiffs-15	dxxxx.dxi.org/24	Adrenal gland NOS	scientiae_et_patriae	10.77	109.6
image	dg.4DFC/840c7e9c-8900-4d1d-96667ce99c1e_187	CDS-IMAGE-465186	Semiautomatic	imperium_in_imperio	damnant_quod_non_intellegunt	CC BY 4.0    https://creativecommons.org/licenses/by/4.0/	scientia_imperii_decus_et_tutamen	nascentes_morimur_finisque_ab_origine_pendet	ECG	PATH-APERIOAT2	PATH-APERIOAT2	combine_tiffs-14	dxxxx.dxi.org/23	Adrenal gland NOS	pace_tua	438.52	67.45
image	dg.4DFC/840c7e9c-8900-4d1d-96667ce99c1e_188	CDS-IMAGE-845752	Semiautomatic	faber_est_suae_quisque_fortunae	cacatum_non_est_pictum	Other	sapiens_qui_prospicit	id_quod_plerumque_accidit	EEG	PATH-APERIOAT2	PATH-APERIOAT2	combine_tiffs-13	dxxxx.dxi.org/22	Adrenal gland NOS	Gallia_est_omnis_divisa_in_partes_tres	76.42	361.53
image	dg.4DFC/840c7e9c-8900-4d1d-96667ce99c1e_189	CDS-IMAGE-884166	Semiautomatic	nascentes_morimur_finisque_ab_origine_pendet	Gallia_est_omnis_divisa_in_partes_tres	Other	scientia_imperii_decus_et_tutamen	e_causa_ignota	DMS	PATH-APERIOAT2	PATH-APERIOAT2	combine_tiffs-12	dxxxx.dxi.org/21	Paraspinal	scientia_et_sapientia	860.3	684.5
image	dg.4DFC/840c7e9c-8900-4d1d-96667ce99c1e_190	CDS-IMAGE-520329	Manual	barba_crescit_caput_nescit	scientia_et_sapientia	CC BY-NC 4.0 https://creativecommons.org/licenses/by-nc/4.0/	salus_in_arduis	scientia_imperii_decus_et_tutamen	XC	PATH-APERIOAT2	PATH-APERIOAT2	combine_tiffs-11	dxxxx.dxi.org/20	Paraspinal	barba_crescit_caput_nescit	286.49	56.89
image	dg.4DFC/840c7e9c-8900-4d1d-96667ce99c1e_191	CDS-IMAGE-517311	Manual	faber_est_suae_quisque_fortunae	nascentes_morimur_finisque_ab_origine_pendet	CC BY-NC 3.0 https://creativecommons.org/licenses/by-nc/3.0/	saltus_in_demonstrando	scientiae_cedit_mare	RG	PATH-APERIOAT2	PATH-APERIOAT2	combine_tiffs-10	dxxxx.dxi.org/19	Paraspinal	Macte_animo_Generose_puer_sic_itur_ad_astra	616.08	457.25
image	dg.4DFC/840c7e9c-8900-4d1d-96667ce99c1e_192	CDS-IMAGE-326269	Automatic	scientiae_cedit_mare	"scientia,_aere_perennius"	CC BY-NC 4.0 https://creativecommons.org/licenses/by-nc/4.0/	scientia_et_sapientia	scientia_imperii_decus_et_tutamen	DG	PATH-APERIOAT2	PATH-APERIOAT2	combine_tiffs-9	dxxxx.dxi.org/18	Paraspinal	Obedientia_civium_urbis_felicitas	304.58	927.12
image	dg.4DFC/840c7e9c-8900-4d1d-96667ce99c1e_193	CDS-IMAGE-145573	Manual	imperium_in_imperio	Obedientia_civium_urbis_felicitas	CC BY 3.0    http://creativecommons.org/licenses/by/3.0/	nanos_gigantum_humeris_insidentes	scientiae_et_patriae	CR	Hyperion Imaging System	Hyperion Imaging System	combine_tiffs-8	dxxxx.dxi.org/17	Paraspinal	nascentes_morimur_finisque_ab_origine_pendet	530.42	89.4
image	dg.4DFC/840c7e9c-8900-4d1d-96667ce99c1e_194	CDS-IMAGE-734092	Semiautomatic	sapiens_qui_prospicit	nascentes_morimur_finisque_ab_origine_pendet	CC BY-NC 4.0 https://creativecommons.org/licenses/by-nc/4.0/	scientiae_cedit_mare	pace_tua	BDUS	Hyperion Imaging System	Hyperion Imaging System	combine_tiffs-7	dxxxx.dxi.org/16	Paraspinal	"scientia,_aere_perennius"	663.24	897.96
image	dg.4DFC/840c7e9c-8900-4d1d-96667ce99c1e_195	CDS-IMAGE-686576	Manual	pace_tua	scientia_et_labor	CC BY 4.0    https://creativecommons.org/licenses/by/4.0/	saltus_in_demonstrando	pace_tua	TG	PATH-APERIOAT2	PATH-APERIOAT2	combine_tiffs-6	dxxxx.dxi.org/15	Adrenal gland NOS	barba_crescit_caput_nescit	435.1	715.8
image	dg.4DFC/840c7e9c-8900-4d1d-96667ce99c1e_196	CDS-IMAGE-789062	Automatic	scientiae_et_patriae	scientia_imperii_decus_et_tutamen	CC BY 3.0    http://creativecommons.org/licenses/by/3.0/	"scientia,_aere_perennius"	a_bene_placito	EPS	Hyperion Imaging System	Hyperion Imaging System	combine_tiffs-5	dxxxx.dxi.org/14	Adrenal gland NOS	id_quod_plerumque_accidit	368.12	914.28
image	dg.4DFC/840c7e9c-8900-4d1d-96667ce99c1e_197	CDS-IMAGE-154021	Not applicable	e_causa_ignota	labor_ipse_voluptas	Other	salus_in_arduis	nanos_gigantum_humeris_insidentes	OAM	Hyperion Imaging System	Hyperion Imaging System	combine_tiffs-4	dxxxx.dxi.org/13	Adrenal gland NOS	Gallia_est_omnis_divisa_in_partes_tres	286.09	510.39
image	dg.4DFC/840c7e9c-8900-4d1d-96667ce99c1e_198	CDS-IMAGE-355320	Automatic	"scientia,_aere_perennius"	Gallia_est_omnis_divisa_in_partes_tres	CC BY 4.0    https://creativecommons.org/licenses/by/4.0/	labor_ipse_voluptas	imperium_in_imperio	OPM	Hyperion Imaging System	Hyperion Imaging System	combine_tiffs-3	dxxxx.dxi.org/12	Adrenal gland NOS	"scientia,_aere_perennius"	55.61	72.03
image	dg.4DFC/840c7e9c-8900-4d1d-96667ce99c1e_199	CDS-IMAGE-721674	Semiautomatic	e_causa_ignota	Obedientia_civium_urbis_felicitas	CC BY-NC 3.0 https://creativecommons.org/licenses/by-nc/3.0/	Gallia_est_omnis_divisa_in_partes_tres	scientia_et_labor	PX	Hyperion Imaging System	Hyperion Imaging System	combine_tiffs-2	dxxxx.dxi.org/11	Adrenal gland NOS	faber_est_suae_quisque_fortunae	439.97	253.56
image	dg.4DFC/840c7e9c-8900-4d1d-96667ce99c1e_200	CDS-IMAGE-197450	Semiautomatic	labor_ipse_voluptas	labor_ipse_voluptas	Other	cacatum_non_est_pictum	scientiae_cedit_mare	EMG	Hyperion Imaging System	Hyperion Imaging System	combine_tiffs-1	dxxxx.dxi.org/10	Adrenal gland NOS	saltus_in_demonstrando	754.75	231