type	sample.sample_id	Characterization_ID	Characterization_Assay_Type	Characterization_Name	crdc_id
Characterization	GC-BIOS-358081	GC-CHARACTERIZATION-261248	saltus_in_demonstrando	scientiae_cedit_mare	Gallia_est_omnis_divisa_in_partes_tres
Characterization	GC-BIOS-852001	GC-CHARACTERIZATION-824243	scientia,_aere_perennius	scientia_et_labor	scientia_et_sapientia
Characterization	GC-BIOS-995549	GC-CHARACTERIZATION-574248	labor_ipse_voluptas	cacatum_non_est_pictum	faber_est_suae_quisque_fortunae
Characterization	GC-BIOS-922881	GC-CHARACTERIZATION-162287	Gallia_est_omnis_divisa_in_partes_tres	sapiens_qui_prospicit	barba_crescit_caput_nescit
Characterization	GC-BIOS-143816	GC-CHARACTERIZATION-743542	Obedientia_civium_urbis_felicitas	e_causa_ignota	haec_olim_meminisse_iuvabit
Characterization	GC-BIOS-841708	GC-CHARACTERIZATION-532701	nascentes_morimur_finisque_ab_origine_pendet	nanos_gigantum_humeris_insidentes	scientia_imperii_decus_et_tutamen
Characterization	GC-BIOS-790776	GC-CHARACTERIZATION-350271	salus_in_arduis	labor_ipse_voluptas	barba_crescit_caput_nescit
Characterization	GC-BIOS-152247	GC-CHARACTERIZATION-345484	haec_olim_meminisse_iuvabit	pace_tua	saltus_in_demonstrando
Characterization	GC-BIOS-209216	GC-CHARACTERIZATION-148920	saltus_in_demonstrando	salus_in_arduis	barba_crescit_caput_nescit
Characterization	GC-BIOS-636894	GC-CHARACTERIZATION-820962	scientia_et_labor	haec_olim_meminisse_iuvabit	nanos_gigantum_humeris_insidentes
Characterization	GC-BIOS-346236	GC-CHARACTERIZATION-276519	cacatum_non_est_pictum	barba_crescit_caput_nescit	scientiae_et_patriae
Characterization	GC-BIOS-190231	GC-CHARACTERIZATION-386478	barba_crescit_caput_nescit	haec_olim_meminisse_iuvabit	nanos_gigantum_humeris_insidentes
Characterization	GC-BIOS-856862	GC-CHARACTERIZATION-256104	pace_tua	O_Tite_tute_Tati_tibi_tanta_tyranne_tulisti	nascentes_morimur_finisque_ab_origine_pendet
Characterization	GC-BIOS-815449	GC-CHARACTERIZATION-152015	barba_crescit_caput_nescit	labor_ipse_voluptas	Macte_animo_Generose_puer_sic_itur_ad_astra
Characterization	GC-BIOS-339905	GC-CHARACTERIZATION-966698	saltus_in_demonstrando	Gallia_est_omnis_divisa_in_partes_tres	barba_crescit_caput_nescit
Characterization	GC-BIOS-738099	GC-CHARACTERIZATION-806232	labor_ipse_voluptas	scientia_et_labor	scientia,_aere_perennius
Characterization	GC-BIOS-482353	GC-CHARACTERIZATION-339677	scientia_et_sapientia	faber_est_suae_quisque_fortunae	imperium_in_imperio
Characterization	GC-BIOS-920490	GC-CHARACTERIZATION-534865	pace_tua	scientia_et_labor	e_causa_ignota
Characterization	GC-BIOS-983227	GC-CHARACTERIZATION-247272	haec_olim_meminisse_iuvabit	labor_ipse_voluptas	faber_est_suae_quisque_fortunae
Characterization	GC-BIOS-953411	GC-CHARACTERIZATION-294290	e_causa_ignota	Macte_animo_Generose_puer_sic_itur_ad_astra	e_causa_ignota
Characterization	GC-BIOS-485883	GC-CHARACTERIZATION-493253	barba_crescit_caput_nescit	a_bene_placito	saltus_in_demonstrando
Characterization	GC-BIOS-785313	GC-CHARACTERIZATION-892002	saltus_in_demonstrando	id_quod_plerumque_accidit	scientia,_aere_perennius
Characterization	GC-BIOS-517769	GC-CHARACTERIZATION-109120	scientia_et_sapientia	O_Tite_tute_Tati_tibi_tanta_tyranne_tulisti	e_causa_ignota
Characterization	GC-BIOS-415704	GC-CHARACTERIZATION-639293	scientiae_et_patriae	faber_est_suae_quisque_fortunae	id_quod_plerumque_accidit
Characterization	GC-BIOS-376156	GC-CHARACTERIZATION-928517	cacatum_non_est_pictum	imperium_in_imperio	scientia,_aere_perennius
Characterization	GC-BIOS-916798	GC-CHARACTERIZATION-634081	scientiae_cedit_mare	sapiens_qui_prospicit	saltus_in_demonstrando
Characterization	GC-BIOS-894958	GC-CHARACTERIZATION-416930	barba_crescit_caput_nescit	scientia_et_labor	barba_crescit_caput_nescit
Characterization	GC-BIOS-915562	GC-CHARACTERIZATION-620361	scientia,_aere_perennius	damnant_quod_non_intellegunt	scientia_et_sapientia
Characterization	GC-BIOS-157951	GC-CHARACTERIZATION-829088	nanos_gigantum_humeris_insidentes	scientia_et_sapientia	sapiens_qui_prospicit
Characterization	GC-BIOS-374306	GC-CHARACTERIZATION-465328	labor_ipse_voluptas	e_causa_ignota	cacatum_non_est_pictum
Characterization	GC-BIOS-291359	GC-CHARACTERIZATION-160231	scientia_imperii_decus_et_tutamen	O_Tite_tute_Tati_tibi_tanta_tyranne_tulisti	haec_olim_meminisse_iuvabit
Characterization	GC-BIOS-557281	GC-CHARACTERIZATION-542010	a_bene_placito	labor_ipse_voluptas	nascentes_morimur_finisque_ab_origine_pendet
Characterization	GC-BIOS-965205	GC-CHARACTERIZATION-571288	labor_ipse_voluptas	scientia,_aere_perennius	sapiens_qui_prospicit
Characterization	GC-BIOS-970626	GC-CHARACTERIZATION-389896	scientia_imperii_decus_et_tutamen	id_quod_plerumque_accidit	Gallia_est_omnis_divisa_in_partes_tres
Characterization	GC-BIOS-135759	GC-CHARACTERIZATION-751002	Obedientia_civium_urbis_felicitas	id_quod_plerumque_accidit	sapiens_qui_prospicit
Characterization	GC-BIOS-758335	GC-CHARACTERIZATION-802430	e_causa_ignota	sapiens_qui_prospicit	scientiae_et_patriae
Characterization	GC-BIOS-943829	GC-CHARACTERIZATION-429639	scientiae_cedit_mare	scientia_et_sapientia	scientia_imperii_decus_et_tutamen
Characterization	GC-BIOS-797715	GC-CHARACTERIZATION-463409	id_quod_plerumque_accidit	scientia_et_labor	pace_tua
Characterization	GC-BIOS-108851	GC-CHARACTERIZATION-740563	e_causa_ignota	pace_tua	a_bene_placito
Characterization	GC-BIOS-570398	GC-CHARACTERIZATION-301067	Macte_animo_Generose_puer_sic_itur_ad_astra	saltus_in_demonstrando	barba_crescit_caput_nescit
Characterization	GC-BIOS-217452	GC-CHARACTERIZATION-857252	Gallia_est_omnis_divisa_in_partes_tres	labor_ipse_voluptas	Macte_animo_Generose_puer_sic_itur_ad_astra
Characterization	GC-BIOS-401148	GC-CHARACTERIZATION-961473	scientia_et_labor	scientia,_aere_perennius	scientiae_et_patriae
Characterization	GC-BIOS-761333	GC-CHARACTERIZATION-703875	faber_est_suae_quisque_fortunae	pace_tua	nascentes_morimur_finisque_ab_origine_pendet
Characterization	GC-BIOS-745231	GC-CHARACTERIZATION-617034	scientia,_aere_perennius	Obedientia_civium_urbis_felicitas	scientia_imperii_decus_et_tutamen
Characterization	GC-BIOS-669056	GC-CHARACTERIZATION-508774	scientia_et_sapientia	a_bene_placito	scientiae_et_patriae
Characterization	GC-BIOS-662090	GC-CHARACTERIZATION-404367	haec_olim_meminisse_iuvabit	O_Tite_tute_Tati_tibi_tanta_tyranne_tulisti	saltus_in_demonstrando
Characterization	GC-BIOS-170454	GC-CHARACTERIZATION-515155	id_quod_plerumque_accidit	scientiae_et_patriae	imperium_in_imperio
Characterization	GC-BIOS-620691	GC-CHARACTERIZATION-417048	scientia_et_sapientia	sapiens_qui_prospicit	saltus_in_demonstrando
Characterization	GC-BIOS-361359	GC-CHARACTERIZATION-795244	scientiae_et_patriae	Obedientia_civium_urbis_felicitas	scientiae_cedit_mare
Characterization	GC-BIOS-613586	GC-CHARACTERIZATION-225871	saltus_in_demonstrando	scientia_et_labor	faber_est_suae_quisque_fortunae
Characterization	GC-BIOS-817102	GC-CHARACTERIZATION-282294	sapiens_qui_prospicit	id_quod_plerumque_accidit	pace_tua
Characterization	GC-BIOS-197228	GC-CHARACTERIZATION-969368	imperium_in_imperio	Obedientia_civium_urbis_felicitas	nanos_gigantum_humeris_insidentes
Characterization	GC-BIOS-356461	GC-CHARACTERIZATION-522197	damnant_quod_non_intellegunt	scientia_et_labor	scientiae_et_patriae
Characterization	GC-BIOS-529671	GC-CHARACTERIZATION-523435	saltus_in_demonstrando	scientiae_et_patriae	a_bene_placito
Characterization	GC-BIOS-181725	GC-CHARACTERIZATION-494182	id_quod_plerumque_accidit	scientia_imperii_decus_et_tutamen	scientia_et_sapientia
Characterization	GC-BIOS-593600	GC-CHARACTERIZATION-787449	scientia_et_labor	labor_ipse_voluptas	damnant_quod_non_intellegunt
Characterization	GC-BIOS-615019	GC-CHARACTERIZATION-428718	saltus_in_demonstrando	a_bene_placito	faber_est_suae_quisque_fortunae
Characterization	GC-BIOS-520102	GC-CHARACTERIZATION-978672	saltus_in_demonstrando	damnant_quod_non_intellegunt	Obedientia_civium_urbis_felicitas
Characterization	GC-BIOS-691363	GC-CHARACTERIZATION-643857	faber_est_suae_quisque_fortunae	barba_crescit_caput_nescit	haec_olim_meminisse_iuvabit
Characterization	GC-BIOS-240085	GC-CHARACTERIZATION-181821	labor_ipse_voluptas	salus_in_arduis	scientia,_aere_perennius
Characterization	GC-BIOS-849443	GC-CHARACTERIZATION-294112	scientia_imperii_decus_et_tutamen	faber_est_suae_quisque_fortunae	a_bene_placito
Characterization	GC-BIOS-341873	GC-CHARACTERIZATION-692964	saltus_in_demonstrando	nascentes_morimur_finisque_ab_origine_pendet	scientia_et_sapientia
Characterization	GC-BIOS-701813	GC-CHARACTERIZATION-145234	barba_crescit_caput_nescit	pace_tua	cacatum_non_est_pictum
Characterization	GC-BIOS-203557	GC-CHARACTERIZATION-624553	barba_crescit_caput_nescit	cacatum_non_est_pictum	scientia_imperii_decus_et_tutamen
Characterization	GC-BIOS-343340	GC-CHARACTERIZATION-558732	scientiae_et_patriae	damnant_quod_non_intellegunt	scientia_imperii_decus_et_tutamen
Characterization	GC-BIOS-129726	GC-CHARACTERIZATION-642066	scientiae_et_patriae	id_quod_plerumque_accidit	scientia,_aere_perennius
Characterization	GC-BIOS-988941	GC-CHARACTERIZATION-389362	saltus_in_demonstrando	Macte_animo_Generose_puer_sic_itur_ad_astra	nascentes_morimur_finisque_ab_origine_pendet
Characterization	GC-BIOS-754803	GC-CHARACTERIZATION-462582	saltus_in_demonstrando	pace_tua	damnant_quod_non_intellegunt
Characterization	GC-BIOS-592372	GC-CHARACTERIZATION-252060	Gallia_est_omnis_divisa_in_partes_tres	a_bene_placito	Obedientia_civium_urbis_felicitas
Characterization	GC-BIOS-864018	GC-CHARACTERIZATION-716676	pace_tua	cacatum_non_est_pictum	scientiae_et_patriae
Characterization	GC-BIOS-248323	GC-CHARACTERIZATION-323488	imperium_in_imperio	nanos_gigantum_humeris_insidentes	id_quod_plerumque_accidit
Characterization	GC-BIOS-864610	GC-CHARACTERIZATION-696189	nanos_gigantum_humeris_insidentes	scientia_et_sapientia	barba_crescit_caput_nescit
Characterization	GC-BIOS-831960	GC-CHARACTERIZATION-641600	O_Tite_tute_Tati_tibi_tanta_tyranne_tulisti	scientia,_aere_perennius	nascentes_morimur_finisque_ab_origine_pendet
Characterization	GC-BIOS-443245	GC-CHARACTERIZATION-953538	a_bene_placito	scientia_imperii_decus_et_tutamen	saltus_in_demonstrando
Characterization	GC-BIOS-192097	GC-CHARACTERIZATION-586469	scientiae_cedit_mare	e_causa_ignota	imperium_in_imperio
Characterization	GC-BIOS-586610	GC-CHARACTERIZATION-812003	O_Tite_tute_Tati_tibi_tanta_tyranne_tulisti	haec_olim_meminisse_iuvabit	scientia_et_labor
Characterization	GC-BIOS-677480	GC-CHARACTERIZATION-186962	scientia,_aere_perennius	scientia,_aere_perennius	a_bene_placito
Characterization	GC-BIOS-507401	GC-CHARACTERIZATION-146734	id_quod_plerumque_accidit	scientia_imperii_decus_et_tutamen	cacatum_non_est_pictum
Characterization	GC-BIOS-338849	GC-CHARACTERIZATION-111550	scientia,_aere_perennius	scientia_et_sapientia	saltus_in_demonstrando
Characterization	GC-BIOS-199011	GC-CHARACTERIZATION-616186	damnant_quod_non_intellegunt	labor_ipse_voluptas	scientia_et_sapientia
Characterization	GC-BIOS-633654	GC-CHARACTERIZATION-294082	faber_est_suae_quisque_fortunae	scientia,_aere_perennius	damnant_quod_non_intellegunt
Characterization	GC-BIOS-412047	GC-CHARACTERIZATION-301789	scientia,_aere_perennius	haec_olim_meminisse_iuvabit	sapiens_qui_prospicit
Characterization	GC-BIOS-506871	GC-CHARACTERIZATION-341079	nascentes_morimur_finisque_ab_origine_pendet	scientia_et_labor	imperium_in_imperio
Characterization	GC-BIOS-724179	GC-CHARACTERIZATION-986401	scientia_et_labor	scientia_imperii_decus_et_tutamen	Gallia_est_omnis_divisa_in_partes_tres
Characterization	GC-BIOS-428099	GC-CHARACTERIZATION-179015	scientiae_et_patriae	O_Tite_tute_Tati_tibi_tanta_tyranne_tulisti	scientia,_aere_perennius
Characterization	GC-BIOS-156770	GC-CHARACTERIZATION-593984	scientiae_cedit_mare	scientia_imperii_decus_et_tutamen	cacatum_non_est_pictum
Characterization	GC-BIOS-500340	GC-CHARACTERIZATION-906805	nascentes_morimur_finisque_ab_origine_pendet	labor_ipse_voluptas	Gallia_est_omnis_divisa_in_partes_tres
Characterization	GC-BIOS-704434	GC-CHARACTERIZATION-127953	salus_in_arduis	saltus_in_demonstrando	scientiae_cedit_mare
Characterization	GC-BIOS-483864	GC-CHARACTERIZATION-951524	barba_crescit_caput_nescit	e_causa_ignota	scientia_imperii_decus_et_tutamen
Characterization	GC-BIOS-675336	GC-CHARACTERIZATION-570716	scientia,_aere_perennius	sapiens_qui_prospicit	saltus_in_demonstrando
Characterization	GC-BIOS-245120	GC-CHARACTERIZATION-301206	labor_ipse_voluptas	salus_in_arduis	nascentes_morimur_finisque_ab_origine_pendet
Characterization	GC-BIOS-348116	GC-CHARACTERIZATION-633253	scientia_et_sapientia	damnant_quod_non_intellegunt	nascentes_morimur_finisque_ab_origine_pendet
Characterization	GC-BIOS-643968	GC-CHARACTERIZATION-101764	scientiae_cedit_mare	scientiae_et_patriae	O_Tite_tute_Tati_tibi_tanta_tyranne_tulisti
Characterization	GC-BIOS-255874	GC-CHARACTERIZATION-106196	sapiens_qui_prospicit	damnant_quod_non_intellegunt	scientiae_cedit_mare
Characterization	GC-BIOS-359603	GC-CHARACTERIZATION-477489	imperium_in_imperio	a_bene_placito	nanos_gigantum_humeris_insidentes
Characterization	GC-BIOS-465552	GC-CHARACTERIZATION-971554	id_quod_plerumque_accidit	Macte_animo_Generose_puer_sic_itur_ad_astra	id_quod_plerumque_accidit
Characterization	GC-BIOS-208702	GC-CHARACTERIZATION-622923	imperium_in_imperio	damnant_quod_non_intellegunt	haec_olim_meminisse_iuvabit
Characterization	GC-BIOS-444367	GC-CHARACTERIZATION-322761	scientia,_aere_perennius	sapiens_qui_prospicit	barba_crescit_caput_nescit
Characterization	GC-BIOS-913077	GC-CHARACTERIZATION-843481	e_causa_ignota	faber_est_suae_quisque_fortunae	scientia_et_labor
Characterization	GC-BIOS-410001	GC-CHARACTERIZATION-477628	scientia_et_labor	damnant_quod_non_intellegunt	barba_crescit_caput_nescit
Characterization	GC-BIOS-322052	GC-CHARACTERIZATION-132806	pace_tua	e_causa_ignota	labor_ipse_voluptas
Characterization	GC-BIOS-330738	GC-CHARACTERIZATION-962351	faber_est_suae_quisque_fortunae	O_Tite_tute_Tati_tibi_tanta_tyranne_tulisti	barba_crescit_caput_nescit
Characterization	GC-BIOS-862745	GC-CHARACTERIZATION-978941	id_quod_plerumque_accidit	scientia_et_labor	pace_tua
Characterization	GC-BIOS-229138	GC-CHARACTERIZATION-809647	a_bene_placito	id_quod_plerumque_accidit	pace_tua
Characterization	GC-BIOS-586060	GC-CHARACTERIZATION-675108	e_causa_ignota	scientia,_aere_perennius	O_Tite_tute_Tati_tibi_tanta_tyranne_tulisti
Characterization	GC-BIOS-803486	GC-CHARACTERIZATION-536328	Obedientia_civium_urbis_felicitas	sapiens_qui_prospicit	sapiens_qui_prospicit
Characterization	GC-BIOS-917720	GC-CHARACTERIZATION-667146	sapiens_qui_prospicit	O_Tite_tute_Tati_tibi_tanta_tyranne_tulisti	e_causa_ignota
Characterization	GC-BIOS-552049	GC-CHARACTERIZATION-595232	labor_ipse_voluptas	scientia,_aere_perennius	haec_olim_meminisse_iuvabit
Characterization	GC-BIOS-909277	GC-CHARACTERIZATION-201826	scientiae_cedit_mare	nascentes_morimur_finisque_ab_origine_pendet	e_causa_ignota
Characterization	GC-BIOS-172103	GC-CHARACTERIZATION-454107	imperium_in_imperio	scientiae_cedit_mare	Obedientia_civium_urbis_felicitas
Characterization	GC-BIOS-687813	GC-CHARACTERIZATION-470755	pace_tua	pace_tua	barba_crescit_caput_nescit
Characterization	GC-BIOS-669578	GC-CHARACTERIZATION-686130	id_quod_plerumque_accidit	scientia_et_labor	scientiae_et_patriae
Characterization	GC-BIOS-121238	GC-CHARACTERIZATION-817304	scientia_imperii_decus_et_tutamen	scientia,_aere_perennius	scientia_et_labor
Characterization	GC-BIOS-404340	GC-CHARACTERIZATION-636843	salus_in_arduis	scientia_et_labor	e_causa_ignota
Characterization	GC-BIOS-537342	GC-CHARACTERIZATION-245445	pace_tua	a_bene_placito	pace_tua
Characterization	GC-BIOS-594715	GC-CHARACTERIZATION-299737	faber_est_suae_quisque_fortunae	damnant_quod_non_intellegunt	imperium_in_imperio
Characterization	GC-BIOS-842906	GC-CHARACTERIZATION-507683	faber_est_suae_quisque_fortunae	Macte_animo_Generose_puer_sic_itur_ad_astra	scientia,_aere_perennius
Characterization	GC-BIOS-658552	GC-CHARACTERIZATION-457919	e_causa_ignota	id_quod_plerumque_accidit	faber_est_suae_quisque_fortunae
Characterization	GC-BIOS-548798	GC-CHARACTERIZATION-536723	sapiens_qui_prospicit	scientiae_cedit_mare	imperium_in_imperio
Characterization	GC-BIOS-721631	GC-CHARACTERIZATION-385707	O_Tite_tute_Tati_tibi_tanta_tyranne_tulisti	scientiae_cedit_mare	O_Tite_tute_Tati_tibi_tanta_tyranne_tulisti
Characterization	GC-BIOS-466620	GC-CHARACTERIZATION-359909	pace_tua	labor_ipse_voluptas	cacatum_non_est_pictum
Characterization	GC-BIOS-340988	GC-CHARACTERIZATION-854387	Obedientia_civium_urbis_felicitas	labor_ipse_voluptas	cacatum_non_est_pictum
Characterization	GC-BIOS-412229	GC-CHARACTERIZATION-603222	sapiens_qui_prospicit	salus_in_arduis	barba_crescit_caput_nescit
Characterization	GC-BIOS-535394	GC-CHARACTERIZATION-267900	cacatum_non_est_pictum	faber_est_suae_quisque_fortunae	Macte_animo_Generose_puer_sic_itur_ad_astra
Characterization	GC-BIOS-677018	GC-CHARACTERIZATION-490246	scientia_imperii_decus_et_tutamen	scientia,_aere_perennius	scientiae_et_patriae
Characterization	GC-BIOS-710921	GC-CHARACTERIZATION-680028	scientia,_aere_perennius	a_bene_placito	scientia_imperii_decus_et_tutamen
Characterization	GC-BIOS-542754	GC-CHARACTERIZATION-560881	scientia_et_labor	scientia_et_sapientia	haec_olim_meminisse_iuvabit
Characterization	GC-BIOS-259116	GC-CHARACTERIZATION-655887	nanos_gigantum_humeris_insidentes	haec_olim_meminisse_iuvabit	scientia_et_labor
Characterization	GC-BIOS-266028	GC-CHARACTERIZATION-684048	scientiae_et_patriae	labor_ipse_voluptas	cacatum_non_est_pictum
Characterization	GC-BIOS-135899	GC-CHARACTERIZATION-359819	Obedientia_civium_urbis_felicitas	imperium_in_imperio	damnant_quod_non_intellegunt
Characterization	GC-BIOS-754129	GC-CHARACTERIZATION-215350	scientiae_cedit_mare	O_Tite_tute_Tati_tibi_tanta_tyranne_tulisti	imperium_in_imperio
Characterization	GC-BIOS-227186	GC-CHARACTERIZATION-552227	Macte_animo_Generose_puer_sic_itur_ad_astra	cacatum_non_est_pictum	damnant_quod_non_intellegunt
Characterization	GC-BIOS-378643	GC-CHARACTERIZATION-668972	cacatum_non_est_pictum	scientiae_cedit_mare	sapiens_qui_prospicit
Characterization	GC-BIOS-542586	GC-CHARACTERIZATION-303944	damnant_quod_non_intellegunt	Obedientia_civium_urbis_felicitas	scientia_imperii_decus_et_tutamen
Characterization	GC-BIOS-861312	GC-CHARACTERIZATION-133613	nanos_gigantum_humeris_insidentes	barba_crescit_caput_nescit	O_Tite_tute_Tati_tibi_tanta_tyranne_tulisti
Characterization	GC-BIOS-878071	GC-CHARACTERIZATION-516939	scientia,_aere_perennius	O_Tite_tute_Tati_tibi_tanta_tyranne_tulisti	pace_tua
Characterization	GC-BIOS-868174	GC-CHARACTERIZATION-402628	e_causa_ignota	saltus_in_demonstrando	salus_in_arduis
Characterization	GC-BIOS-685033	GC-CHARACTERIZATION-178297	salus_in_arduis	id_quod_plerumque_accidit	barba_crescit_caput_nescit
Characterization	GC-BIOS-991268	GC-CHARACTERIZATION-340952	nascentes_morimur_finisque_ab_origine_pendet	e_causa_ignota	a_bene_placito
Characterization	GC-BIOS-702970	GC-CHARACTERIZATION-122184	scientiae_et_patriae	labor_ipse_voluptas	labor_ipse_voluptas
Characterization	GC-BIOS-439311	GC-CHARACTERIZATION-825944	scientia_imperii_decus_et_tutamen	saltus_in_demonstrando	a_bene_placito
Characterization	GC-BIOS-330065	GC-CHARACTERIZATION-368731	cacatum_non_est_pictum	scientia_imperii_decus_et_tutamen	scientia_et_labor
Characterization	GC-BIOS-931435	GC-CHARACTERIZATION-445266	saltus_in_demonstrando	barba_crescit_caput_nescit	id_quod_plerumque_accidit
Characterization	GC-BIOS-502778	GC-CHARACTERIZATION-333787	salus_in_arduis	id_quod_plerumque_accidit	e_causa_ignota
Characterization	GC-BIOS-779797	GC-CHARACTERIZATION-949683	scientia_et_labor	scientiae_et_patriae	scientia_et_labor
Characterization	GC-BIOS-925126	GC-CHARACTERIZATION-339957	nascentes_morimur_finisque_ab_origine_pendet	id_quod_plerumque_accidit	salus_in_arduis
Characterization	GC-BIOS-672363	GC-CHARACTERIZATION-693967	cacatum_non_est_pictum	imperium_in_imperio	scientiae_et_patriae
Characterization	GC-BIOS-807745	GC-CHARACTERIZATION-242526	cacatum_non_est_pictum	damnant_quod_non_intellegunt	haec_olim_meminisse_iuvabit
Characterization	GC-BIOS-323410	GC-CHARACTERIZATION-673663	scientia_imperii_decus_et_tutamen	Macte_animo_Generose_puer_sic_itur_ad_astra	imperium_in_imperio
Characterization	GC-BIOS-189970	GC-CHARACTERIZATION-693248	Macte_animo_Generose_puer_sic_itur_ad_astra	scientia,_aere_perennius	faber_est_suae_quisque_fortunae
Characterization	GC-BIOS-822573	GC-CHARACTERIZATION-885670	haec_olim_meminisse_iuvabit	cacatum_non_est_pictum	a_bene_placito
Characterization	GC-BIOS-336476	GC-CHARACTERIZATION-770684	Gallia_est_omnis_divisa_in_partes_tres	Macte_animo_Generose_puer_sic_itur_ad_astra	sapiens_qui_prospicit
Characterization	GC-BIOS-328044	GC-CHARACTERIZATION-879103	a_bene_placito	sapiens_qui_prospicit	a_bene_placito
Characterization	GC-BIOS-464056	GC-CHARACTERIZATION-651179	scientia_et_sapientia	id_quod_plerumque_accidit	Macte_animo_Generose_puer_sic_itur_ad_astra
Characterization	GC-BIOS-667423	GC-CHARACTERIZATION-616148	nascentes_morimur_finisque_ab_origine_pendet	Gallia_est_omnis_divisa_in_partes_tres	sapiens_qui_prospicit
Characterization	GC-BIOS-797876	GC-CHARACTERIZATION-976520	nascentes_morimur_finisque_ab_origine_pendet	id_quod_plerumque_accidit	salus_in_arduis
Characterization	GC-BIOS-983991	GC-CHARACTERIZATION-596338	Macte_animo_Generose_puer_sic_itur_ad_astra	Gallia_est_omnis_divisa_in_partes_tres	cacatum_non_est_pictum
Characterization	GC-BIOS-531616	GC-CHARACTERIZATION-945223	scientiae_cedit_mare	scientia_et_sapientia	pace_tua
Characterization	GC-BIOS-859381	GC-CHARACTERIZATION-614437	haec_olim_meminisse_iuvabit	cacatum_non_est_pictum	scientia,_aere_perennius
Characterization	GC-BIOS-414689	GC-CHARACTERIZATION-695275	e_causa_ignota	scientia_et_labor	faber_est_suae_quisque_fortunae
Characterization	GC-BIOS-835407	GC-CHARACTERIZATION-645507	labor_ipse_voluptas	salus_in_arduis	scientia,_aere_perennius
Characterization	GC-BIOS-555150	GC-CHARACTERIZATION-566973	saltus_in_demonstrando	nanos_gigantum_humeris_insidentes	imperium_in_imperio
Characterization	GC-BIOS-275054	GC-CHARACTERIZATION-290846	damnant_quod_non_intellegunt	scientia_et_sapientia	haec_olim_meminisse_iuvabit
Characterization	GC-BIOS-763691	GC-CHARACTERIZATION-544164	id_quod_plerumque_accidit	id_quod_plerumque_accidit	e_causa_ignota
Characterization	GC-BIOS-483120	GC-CHARACTERIZATION-896190	scientia_imperii_decus_et_tutamen	Gallia_est_omnis_divisa_in_partes_tres	a_bene_placito
Characterization	GC-BIOS-772592	GC-CHARACTERIZATION-502586	saltus_in_demonstrando	e_causa_ignota	scientiae_cedit_mare
Characterization	GC-BIOS-233061	GC-CHARACTERIZATION-609660	haec_olim_meminisse_iuvabit	nascentes_morimur_finisque_ab_origine_pendet	nanos_gigantum_humeris_insidentes
Characterization	GC-BIOS-900378	GC-CHARACTERIZATION-616558	scientiae_cedit_mare	scientiae_cedit_mare	O_Tite_tute_Tati_tibi_tanta_tyranne_tulisti
Characterization	GC-BIOS-809226	GC-CHARACTERIZATION-884634	scientia,_aere_perennius	nanos_gigantum_humeris_insidentes	damnant_quod_non_intellegunt
Characterization	GC-BIOS-473632	GC-CHARACTERIZATION-374374	salus_in_arduis	a_bene_placito	barba_crescit_caput_nescit
Characterization	GC-BIOS-781104	GC-CHARACTERIZATION-791572	scientiae_et_patriae	scientiae_et_patriae	e_causa_ignota
Characterization	GC-BIOS-215587	GC-CHARACTERIZATION-146664	imperium_in_imperio	saltus_in_demonstrando	labor_ipse_voluptas
Characterization	GC-BIOS-546262	GC-CHARACTERIZATION-208634	barba_crescit_caput_nescit	nascentes_morimur_finisque_ab_origine_pendet	haec_olim_meminisse_iuvabit
Characterization	GC-BIOS-133026	GC-CHARACTERIZATION-786978	scientia_imperii_decus_et_tutamen	labor_ipse_voluptas	cacatum_non_est_pictum
Characterization	GC-BIOS-212941	GC-CHARACTERIZATION-315848	damnant_quod_non_intellegunt	barba_crescit_caput_nescit	a_bene_placito
Characterization	GC-BIOS-475668	GC-CHARACTERIZATION-179631	salus_in_arduis	haec_olim_meminisse_iuvabit	barba_crescit_caput_nescit
Characterization	GC-BIOS-401822	GC-CHARACTERIZATION-892355	sapiens_qui_prospicit	scientia,_aere_perennius	saltus_in_demonstrando
Characterization	GC-BIOS-641880	GC-CHARACTERIZATION-926554	scientia_et_sapientia	nanos_gigantum_humeris_insidentes	id_quod_plerumque_accidit
Characterization	GC-BIOS-802732	GC-CHARACTERIZATION-753248	Obedientia_civium_urbis_felicitas	barba_crescit_caput_nescit	nascentes_morimur_finisque_ab_origine_pendet
Characterization	GC-BIOS-996382	GC-CHARACTERIZATION-668308	scientia,_aere_perennius	scientiae_cedit_mare	Gallia_est_omnis_divisa_in_partes_tres
Characterization	GC-BIOS-512586	GC-CHARACTERIZATION-560097	pace_tua	O_Tite_tute_Tati_tibi_tanta_tyranne_tulisti	a_bene_placito
Characterization	GC-BIOS-664859	GC-CHARACTERIZATION-219944	e_causa_ignota	pace_tua	scientia_et_labor
Characterization	GC-BIOS-743584	GC-CHARACTERIZATION-975041	Obedientia_civium_urbis_felicitas	labor_ipse_voluptas	sapiens_qui_prospicit
Characterization	GC-BIOS-612049	GC-CHARACTERIZATION-752210	scientia_et_sapientia	barba_crescit_caput_nescit	saltus_in_demonstrando
Characterization	GC-BIOS-199697	GC-CHARACTERIZATION-460080	scientiae_et_patriae	scientiae_cedit_mare	haec_olim_meminisse_iuvabit
Characterization	GC-BIOS-896398	GC-CHARACTERIZATION-166646	Obedientia_civium_urbis_felicitas	nanos_gigantum_humeris_insidentes	saltus_in_demonstrando
Characterization	GC-BIOS-580985	GC-CHARACTERIZATION-189449	haec_olim_meminisse_iuvabit	scientia_imperii_decus_et_tutamen	nanos_gigantum_humeris_insidentes
Characterization	GC-BIOS-632269	GC-CHARACTERIZATION-279381	scientia_imperii_decus_et_tutamen	O_Tite_tute_Tati_tibi_tanta_tyranne_tulisti	scientia_imperii_decus_et_tutamen
Characterization	GC-BIOS-729342	GC-CHARACTERIZATION-334089	Macte_animo_Generose_puer_sic_itur_ad_astra	id_quod_plerumque_accidit	cacatum_non_est_pictum
Characterization	GC-BIOS-321049	GC-CHARACTERIZATION-798319	scientiae_et_patriae	imperium_in_imperio	saltus_in_demonstrando
Characterization	GC-BIOS-582845	GC-CHARACTERIZATION-212390	pace_tua	nascentes_morimur_finisque_ab_origine_pendet	salus_in_arduis
Characterization	GC-BIOS-649154	GC-CHARACTERIZATION-290326	O_Tite_tute_Tati_tibi_tanta_tyranne_tulisti	id_quod_plerumque_accidit	haec_olim_meminisse_iuvabit
Characterization	GC-BIOS-200472	GC-CHARACTERIZATION-123399	scientiae_et_patriae	scientia_et_labor	imperium_in_imperio
Characterization	GC-BIOS-392490	GC-CHARACTERIZATION-190289	nanos_gigantum_humeris_insidentes	barba_crescit_caput_nescit	scientiae_et_patriae
Characterization	GC-BIOS-842389	GC-CHARACTERIZATION-291828	scientia_et_sapientia	id_quod_plerumque_accidit	e_causa_ignota
Characterization	GC-BIOS-287221	GC-CHARACTERIZATION-560113	barba_crescit_caput_nescit	damnant_quod_non_intellegunt	pace_tua
Characterization	GC-BIOS-199344	GC-CHARACTERIZATION-437289	scientia,_aere_perennius	cacatum_non_est_pictum	haec_olim_meminisse_iuvabit
Characterization	GC-BIOS-144296	GC-CHARACTERIZATION-371753	scientia_imperii_decus_et_tutamen	scientia_et_sapientia	damnant_quod_non_intellegunt
Characterization	GC-BIOS-521973	GC-CHARACTERIZATION-934421	scientia_et_labor	scientia_et_sapientia	O_Tite_tute_Tati_tibi_tanta_tyranne_tulisti
Characterization	GC-BIOS-273437	GC-CHARACTERIZATION-835771	labor_ipse_voluptas	scientiae_et_patriae	scientiae_et_patriae
