type	sample.sample_id	Composition_ID	Nanomaterial_Entity_Type	Functionalizing_Entity_Type	Functionalizing_Entity_Inherent_Function_Type	crdc_id
Composition	GC-BIOS-358081	GC-COMPOSITION-651402	Macte_animo_Generose_puer_sic_itur_ad_astra	barba_crescit_caput_nescit	scientia_et_sapientia	scientiae_cedit_mare
Composition	GC-BIOS-852001	GC-COMPOSITION-452771	scientia,_aere_perennius	scientia,_aere_perennius	scientiae_cedit_mare	imperium_in_imperio
Composition	GC-BIOS-995549	GC-COMPOSITION-537890	nascentes_morimur_finisque_ab_origine_pendet	saltus_in_demonstrando	salus_in_arduis	scientia,_aere_perennius
Composition	GC-BIOS-922881	GC-COMPOSITION-314047	nascentes_morimur_finisque_ab_origine_pendet	scientiae_cedit_mare	O_Tite_tute_Tati_tibi_tanta_tyranne_tulisti	labor_ipse_voluptas
Composition	GC-BIOS-143816	GC-COMPOSITION-855554	haec_olim_meminisse_iuvabit	sapiens_qui_prospicit	pace_tua	scientiae_cedit_mare
Composition	GC-BIOS-841708	GC-COMPOSITION-662873	id_quod_plerumque_accidit	a_bene_placito	Macte_animo_Generose_puer_sic_itur_ad_astra	Macte_animo_Generose_puer_sic_itur_ad_astra
Composition	GC-BIOS-790776	GC-COMPOSITION-902382	Obedientia_civium_urbis_felicitas	saltus_in_demonstrando	pace_tua	Obedientia_civium_urbis_felicitas
Composition	GC-BIOS-152247	GC-COMPOSITION-170005	Macte_animo_Generose_puer_sic_itur_ad_astra	e_causa_ignota	salus_in_arduis	damnant_quod_non_intellegunt
Composition	GC-BIOS-209216	GC-COMPOSITION-128457	scientia,_aere_perennius	Obedientia_civium_urbis_felicitas	scientia_imperii_decus_et_tutamen	damnant_quod_non_intellegunt
Composition	GC-BIOS-636894	GC-COMPOSITION-342042	salus_in_arduis	Obedientia_civium_urbis_felicitas	nascentes_morimur_finisque_ab_origine_pendet	haec_olim_meminisse_iuvabit
Composition	GC-BIOS-346236	GC-COMPOSITION-769489	id_quod_plerumque_accidit	a_bene_placito	scientia_et_labor	scientia_et_sapientia
Composition	GC-BIOS-190231	GC-COMPOSITION-147950	labor_ipse_voluptas	sapiens_qui_prospicit	scientiae_cedit_mare	saltus_in_demonstrando
Composition	GC-BIOS-856862	GC-COMPOSITION-362727	scientiae_cedit_mare	pace_tua	Gallia_est_omnis_divisa_in_partes_tres	cacatum_non_est_pictum
Composition	GC-BIOS-815449	GC-COMPOSITION-665262	barba_crescit_caput_nescit	barba_crescit_caput_nescit	pace_tua	scientia,_aere_perennius
Composition	GC-BIOS-339905	GC-COMPOSITION-730411	O_Tite_tute_Tati_tibi_tanta_tyranne_tulisti	Gallia_est_omnis_divisa_in_partes_tres	nascentes_morimur_finisque_ab_origine_pendet	Gallia_est_omnis_divisa_in_partes_tres
Composition	GC-BIOS-738099	GC-COMPOSITION-204685	e_causa_ignota	cacatum_non_est_pictum	nascentes_morimur_finisque_ab_origine_pendet	salus_in_arduis
Composition	GC-BIOS-482353	GC-COMPOSITION-496704	nascentes_morimur_finisque_ab_origine_pendet	scientia_imperii_decus_et_tutamen	scientia,_aere_perennius	barba_crescit_caput_nescit
Composition	GC-BIOS-920490	GC-COMPOSITION-409938	faber_est_suae_quisque_fortunae	scientiae_cedit_mare	e_causa_ignota	O_Tite_tute_Tati_tibi_tanta_tyranne_tulisti
Composition	GC-BIOS-983227	GC-COMPOSITION-395352	saltus_in_demonstrando	scientiae_et_patriae	nanos_gigantum_humeris_insidentes	pace_tua
Composition	GC-BIOS-953411	GC-COMPOSITION-834159	pace_tua	faber_est_suae_quisque_fortunae	salus_in_arduis	scientia_et_labor
Composition	GC-BIOS-485883	GC-COMPOSITION-178176	saltus_in_demonstrando	e_causa_ignota	scientiae_et_patriae	Gallia_est_omnis_divisa_in_partes_tres
Composition	GC-BIOS-785313	GC-COMPOSITION-749370	O_Tite_tute_Tati_tibi_tanta_tyranne_tulisti	e_causa_ignota	pace_tua	scientia_imperii_decus_et_tutamen
Composition	GC-BIOS-517769	GC-COMPOSITION-185440	scientiae_et_patriae	Macte_animo_Generose_puer_sic_itur_ad_astra	damnant_quod_non_intellegunt	nanos_gigantum_humeris_insidentes
Composition	GC-BIOS-415704	GC-COMPOSITION-185690	e_causa_ignota	scientia_imperii_decus_et_tutamen	sapiens_qui_prospicit	scientia,_aere_perennius
Composition	GC-BIOS-376156	GC-COMPOSITION-949953	labor_ipse_voluptas	scientiae_cedit_mare	imperium_in_imperio	O_Tite_tute_Tati_tibi_tanta_tyranne_tulisti
Composition	GC-BIOS-916798	GC-COMPOSITION-679064	barba_crescit_caput_nescit	imperium_in_imperio	scientia,_aere_perennius	barba_crescit_caput_nescit
Composition	GC-BIOS-894958	GC-COMPOSITION-290261	id_quod_plerumque_accidit	O_Tite_tute_Tati_tibi_tanta_tyranne_tulisti	nascentes_morimur_finisque_ab_origine_pendet	Obedientia_civium_urbis_felicitas
Composition	GC-BIOS-915562	GC-COMPOSITION-667650	a_bene_placito	pace_tua	salus_in_arduis	imperium_in_imperio
Composition	GC-BIOS-157951	GC-COMPOSITION-919444	Gallia_est_omnis_divisa_in_partes_tres	id_quod_plerumque_accidit	O_Tite_tute_Tati_tibi_tanta_tyranne_tulisti	scientia_et_labor
Composition	GC-BIOS-374306	GC-COMPOSITION-406023	scientiae_et_patriae	scientiae_et_patriae	scientia_et_labor	O_Tite_tute_Tati_tibi_tanta_tyranne_tulisti
Composition	GC-BIOS-291359	GC-COMPOSITION-429607	Obedientia_civium_urbis_felicitas	scientiae_et_patriae	pace_tua	nanos_gigantum_humeris_insidentes
Composition	GC-BIOS-557281	GC-COMPOSITION-908529	Macte_animo_Generose_puer_sic_itur_ad_astra	O_Tite_tute_Tati_tibi_tanta_tyranne_tulisti	scientia_imperii_decus_et_tutamen	pace_tua
Composition	GC-BIOS-965205	GC-COMPOSITION-195427	Obedientia_civium_urbis_felicitas	pace_tua	cacatum_non_est_pictum	haec_olim_meminisse_iuvabit
Composition	GC-BIOS-970626	GC-COMPOSITION-450710	scientiae_cedit_mare	salus_in_arduis	e_causa_ignota	scientia_et_labor
Composition	GC-BIOS-135759	GC-COMPOSITION-633007	e_causa_ignota	salus_in_arduis	pace_tua	pace_tua
Composition	GC-BIOS-758335	GC-COMPOSITION-825452	Obedientia_civium_urbis_felicitas	pace_tua	scientia_imperii_decus_et_tutamen	Gallia_est_omnis_divisa_in_partes_tres
Composition	GC-BIOS-943829	GC-COMPOSITION-383421	imperium_in_imperio	salus_in_arduis	barba_crescit_caput_nescit	e_causa_ignota
Composition	GC-BIOS-797715	GC-COMPOSITION-782894	pace_tua	barba_crescit_caput_nescit	imperium_in_imperio	scientiae_et_patriae
Composition	GC-BIOS-108851	GC-COMPOSITION-671184	damnant_quod_non_intellegunt	e_causa_ignota	a_bene_placito	sapiens_qui_prospicit
Composition	GC-BIOS-570398	GC-COMPOSITION-308558	nascentes_morimur_finisque_ab_origine_pendet	labor_ipse_voluptas	id_quod_plerumque_accidit	scientia_et_sapientia
Composition	GC-BIOS-217452	GC-COMPOSITION-962334	salus_in_arduis	sapiens_qui_prospicit	nanos_gigantum_humeris_insidentes	faber_est_suae_quisque_fortunae
Composition	GC-BIOS-401148	GC-COMPOSITION-525772	Obedientia_civium_urbis_felicitas	damnant_quod_non_intellegunt	nascentes_morimur_finisque_ab_origine_pendet	nascentes_morimur_finisque_ab_origine_pendet
Composition	GC-BIOS-761333	GC-COMPOSITION-434731	Obedientia_civium_urbis_felicitas	salus_in_arduis	cacatum_non_est_pictum	damnant_quod_non_intellegunt
Composition	GC-BIOS-745231	GC-COMPOSITION-419138	damnant_quod_non_intellegunt	barba_crescit_caput_nescit	Obedientia_civium_urbis_felicitas	labor_ipse_voluptas
Composition	GC-BIOS-669056	GC-COMPOSITION-442823	scientia,_aere_perennius	salus_in_arduis	Gallia_est_omnis_divisa_in_partes_tres	saltus_in_demonstrando
Composition	GC-BIOS-662090	GC-COMPOSITION-328301	Macte_animo_Generose_puer_sic_itur_ad_astra	faber_est_suae_quisque_fortunae	nanos_gigantum_humeris_insidentes	scientia_imperii_decus_et_tutamen
Composition	GC-BIOS-170454	GC-COMPOSITION-345121	salus_in_arduis	scientiae_cedit_mare	Gallia_est_omnis_divisa_in_partes_tres	labor_ipse_voluptas
Composition	GC-BIOS-620691	GC-COMPOSITION-178931	nascentes_morimur_finisque_ab_origine_pendet	a_bene_placito	sapiens_qui_prospicit	cacatum_non_est_pictum
Composition	GC-BIOS-361359	GC-COMPOSITION-353655	labor_ipse_voluptas	e_causa_ignota	a_bene_placito	id_quod_plerumque_accidit
Composition	GC-BIOS-613586	GC-COMPOSITION-598503	scientiae_cedit_mare	scientia_imperii_decus_et_tutamen	id_quod_plerumque_accidit	imperium_in_imperio
Composition	GC-BIOS-817102	GC-COMPOSITION-611120	scientia_et_labor	damnant_quod_non_intellegunt	pace_tua	id_quod_plerumque_accidit
Composition	GC-BIOS-197228	GC-COMPOSITION-921431	scientiae_et_patriae	scientia,_aere_perennius	sapiens_qui_prospicit	damnant_quod_non_intellegunt
Composition	GC-BIOS-356461	GC-COMPOSITION-974482	faber_est_suae_quisque_fortunae	e_causa_ignota	Macte_animo_Generose_puer_sic_itur_ad_astra	nascentes_morimur_finisque_ab_origine_pendet
Composition	GC-BIOS-529671	GC-COMPOSITION-270047	a_bene_placito	scientiae_et_patriae	scientia_et_sapientia	id_quod_plerumque_accidit
Composition	GC-BIOS-181725	GC-COMPOSITION-955075	scientiae_cedit_mare	id_quod_plerumque_accidit	nascentes_morimur_finisque_ab_origine_pendet	scientia_et_labor
Composition	GC-BIOS-593600	GC-COMPOSITION-631309	Obedientia_civium_urbis_felicitas	cacatum_non_est_pictum	id_quod_plerumque_accidit	e_causa_ignota
Composition	GC-BIOS-615019	GC-COMPOSITION-428129	scientiae_et_patriae	scientia_et_sapientia	salus_in_arduis	pace_tua
Composition	GC-BIOS-520102	GC-COMPOSITION-160058	scientia_imperii_decus_et_tutamen	saltus_in_demonstrando	nanos_gigantum_humeris_insidentes	sapiens_qui_prospicit
Composition	GC-BIOS-691363	GC-COMPOSITION-141512	faber_est_suae_quisque_fortunae	id_quod_plerumque_accidit	damnant_quod_non_intellegunt	cacatum_non_est_pictum
Composition	GC-BIOS-240085	GC-COMPOSITION-386100	scientiae_cedit_mare	O_Tite_tute_Tati_tibi_tanta_tyranne_tulisti	e_causa_ignota	nanos_gigantum_humeris_insidentes
Composition	GC-BIOS-849443	GC-COMPOSITION-529158	sapiens_qui_prospicit	Macte_animo_Generose_puer_sic_itur_ad_astra	O_Tite_tute_Tati_tibi_tanta_tyranne_tulisti	scientia_imperii_decus_et_tutamen
Composition	GC-BIOS-341873	GC-COMPOSITION-734508	scientiae_et_patriae	damnant_quod_non_intellegunt	nanos_gigantum_humeris_insidentes	scientiae_et_patriae
Composition	GC-BIOS-701813	GC-COMPOSITION-337959	Obedientia_civium_urbis_felicitas	haec_olim_meminisse_iuvabit	nanos_gigantum_humeris_insidentes	Obedientia_civium_urbis_felicitas
Composition	GC-BIOS-203557	GC-COMPOSITION-783151	e_causa_ignota	scientia_et_sapientia	scientia_et_labor	nanos_gigantum_humeris_insidentes
Composition	GC-BIOS-343340	GC-COMPOSITION-891817	labor_ipse_voluptas	scientiae_et_patriae	e_causa_ignota	scientiae_et_patriae
Composition	GC-BIOS-129726	GC-COMPOSITION-237620	nanos_gigantum_humeris_insidentes	barba_crescit_caput_nescit	a_bene_placito	Obedientia_civium_urbis_felicitas
Composition	GC-BIOS-988941	GC-COMPOSITION-438967	labor_ipse_voluptas	barba_crescit_caput_nescit	labor_ipse_voluptas	scientiae_cedit_mare
Composition	GC-BIOS-754803	GC-COMPOSITION-116711	scientiae_cedit_mare	nanos_gigantum_humeris_insidentes	haec_olim_meminisse_iuvabit	barba_crescit_caput_nescit
Composition	GC-BIOS-592372	GC-COMPOSITION-243908	haec_olim_meminisse_iuvabit	scientiae_cedit_mare	sapiens_qui_prospicit	scientiae_et_patriae
Composition	GC-BIOS-864018	GC-COMPOSITION-550444	nanos_gigantum_humeris_insidentes	scientiae_cedit_mare	scientia_imperii_decus_et_tutamen	imperium_in_imperio
Composition	GC-BIOS-248323	GC-COMPOSITION-524481	pace_tua	scientia_et_labor	faber_est_suae_quisque_fortunae	imperium_in_imperio
Composition	GC-BIOS-864610	GC-COMPOSITION-963679	e_causa_ignota	Macte_animo_Generose_puer_sic_itur_ad_astra	nanos_gigantum_humeris_insidentes	salus_in_arduis
Composition	GC-BIOS-831960	GC-COMPOSITION-323196	Macte_animo_Generose_puer_sic_itur_ad_astra	faber_est_suae_quisque_fortunae	scientia_imperii_decus_et_tutamen	id_quod_plerumque_accidit
Composition	GC-BIOS-443245	GC-COMPOSITION-884620	scientia_et_labor	saltus_in_demonstrando	Gallia_est_omnis_divisa_in_partes_tres	cacatum_non_est_pictum
Composition	GC-BIOS-192097	GC-COMPOSITION-842658	e_causa_ignota	id_quod_plerumque_accidit	nascentes_morimur_finisque_ab_origine_pendet	pace_tua
Composition	GC-BIOS-586610	GC-COMPOSITION-753565	nascentes_morimur_finisque_ab_origine_pendet	nanos_gigantum_humeris_insidentes	scientia_et_labor	barba_crescit_caput_nescit
Composition	GC-BIOS-677480	GC-COMPOSITION-262749	imperium_in_imperio	id_quod_plerumque_accidit	a_bene_placito	scientia_imperii_decus_et_tutamen
Composition	GC-BIOS-507401	GC-COMPOSITION-271748	haec_olim_meminisse_iuvabit	Gallia_est_omnis_divisa_in_partes_tres	barba_crescit_caput_nescit	scientia_et_sapientia
Composition	GC-BIOS-338849	GC-COMPOSITION-593158	haec_olim_meminisse_iuvabit	salus_in_arduis	sapiens_qui_prospicit	scientia,_aere_perennius
Composition	GC-BIOS-199011	GC-COMPOSITION-131925	Obedientia_civium_urbis_felicitas	damnant_quod_non_intellegunt	scientiae_et_patriae	haec_olim_meminisse_iuvabit
Composition	GC-BIOS-633654	GC-COMPOSITION-663440	scientia_et_sapientia	scientiae_et_patriae	scientiae_et_patriae	barba_crescit_caput_nescit
Composition	GC-BIOS-412047	GC-COMPOSITION-992316	scientia_imperii_decus_et_tutamen	id_quod_plerumque_accidit	O_Tite_tute_Tati_tibi_tanta_tyranne_tulisti	nanos_gigantum_humeris_insidentes
Composition	GC-BIOS-506871	GC-COMPOSITION-715933	pace_tua	O_Tite_tute_Tati_tibi_tanta_tyranne_tulisti	e_causa_ignota	e_causa_ignota
Composition	GC-BIOS-724179	GC-COMPOSITION-844178	sapiens_qui_prospicit	barba_crescit_caput_nescit	imperium_in_imperio	cacatum_non_est_pictum
Composition	GC-BIOS-428099	GC-COMPOSITION-700550	sapiens_qui_prospicit	nanos_gigantum_humeris_insidentes	scientia_et_labor	faber_est_suae_quisque_fortunae
Composition	GC-BIOS-156770	GC-COMPOSITION-320059	a_bene_placito	imperium_in_imperio	nascentes_morimur_finisque_ab_origine_pendet	imperium_in_imperio
Composition	GC-BIOS-500340	GC-COMPOSITION-462125	a_bene_placito	imperium_in_imperio	Gallia_est_omnis_divisa_in_partes_tres	Gallia_est_omnis_divisa_in_partes_tres
Composition	GC-BIOS-704434	GC-COMPOSITION-248044	nanos_gigantum_humeris_insidentes	cacatum_non_est_pictum	Obedientia_civium_urbis_felicitas	imperium_in_imperio
Composition	GC-BIOS-483864	GC-COMPOSITION-234946	pace_tua	cacatum_non_est_pictum	scientia,_aere_perennius	barba_crescit_caput_nescit
Composition	GC-BIOS-675336	GC-COMPOSITION-138464	imperium_in_imperio	Obedientia_civium_urbis_felicitas	a_bene_placito	scientia,_aere_perennius
Composition	GC-BIOS-245120	GC-COMPOSITION-716282	nascentes_morimur_finisque_ab_origine_pendet	nascentes_morimur_finisque_ab_origine_pendet	cacatum_non_est_pictum	nascentes_morimur_finisque_ab_origine_pendet
Composition	GC-BIOS-348116	GC-COMPOSITION-498177	salus_in_arduis	Macte_animo_Generose_puer_sic_itur_ad_astra	damnant_quod_non_intellegunt	scientia_et_labor
Composition	GC-BIOS-643968	GC-COMPOSITION-192941	scientia,_aere_perennius	saltus_in_demonstrando	a_bene_placito	scientia,_aere_perennius
Composition	GC-BIOS-255874	GC-COMPOSITION-315142	haec_olim_meminisse_iuvabit	scientiae_et_patriae	faber_est_suae_quisque_fortunae	sapiens_qui_prospicit
Composition	GC-BIOS-359603	GC-COMPOSITION-596428	Gallia_est_omnis_divisa_in_partes_tres	faber_est_suae_quisque_fortunae	labor_ipse_voluptas	pace_tua
Composition	GC-BIOS-465552	GC-COMPOSITION-271030	nascentes_morimur_finisque_ab_origine_pendet	scientiae_cedit_mare	nanos_gigantum_humeris_insidentes	Gallia_est_omnis_divisa_in_partes_tres
Composition	GC-BIOS-208702	GC-COMPOSITION-660101	damnant_quod_non_intellegunt	scientia,_aere_perennius	Gallia_est_omnis_divisa_in_partes_tres	nascentes_morimur_finisque_ab_origine_pendet
Composition	GC-BIOS-444367	GC-COMPOSITION-166813	scientia,_aere_perennius	salus_in_arduis	saltus_in_demonstrando	scientia_et_labor
Composition	GC-BIOS-913077	GC-COMPOSITION-355950	id_quod_plerumque_accidit	barba_crescit_caput_nescit	labor_ipse_voluptas	faber_est_suae_quisque_fortunae
Composition	GC-BIOS-410001	GC-COMPOSITION-264652	Obedientia_civium_urbis_felicitas	e_causa_ignota	imperium_in_imperio	damnant_quod_non_intellegunt
Composition	GC-BIOS-322052	GC-COMPOSITION-184262	O_Tite_tute_Tati_tibi_tanta_tyranne_tulisti	nascentes_morimur_finisque_ab_origine_pendet	labor_ipse_voluptas	scientia_imperii_decus_et_tutamen
Composition	GC-BIOS-330738	GC-COMPOSITION-521296	imperium_in_imperio	a_bene_placito	pace_tua	O_Tite_tute_Tati_tibi_tanta_tyranne_tulisti
Composition	GC-BIOS-862745	GC-COMPOSITION-865572	scientiae_et_patriae	O_Tite_tute_Tati_tibi_tanta_tyranne_tulisti	Obedientia_civium_urbis_felicitas	cacatum_non_est_pictum
Composition	GC-BIOS-229138	GC-COMPOSITION-850126	O_Tite_tute_Tati_tibi_tanta_tyranne_tulisti	saltus_in_demonstrando	saltus_in_demonstrando	Macte_animo_Generose_puer_sic_itur_ad_astra
Composition	GC-BIOS-586060	GC-COMPOSITION-106950	nanos_gigantum_humeris_insidentes	O_Tite_tute_Tati_tibi_tanta_tyranne_tulisti	scientia_imperii_decus_et_tutamen	barba_crescit_caput_nescit
Composition	GC-BIOS-803486	GC-COMPOSITION-980431	scientiae_et_patriae	Obedientia_civium_urbis_felicitas	Macte_animo_Generose_puer_sic_itur_ad_astra	id_quod_plerumque_accidit
Composition	GC-BIOS-917720	GC-COMPOSITION-609342	scientia_imperii_decus_et_tutamen	e_causa_ignota	scientia_imperii_decus_et_tutamen	cacatum_non_est_pictum
Composition	GC-BIOS-552049	GC-COMPOSITION-508953	a_bene_placito	saltus_in_demonstrando	scientia_et_sapientia	cacatum_non_est_pictum
Composition	GC-BIOS-909277	GC-COMPOSITION-445982	cacatum_non_est_pictum	Gallia_est_omnis_divisa_in_partes_tres	O_Tite_tute_Tati_tibi_tanta_tyranne_tulisti	labor_ipse_voluptas
Composition	GC-BIOS-172103	GC-COMPOSITION-454126	O_Tite_tute_Tati_tibi_tanta_tyranne_tulisti	haec_olim_meminisse_iuvabit	faber_est_suae_quisque_fortunae	scientia_et_sapientia
Composition	GC-BIOS-687813	GC-COMPOSITION-224153	scientia_et_sapientia	a_bene_placito	Obedientia_civium_urbis_felicitas	O_Tite_tute_Tati_tibi_tanta_tyranne_tulisti
Composition	GC-BIOS-669578	GC-COMPOSITION-742357	nanos_gigantum_humeris_insidentes	nascentes_morimur_finisque_ab_origine_pendet	Macte_animo_Generose_puer_sic_itur_ad_astra	Gallia_est_omnis_divisa_in_partes_tres
Composition	GC-BIOS-121238	GC-COMPOSITION-436894	labor_ipse_voluptas	nascentes_morimur_finisque_ab_origine_pendet	Macte_animo_Generose_puer_sic_itur_ad_astra	Macte_animo_Generose_puer_sic_itur_ad_astra
Composition	GC-BIOS-404340	GC-COMPOSITION-124631	Gallia_est_omnis_divisa_in_partes_tres	saltus_in_demonstrando	nascentes_morimur_finisque_ab_origine_pendet	pace_tua
Composition	GC-BIOS-537342	GC-COMPOSITION-523887	Obedientia_civium_urbis_felicitas	haec_olim_meminisse_iuvabit	scientiae_et_patriae	barba_crescit_caput_nescit
Composition	GC-BIOS-594715	GC-COMPOSITION-520232	nanos_gigantum_humeris_insidentes	O_Tite_tute_Tati_tibi_tanta_tyranne_tulisti	labor_ipse_voluptas	imperium_in_imperio
Composition	GC-BIOS-842906	GC-COMPOSITION-773783	cacatum_non_est_pictum	scientiae_cedit_mare	sapiens_qui_prospicit	scientia_et_sapientia
Composition	GC-BIOS-658552	GC-COMPOSITION-933992	barba_crescit_caput_nescit	Gallia_est_omnis_divisa_in_partes_tres	nanos_gigantum_humeris_insidentes	id_quod_plerumque_accidit
Composition	GC-BIOS-548798	GC-COMPOSITION-248607	scientiae_cedit_mare	scientia_et_labor	nanos_gigantum_humeris_insidentes	haec_olim_meminisse_iuvabit
Composition	GC-BIOS-721631	GC-COMPOSITION-134127	faber_est_suae_quisque_fortunae	scientiae_cedit_mare	pace_tua	scientiae_cedit_mare
Composition	GC-BIOS-466620	GC-COMPOSITION-829524	damnant_quod_non_intellegunt	scientia_et_labor	Obedientia_civium_urbis_felicitas	faber_est_suae_quisque_fortunae
Composition	GC-BIOS-340988	GC-COMPOSITION-741627	faber_est_suae_quisque_fortunae	scientia_et_labor	id_quod_plerumque_accidit	a_bene_placito
Composition	GC-BIOS-412229	GC-COMPOSITION-866051	nanos_gigantum_humeris_insidentes	nanos_gigantum_humeris_insidentes	haec_olim_meminisse_iuvabit	a_bene_placito
Composition	GC-BIOS-535394	GC-COMPOSITION-510026	nascentes_morimur_finisque_ab_origine_pendet	Obedientia_civium_urbis_felicitas	id_quod_plerumque_accidit	nascentes_morimur_finisque_ab_origine_pendet
Composition	GC-BIOS-677018	GC-COMPOSITION-192662	Macte_animo_Generose_puer_sic_itur_ad_astra	e_causa_ignota	cacatum_non_est_pictum	nascentes_morimur_finisque_ab_origine_pendet
Composition	GC-BIOS-710921	GC-COMPOSITION-928539	a_bene_placito	damnant_quod_non_intellegunt	nascentes_morimur_finisque_ab_origine_pendet	e_causa_ignota
Composition	GC-BIOS-542754	GC-COMPOSITION-937421	scientia_et_labor	scientia_et_labor	a_bene_placito	imperium_in_imperio
Composition	GC-BIOS-259116	GC-COMPOSITION-760419	id_quod_plerumque_accidit	scientia_et_sapientia	labor_ipse_voluptas	labor_ipse_voluptas
Composition	GC-BIOS-266028	GC-COMPOSITION-956472	haec_olim_meminisse_iuvabit	scientiae_et_patriae	scientia,_aere_perennius	O_Tite_tute_Tati_tibi_tanta_tyranne_tulisti
Composition	GC-BIOS-135899	GC-COMPOSITION-790919	sapiens_qui_prospicit	nanos_gigantum_humeris_insidentes	barba_crescit_caput_nescit	O_Tite_tute_Tati_tibi_tanta_tyranne_tulisti
Composition	GC-BIOS-754129	GC-COMPOSITION-439753	labor_ipse_voluptas	saltus_in_demonstrando	scientiae_cedit_mare	faber_est_suae_quisque_fortunae
Composition	GC-BIOS-227186	GC-COMPOSITION-544630	cacatum_non_est_pictum	scientia_imperii_decus_et_tutamen	Gallia_est_omnis_divisa_in_partes_tres	scientia,_aere_perennius
Composition	GC-BIOS-378643	GC-COMPOSITION-646310	nanos_gigantum_humeris_insidentes	scientia_et_sapientia	a_bene_placito	labor_ipse_voluptas
Composition	GC-BIOS-542586	GC-COMPOSITION-728250	Obedientia_civium_urbis_felicitas	id_quod_plerumque_accidit	nascentes_morimur_finisque_ab_origine_pendet	sapiens_qui_prospicit
Composition	GC-BIOS-861312	GC-COMPOSITION-977932	faber_est_suae_quisque_fortunae	faber_est_suae_quisque_fortunae	saltus_in_demonstrando	labor_ipse_voluptas
Composition	GC-BIOS-878071	GC-COMPOSITION-645834	scientiae_et_patriae	nascentes_morimur_finisque_ab_origine_pendet	cacatum_non_est_pictum	cacatum_non_est_pictum
Composition	GC-BIOS-868174	GC-COMPOSITION-193003	Obedientia_civium_urbis_felicitas	id_quod_plerumque_accidit	labor_ipse_voluptas	scientia_imperii_decus_et_tutamen
Composition	GC-BIOS-685033	GC-COMPOSITION-642346	labor_ipse_voluptas	nanos_gigantum_humeris_insidentes	pace_tua	scientia_et_labor
Composition	GC-BIOS-991268	GC-COMPOSITION-398440	pace_tua	barba_crescit_caput_nescit	saltus_in_demonstrando	scientia_et_labor
Composition	GC-BIOS-702970	GC-COMPOSITION-137298	Obedientia_civium_urbis_felicitas	scientia,_aere_perennius	scientia_et_labor	scientia_imperii_decus_et_tutamen
Composition	GC-BIOS-439311	GC-COMPOSITION-738360	scientia,_aere_perennius	pace_tua	scientia_imperii_decus_et_tutamen	labor_ipse_voluptas
Composition	GC-BIOS-330065	GC-COMPOSITION-150408	scientia_et_labor	scientia_et_labor	nanos_gigantum_humeris_insidentes	nascentes_morimur_finisque_ab_origine_pendet
Composition	GC-BIOS-931435	GC-COMPOSITION-379026	scientia_et_sapientia	cacatum_non_est_pictum	scientia,_aere_perennius	pace_tua
Composition	GC-BIOS-502778	GC-COMPOSITION-572920	nascentes_morimur_finisque_ab_origine_pendet	a_bene_placito	nanos_gigantum_humeris_insidentes	Macte_animo_Generose_puer_sic_itur_ad_astra
Composition	GC-BIOS-779797	GC-COMPOSITION-286682	Macte_animo_Generose_puer_sic_itur_ad_astra	nascentes_morimur_finisque_ab_origine_pendet	cacatum_non_est_pictum	e_causa_ignota
Composition	GC-BIOS-925126	GC-COMPOSITION-283513	nascentes_morimur_finisque_ab_origine_pendet	faber_est_suae_quisque_fortunae	sapiens_qui_prospicit	Obedientia_civium_urbis_felicitas
Composition	GC-BIOS-672363	GC-COMPOSITION-566481	haec_olim_meminisse_iuvabit	O_Tite_tute_Tati_tibi_tanta_tyranne_tulisti	Obedientia_civium_urbis_felicitas	nanos_gigantum_humeris_insidentes
Composition	GC-BIOS-807745	GC-COMPOSITION-686143	scientiae_et_patriae	labor_ipse_voluptas	faber_est_suae_quisque_fortunae	scientiae_cedit_mare
Composition	GC-BIOS-323410	GC-COMPOSITION-256347	saltus_in_demonstrando	faber_est_suae_quisque_fortunae	nanos_gigantum_humeris_insidentes	salus_in_arduis
Composition	GC-BIOS-189970	GC-COMPOSITION-632382	a_bene_placito	haec_olim_meminisse_iuvabit	salus_in_arduis	scientia,_aere_perennius
Composition	GC-BIOS-822573	GC-COMPOSITION-674671	nascentes_morimur_finisque_ab_origine_pendet	haec_olim_meminisse_iuvabit	scientiae_cedit_mare	Macte_animo_Generose_puer_sic_itur_ad_astra
Composition	GC-BIOS-336476	GC-COMPOSITION-631017	Macte_animo_Generose_puer_sic_itur_ad_astra	scientia,_aere_perennius	scientia_et_sapientia	e_causa_ignota
Composition	GC-BIOS-328044	GC-COMPOSITION-882766	salus_in_arduis	sapiens_qui_prospicit	scientiae_et_patriae	id_quod_plerumque_accidit
Composition	GC-BIOS-464056	GC-COMPOSITION-356923	scientiae_et_patriae	scientia_imperii_decus_et_tutamen	a_bene_placito	Obedientia_civium_urbis_felicitas
Composition	GC-BIOS-667423	GC-COMPOSITION-343216	nascentes_morimur_finisque_ab_origine_pendet	scientia_et_labor	nanos_gigantum_humeris_insidentes	sapiens_qui_prospicit
Composition	GC-BIOS-797876	GC-COMPOSITION-126659	sapiens_qui_prospicit	a_bene_placito	O_Tite_tute_Tati_tibi_tanta_tyranne_tulisti	faber_est_suae_quisque_fortunae
Composition	GC-BIOS-983991	GC-COMPOSITION-203548	scientiae_cedit_mare	scientiae_cedit_mare	imperium_in_imperio	scientiae_cedit_mare
Composition	GC-BIOS-531616	GC-COMPOSITION-189047	nanos_gigantum_humeris_insidentes	e_causa_ignota	e_causa_ignota	faber_est_suae_quisque_fortunae
Composition	GC-BIOS-859381	GC-COMPOSITION-488837	cacatum_non_est_pictum	e_causa_ignota	scientia,_aere_perennius	barba_crescit_caput_nescit
Composition	GC-BIOS-414689	GC-COMPOSITION-290157	damnant_quod_non_intellegunt	labor_ipse_voluptas	pace_tua	imperium_in_imperio
Composition	GC-BIOS-835407	GC-COMPOSITION-999443	scientiae_et_patriae	Obedientia_civium_urbis_felicitas	imperium_in_imperio	scientiae_cedit_mare
Composition	GC-BIOS-555150	GC-COMPOSITION-579091	cacatum_non_est_pictum	Obedientia_civium_urbis_felicitas	cacatum_non_est_pictum	labor_ipse_voluptas
Composition	GC-BIOS-275054	GC-COMPOSITION-497588	scientiae_et_patriae	scientiae_et_patriae	Gallia_est_omnis_divisa_in_partes_tres	scientiae_et_patriae
Composition	GC-BIOS-763691	GC-COMPOSITION-527859	saltus_in_demonstrando	scientia_et_labor	saltus_in_demonstrando	e_causa_ignota
Composition	GC-BIOS-483120	GC-COMPOSITION-889547	scientiae_cedit_mare	e_causa_ignota	barba_crescit_caput_nescit	damnant_quod_non_intellegunt
Composition	GC-BIOS-772592	GC-COMPOSITION-562760	imperium_in_imperio	Macte_animo_Generose_puer_sic_itur_ad_astra	nanos_gigantum_humeris_insidentes	O_Tite_tute_Tati_tibi_tanta_tyranne_tulisti
Composition	GC-BIOS-233061	GC-COMPOSITION-394322	damnant_quod_non_intellegunt	Gallia_est_omnis_divisa_in_partes_tres	scientiae_cedit_mare	cacatum_non_est_pictum
Composition	GC-BIOS-900378	GC-COMPOSITION-854338	nanos_gigantum_humeris_insidentes	sapiens_qui_prospicit	faber_est_suae_quisque_fortunae	saltus_in_demonstrando
Composition	GC-BIOS-809226	GC-COMPOSITION-136546	O_Tite_tute_Tati_tibi_tanta_tyranne_tulisti	damnant_quod_non_intellegunt	Gallia_est_omnis_divisa_in_partes_tres	pace_tua
Composition	GC-BIOS-473632	GC-COMPOSITION-651588	salus_in_arduis	pace_tua	haec_olim_meminisse_iuvabit	scientia_imperii_decus_et_tutamen
Composition	GC-BIOS-781104	GC-COMPOSITION-959797	e_causa_ignota	Gallia_est_omnis_divisa_in_partes_tres	id_quod_plerumque_accidit	scientia_imperii_decus_et_tutamen
Composition	GC-BIOS-215587	GC-COMPOSITION-370441	O_Tite_tute_Tati_tibi_tanta_tyranne_tulisti	scientia_et_sapientia	e_causa_ignota	pace_tua
Composition	GC-BIOS-546262	GC-COMPOSITION-992359	damnant_quod_non_intellegunt	nascentes_morimur_finisque_ab_origine_pendet	scientia_et_sapientia	Macte_animo_Generose_puer_sic_itur_ad_astra
Composition	GC-BIOS-133026	GC-COMPOSITION-845951	scientia_imperii_decus_et_tutamen	Macte_animo_Generose_puer_sic_itur_ad_astra	cacatum_non_est_pictum	damnant_quod_non_intellegunt
Composition	GC-BIOS-212941	GC-COMPOSITION-509096	Macte_animo_Generose_puer_sic_itur_ad_astra	scientiae_cedit_mare	faber_est_suae_quisque_fortunae	scientiae_et_patriae
Composition	GC-BIOS-475668	GC-COMPOSITION-998429	barba_crescit_caput_nescit	pace_tua	e_causa_ignota	nanos_gigantum_humeris_insidentes
Composition	GC-BIOS-401822	GC-COMPOSITION-636962	pace_tua	cacatum_non_est_pictum	labor_ipse_voluptas	salus_in_arduis
Composition	GC-BIOS-641880	GC-COMPOSITION-160261	scientia_et_sapientia	scientia,_aere_perennius	a_bene_placito	scientia_et_sapientia
Composition	GC-BIOS-802732	GC-COMPOSITION-264307	cacatum_non_est_pictum	id_quod_plerumque_accidit	nanos_gigantum_humeris_insidentes	labor_ipse_voluptas
Composition	GC-BIOS-996382	GC-COMPOSITION-187243	a_bene_placito	cacatum_non_est_pictum	O_Tite_tute_Tati_tibi_tanta_tyranne_tulisti	id_quod_plerumque_accidit
Composition	GC-BIOS-512586	GC-COMPOSITION-161176	scientia_et_sapientia	salus_in_arduis	salus_in_arduis	O_Tite_tute_Tati_tibi_tanta_tyranne_tulisti
Composition	GC-BIOS-664859	GC-COMPOSITION-825968	e_causa_ignota	scientiae_cedit_mare	pace_tua	pace_tua
Composition	GC-BIOS-743584	GC-COMPOSITION-269426	id_quod_plerumque_accidit	pace_tua	haec_olim_meminisse_iuvabit	imperium_in_imperio
Composition	GC-BIOS-612049	GC-COMPOSITION-766133	Gallia_est_omnis_divisa_in_partes_tres	a_bene_placito	nascentes_morimur_finisque_ab_origine_pendet	a_bene_placito
Composition	GC-BIOS-199697	GC-COMPOSITION-940316	id_quod_plerumque_accidit	scientia,_aere_perennius	O_Tite_tute_Tati_tibi_tanta_tyranne_tulisti	Gallia_est_omnis_divisa_in_partes_tres
Composition	GC-BIOS-896398	GC-COMPOSITION-247541	saltus_in_demonstrando	haec_olim_meminisse_iuvabit	nascentes_morimur_finisque_ab_origine_pendet	scientiae_et_patriae
Composition	GC-BIOS-580985	GC-COMPOSITION-498026	id_quod_plerumque_accidit	Macte_animo_Generose_puer_sic_itur_ad_astra	haec_olim_meminisse_iuvabit	e_causa_ignota
Composition	GC-BIOS-632269	GC-COMPOSITION-256228	barba_crescit_caput_nescit	e_causa_ignota	nascentes_morimur_finisque_ab_origine_pendet	scientiae_et_patriae
Composition	GC-BIOS-729342	GC-COMPOSITION-498107	scientiae_cedit_mare	faber_est_suae_quisque_fortunae	a_bene_placito	pace_tua
Composition	GC-BIOS-321049	GC-COMPOSITION-987987	sapiens_qui_prospicit	id_quod_plerumque_accidit	labor_ipse_voluptas	id_quod_plerumque_accidit
Composition	GC-BIOS-582845	GC-COMPOSITION-172417	scientiae_cedit_mare	damnant_quod_non_intellegunt	pace_tua	scientia,_aere_perennius
Composition	GC-BIOS-649154	GC-COMPOSITION-634277	barba_crescit_caput_nescit	Macte_animo_Generose_puer_sic_itur_ad_astra	salus_in_arduis	scientiae_et_patriae
Composition	GC-BIOS-200472	GC-COMPOSITION-925446	nanos_gigantum_humeris_insidentes	scientiae_cedit_mare	labor_ipse_voluptas	saltus_in_demonstrando
Composition	GC-BIOS-392490	GC-COMPOSITION-512625	O_Tite_tute_Tati_tibi_tanta_tyranne_tulisti	barba_crescit_caput_nescit	scientiae_et_patriae	scientiae_cedit_mare
Composition	GC-BIOS-842389	GC-COMPOSITION-152350	id_quod_plerumque_accidit	barba_crescit_caput_nescit	saltus_in_demonstrando	faber_est_suae_quisque_fortunae
Composition	GC-BIOS-287221	GC-COMPOSITION-777805	scientiae_et_patriae	scientiae_cedit_mare	pace_tua	e_causa_ignota
Composition	GC-BIOS-199344	GC-COMPOSITION-822942	sapiens_qui_prospicit	scientiae_et_patriae	nascentes_morimur_finisque_ab_origine_pendet	nascentes_morimur_finisque_ab_origine_pendet
Composition	GC-BIOS-144296	GC-COMPOSITION-931336	id_quod_plerumque_accidit	damnant_quod_non_intellegunt	O_Tite_tute_Tati_tibi_tanta_tyranne_tulisti	saltus_in_demonstrando
Composition	GC-BIOS-521973	GC-COMPOSITION-714186	sapiens_qui_prospicit	a_bene_placito	Macte_animo_Generose_puer_sic_itur_ad_astra	cacatum_non_est_pictum
Composition	GC-BIOS-273437	GC-COMPOSITION-528899	cacatum_non_est_pictum	nanos_gigantum_humeris_insidentes	cacatum_non_est_pictum	salus_in_arduis
