type	study.study_id	consent_group_id	consent_group_name	consent_group_number	crdc_id
consent_group	phs000000_test03	GC-CONSENT-GROUP-368450	scientia_et_sapientia	135	cacatum_non_est_pictum
consent_group	phs000000_test03	GC-CONSENT-GROUP-453060	scientiae_cedit_mare	754	barba_crescit_caput_nescit
consent_group	phs000000_test03	GC-CONSENT-GROUP-778839	scientia,_aere_perennius	197	haec_olim_meminisse_iuvabit
consent_group	phs000000_test02	GC-CONSENT-GROUP-367358	e_causa_ignota	385	nanos_gigantum_humeris_insidentes
consent_group	phs000000_test02	GC-CONSENT-GROUP-541874	e_causa_ignota	661	id_quod_plerumque_accidit
consent_group	phs000000_test02	GC-CONSENT-GROUP-995769	scientia_et_sapientia	574	barba_crescit_caput_nescit
consent_group	phs000000_test01	GC-CONSENT-GROUP-182778	sapiens_qui_prospicit	570	barba_crescit_caput_nescit
consent_group	phs000000_test01	GC-CONSENT-GROUP-803230	scientia_et_sapientia	214	damnant_quod_non_intellegunt
consent_group	phs000000_test01	GC-CONSENT-GROUP-436430	scientia_et_labor	411	barba_crescit_caput_nescit
consent_group	phs000000_test01	GC-CONSENT-GROUP-771354	cacatum_non_est_pictum	14	a_bene_placito
