type	participant.study_participant_id	study_diagnosis_id	diagnosis_id	disease_type	vital_status	primary_diagnosis	primary_site	age_at_diagnosis	tumor_grade	tumor_stage_clinical_m	tumor_stage_clinical_n	tumor_stage_clinical_t	morphology	progression_or_recurrence	days_to_recurrence	days_to_last_followup	last_known_disease_status	days_to_last_known_status	tissue_or_organ_of_origin	site_of_resection_or_biopsy	days_to_last_known_disease_status	crdc_id
diagnosis	GC-CASE-710217	GC-DX-186417	labor_ipse_voluptas	Nevi and Melanomas	Unspecified	9540/3 : Malignant Peripheral Nerve Sheath Tumor, NOS	Upper Arm	304	G3 High Grade	Not Reported	N0 (mol+)	T3	8973/3	Not Applicable	827	901	Unknown	451	Mandible	Glottis	487.77	nascentes_morimur_finisque_ab_origine_pendet
diagnosis	GC-CASE-833345	GC-DX-282560	barba_crescit_caput_nescit	Not Applicable	Dead	Pneumoblastoma	Nasopharynx	721	GX Grade Cannot Be Assessed	cM0 (i+)	N2a	T1mi	9330/0	Not Reported	331	16	Biochemical evidence of disease without structural correlate	644	Basal Ganglia	Mesonephros	530.07	damnant_quod_non_intellegunt
diagnosis	GC-CASE-977142	GC-DX-669637	scientia,_aere_perennius	Giant Cell Tumors	Unspecified	9380/3 : Glioma, Malignant	Shoulder Girdle	889	Unknown	Unknown	N3a	T3	8170/3	Not Reported	710	295	Biochemical evidence of disease without structural correlate	494	Breast	Skin	377.69	faber_est_suae_quisque_fortunae
diagnosis	GC-CASE-300608	GC-DX-129880	Obedientia_civium_urbis_felicitas	Lipomatous Neoplasms	Not reported	Infantile hemangioma	Superior Maxilla	156	Not Applicable	M1b	N2b	T1a	8051/0	No	756	859	Not Allowed To Collect	468	Wrist Joint	Bronchus	213.07	scientiae_et_patriae
diagnosis	GC-CASE-383327	GC-DX-737912	Macte_animo_Generose_puer_sic_itur_ad_astra	Miscellaneous Bone Tumors	Alive	Biphasic Synovial Sarcoma	Femur	286	Not Reported	Not Reported	N3a	T4d	8760/0	Censored	975	654	Regional Disease	779	External Upper Lip	Cochlear Nerve	412.84	scientiae_et_patriae
diagnosis	GC-CASE-777233	GC-DX-899464	imperium_in_imperio	Osseous and Chondromatous Neoplasms	Unspecified	Craniopharyngioma, papillary	Shoulder	452	G4 Anaplastic	M1b	N3b	Tis (DCIS)	8810/3	Unknown	777	500	New Tumor Event	726	Commissure of the Lip	Other Specified Parts of Pancreas	977.59	nanos_gigantum_humeris_insidentes
diagnosis	GC-CASE-984846	GC-DX-374488	pace_tua	Adenomas and Adenocarcinomas	Unspecified	Squamous Cell Carcinoma, Large Cell, Nonkeratinizing, NOS	Unknown	391	GB Borderline	Unknown	N2b	Unknown	9989/3	Unknown	518	709	Tumor Free	157	Pubic Symphysis	External Upper Lip	760.0	salus_in_arduis
diagnosis	GC-CASE-233539	GC-DX-476204	id_quod_plerumque_accidit	Neoplasms, NOS	Unspecified	Renal cell carcinoma, NOS	Soft Tissue	359	G3 High Grade	M0	N1bI	T2c	8144/3	Unknown	262	686	New Tumor Event	293	Cerebral White Matter	Ileum	295.85	scientia_imperii_decus_et_tutamen
diagnosis	GC-CASE-681257	GC-DX-104532	scientiae_et_patriae	Nerve Sheath Tumors	Dead	Primary CNS Neoplasm	Pelvis	429	G2 Intermediate Grade	Unknown	N3b	T2b	8693/1	Not Applicable	866	401	Not Reported	922	Sublingual Lymph Node	Floor of Mouth	591.07	cacatum_non_est_pictum
diagnosis	GC-CASE-446880	GC-DX-900512	labor_ipse_voluptas	Giant Cell Tumors	Unspecified	Serous adenocarcinofibroma	Forearm	565	Not Reported	M1	N0 (i-)	Tis	8830/0	Yes	698	351	Localized Disease	788	Vas Deferens	Buccal Mucosa	315.33	scientia_et_sapientia
diagnosis	GC-CASE-164525	GC-DX-743017	saltus_in_demonstrando	Basal Cell Neoplasms	Dead	Pilocytic Astrocytoma	Rectum	750	G3 High Grade	M1b	N2	Not Reported	8641/0	Yes	199	39	Not Reported	172	Falx Cerebelli	Mandible	879.88	faber_est_suae_quisque_fortunae
diagnosis	GC-CASE-703509	GC-DX-737843	a_bene_placito	Meningiomas	Alive	Myxopapillary ependymoma	Pelvis/Sacrum	227	GX Grade Cannot Be Assessed	Unknown	N2	Unknown	8158/1	Not Applicable	137	792	Distant Metastasis	544	Tooth Socket	Pyriform Sinus	848.81	saltus_in_demonstrando
diagnosis	GC-CASE-549299	GC-DX-358623	labor_ipse_voluptas	Fibromatous Neoplasms	Unknown	Intracystic papillary neoplasm with intermediate grade intraepithelial neoplasia	Fourth Ventricle	913	Unknown	M0	N2c	Tis (LCIS)	8571/3	No	344	813	Regional Disease	157	Meninges	Adrenal Gland	767.05	Macte_animo_Generose_puer_sic_itur_ad_astra
diagnosis	GC-CASE-905714	GC-DX-527566	id_quod_plerumque_accidit	Neuroepitheliomatous Neoplasms	Unknown	Adamantinomatous craniopharyngioma with evidence of prior rupture	Anal/Perianal	733	G1 Low Grade	M1b	Unknown	T3	8350/3	Yes	49	672	New Tumor Event	192	Vermis	Ilium	567.53	id_quod_plerumque_accidit
diagnosis	GC-CASE-476198	GC-DX-676574	salus_in_arduis	Lymphatic Vessel Tumors	Unknown	Diffuse midline glioma, H3K27M altered, CNS WHO grade 4	Occipital Bone	33	Not Reported	Unknown	Unknown	T1	8317/3	Not Applicable	900	317	Not Reported	264	Kidney	Hippocampus	820.94	sapiens_qui_prospicit
diagnosis	GC-CASE-209936	GC-DX-292678	cacatum_non_est_pictum	Not Applicable	Unspecified	Neoplasm, Uncertain Whether Benign Or Malignant, Low-Grade Glioma, Low-Grade Glioma, NOS Or NEC	Fibula	124	G1 Low Grade	M0	N1a	T4a	8060/0	Yes	553	621	Not Applicable	739	Adrenal Medulla	Splenic Hilar Lymph Node	322.41	Obedientia_civium_urbis_felicitas
diagnosis	GC-CASE-264815	GC-DX-246898	haec_olim_meminisse_iuvabit	Epithelial Neoplasms, NOS	Not reported	Papillary adenoma, NOS	Scalp	990	G3 High Grade	Unknown	N1	T2b	9520/3	Unknown	749	345	Tumor Free	973	Skull	Hepatic Duct	794.09	Gallia_est_omnis_divisa_in_partes_tres
diagnosis	GC-CASE-795868	GC-DX-322928	pace_tua	Leukemias	Dead	Phyllodes tumor, malignant	Temporal Bone	790	GB Borderline	M1c	N0 (mol-)	T1b1	9945/3	Not Reported	382	697	Unknown	947	C1 Vertebra	Optic Tract	655.19	cacatum_non_est_pictum
diagnosis	GC-CASE-501879	GC-DX-641045	imperium_in_imperio	Thymic Epithelial Neoplasms	Not reported	Diffuse Midline Glioma, H3 K27 Altered, WHO Grade 4	Larynx - Trachea	947	G2 Intermediate Grade	MX	N1bIII	T3	8214/3	Not Applicable	364	318	New Tumor Event	920	Thyroglossal Duct	Uterine Ligament	16.45	cacatum_non_est_pictum
diagnosis	GC-CASE-204963	GC-DX-124409	scientia_et_sapientia	Leukemias	Dead	Cellular neoplasm; favor high grade	Lower Arm	626	G4 Anaplastic	M1c	NX	T4c	8500/6	No	326	704	Tumor Free	202	Parotid Gland Lymph Node	Epitrochlear Lymph Node	238.13	O_Tite_tute_Tati_tibi_tanta_tyranne_tulisti
diagnosis	GC-CASE-429984	GC-DX-781322	barba_crescit_caput_nescit	Unknown	Dead	NUT midline carcinoma	Bone or Bone Marrow	178	GX Grade Cannot Be Assessed	Unknown	NX	T3a	9560/1	Censored	745	757	Not Allowed To Collect	321	Femoral Artery	Endocrine Gland	173.04	cacatum_non_est_pictum
diagnosis	GC-CASE-239768	GC-DX-226045	Macte_animo_Generose_puer_sic_itur_ad_astra	Paragangliomas and Glomus Tumors	Alive	Carcinoid, NOS, of appendix	Viscera	838	G2 Intermediate Grade	cM0 (i+)	N1b	T4c	8690/1	Not Allowed to Collect	356	327	Tumor Free	341	Lateral Ventricle	Cricoid Cartilage	172.75	sapiens_qui_prospicit
diagnosis	GC-CASE-230394	GC-DX-951472	Macte_animo_Generose_puer_sic_itur_ad_astra	Mesothelial Neoplasms	Unspecified	Goblet cell carcinoid	Intraspinal	454	G1 Low Grade	M0	N1a	T3a	8505/0	Not Applicable	365	559	Distant Metastasis	536	Inner Canthus	Ankle Joint	634.89	e_causa_ignota
diagnosis	GC-CASE-737678	GC-DX-382683	Gallia_est_omnis_divisa_in_partes_tres	Myelodysplastic Syndromes	Not reported	Neuroglial Neoplasm	Bladder/Prostate	94	Not Applicable	MX	N2c	Tis (Paget's)	8983/3	Not Allowed to Collect	307	495	Regional Disease	189	Bone of the Extremity	Femoral Artery	11.52	faber_est_suae_quisque_fortunae
diagnosis	GC-CASE-866703	GC-DX-292092	imperium_in_imperio	Myxomatous Neoplasms	Not reported	Myofibroblastic Tumor	Scalp	70	Unknown	MX	N1mi	T3d	8562/3	No	944	981	With Tumor	809	Dome of the Bladder	Central Nervous System	911.08	faber_est_suae_quisque_fortunae
diagnosis	GC-CASE-572985	GC-DX-212750	cacatum_non_est_pictum	Squamous Cell Neoplasms	Not reported	Adenocarcinoma in situ, NOS	Epididymis	317	Unknown	Unknown	N4	T3b	8370/0	Censored	127	355	Not Reported	731	Lateral Wall of the Bladder	Brain Ventricle	257.14	cacatum_non_est_pictum
diagnosis	GC-CASE-618909	GC-DX-440954	barba_crescit_caput_nescit	Squamous Cell Neoplasms	Unspecified	Mucoepidermoid tumor	Paraspinal	311	G3 High Grade	MX	N1bIV	Tis (Paget's)	8480/1	Not Reported	94	384	Localized Disease	766	Third Ventricle	True Vocal Cord	180.48	id_quod_plerumque_accidit
diagnosis	GC-CASE-423547	GC-DX-805033	damnant_quod_non_intellegunt	Meningiomas	Not reported	Therapy-related myelodysplastic syndrome, NOS	Parapharyngeal Area	459	G3 High Grade	M0	N2	T1c	8317/3	Not Reported	963	499	Unknown	926	Frontal Lobe	Scalp	156.3	id_quod_plerumque_accidit
diagnosis	GC-CASE-196151	GC-DX-123690	a_bene_placito	Neuroepitheliomatous Neoplasms	Unknown	Adenocarcinoid tumor	Face	888	Not Applicable	MX	N0 (i-)	T1a1	9581/3	Yes	156	23	Localized Disease	945	Spleen	Optic Nerve	879.16	faber_est_suae_quisque_fortunae
diagnosis	GC-CASE-210456	GC-DX-746160	sapiens_qui_prospicit	Soft Tissue Tumors and Sarcomas, NOS	Unknown	Lennert lymphoma	Clavicle	272	GB Borderline	MX	N3a	T5	9371/3	No	158	153	Tumor Free	360	Supraclavicular Lymph Node	Cowper Gland	313.05	saltus_in_demonstrando
diagnosis	GC-CASE-721029	GC-DX-901337	scientia_imperii_decus_et_tutamen	Immunoproliferative Diseases	Unknown	Multiple neurofibromatosis	Temporal Bone	453	GX Grade Cannot Be Assessed	M0	N1a	T1mi	8410/3	Unknown	784	602	Distant Metastasis	249	Lacrimal Sac	Round Ligament of the Uterus	407.59	saltus_in_demonstrando
diagnosis	GC-CASE-636235	GC-DX-435938	scientiae_cedit_mare	Nerve Sheath Tumors	Dead	Luteoma, NOS	Axilla	887	Not Applicable	cM0 (i+)	N3	TX	8681/1	Yes	766	165	Not Applicable	322	Nose	Postcricoid Region	839.66	saltus_in_demonstrando
diagnosis	GC-CASE-878730	GC-DX-101100	saltus_in_demonstrando	Immunoproliferative Diseases	Not reported	Hodgkin disease, nodular sclerosis, syncytial variant	Intraspinal	557	GX Grade Cannot Be Assessed	M1c	N2c	T1	8030/3	Not Allowed to Collect	326	720	Distant Metastasis	902	External Ear	Parietal Bone	680.66	saltus_in_demonstrando
diagnosis	GC-CASE-408966	GC-DX-919123	labor_ipse_voluptas	Miscellaneous Tumors	Unknown	Merkel cell tumor	Oropharynx	503	Not Applicable	M1a	N1	T3b	8272/3	Not Applicable	698	321	With Tumor	324	Obturator Nerve	Prostatic Utricle	518.04	cacatum_non_est_pictum
diagnosis	GC-CASE-942561	GC-DX-232190	Macte_animo_Generose_puer_sic_itur_ad_astra	Mucoepidermoid Neoplasms	Dead	Retroperitoneal fibromatosis	Other	667	Not Reported	M1a	N1c	T2a2	9820/3	Censored	478	829	Distant Metastasis	798	Lateral Wall of the Bladder	Cul-de-sac	636.0	barba_crescit_caput_nescit
diagnosis	GC-CASE-325069	GC-DX-672633	salus_in_arduis	Nerve Sheath Tumors	Unknown	Embryonal adenocarcinoma	Omentum	39	G1 Low Grade	M0	N3c	T2	8160/0	Yes	636	759	Unknown	794	Sella Turcica	Falx Cerebelli	129.59	O_Tite_tute_Tati_tibi_tanta_tyranne_tulisti
diagnosis	GC-CASE-899422	GC-DX-614087	O_Tite_tute_Tati_tibi_tanta_tyranne_tulisti	Thymic Epithelial Neoplasms	Not reported	Epitheloid Neoplasm	Para-Aortic Lymph Nodes	383	G3 High Grade	Not Reported	N1a	T4a	9410/3	No	375	855	Not Applicable	169	Oral Cavity	Sphenoid Bone	60.77	scientia_et_labor
diagnosis	GC-CASE-359755	GC-DX-473313	a_bene_placito	Adnexal and Skin Appendage Neoplasms	Unknown	Thyroid Carcinoma	Carpal Bone	884	G1 Low Grade	Unknown	Not Reported	T1c	8921/3	Unknown	897	982	Not Applicable	747	Aortocaval Lymph Node	Conus Medullaris	455.19	e_causa_ignota
diagnosis	GC-CASE-595824	GC-DX-784277	nanos_gigantum_humeris_insidentes	Miscellaneous Tumors	Dead	Granulosa cell carcinoma	Nasopharynx	797	G1 Low Grade	Unknown	N3	T1mi	8248/1	Not Applicable	531	744	Tumor Free	735	Lesser Curvature of the Stomach	Radial Nerve	267.05	Macte_animo_Generose_puer_sic_itur_ad_astra
diagnosis	GC-CASE-111092	GC-DX-973502	nascentes_morimur_finisque_ab_origine_pendet	Myomatous Neoplasms	Unknown	Lymphatic leukemic, NOS	Pleura Thymus	375	GB Borderline	MX	N3	Not Reported	9150/3	Unknown	421	782	Localized Disease	585	Sphenoid Bone	Trachea	105.4	id_quod_plerumque_accidit
diagnosis	GC-CASE-273532	GC-DX-882297	Gallia_est_omnis_divisa_in_partes_tres	Nevi and Melanomas	Alive	Telangiectatic osteosarcoma	Tonsil	822	Not Applicable	Unknown	N0 (mol+)	T1b	8240/3	Not Reported	577	861	With Tumor	552	Body of the Pancreas	Femoral Artery	265.31	faber_est_suae_quisque_fortunae
diagnosis	GC-CASE-587475	GC-DX-527807	sapiens_qui_prospicit	Paragangliomas and Glomus Tumors	Dead	Gastrin cell tumor	Neck	933	GB Borderline	M1a	N0 (i+)	T1b	9737/3	No	906	373	Regional Disease	163	Anterior Wall of the Bladder	Mucosa of the Lower Lip	944.11	scientiae_cedit_mare
diagnosis	GC-CASE-925157	GC-DX-235934	O_Tite_tute_Tati_tibi_tanta_tyranne_tulisti	Epithelial Neoplasms, NOS	Unspecified	Myeloid and lymphoid neoplasms with FGFR1 abnormalities	Perineum	83	GX Grade Cannot Be Assessed	M1c	NX	T2a2	9062/3	No	827	517	Localized Disease	926	Hand Skin	Elbow Skin	848.28	damnant_quod_non_intellegunt
diagnosis	GC-CASE-223841	GC-DX-996698	scientiae_et_patriae	Miscellaneous Tumors	Unknown	Malignant small round blue cell tumor, most consistent with desmoplastic small round cell tumor	Oculus Uterque (Both Eyes)	606	Not Applicable	M1	N3	T2a2	8842/0	Censored	729	994	Regional Disease	556	Mesenteric Lymph Node	Tooth Socket	456.1	faber_est_suae_quisque_fortunae
diagnosis	GC-CASE-173975	GC-DX-356817	saltus_in_demonstrando	Mucoepidermoid Neoplasms	Unknown	Triton tumor, malignant	Talus	745	G3 High Grade	M0	N1a	T1b	9530/3	Censored	396	640	Biochemical evidence of disease without structural correlate	487	Craniopharyngeal Duct	Pulmonary	986.95	salus_in_arduis
diagnosis	GC-CASE-274058	GC-DX-335051	labor_ipse_voluptas	Myxomatous Neoplasms	Not reported	Invasive Lobular Carcinoma	Trachea	963	GX Grade Cannot Be Assessed	M1b	N3c	T1mi	8023/3	Unknown	271	313	Unknown	352	Cerebral Meninges	Ischium	774.99	imperium_in_imperio
diagnosis	GC-CASE-234523	GC-DX-307773	Obedientia_civium_urbis_felicitas	Nevi and Melanomas	Dead	Tumorlet, benign	Intrathoracic	414	Not Reported	Unknown	N1mi	T2	8470/0	Censored	407	890	Not Applicable	898	Abducens Nerve	Parietal Pleura	51.63	scientia_imperii_decus_et_tutamen
diagnosis	GC-CASE-468321	GC-DX-570153	id_quod_plerumque_accidit	Complex Mixed and Stromal Neoplasms	Unspecified	Extra-adrenal paraganglioma, NOS	Peritoneum	77	G3 High Grade	Not Reported	N1c	T4d	9251/3	Not Applicable	944	906	Unknown	276	Nasolacrimal Duct	Fibula	587.46	id_quod_plerumque_accidit
diagnosis	GC-CASE-728295	GC-DX-757925	Macte_animo_Generose_puer_sic_itur_ad_astra	Gliomas	Dead	Adenocarcinoma with cartilaginous and osseous metaplasia	Neck	219	Not Applicable	M0	N3b	T3	9302/0	Not Applicable	987	394	New Tumor Event	266	Sphenoid Bone	Cowper Gland	896.7	salus_in_arduis
diagnosis	GC-CASE-961542	GC-DX-856831	scientiae_et_patriae	Blood Vessel Tumors	Not reported	Nonchromaffin paraganglioma, malignant	Mediastinum	541	Not Applicable	cM0 (i+)	N1b	T1a1	8313/3	Not Allowed to Collect	335	679	Distant Metastasis	905	Cervical Esophagus	Optic Nerve	26.73	cacatum_non_est_pictum
diagnosis	GC-CASE-556742	GC-DX-713376	scientia_et_sapientia	Soft Tissue Tumors and Sarcomas, NOS	Dead	Strumal carcinoid	Oculus Dexter (Right Eye)	522	Not Applicable	M1c	N4	T3c	8620/3	Censored	760	526	Distant Metastasis	43	Concha	Tunica Vaginalis	310.27	pace_tua
diagnosis	GC-CASE-894231	GC-DX-211177	labor_ipse_voluptas	Giant Cell Tumors	Dead	Acute myeloid leukemia with mutated NPM1	Orbit	859	G4 Anaplastic	M1b	N1c	T1	8344/3	Not Allowed to Collect	502	104	Localized Disease	443	Upper Gingiva	Apex of the Tongue	714.4	cacatum_non_est_pictum
diagnosis	GC-CASE-848187	GC-DX-517349	nanos_gigantum_humeris_insidentes	Not Reported	Unspecified	Acute myloid leukemia, 11q23 abnormalities	Cutaneous	518	Not Reported	M1b	N1	T2c	9718/3	Not Reported	238	676	New Tumor Event	904	Skull	Cranial Nerve	437.64	e_causa_ignota
diagnosis	GC-CASE-372476	GC-DX-222247	haec_olim_meminisse_iuvabit	Myelodysplastic Syndromes	Unknown	Papillocystic adenocarcinoma	Pancreas	420	G2 Intermediate Grade	M1b	N1	Tis (DCIS)	8812/3	Unknown	400	474	Localized Disease	551	Skullcap	Lingula of the Lung	892.58	e_causa_ignota
diagnosis	GC-CASE-464728	GC-DX-576006	imperium_in_imperio	Unknown	Unspecified	Bronchio-alveolar Carcinoma	Large Vessels	264	G4 Anaplastic	M1c	N0 (i-)	T1b1	8046/6	Not Reported	967	144	Tumor Free	912	Lateral Wall of the Bladder	Celiac Artery	95.49	nanos_gigantum_humeris_insidentes
diagnosis	GC-CASE-302251	GC-DX-263130	cacatum_non_est_pictum	Leukemias	Not reported	Malignant fibrous histiocytoma (MFH) of bone	Parotid	599	G3 High Grade	M1b	NX	T2c	9717/3	No	570	585	Distant Metastasis	39	Seminal Vesicle	Thyroglossal Duct	602.77	nascentes_morimur_finisque_ab_origine_pendet
diagnosis	GC-CASE-442890	GC-DX-563773	scientiae_et_patriae	Nevi and Melanomas	Not reported	Serous cystadenofibroma of borderline malignancy	Frontal Bone	333	G3 High Grade	M1a	N1b	T4b	9191/0	Censored	725	82	Localized Disease	756	Intervertebral Disc	Fallopian Tube	649.04	saltus_in_demonstrando
diagnosis	GC-CASE-224990	GC-DX-627263	id_quod_plerumque_accidit	Lymphatic Vessel Tumors	Dead	Granulosa Cell Tumor, Malignant	Pineal	520	Unknown	Not Reported	N1	T2d	8255/3	Not Allowed to Collect	430	335	New Tumor Event	296	Biceps Femoris	Hand Digit 1	90.67	salus_in_arduis
diagnosis	GC-CASE-567058	GC-DX-335365	pace_tua	Nevi and Melanomas	Unknown	High-grade rhabdomyosarcoma with pleomorphic features	Dorsal Spine	333	G2 Intermediate Grade	M1c	N1c	T4d	8740/0	Not Allowed to Collect	355	646	Unknown	637	Cerebellum	Clitoris	459.86	scientia,_aere_perennius
diagnosis	GC-CASE-241399	GC-DX-614160	scientia_et_sapientia	Nerve Sheath Tumors	Alive	Pineal Parenchymal Tumor	Acetabulum	23	Unknown	M1c	N2a	T4b	8261/2	No	959	209	Not Allowed To Collect	736	Tragus	Rectum	336.27	cacatum_non_est_pictum
diagnosis	GC-CASE-557833	GC-DX-509131	scientiae_et_patriae	Gliomas	Not reported	T-cell rich/histiocyte-rich large B-cell lymphoma	Brain	826	GB Borderline	M1b	N1c	T2a	8153/1	No	377	607	Not Applicable	980	Gastric Cardia	Frontal Pole	80.73	a_bene_placito
diagnosis	GC-CASE-569351	GC-DX-907153	nanos_gigantum_humeris_insidentes	Myomatous Neoplasms	Dead	Classical Hodgkin lymphoma, lymphocyte depletion, NOS	Dorsal Spine	966	Not Reported	M1b	N1bIII	T1b2	8147/3	No	83	413	Regional Disease	945	Knee Skin	Rectosigmoid Region	630.62	salus_in_arduis
diagnosis	GC-CASE-368063	GC-DX-366382	e_causa_ignota	Blood Vessel Tumors	Alive	Embryonal Neoplasm	Bronchus	920	G1 Low Grade	cM0 (i+)	N0 (i+)	T4	8550/1	No	241	539	Unknown	317	External Upper Lip	Nasal Septum	197.93	haec_olim_meminisse_iuvabit
diagnosis	GC-CASE-311511	GC-DX-520587	nascentes_morimur_finisque_ab_origine_pendet	Unknown	Unspecified	High-Grade Serous Carcinoma	Hand Bone	403	G4 Anaplastic	M0	N1bI	T1	8814/3	Not Reported	832	137	Localized Disease	778	Renal	Subclavian Artery	736.06	barba_crescit_caput_nescit
diagnosis	GC-CASE-310995	GC-DX-957222	pace_tua	Odontogenic Tumors	Not reported	Meningeal sarcoma	Middle Ear	18	GX Grade Cannot Be Assessed	Not Reported	N1bII	T2a	9813/3	No	625	111	Tumor Free	794	Oral Cavity	Larynx	887.37	scientia_et_sapientia
diagnosis	GC-CASE-360007	GC-DX-253327	faber_est_suae_quisque_fortunae	Plasma Cell Neoplasm	Not reported	Serous surface papilloma	Ear - Lateral Skull Base and Nasopharynx	888	GX Grade Cannot Be Assessed	Not Reported	NX	T2a1	8040/1	Not Allowed to Collect	415	164	With Tumor	947	Retina	Cerebellum	696.17	pace_tua
diagnosis	GC-CASE-494303	GC-DX-411244	sapiens_qui_prospicit	Myxomatous Neoplasms	Alive	Malignant Spindle Cell Neoplasm	Colon	535	G4 Anaplastic	M1a	N3b	T4	8146/0	Not Reported	439	630	Not Reported	343	Skeletal Muscle Tissue	C1 Vertebra	276.62	scientiae_cedit_mare
diagnosis	GC-CASE-772572	GC-DX-749534	faber_est_suae_quisque_fortunae	Cystic, Mucinous and Serous Neoplasms	Not reported	Cystic hypersecretory carcinoma	Not Reported	561	Not Applicable	Unknown	N3c	T2a1	9982/3	Not Allowed to Collect	58	865	Not Allowed To Collect	366	Visceral Pleura	Ankle Joint	540.54	a_bene_placito
diagnosis	GC-CASE-937270	GC-DX-363376	Obedientia_civium_urbis_felicitas	Mucoepidermoid Neoplasms	Dead	Intracerebral schwannoma	Spine	918	G1 Low Grade	MX	N1mi	Tis (DCIS)	9530/3	Not Applicable	470	656	Regional Disease	379	Trachea	Tail of the Pancreas	438.78	scientia_et_labor
diagnosis	GC-CASE-652453	GC-DX-826974	scientia_et_labor	Mesothelial Neoplasms	Alive	Mesonephric adenocarcinoma	Parotid	441	GB Borderline	MX	N2a	T2a1	8725/0	Censored	928	103	Not Allowed To Collect	725	Choroid Plexus of the Third Ventricle	Mentum	33.82	scientiae_et_patriae
diagnosis	GC-CASE-727118	GC-DX-437723	nanos_gigantum_humeris_insidentes	Fibromatous Neoplasms	Dead	Multiple hemorrhagic sarcoma	Craniospinal	228	Not Applicable	M1a	N2	Tis	9221/0	Yes	273	159	Distant Metastasis	535	Renal	Spinal Cord Dura Mater	481.71	salus_in_arduis
diagnosis	GC-CASE-276478	GC-DX-574263	scientia_imperii_decus_et_tutamen	Myelodysplastic Syndromes	Not reported	Olfactory neuroepithelioma	Rib	373	Not Reported	Not Reported	N3c	T3b	8940/3	Censored	24	74	Regional Disease	652	Sphenoid Sinus	Femoral Nerve	686.44	Macte_animo_Generose_puer_sic_itur_ad_astra
diagnosis	GC-CASE-156511	GC-DX-364634	scientia_imperii_decus_et_tutamen	Immunoproliferative Diseases	Unspecified	Hodgkin disease, lymphocyte predominance, diffuse	Pectoral Nodes	802	G2 Intermediate Grade	M0	N1bIII	T3a	9963/3	No	604	27	With Tumor	581	Gastric Lymph Node	Fibrous Tissue	718.42	scientiae_cedit_mare
diagnosis	GC-CASE-203084	GC-DX-986211	id_quod_plerumque_accidit	Germ Cell Neoplasms	Not reported	Choroid Plexus Neoplasm	Retroperitoneum	78	Not Reported	Unknown	N0 (mol-)	Tis	8371/0	Not Applicable	472	45	Regional Disease	873	Nasopharynx	Biceps	707.11	damnant_quod_non_intellegunt
diagnosis	GC-CASE-400716	GC-DX-373427	scientia_imperii_decus_et_tutamen	Epithelial Neoplasms, NOS	Alive	Oxyphilic adenocarcinoma	Face	122	G1 Low Grade	MX	N1bIII	T2a1	8410/3	Yes	470	92	Unknown	300	Nasal Bone	Extrahepatic Bile Duct	252.99	O_Tite_tute_Tati_tibi_tanta_tyranne_tulisti
diagnosis	GC-CASE-722283	GC-DX-895009	haec_olim_meminisse_iuvabit	Leukemias	Unspecified	Grawitz tumor	Ankle Joint	694	GX Grade Cannot Be Assessed	Not Reported	N1bIV	T2a2	9045/3	Unknown	703	775	Unknown	210	Hematopoietic System	Sciatic Nerve	252.2	imperium_in_imperio
diagnosis	GC-CASE-122363	GC-DX-364773	Obedientia_civium_urbis_felicitas	Mesothelial Neoplasms	Unspecified	Solid and cystic tumor	Hand Phalanges	275	G4 Anaplastic	M1	N4	T4a	8074/3	Not Applicable	420	387	Localized Disease	341	Sacral Plexus	Intervertebral Disc	995.04	pace_tua
diagnosis	GC-CASE-761459	GC-DX-875452	saltus_in_demonstrando	Miscellaneous Tumors	Unspecified	Hodgkin disease, nodular sclerosis, lymphocyte predominance	Sternum/Chest Wall	160	G4 Anaplastic	cM0 (i+)	N1bI	Not Reported	8814/3	Unknown	80	746	Not Allowed To Collect	1000	Lateral Wall of the Nasopharynx	Parotid Duct	592.03	imperium_in_imperio
diagnosis	GC-CASE-616918	GC-DX-529869	scientiae_cedit_mare	Immunoproliferative Diseases	Unknown	Agnogenic myeloid metaplasia	Large Vessels	881	G2 Intermediate Grade	M1	N0 (mol+)	T3	8720/2	Not Applicable	634	487	Distant Metastasis	877	Lower-Inner Quadrant of the Breast	Musculus Latissimus Dorsi	357.37	scientia_et_labor
diagnosis	GC-CASE-567840	GC-DX-677543	cacatum_non_est_pictum	Plasma Cell Neoplasm	Alive	Pilocytic Astrocytoma	Thyroid	494	GB Borderline	M1a	N1	T1b	9724/3	Censored	209	303	Unknown	57	True Vocal Cord	Toe	665.8	saltus_in_demonstrando
diagnosis	GC-CASE-761780	GC-DX-941229	id_quod_plerumque_accidit	Granular Cell Tumors and Alveolar Soft Part Sarcomas	Unspecified	Tubulo-papillary adenoma	Metacarpals	64	G2 Intermediate Grade	MX	N1b	Not Reported	8420/3	Censored	601	834	Tumor Free	383	Shoulder	Plantar Region	23.48	scientia,_aere_perennius
diagnosis	GC-CASE-927277	GC-DX-518339	scientia_et_labor	Basal Cell Neoplasms	Unspecified	Intradermal nevus	Oropharynx	621	Unknown	M0	N3	Unknown	8331/3	Not Applicable	448	19	New Tumor Event	577	Endocardium	Lateral Wall of the Pharynx	508.03	scientia_et_labor
diagnosis	GC-CASE-498726	GC-DX-377680	imperium_in_imperio	Blood Vessel Tumors	Not reported	Cavernous lymphangioma	Skull	653	GX Grade Cannot Be Assessed	M1a	N1bI	T1b1	9807/3	Yes	879	782	Tumor Free	940	Gland of Littre	Inguinal Region	466.36	Obedientia_civium_urbis_felicitas
diagnosis	GC-CASE-136245	GC-DX-914098	saltus_in_demonstrando	Miscellaneous Bone Tumors	Unspecified	Liver cell carcinoma	Pineal	836	G1 Low Grade	Not Reported	Unknown	T3d	9731/3	Yes	598	294	New Tumor Event	972	Central Portion of the Breast	Esophagus	872.78	Gallia_est_omnis_divisa_in_partes_tres
diagnosis	GC-CASE-459929	GC-DX-893553	haec_olim_meminisse_iuvabit	Not Otherwise Specified	Unknown	Precursor cell lymphoblastic leukemia, not phenotyped	Parotid	670	G4 Anaplastic	M1	N3b	T4a	9080/3	No	166	994	Not Allowed To Collect	419	Skin Of The Axilla	Tunica Vaginalis	391.49	O_Tite_tute_Tati_tibi_tanta_tyranne_tulisti
diagnosis	GC-CASE-693343	GC-DX-829289	scientia_imperii_decus_et_tutamen	Lipomatous Neoplasms	Unknown	Epidermoid carcinoma, large cell, nonkeratinizing	Eyelid	649	Not Applicable	MX	N0 (mol-)	T3	8091/3	Not Allowed to Collect	58	360	Biochemical evidence of disease without structural correlate	284	Humerus	Sublingual Salivary Gland	388.03	id_quod_plerumque_accidit
diagnosis	GC-CASE-580492	GC-DX-397148	cacatum_non_est_pictum	Unknown	Unknown	Parachordoma	Metatarsals	993	G4 Anaplastic	M0	Unknown	T0	8142/3	No	316	597	Not Applicable	997	Mesonephric Duct	Sacral Lymph Node	737.99	faber_est_suae_quisque_fortunae
diagnosis	GC-CASE-370521	GC-DX-591025	haec_olim_meminisse_iuvabit	Meningiomas	Dead	Struma ovarii and carcinoid	Deep Gray (e.g. Basal ganglia or Thalamus)	511	GX Grade Cannot Be Assessed	M1a	N3b	T2b	9351/1	Not Applicable	565	285	New Tumor Event	282	Pulmonary Hilar Lymph Node	Upper Gingiva	151.95	pace_tua
diagnosis	GC-CASE-657538	GC-DX-560553	Obedientia_civium_urbis_felicitas	Mucoepidermoid Neoplasms	Unknown	Infiltrating duct and cribriform carcinoma	Hand Phalanges	21	GX Grade Cannot Be Assessed	M1	NX	T4b	8562/3	Not Allowed to Collect	606	983	Localized Disease	265	Calcaneum	Descending Colon	67.57	saltus_in_demonstrando
diagnosis	GC-CASE-125854	GC-DX-102020	saltus_in_demonstrando	Neoplasms, NOS	Unknown	Rhabdomyosarcoma, favor embryonal subtype pending molecular studies	Face	749	Not Applicable	Not Reported	N1bIII	T3b	8042/3	No	168	102	Regional Disease	396	Hyoid Bone	Ear Skin	465.88	sapiens_qui_prospicit
diagnosis	GC-CASE-301994	GC-DX-590677	nascentes_morimur_finisque_ab_origine_pendet	Paragangliomas and Glomus Tumors	Unknown	Pleomorphic lobular carcinoma	Temporal Lobe	192	G4 Anaplastic	M1c	N1bIII	T2a1	9261/3	No	222	467	Not Applicable	103	Ischiorectal Fossa	Vertebral Column	941.57	scientia,_aere_perennius
diagnosis	GC-CASE-465097	GC-DX-271293	haec_olim_meminisse_iuvabit	Not Reported	Not reported	Testicular mass	Ovary	659	G1 Low Grade	M1b	N1c	Tis	8272/3	Unknown	643	419	With Tumor	817	Ulnar Nerve	Small Intestine	761.81	labor_ipse_voluptas
diagnosis	GC-CASE-631900	GC-DX-442921	Gallia_est_omnis_divisa_in_partes_tres	Miscellaneous Bone Tumors	Alive	Tumor, malignant, NOS	Metacarpals	39	GX Grade Cannot Be Assessed	MX	N0	Tis (Paget's)	9272/0	Unknown	43	967	Localized Disease	360	Posterior Wall of the Nasopharynx	Median Nerve	885.15	scientia_et_labor
diagnosis	GC-CASE-745249	GC-DX-771917	saltus_in_demonstrando	Plasma Cell Neoplasm	Alive	Pilocytic astrocytoma, WHO Grade 1	Orbit	320	Not Applicable	M1a	N3c	T2a1	8901/3	Not Applicable	128	579	Distant Metastasis	51	Anus	Back	533.88	nanos_gigantum_humeris_insidentes
diagnosis	GC-CASE-574559	GC-DX-609320	labor_ipse_voluptas	Nevi and Melanomas	Alive	Ganglioneuromatosis	Trachea	75	G2 Intermediate Grade	M1b	N3c	T4b	8852/3	Censored	736	466	Regional Disease	912	Skin of the Lower Limb and Hip	Hymen	465.58	Obedientia_civium_urbis_felicitas
diagnosis	GC-CASE-402792	GC-DX-448605	pace_tua	Unknown	Not reported	NUT midline carcinoma	Anal/Perianal	735	G1 Low Grade	Not Reported	N3c	Not Reported	9020/3	Censored	429	717	Tumor Free	412	Anterior Wall of the Bladder	Shoulder Girdle	166.82	cacatum_non_est_pictum
diagnosis	GC-CASE-197584	GC-DX-572337	scientia_et_labor	Fibromatous Neoplasms	Not reported	Dermatofibrosarcoma, NOS	Colon	184	G4 Anaplastic	Unknown	N4	T4	9871/3	Unknown	284	277	Localized Disease	304	Adipose Tissue	Aryepiglottic Fold	582.95	a_bene_placito
diagnosis	GC-CASE-833408	GC-DX-696602	scientiae_et_patriae	Blood Vessel Tumors	Unspecified	Anaplastic astrocytoma, IDH-mutant	Clavicle	580	GX Grade Cannot Be Assessed	M1	N1bIV	Unknown	8680/3	No	536	749	Distant Metastasis	43	Choroid Plexus	Pancreatic Lymph Node	633.72	salus_in_arduis
diagnosis	GC-CASE-394173	GC-DX-879868	Gallia_est_omnis_divisa_in_partes_tres	Miscellaneous Bone Tumors	Unspecified	Cavernoma	Paratesticular	74	Not Reported	Unknown	N1bIII	T1mi	8110/3	Yes	741	172	Localized Disease	862	Forearm	Toe	798.59	Gallia_est_omnis_divisa_in_partes_tres
diagnosis	GC-CASE-897818	GC-DX-856935	scientiae_et_patriae	Not Otherwise Specified	Dead	Meningioma, NOS	Bone Face	485	Not Reported	M0	N0 (mol-)	T5	8257/3	No	19	824	Not Allowed To Collect	910	Scalp	Rectum	225.32	labor_ipse_voluptas
diagnosis	GC-CASE-958200	GC-DX-142758	nascentes_morimur_finisque_ab_origine_pendet	Neoplasms, NOS	Unspecified	9473/3 : CNS Embryonal Tumor, NOS	Lower Arm	604	G2 Intermediate Grade	M1a	N1mi	Tis (DCIS)	9341/3	No	804	180	Localized Disease	527	Lateral Wall of the Pharynx	Iliac Lymph Node	834.24	scientia_imperii_decus_et_tutamen
diagnosis	GC-CASE-173418	GC-DX-883225	e_causa_ignota	Not Reported	Unknown	Periosteal osteosarcoma	Temporal Lobe	786	G3 High Grade	M0	N3c	T1c	8683/0	Not Reported	956	774	Localized Disease	337	Visceral Pleura	Uterine Gland	13.13	barba_crescit_caput_nescit
diagnosis	GC-CASE-646617	GC-DX-329527	nascentes_morimur_finisque_ab_origine_pendet	Paragangliomas and Glomus Tumors	Alive	Acute myeloid leukemia with inv(3)(q21q26.2) or t(3;3)(q21;q26.2); RPN1-EVI1	Thorax	55	Not Applicable	cM0 (i+)	N4	T3a	9210/0	Not Applicable	478	445	Localized Disease	968	Abdominal Aorta	Mucosa of the Upper Lip	747.73	saltus_in_demonstrando
diagnosis	GC-CASE-795451	GC-DX-440618	a_bene_placito	Fibromatous Neoplasms	Unspecified	Pleomorphic xanthoastrocytoma	Lymph Node	499	G2 Intermediate Grade	Not Reported	Not Reported	T1mi	9679/3	Not Applicable	515	378	Distant Metastasis	968	Radial Nerve	Posterior Wall of the Pharynx	484.64	id_quod_plerumque_accidit
diagnosis	GC-CASE-627426	GC-DX-576533	a_bene_placito	Not Reported	Not reported	Lipoblastoma	Inguinal	978	GB Borderline	M1	N3b	T3b	9015/0	Not Applicable	451	245	Not Allowed To Collect	707	Epididymis	Mesonephros	135.44	sapiens_qui_prospicit
diagnosis	GC-CASE-157332	GC-DX-332033	imperium_in_imperio	Odontogenic Tumors	Unspecified	Malignant teratoma, intermediate	Bronchus	616	G2 Intermediate Grade	Unknown	Not Reported	T1b	9351/1	Unknown	890	797	Not Applicable	32	Ilium	Adrenal Gland	834.39	damnant_quod_non_intellegunt
diagnosis	GC-CASE-941883	GC-DX-184332	id_quod_plerumque_accidit	Gliomas	Unknown	Liver cell adenoma	Hand Bone	293	GB Borderline	cM0 (i+)	N2c	T2	8050/0	Not Allowed to Collect	70	820	With Tumor	904	Central Portion of the Breast	Gastrocnemius Muscle	390.11	sapiens_qui_prospicit
diagnosis	GC-CASE-656536	GC-DX-270618	Gallia_est_omnis_divisa_in_partes_tres	Leukemias	Unknown	Apocrine adenocarcinoma	Liver/Biliary Tract	885	GX Grade Cannot Be Assessed	Unknown	Unknown	T4a	9768/1	Censored	717	166	Not Allowed To Collect	434	Toenail	Wrist Skin	664.78	scientia_et_labor
diagnosis	GC-CASE-246031	GC-DX-955128	Macte_animo_Generose_puer_sic_itur_ad_astra	Myelodysplastic Syndromes	Unspecified	Adenoid basal carcinoma	Perineum	395	Not Applicable	cM0 (i+)	N1a	T1b1	8210/2	Not Applicable	912	553	Distant Metastasis	880	Epiglottis	Ethmoid Bone	221.2	imperium_in_imperio
diagnosis	GC-CASE-124671	GC-DX-449308	sapiens_qui_prospicit	Osseous and Chondromatous Neoplasms	Not reported	Mucinous adenofibroma, NOS	Colon	441	G2 Intermediate Grade	M1a	N1bIV	T2a2	9275/0	Not Applicable	564	933	Biochemical evidence of disease without structural correlate	924	Testis	Ectocervix	75.54	saltus_in_demonstrando
diagnosis	GC-CASE-315569	GC-DX-163822	scientia_et_labor	Myxomatous Neoplasms	Not reported	Intraductal carcinoma, clinging	Adrenal Gland	475	G3 High Grade	M1	N1c	T4e	9381/3	Not Reported	403	846	Localized Disease	931	Pancreatic Lymph Node	Cervix Uteri	619.29	a_bene_placito
diagnosis	GC-CASE-228167	GC-DX-200908	Gallia_est_omnis_divisa_in_partes_tres	Meningiomas	Unknown	Classical Hodgkin lymphoma, lymphocyte depletion, reticular	Ilium	213	G1 Low Grade	M1b	N1bIII	T1	8190/3	Not Reported	402	610	Tumor Free	284	Cricoid Cartilage	Hippocampus	515.79	Macte_animo_Generose_puer_sic_itur_ad_astra
diagnosis	GC-CASE-976821	GC-DX-882037	Macte_animo_Generose_puer_sic_itur_ad_astra	Lymphatic Vessel Tumors	Unspecified	Adenomatoid tumor, NOS	Lumbar Spine	691	GX Grade Cannot Be Assessed	M1c	N1mi	T4	9050/0	Unknown	490	622	Not Reported	250	Coracobrachialis	Peritoneal Cavity	724.88	faber_est_suae_quisque_fortunae
diagnosis	GC-CASE-901601	GC-DX-141687	labor_ipse_voluptas	Miscellaneous Tumors	Unspecified	Pleomorphic Xanthoastrocytoma, NOS, Low-Grade Glioma	Trachea	817	Unknown	Unknown	Not Reported	T3	8121/1	Not Reported	721	577	Biochemical evidence of disease without structural correlate	486	Undescended Testes	Parotid Duct	176.28	scientia_et_sapientia
diagnosis	GC-CASE-903405	GC-DX-185752	scientiae_et_patriae	Giant Cell Tumors	Unspecified	Epithelioid Sarcoma, NOS	Sacrococcygeal	853	GX Grade Cannot Be Assessed	M0	Not Reported	T0	8584/1	Yes	345	329	Distant Metastasis	935	Lower-Outer Quadrant of the Breast	Internal Iliac Lymph Node	144.62	id_quod_plerumque_accidit
diagnosis	GC-CASE-240902	GC-DX-668559	Obedientia_civium_urbis_felicitas	Fibromatous Neoplasms	Dead	Bronchiolo-alveolar carcinoma; type II pneumocyte	Infraclavicular Nodes	996	GB Borderline	MX	N1bIII	T4b	8903/0	Not Applicable	679	295	Unknown	138	Ureter	Hymen	84.13	salus_in_arduis
diagnosis	GC-CASE-960028	GC-DX-916980	scientiae_cedit_mare	Adnexal and Skin Appendage Neoplasms	Unspecified	Choroid Plexus Neoplasm	Female Reproductive System Part	498	G4 Anaplastic	M1	N1b	Tis	9719/3	Censored	970	612	Localized Disease	269	Epicardium	Body of Stomach	636.77	nascentes_morimur_finisque_ab_origine_pendet
diagnosis	GC-CASE-898851	GC-DX-857174	cacatum_non_est_pictum	Adenomas and Adenocarcinomas	Alive	Embryonal Tumor With Multilayered Rosettes, CNS WHO Grade 4	Shoulder	812	Not Reported	cM0 (i+)	N1bI	T2a2	8317/3	No	421	767	Biochemical evidence of disease without structural correlate	226	Vaginal Fornix	Lingual Tonsil	233.71	barba_crescit_caput_nescit
diagnosis	GC-CASE-495036	GC-DX-223140	haec_olim_meminisse_iuvabit	Not Applicable	Unknown	FAB M2, t(8;21)(q22;q22)	Gallbladder	333	Not Applicable	MX	N1bII	T3a	9081/3	Censored	773	733	Localized Disease	117	Nasal Turbinate	Ischiorectal Fossa	956.91	pace_tua
diagnosis	GC-CASE-584933	GC-DX-688573	haec_olim_meminisse_iuvabit	Paragangliomas and Glomus Tumors	Unspecified	Chronic myelomonocytic leukemia in transformation	Testis	941	GX Grade Cannot Be Assessed	M1a	N1a	Not Reported	8582/3	Not Allowed to Collect	291	302	Distant Metastasis	241	Lingual Tonsil	Bile Canaliculus	924.33	cacatum_non_est_pictum
diagnosis	GC-CASE-556243	GC-DX-957206	a_bene_placito	Leukemias	Unknown	Sertoli-Leydig Cell Tumor, Poorly Differentiated	Scapula/Clavicle	69	G3 High Grade	Not Reported	N1mi	T2a1	9000/1	No	45	18	Biochemical evidence of disease without structural correlate	130	Sacral Plexus	Anterior Cranial Fossa	979.46	scientiae_et_patriae
diagnosis	GC-CASE-467590	GC-DX-369242	scientia_imperii_decus_et_tutamen	Unknown	Unspecified	Monocytic leukemia, NOS	Acetabulum	570	G2 Intermediate Grade	cM0 (i+)	N1bIV	T4a	8383/3	Not Allowed to Collect	558	810	Tumor Free	28	Pia Mater	Lobule of the Auricle	610.03	Gallia_est_omnis_divisa_in_partes_tres
diagnosis	GC-CASE-444180	GC-DX-389687	scientiae_et_patriae	Thymic Epithelial Neoplasms	Unspecified	Acute erythremic myelosis	Leg	877	G1 Low Grade	M0	N0	Tis (Paget's)	8263/3	No	235	211	Tumor Free	112	Cerebral Meninges	Foot Phalanx	411.65	labor_ipse_voluptas
diagnosis	GC-CASE-965625	GC-DX-643195	sapiens_qui_prospicit	Immunoproliferative Diseases	Unspecified	Medulloblastoma, desmoplastic/nodular histology, SHH-activated (WHO grade 4)	Lumbar Spinal Cord	326	Not Reported	M1c	NX	T1b1	8501/3	Not Applicable	418	263	Not Reported	327	Lobule of the Auricle	Cranial Nerve	472.13	nascentes_morimur_finisque_ab_origine_pendet
diagnosis	GC-CASE-567815	GC-DX-742200	cacatum_non_est_pictum	Blood Vessel Tumors	Dead	Malignant Tumor	Trabecular Meshwork	669	Unknown	MX	N1	T2d	8010/0	No	703	911	New Tumor Event	82	Heart	Facial Bone	742.49	haec_olim_meminisse_iuvabit
diagnosis	GC-CASE-188538	GC-DX-579770	scientia_imperii_decus_et_tutamen	Myelodysplastic Syndromes	Unknown	Tumor embolus	Rib	595	G1 Low Grade	cM0 (i+)	N1a	Tis (DCIS)	8540/3	Censored	974	368	Not Reported	429	Myometrium	Retroperitoneum	187.79	salus_in_arduis
diagnosis	GC-CASE-149201	GC-DX-438929	salus_in_arduis	Complex Mixed and Stromal Neoplasms	Alive	Hygroma, NOS	Lacrimal Bone	840	G1 Low Grade	M0	N2	T5	8905/0	Not Allowed to Collect	713	302	Biochemical evidence of disease without structural correlate	84	Calf	Mammary Gland	589.56	e_causa_ignota
diagnosis	GC-CASE-196396	GC-DX-676600	saltus_in_demonstrando	Not Reported	Unknown	B lymphoblastic leukemia/lymphoma with t(12;21)(p13;q22); TEL-AML1 (ETV6-RUNX1)	Scalp	804	G3 High Grade	M1b	N0 (i-)	T4a	8150/3	Unknown	188	548	Not Reported	524	Radius Bone	Eyelid	330.47	Macte_animo_Generose_puer_sic_itur_ad_astra
diagnosis	GC-CASE-836302	GC-DX-839475	scientia,_aere_perennius	Neuroepitheliomatous Neoplasms	Unknown	Paget disease, mammary	Hypopharynx	36	Not Reported	Not Reported	NX	T2	9040/0	Not Applicable	909	437	Unknown	453	Tentorium Cerebelli	Pectoral Lymph Node	939.06	scientia_et_labor
diagnosis	GC-CASE-108803	GC-DX-809603	damnant_quod_non_intellegunt	Germ Cell Neoplasms	Not reported	Malignant serous cystadenofibroma	Penis	795	GB Borderline	MX	N0 (mol+)	T2a1	8250/3	No	852	300	Localized Disease	668	Intraocular Route of Administration	Iliopsoas Muscle	420.97	nanos_gigantum_humeris_insidentes
diagnosis	GC-CASE-637042	GC-DX-759062	nascentes_morimur_finisque_ab_origine_pendet	Mast Cell Neoplasm	Unknown	Low Grade Tumor	Intra-abdominal	314	G2 Intermediate Grade	M1a	N1b	T5	8001/0	Not Reported	931	561	Localized Disease	178	Fallopian Tube	Uterus	253.74	scientiae_et_patriae
diagnosis	GC-CASE-491007	GC-DX-196513	nascentes_morimur_finisque_ab_origine_pendet	Neuroepitheliomatous Neoplasms	Unspecified	Malignant lymphomatous polyposis	Lumbar Vertebra	196	G3 High Grade	Unknown	N3b	Ta	9505/3	No	515	213	Distant Metastasis	818	Synovial Bursa	Nerve	285.36	sapiens_qui_prospicit
diagnosis	GC-CASE-925010	GC-DX-573238	cacatum_non_est_pictum	Mucoepidermoid Neoplasms	Dead	High-grade Fibrosarcoma	Coccyx	58	G2 Intermediate Grade	cM0 (i+)	N1b	T2b	8261/3	Not Allowed to Collect	538	600	Distant Metastasis	182	Floor of Mouth	Hypothalamus	115.17	Macte_animo_Generose_puer_sic_itur_ad_astra
diagnosis	GC-CASE-820376	GC-DX-774140	scientia_imperii_decus_et_tutamen	Thymic Epithelial Neoplasms	Not reported	Periapical cemento-osseous dysplasia	Bladder/Prostate	540	G3 High Grade	Unknown	N0	T1a1	9472/3	Unknown	905	98	Unknown	116	Lower Extremity	Branchial Cleft Remnant	516.42	imperium_in_imperio
diagnosis	GC-CASE-264094	GC-DX-616352	faber_est_suae_quisque_fortunae	Plasma Cell Neoplasm	Unknown	Low grade glioma, cannot rule out additional neuronal component	Nasal Bone	721	G1 Low Grade	M1b	N3c	T4c	8591/1	No	979	133	Localized Disease	961	Hand Skin	Trochlear Nerve	677.28	sapiens_qui_prospicit
diagnosis	GC-CASE-154377	GC-DX-483862	imperium_in_imperio	Squamous Cell Neoplasms	Unspecified	Bland Myofibroblastic Proliferation With Associated Florid Lymphoplasmacytic Inflammation	Liver	976	GB Borderline	cM0 (i+)	N0	T2d	9281/0	Not Applicable	837	200	Localized Disease	999	Intercostal Nerve	Mammary Gland	783.39	id_quod_plerumque_accidit
diagnosis	GC-CASE-476652	GC-DX-700180	Obedientia_civium_urbis_felicitas	Transitional Cell Papillomas and Carcinomas	Dead	Chromophobe adenoma	Hip/Inguinal Region	213	G4 Anaplastic	Unknown	N0 (i-)	Tis	8380/2	Not Reported	941	278	Tumor Free	467	Optic Chiasm	Lymphatic	29.54	nascentes_morimur_finisque_ab_origine_pendet
diagnosis	GC-CASE-441685	GC-DX-942462	salus_in_arduis	Mast Cell Neoplasm	Not reported	Synovial sarcoma, monophasic fibrous	Inguinal or Femoral Nodes	453	GB Borderline	M1b	N3	T2a1	8253/3	Unknown	536	717	Localized Disease	175	Foot Phalanx	Intestine	34.45	Obedientia_civium_urbis_felicitas
diagnosis	GC-CASE-393330	GC-DX-167977	e_causa_ignota	Fibroepithelial Neoplasms	Unknown	Papillary renal cell carcinoma	Acetabulum	792	G2 Intermediate Grade	M0	N2	T1b2	8380/2	Not Allowed to Collect	586	832	Not Reported	273	Trunk	Vertebra	129.39	Macte_animo_Generose_puer_sic_itur_ad_astra
diagnosis	GC-CASE-723394	GC-DX-917449	scientia,_aere_perennius	Lipomatous Neoplasms	Alive	Spindle Cell Rhabdomyosarcoma	Lymph Node	334	GX Grade Cannot Be Assessed	M1	N0 (mol+)	TX	8442/1	Not Allowed to Collect	170	939	Not Reported	764	Iliac Vein	Musculus Latissimus Dorsi	474.3	a_bene_placito
diagnosis	GC-CASE-869403	GC-DX-459366	pace_tua	Myomatous Neoplasms	Dead	Low grade adenosquamous carcinoma	Popliteal Nodes	219	Not Reported	M1b	N3b	T3d	9734/3	Not Reported	25	802	Tumor Free	313	Extrahepatic Bile Duct	Trunk	853.04	pace_tua
diagnosis	GC-CASE-721041	GC-DX-252495	id_quod_plerumque_accidit	Ductal and Lobular Neoplasms	Alive	Medulloblastoma, Classic (Biphasic) Histologic Type, Non-SHH/Non-WNT Molecular Group, CNS WHO Grade 4	Knee Joint	618	Not Applicable	Not Reported	Not Reported	T5	8814/3	Not Reported	750	698	Localized Disease	770	Plantar Region	Popliteal Lymph Node	44.56	barba_crescit_caput_nescit
diagnosis	GC-CASE-956941	GC-DX-243461	scientia_et_labor	Gliomas	Alive	Anaplastic Ganglioglioma	Spleen	525	Not Applicable	Not Reported	N1	Ta	8010/3	Yes	367	407	With Tumor	747	Bone	Nipple	917.49	faber_est_suae_quisque_fortunae
diagnosis	GC-CASE-431048	GC-DX-160621	saltus_in_demonstrando	Immunoproliferative Diseases	Dead	Meningioma, anaplastic	Intraspinal	523	Not Reported	M1	N2	T1mi	9081/3	No	121	521	New Tumor Event	163	Foot	Islet of Langerhans	887.18	pace_tua
diagnosis	GC-CASE-294485	GC-DX-475060	scientiae_et_patriae	Blood Vessel Tumors	Unknown	Oxyphilic adenocarcinoma	Skull and Face Bone	128	G2 Intermediate Grade	MX	N2a	T2a	9042/3	Unknown	652	791	Biochemical evidence of disease without structural correlate	973	Visceral Pleura	Skullcap	253.62	e_causa_ignota
diagnosis	GC-CASE-683812	GC-DX-140184	barba_crescit_caput_nescit	Myelodysplastic Syndromes	Dead	Gonadoblastoma	Gallbladder	307	Unknown	M1c	N2a	T5	8898/1	Yes	717	338	Distant Metastasis	897	Uncus	Ascending Colon	731.7	cacatum_non_est_pictum
diagnosis	GC-CASE-854194	GC-DX-329411	Obedientia_civium_urbis_felicitas	Mesothelial Neoplasms	Not reported	Androblastoma, benign	Frontal Lobe	140	Not Applicable	M1b	N1bIII	T3	9875/3	Censored	163	910	New Tumor Event	12	Cervix Uteri	Hepatic Lymph Node	572.88	scientia_imperii_decus_et_tutamen
diagnosis	GC-CASE-138831	GC-DX-927811	nascentes_morimur_finisque_ab_origine_pendet	Acinar Cell Neoplasms	Not reported	Common precursor B ALL	Paranasal Sinus	358	GB Borderline	M0	N1mi	T3a	8802/3	Censored	525	203	Localized Disease	199	Flank	Gallbladder	455.51	haec_olim_meminisse_iuvabit
diagnosis	GC-CASE-888978	GC-DX-569462	nascentes_morimur_finisque_ab_origine_pendet	Blood Vessel Tumors	Unknown	Hepatoma, NOS	Shoulder	358	GX Grade Cannot Be Assessed	Unknown	N0 (i-)	T3a	9752/1	Not Allowed to Collect	529	320	With Tumor	188	Posterior Wall of the Bladder	Liver	649.94	damnant_quod_non_intellegunt
diagnosis	GC-CASE-212248	GC-DX-579794	cacatum_non_est_pictum	Miscellaneous Bone Tumors	Not reported	Giant cell sarcoma of bone	Toe	416	Unknown	M0	N1bIII	T4	8080/2	Not Applicable	190	657	With Tumor	599	Penis	Skull	334.0	scientia,_aere_perennius
diagnosis	GC-CASE-478860	GC-DX-440830	barba_crescit_caput_nescit	Cystic, Mucinous and Serous Neoplasms	Alive	Mixed phenotype acute leukemia, B/myeloid, NOS	Celiac Nodes	108	G3 High Grade	Not Reported	N1a	Tis	9052/3	No	292	592	With Tumor	30	Hand Skin	Inner Canthus	564.47	Gallia_est_omnis_divisa_in_partes_tres
diagnosis	GC-CASE-899805	GC-DX-583308	O_Tite_tute_Tati_tibi_tanta_tyranne_tulisti	Not Applicable	Dead	Mesoblastic nephroma	Oral Cavity	993	G3 High Grade	Unknown	N0	T4b	9174/0	Censored	372	911	Unknown	157	Rectosigmoid Colon	Base of the Tongue	857.01	sapiens_qui_prospicit
diagnosis	GC-CASE-885357	GC-DX-722263	sapiens_qui_prospicit	Synovial-like Neoplasms	Unknown	Reticulosarcoma, diffuse	Distant Lymph Nodes	243	Not Applicable	cM0 (i+)	N2b	T5	8311/1	Not Applicable	711	242	Biochemical evidence of disease without structural correlate	537	Pulmonary	Epicardium	16.28	scientia_imperii_decus_et_tutamen
diagnosis	GC-CASE-386649	GC-DX-597567	scientia_et_labor	Blood Vessel Tumors	Not reported	Malignant lymphoma, mixed lymphocytic-histiocytic, diffuse	Femur	609	G1 Low Grade	M1a	N3a	Ta	9521/3	Unknown	933	215	Distant Metastasis	152	Reticuloendothelial System	Bone	841.81	barba_crescit_caput_nescit
diagnosis	GC-CASE-212280	GC-DX-654476	faber_est_suae_quisque_fortunae	Not Reported	Unspecified	Thymic Carcinoma	Sternum/Chest Wall	447	Unknown	cM0 (i+)	N1bIV	T1b2	8860/0	Not Reported	509	626	Regional Disease	399	Femoral Artery	Duct of Gartner	922.43	scientia_et_labor
diagnosis	GC-CASE-556929	GC-DX-642685	scientia_imperii_decus_et_tutamen	Not Applicable	Unknown	T-zone lymphoma	Esophagus	130	G3 High Grade	M1a	N1bIV	T4b	8452/1	Not Allowed to Collect	728	798	Unknown	903	Antecubital Region	Thigh	24.34	nanos_gigantum_humeris_insidentes
diagnosis	GC-CASE-832491	GC-DX-306794	cacatum_non_est_pictum	Neoplasms, NOS	Not reported	High-grade Glioneuronal Tumor	Pancreas	929	GX Grade Cannot Be Assessed	M1c	N2c	T3c	8800/3	Not Allowed to Collect	264	661	Distant Metastasis	269	Mesencephalon	Corpus Striatum	847.94	barba_crescit_caput_nescit
diagnosis	GC-CASE-580620	GC-DX-198219	nascentes_morimur_finisque_ab_origine_pendet	Germ Cell Neoplasms	Alive	Midline carcinoma of children and young adults with NUT rearrangement	Shoulder Joint	653	G2 Intermediate Grade	M1c	N0 (i+)	T1c	8257/3	Not Applicable	866	703	Not Allowed To Collect	635	External Acoustic Meatus	Intraocular Route of Administration	383.73	salus_in_arduis
diagnosis	GC-CASE-934128	GC-DX-467615	scientia_imperii_decus_et_tutamen	Germ Cell Neoplasms	Unknown	Meningioangiomatosis	Ischium	270	Not Reported	Unknown	Unknown	T4a	8853/3	Not Applicable	619	807	Regional Disease	978	Mediastinum	Spinal Cord Dura Mater	433.27	imperium_in_imperio
diagnosis	GC-CASE-851160	GC-DX-717438	O_Tite_tute_Tati_tibi_tanta_tyranne_tulisti	Mesothelial Neoplasms	Dead	Gemistocytic astrocytoma	Foot Joint	439	GB Borderline	Not Reported	N1	T3c	8082/3	Not Applicable	975	565	Tumor Free	852	Upper-Outer Quadrant of the Breast	True Vocal Cord	943.23	scientiae_et_patriae
diagnosis	GC-CASE-835955	GC-DX-201905	scientiae_cedit_mare	Blood Vessel Tumors	Unknown	Undifferentiated uterine sarcoma	Middle Ear	721	GB Borderline	Not Reported	Unknown	T4	8101/0	No	703	910	Unknown	607	Wall of the Pharynx	Infraclavicular Lymph Node	815.99	Macte_animo_Generose_puer_sic_itur_ad_astra
diagnosis	GC-CASE-256833	GC-DX-326119	nascentes_morimur_finisque_ab_origine_pendet	Adenomas and Adenocarcinomas	Dead	Schneiderian carcinoma	Distant Lymph Nodes	543	Unknown	M1a	N1mi	Not Reported	8374/0	Not Allowed to Collect	25	260	Distant Metastasis	245	Lower Extremity	Ureteropelvic Junction	779.19	sapiens_qui_prospicit
diagnosis	GC-CASE-552682	GC-DX-482679	haec_olim_meminisse_iuvabit	Fibroepithelial Neoplasms	Alive	Acute progressive histiocytosis X	Epitrochlear or Brachial Nodes	715	G1 Low Grade	M1b	N1bIII	T1b2	8011/3	Not Allowed to Collect	180	76	Localized Disease	521	Forehead	Vocal Cord	215.5	scientiae_et_patriae
diagnosis	GC-CASE-670273	GC-DX-911983	haec_olim_meminisse_iuvabit	Fibroepithelial Neoplasms	Unknown	Microglioma	Tarsal Bone	660	GB Borderline	M1b	N3a	TX	9122/0	No	549	94	New Tumor Event	394	Aortocaval Lymph Node	Portal Lymph Node	982.07	saltus_in_demonstrando
diagnosis	GC-CASE-127048	GC-DX-848785	scientiae_cedit_mare	Miscellaneous Tumors	Dead	8170/3 : Hepatocellular Carcinoma, NOS	Forearm	254	G3 High Grade	M1b	N1bIV	T4b	8700/3	Yes	642	374	With Tumor	16	Peritoneum	Abducens Nerve	420.83	sapiens_qui_prospicit
diagnosis	GC-CASE-590477	GC-DX-959905	Macte_animo_Generose_puer_sic_itur_ad_astra	Myomatous Neoplasms	Alive	Neurofibromatosis; Moderately cellular neoplasm	Femur	25	G4 Anaplastic	M1b	N0 (i+)	T3d	8836/1	Unknown	733	601	Unknown	205	Ankle Skin	Mediastinal Lymph Node	11.69	scientia_et_sapientia
diagnosis	GC-CASE-728449	GC-DX-858795	scientia_imperii_decus_et_tutamen	Meningiomas	Not reported	Adenoameloblastoma	Hand	226	G4 Anaplastic	M1a	N0 (i+)	T3b	8170/3	No	755	720	Localized Disease	219	Common Bile Duct	Lower Third of the Esophagus	683.26	a_bene_placito
diagnosis	GC-CASE-220586	GC-DX-432307	haec_olim_meminisse_iuvabit	Thymic Epithelial Neoplasms	Alive	Germ Cell Tumor, Nonseminomatous	Omentum	367	Not Applicable	M0	NX	Ta	8230/3	Not Allowed to Collect	253	119	Not Applicable	14	Supraglottis	Nasal Septum	731.36	scientiae_cedit_mare
diagnosis	GC-CASE-796826	GC-DX-864476	e_causa_ignota	Basal Cell Neoplasms	Not reported	Ganglioglioma, anaplastic	Ilium	426	G2 Intermediate Grade	cM0 (i+)	N1c	T1c	8890/0	Not Allowed to Collect	794	560	Tumor Free	90	Thoracic Lymph Node	Hand Skin	340.13	saltus_in_demonstrando
diagnosis	GC-CASE-577300	GC-DX-193686	imperium_in_imperio	Squamous Cell Neoplasms	Alive	Malignant small round blue cell tumor, most consistent with desmoplastic small round cell tumor	Penis	991	G4 Anaplastic	Unknown	Not Reported	Not Reported	8670/0	No	927	240	Tumor Free	175	Superior Vena Cava	Intrahepatic Bile Duct	711.3	cacatum_non_est_pictum
diagnosis	GC-CASE-609760	GC-DX-373522	imperium_in_imperio	Adenomas and Adenocarcinomas	Unknown	Subependymal Giant Cell Astrocytoma (WHO Grade 1)	Vagina	477	Not Reported	M1b	N1a	T2b	8471/1	Unknown	863	871	Tumor Free	507	Gluteus Maximus	Oropharynx	996.22	cacatum_non_est_pictum
diagnosis	GC-CASE-859065	GC-DX-354359	scientia_et_labor	Not Reported	Dead	Hodgkin lymphoma, lymphocyte depletion, NOS	Perineum	676	Not Applicable	M1b	Not Reported	Unknown	8313/1	Censored	478	696	Tumor Free	856	Lateral Wall of the Oropharynx	Epiglottis	697.43	nascentes_morimur_finisque_ab_origine_pendet
diagnosis	GC-CASE-873659	GC-DX-619857	Macte_animo_Generose_puer_sic_itur_ad_astra	Myelodysplastic Syndromes	Alive	8991/3 : Embryonal Sarcoma	Cervical Vertebra	523	Unknown	M1	N0 (i+)	T2a	8030/3	Yes	888	785	Not Applicable	48	Palate	Retina	552.17	nanos_gigantum_humeris_insidentes
diagnosis	GC-CASE-179051	GC-DX-690759	salus_in_arduis	Germ Cell Neoplasms	Alive	Lymphomatoid papulosis	Tonsil	347	GB Borderline	MX	N4	Not Reported	8173/3	No	668	364	New Tumor Event	61	Dura Mater	Mesenteric Lymph Node	232.23	Gallia_est_omnis_divisa_in_partes_tres
diagnosis	GC-CASE-869965	GC-DX-347519	Macte_animo_Generose_puer_sic_itur_ad_astra	Not Applicable	Alive	Mesothelioma, biphasic, malignant	Femur	428	G4 Anaplastic	M1b	N2	TX	8507/3	Not Applicable	333	51	Not Applicable	600	Hand Phalanx	Helix	663.83	scientia,_aere_perennius
diagnosis	GC-CASE-261506	GC-DX-675821	Gallia_est_omnis_divisa_in_partes_tres	Cystic, Mucinous and Serous Neoplasms	Unspecified	Chronic erythremia	Epitrochlear	29	G2 Intermediate Grade	MX	N2a	T2a	8370/1	Not Applicable	633	528	Not Applicable	379	Femoral Nerve	Nervous System	492.85	Obedientia_civium_urbis_felicitas
diagnosis	GC-CASE-881738	GC-DX-445905	id_quod_plerumque_accidit	Thymic Epithelial Neoplasms	Unknown	Gemistocytic astrocytoma	Hypopharynx	761	G1 Low Grade	M1	N3a	T4	9702/3	Yes	413	627	New Tumor Event	446	Palmar Fascia	Autonomic Nervous System	259.08	Obedientia_civium_urbis_felicitas
diagnosis	GC-CASE-298630	GC-DX-812477	nascentes_morimur_finisque_ab_origine_pendet	Gliomas	Unspecified	Choroid Plexus Papilloma, Negative For Atypia And Malignancy	Lumbar Spine	286	G2 Intermediate Grade	MX	N3b	T4c	8710/3	Not Applicable	543	327	Regional Disease	634	Costovertebral Joint	Esophagus	673.17	imperium_in_imperio
diagnosis	GC-CASE-365518	GC-DX-585315	scientiae_et_patriae	Not Otherwise Specified	Unspecified	Papillary serous tumor of low malignant potential	Ethmoid Bone	708	Not Applicable	M1c	N0 (i+)	Tis (DCIS)	9716/3	Not Reported	615	751	Localized Disease	771	Liver	Cerebral Cortex	54.11	scientia,_aere_perennius
diagnosis	GC-CASE-652107	GC-DX-197933	scientiae_cedit_mare	Adnexal and Skin Appendage Neoplasms	Dead	FAB L2	Paratesticular	896	G4 Anaplastic	M0	N1mi	T2d	9045/3	Not Allowed to Collect	557	423	Regional Disease	433	Vertebra	Middle Lobe of the Right Lung	909.21	scientiae_et_patriae
diagnosis	GC-CASE-243834	GC-DX-127917	Gallia_est_omnis_divisa_in_partes_tres	Mesothelial Neoplasms	Unknown	Fibrous histiocytoma of tendon sheath	Frontal Bone	801	G4 Anaplastic	cM0 (i+)	N2	T1b1	9442/3	Unknown	792	53	Tumor Free	903	Breast	Urethra	923.57	scientia,_aere_perennius
diagnosis	GC-CASE-906638	GC-DX-395880	labor_ipse_voluptas	Not Reported	Alive	Papillary syringadenoma	Deep Gray (e.g. Basal ganglia or Thalamus)	397	G1 Low Grade	M1b	N2a	T1a	8891/3	No	822	976	New Tumor Event	987	Pituitary Gland	Posterior Mediastinum	874.75	salus_in_arduis
diagnosis	GC-CASE-752725	GC-DX-743042	imperium_in_imperio	Myelodysplastic Syndromes	Not reported	Combined small cell-adenocarcinoma	Omentum	344	G2 Intermediate Grade	M1c	N1mi	T1b1	9769/1	Not Reported	485	10	Tumor Free	446	Buttock	Frontal Pole	358.7	O_Tite_tute_Tati_tibi_tanta_tyranne_tulisti
diagnosis	GC-CASE-185459	GC-DX-100791	a_bene_placito	Basal Cell Neoplasms	Alive	Endometrioid carcinoma, NOS	Sacrococcygeal	761	G4 Anaplastic	MX	N4	T2b	9562/0	Censored	666	364	Biochemical evidence of disease without structural correlate	313	Median Nerve	Seminal Vesicle	796.37	scientia_et_sapientia
diagnosis	GC-CASE-752092	GC-DX-101876	salus_in_arduis	Trophoblastic neoplasms	Unknown	Hygroma, NOS	Brain	542	G3 High Grade	M1b	N1a	Ta	9860/3	Not Allowed to Collect	149	546	Distant Metastasis	190	Glans Penis	Femoral Artery	139.61	barba_crescit_caput_nescit
diagnosis	GC-CASE-926370	GC-DX-103951	imperium_in_imperio	Blood Vessel Tumors	Unknown	Acute myeloid leukemia with prior myelodysplastic syndrome	Parotid	278	Not Reported	M0	N2	T1mi	9472/3	No	493	250	With Tumor	626	Calcaneum	Ear Skin	856.36	scientia_et_sapientia
diagnosis	GC-CASE-264109	GC-DX-195411	e_causa_ignota	Paragangliomas and Glomus Tumors	Not reported	Malignant lymphoma, small cleaved cell, follicular	Hand Joint	392	GX Grade Cannot Be Assessed	Not Reported	N2b	T4	8262/3	Censored	735	622	Localized Disease	166	Iliac Vein	Chest Wall	148.83	faber_est_suae_quisque_fortunae
diagnosis	GC-CASE-338598	GC-DX-832132	nascentes_morimur_finisque_ab_origine_pendet	Giant Cell Tumors	Unknown	Nonpigmented nevus	Abdominal Wall	645	Not Reported	M0	N1bI	T1a2	8832/3	Not Applicable	637	508	New Tumor Event	689	Outer Canthus	Cauda Equina	72.15	scientia_et_labor
diagnosis	GC-CASE-177956	GC-DX-704415	salus_in_arduis	Basal Cell Neoplasms	Alive	Medulloblastoma, Nodular/Desmoplastic With Anaplastic/Large Cell Features, Non-WNT/Non-SHH; WHO Grade 4	Hypodermis	312	Not Applicable	Unknown	N4	T1a2	8252/3	Unknown	592	485	New Tumor Event	752	Oral Cavity	Abdominal Muscle	898.97	Gallia_est_omnis_divisa_in_partes_tres
diagnosis	GC-CASE-962318	GC-DX-386450	Obedientia_civium_urbis_felicitas	Epithelial Neoplasms, NOS	Alive	Mucinous cystadenofibroma, NOS	Trunk	661	Not Reported	MX	N1a	T4a	8825/1	Unknown	265	476	Distant Metastasis	616	Foot Skin	Hip Joint	350.96	e_causa_ignota
diagnosis	GC-CASE-374421	GC-DX-868633	Gallia_est_omnis_divisa_in_partes_tres	Mucoepidermoid Neoplasms	Dead	Secretory carcinoma of breast	Gallbladder	79	GX Grade Cannot Be Assessed	M1a	N2b	T5	9086/3	Not Allowed to Collect	940	550	Unknown	393	Skin of the Trunk	Mesenteric Lymph Node	708.5	faber_est_suae_quisque_fortunae
diagnosis	GC-CASE-229298	GC-DX-633742	Macte_animo_Generose_puer_sic_itur_ad_astra	Meningiomas	Alive	Embryonal rhabdomyosarcoma, minimal focal anaplasia	Scapula/Clavicle	150	G4 Anaplastic	MX	N0 (i+)	T4a	8650/1	Not Applicable	836	198	Tumor Free	926	Adrenal Gland	Lymph Node of Inguinal Region or Leg	970.67	haec_olim_meminisse_iuvabit
diagnosis	GC-CASE-593128	GC-DX-107401	labor_ipse_voluptas	Adenomas and Adenocarcinomas	Unspecified	Large Cell Medulloblastoma	Lower Arm	831	G3 High Grade	M1b	N0 (mol-)	T4e	9982/3	Unknown	157	253	Tumor Free	413	Mons Pubis	Peripheral Nerve	438.6	salus_in_arduis
diagnosis	GC-CASE-784730	GC-DX-475047	nanos_gigantum_humeris_insidentes	Neoplasms, NOS	Alive	Intraductal carcinoma, solid type	Parathyroid	226	G4 Anaplastic	MX	N3	T4b	9541/0	Not Reported	456	89	New Tumor Event	259	Tunica Vaginalis	Scrotum	578.05	scientiae_et_patriae
diagnosis	GC-CASE-966650	GC-DX-447782	Macte_animo_Generose_puer_sic_itur_ad_astra	Granular Cell Tumors and Alveolar Soft Part Sarcomas	Not reported	Pineoblastoma	Pons Varolii	907	G4 Anaplastic	MX	N0 (mol-)	T1b1	8894/0	Censored	345	768	Tumor Free	227	Upper-Outer Quadrant of the Breast	Jaw Bone	256.79	damnant_quod_non_intellegunt
diagnosis	GC-CASE-994576	GC-DX-483542	scientia_et_labor	Neuroepitheliomatous Neoplasms	Not reported	Thymoma, atypical, NOS	Epididymis	933	Not Applicable	M1a	N1bII	T5	8121/0	Censored	550	235	Tumor Free	523	Choroid Plexus	Greater Curvature of the Stomach	364.68	barba_crescit_caput_nescit
diagnosis	GC-CASE-755019	GC-DX-873153	e_causa_ignota	Granular Cell Tumors and Alveolar Soft Part Sarcomas	Dead	Squamous cell carcinoma, adenoid	Viscera	548	G4 Anaplastic	cM0 (i+)	N1c	T3c	8121/1	Censored	156	793	Localized Disease	19	Femur	Brachialis	197.73	barba_crescit_caput_nescit
diagnosis	GC-CASE-512998	GC-DX-290519	labor_ipse_voluptas	Mesothelial Neoplasms	Unknown	Neoplasm, Malignant, Uncertain Whether Primary Or Metastatic	Elbow Joint	942	G2 Intermediate Grade	M1b	N3	T4a	8121/3	Not Applicable	894	420	New Tumor Event	513	Middle Lobe of the Right Lung	Nose	989.44	Obedientia_civium_urbis_felicitas
diagnosis	GC-CASE-249800	GC-DX-270991	faber_est_suae_quisque_fortunae	Nevi and Melanomas	Alive	Transitional meningioma	Neck	88	Not Reported	M1b	N0 (i+)	T2b	8405/0	Unknown	18	487	Not Reported	486	Dura Mater	Endocervix	318.64	labor_ipse_voluptas
diagnosis	GC-CASE-708313	GC-DX-544271	cacatum_non_est_pictum	Miscellaneous Tumors	Dead	8370/3 : Adrenal Cortical Carcinoma	Zygomatic Bone	637	GB Borderline	M1b	NX	Ta	9560/0	Not Reported	527	67	Tumor Free	344	Tongue	Submandibular Duct	42.51	scientia_et_labor
