type	participant.study_participant_id	study_diagnosis_id	diagnosis_id	disease_type	vital_status	primary_diagnosis	primary_site	age_at_diagnosis	tumor_grade	tumor_stage_clinical_m	tumor_stage_clinical_n	tumor_stage_clinical_t	morphology	incidence_type	progression_or_recurrence	days_to_recurrence	days_to_last_followup	last_known_disease_status	days_to_last_known_status
diagnosis	CDS-CASE-962746	CDS-DX-520483	scientiae_et_patriae	Squamous Cell Neoplasms	Alive	Embryonal Rhabdomyosarcoma With Anaplastic Features	Superior Limb and Shoulder	281	Unknown	Not Reported	N3a	T2d	8290/0	metastasis	Not Applicable	20	928	Not Allowed To Collect	418
diagnosis	CDS-CASE-814767	CDS-DX-396917	Obedientia_civium_urbis_felicitas	Neoplasms, NOS	Dead	Pilocytic Astrocytoma, Low-Grade Glioma, Pleomorphic Xanthoastrocytoma	Foot Joint	666	Intermediate Grade	M1	N1bIV	T3b	9071/3	primary	Not Applicable	912	932	Regional Disease	103
diagnosis	CDS-CASE-845936	CDS-DX-382947	salus_in_arduis	Giant Cell Tumors	Not reported	Medulloblastoma, NOS, Medulloblastoma, Group 4	Frontal Bone	973	GX	cM0 (i+)	N1	T3c	8620/1	metastasis	No	100	45	Tumor Free	291
diagnosis	CDS-CASE-292069	CDS-DX-275996	imperium_in_imperio	Leukemias	Alive	Olfactory Neuroblastoma	Lacrimal Bone	878	GX	MX	N0 (mol+)	T2a	9826/3	progression	Not Reported	520	523	Regional Disease	536
diagnosis	CDS-CASE-628491	CDS-DX-177876	scientiae_cedit_mare	Not Applicable	Not reported	Retinoblastoma, Grade 3	Regional Lymph Nodes	270	High Grade	M1b	Not Reported	T3a	9727/3	remission	Not Allowed to Collect	833	321	Not Allowed To Collect	575
diagnosis	CDS-CASE-592632	CDS-DX-534191	a_bene_placito	Fibroepithelial Neoplasms	Not reported	Medulloblastoma, NOS, Medulloblastoma, SHH-Activated And TP53-Mutant	Bone	371	Unknown	M1	N3	T1c	8500/6	progression	No	619	267	Localized Disease	432
diagnosis	CDS-CASE-537921	CDS-DX-853027	Macte_animo_Generose_puer_sic_itur_ad_astra	Plasma Cell Neoplasm	Not reported	Arteriovenous Malformation	Cerebrospinal Fluid	576	G4	M0	N3b	T3d	9724/3	primary	Censored	651	372	Localized Disease	492
diagnosis	CDS-CASE-671547	CDS-DX-701037	O_Tite_tute_Tati_tibi_tanta_tyranne_tulisti	Squamous Cell Neoplasms	Not reported	Choroid Plexus Neoplasm	Ethmoid Bone	446	Unknown	Unknown	N3	T2a	8950/6	recurrence	Censored	641	598	Not Allowed To Collect	475
diagnosis	CDS-CASE-192818	CDS-DX-104638	damnant_quod_non_intellegunt	Nevi and Melanomas	Alive	Papillary Carcinoma, Columnar Cell	Distant Lymph Nodes	744	GX	M1c	N0 (i+)	T3	8700/3	primary	No	701	761	Not Allowed To Collect	159
diagnosis	CDS-CASE-852863	CDS-DX-786095	Gallia_est_omnis_divisa_in_partes_tres	Leukemias	Not reported	Pituitary Adenoma, NOS	Deep Gray (e.g. Basal ganglia or Thalamus)	924	Unknown	M0	N2a	T3	9160/0	primary	Not Reported	221	506	Tumor Free	711
diagnosis	CDS-CASE-697262	CDS-DX-748283	scientia_imperii_decus_et_tutamen	Fibroepithelial Neoplasms	Unknown	Hodgkin Lymphoma, Nodular Sclerosis, NOS	Omentum	675	G4	M0	N1bIII	T4d	8713/0	primary	Yes	131	461	Biochemical evidence of disease without structural correlate	779
diagnosis	CDS-CASE-673892	CDS-DX-313527	sapiens_qui_prospicit	Gliomas	Unspecified	Gastrointestinal Stromal Tumor	Infraclavicular Nodes	524	GB	M1c	N1a	T4c	8152/1	recurrence	Not Reported	444	741	Tumor Free	544
diagnosis	CDS-CASE-381941	CDS-DX-538793	barba_crescit_caput_nescit	Meningiomas	Not reported	Prostate Cancer	Bone Marrow	13	Not Applicable	Unknown	N2	T4a	9063/3	primary	Not Applicable	41	774	Not Applicable	633
diagnosis	CDS-CASE-311806	CDS-DX-327891	nascentes_morimur_finisque_ab_origine_pendet	Trophoblastic neoplasms	Unspecified	Control	Patella	529	Not Applicable	cM0 (i+)	N0 (mol+)	T1c	9503/3	recurrence	Not Allowed to Collect	734	951	Regional Disease	450
diagnosis	CDS-CASE-240582	CDS-DX-920374	nascentes_morimur_finisque_ab_origine_pendet	Complex Mixed and Stromal Neoplasms	Unspecified	Atypical Teratoid/Rhabdoid Tumor, ATRT, NOS Or NEC	Cerebellum	514	Not Applicable	M1b	N3c	T2c	9425/3	metastasis	Not Applicable	728	874	New Tumor Event	73
diagnosis	CDS-CASE-482575	CDS-DX-434749	damnant_quod_non_intellegunt	Not Reported	Alive	Papillary Carcinoma, Follicular Variant	Cutaneous	459	G3	M1b	Unknown	T2c	9530/3	recurrence	Censored	937	985	With Tumor	968
diagnosis	CDS-CASE-387320	CDS-DX-563316	labor_ipse_voluptas	Mast Cell Neoplasm	Unknown	Dysembryoplastic Neuroepithelial Tumor, Angiocentric Glioma, Low-Grade Glioma	Axilla	904	GX	M0	N0 (mol+)	T3	9866/3	primary	Not Allowed to Collect	894	255	Localized Disease	410
diagnosis	CDS-CASE-413059	CDS-DX-739250	Macte_animo_Generose_puer_sic_itur_ad_astra	Myelodysplastic Syndromes	Alive	Nephroblastoma, NOS	Hand Bone	568	GX	M0	N2	T4	8150/1	metastasis	Yes	728	234	Not Applicable	531
diagnosis	CDS-CASE-888023	CDS-DX-113654	damnant_quod_non_intellegunt	Miscellaneous Tumors	Unknown	Follicular Adenocarcinoma, NOS	Buttock	838	Unknown	cM0 (i+)	N0 (i+)	T2a2	8851/0	no_disease	Not Allowed to Collect	441	293	Not Applicable	923
diagnosis	CDS-CASE-412658	CDS-DX-377729	scientia_et_labor	Adenomas and Adenocarcinomas	Unspecified	Precursor Cell Lymphoblastic Lymphoma, NOS	Distant Lymph Nodes	594	G3	M1	Unknown	T0	8450/3	no_disease	Not Reported	825	690	Tumor Free	978
diagnosis	CDS-CASE-121891	CDS-DX-626611	id_quod_plerumque_accidit	Osseous and Chondromatous Neoplasms	Not reported	Aggressive Fibromatosis	Cervical Spine	401	GB	MX	N0 (mol+)	T0	9571/3	remission	Not Allowed to Collect	463	23	Not Applicable	330
diagnosis	CDS-CASE-183443	CDS-DX-913943	haec_olim_meminisse_iuvabit	Not Reported	Unknown	Carcinoma, Diffuse Type	Foot	382	Not Reported	M0	N0 (i+)	T4e	8585/3	no_disease	Not Allowed to Collect	601	280	Not Allowed To Collect	209
diagnosis	CDS-CASE-605114	CDS-DX-822201	cacatum_non_est_pictum	Myxomatous Neoplasms	Alive	Pleomorphic Rhabdomyosarcoma, Adult Type	Testis	285	G2	Not Reported	N0 (i+)	T3a	8190/0	remission	Not Reported	411	834	Tumor Free	235
diagnosis	CDS-CASE-891451	CDS-DX-346073	e_causa_ignota	Neuroepitheliomatous Neoplasms	Unspecified	Brain Tumor	Supraclavicular Nodes	240	High Grade	Not Reported	Unknown	T1a2	8521/1	progression	Not Reported	644	735	Not Reported	123
diagnosis	CDS-CASE-207224	CDS-DX-284210	id_quod_plerumque_accidit	Nevi and Melanomas	Unspecified	Neoplasm	Ischium	196	GX	Not Reported	N1bIV	T5	9124/3	metastasis	Censored	550	302	Not Applicable	363
diagnosis	CDS-CASE-467011	CDS-DX-304019	scientia,_aere_perennius	Paragangliomas and Glomus Tumors	Unspecified	CNS Embryonal Tumor With Rhabdoid Features	Occipital Bone	293	G4	M1a	N3a	Tis (DCIS)	9051/0	metastasis	Censored	969	180	Tumor Free	556
diagnosis	CDS-CASE-597452	CDS-DX-165249	scientia_et_labor	Plasma Cell Neoplasm	Alive	Desmoplastic Nodular Medulloblastoma, Medulloblastoma, Medulloblastoma, Group 4	Spinal Cord	190	G3	M1	N2	Unknown	9560/3	primary	Unknown	887	510	With Tumor	576
diagnosis	CDS-CASE-271855	CDS-DX-726727	O_Tite_tute_Tati_tibi_tanta_tyranne_tulisti	Fibromatous Neoplasms	Alive	Neuroendocrine Tumor, NOS	Bone	543	GX	Unknown	N1	T1b1	8560/3	progression	Not Allowed to Collect	769	221	Not Allowed To Collect	597
diagnosis	CDS-CASE-544293	CDS-DX-514477	saltus_in_demonstrando	Meningiomas	Unknown	High-Grade Neuroepithelial Tumor	Cauda Equina Spinal Cord	452	High Grade	M1a	N3a	T2	9800/3	recurrence	Not Applicable	795	30	Not Reported	197
diagnosis	CDS-CASE-926966	CDS-DX-511713	imperium_in_imperio	Myxomatous Neoplasms	Unknown	Adenocarcinoma, NOS	Central Nervous System	331	Not Applicable	MX	N3c	T1a1	9866/3	progression	No	579	432	Localized Disease	81
diagnosis	CDS-CASE-674449	CDS-DX-231455	scientiae_cedit_mare	Complex Mixed and Stromal Neoplasms	Unknown	Malignant Tumor, Spindle Cell Type, CNS Sarcoma, CNS Sarcoma, NOS Or NEC	Cervical Vertebra	427	GB	Unknown	N3a	T3a	8310/6	recurrence	Not Reported	970	933	Regional Disease	39
diagnosis	CDS-CASE-594632	CDS-DX-224718	scientia_et_sapientia	Epithelial Neoplasms, NOS	Dead	Glioma, Malignant, High-Grade Glioma, Pleomorphic Xanthoastrocytoma	Leptomeningeal	986	G1	M1c	N4	T3b	8083/3	no_disease	Censored	793	967	Regional Disease	131
diagnosis	CDS-CASE-155372	CDS-DX-620958	haec_olim_meminisse_iuvabit	Myelodysplastic Syndromes	Dead	Acute Myeloid Leukemia, T(8;21)(Q22;Q22)	Carpal Bone	688	G3	M1a	N1b	T1b2	8680/3	no_disease	Not Reported	890	130	New Tumor Event	394
diagnosis	CDS-CASE-928711	CDS-DX-170869	scientia_et_sapientia	Nevi and Melanomas	Alive	Chronic Myelogenous Leukemia, BCR/ABL Positive	Trachea	732	GX	Not Reported	N1bII	T1b2	8811/3	recurrence	Not Applicable	268	925	Unknown	339
diagnosis	CDS-CASE-865583	CDS-DX-381141	pace_tua	Neuroepitheliomatous Neoplasms	Dead	Transient Abnormal Myelopoiesis	Popliteal Nodes	649	GB	cM0 (i+)	N0 (i+)	T1c	8522/3	primary	Censored	167	828	Localized Disease	513
diagnosis	CDS-CASE-726484	CDS-DX-586550	cacatum_non_est_pictum	Cystic, Mucinous and Serous Neoplasms	Dead	Poorly Differentiated, Intermediate Mitotic-Karyorrhectic Index	Female Reproductive System Part	815	G3	Not Reported	N1	T3b	8834/1	remission	No	26	975	Not Allowed To Collect	350
diagnosis	CDS-CASE-217108	CDS-DX-913860	labor_ipse_voluptas	Squamous Cell Neoplasms	Unknown	Malignant Lymphoma, Non-Hodgkin, NOS	Other	187	High Grade	cM0 (i+)	N1b	T4a	9210/0	primary	Yes	574	944	Not Reported	544
diagnosis	CDS-CASE-384852	CDS-DX-266512	e_causa_ignota	Myelodysplastic Syndromes	Unknown	Glioma, Malignant, Low-Grade Glioma, Low-Grade Glioma, NOS Or NEC	Tonsil	931	G3	Not Reported	N2a	Unknown	8440/0	progression	No	813	906	Regional Disease	641
diagnosis	CDS-CASE-761195	CDS-DX-196559	Macte_animo_Generose_puer_sic_itur_ad_astra	Adnexal and Skin Appendage Neoplasms	Not reported	B Lymphoblastic Leukemia/Lymphoma With T(V;11q23); MLL Rearranged	Schlemm's Canal	463	G1	M1b	N1a	T4b	9505/1	primary	Censored	596	279	Tumor Free	464
diagnosis	CDS-CASE-282998	CDS-DX-366445	haec_olim_meminisse_iuvabit	Giant Cell Tumors	Dead	Medulloblastoma, SHH-Activated And TP53-Wildtype	Carpal Bone	896	G3	M1a	N2	TX	8971/3	recurrence	Not Allowed to Collect	655	100	Regional Disease	626
diagnosis	CDS-CASE-994657	CDS-DX-734237	haec_olim_meminisse_iuvabit	Plasma Cell Neoplasm	Alive	Transitional Cell Carcinoma, NOS	Large Vessels	45	High Grade	M1a	N0 (mol+)	T4	8897/1	remission	Yes	612	260	Not Reported	782
diagnosis	CDS-CASE-931547	CDS-DX-230450	nanos_gigantum_humeris_insidentes	Transitional Cell Papillomas and Carcinomas	Not reported	B-Lymphoblastic Leukemia/Lymphoma, NOS	Hip/Inguinal Region	748	Not Reported	Not Reported	N1c	T4b	9040/0	progression	Censored	821	294	Distant Metastasis	176
diagnosis	CDS-CASE-191727	CDS-DX-993080	nascentes_morimur_finisque_ab_origine_pendet	Gliomas	Dead	Cholangiocarcinoma	Peritoneum	76	Intermediate Grade	Unknown	N1bIII	T2c	8035/3	recurrence	Censored	173	888	Tumor Free	897
diagnosis	CDS-CASE-746338	CDS-DX-237496	scientia_et_sapientia	Myelodysplastic Syndromes	Not reported	Tumor Cells, Benign	Popliteal Nodes	112	G3	Not Reported	N1bII	T2	8801/3	progression	Not Reported	100	577	Biochemical evidence of disease without structural correlate	296
diagnosis	CDS-CASE-301118	CDS-DX-872912	Gallia_est_omnis_divisa_in_partes_tres	Synovial-like Neoplasms	Alive	Adenocarcinoma In Adenomatous Polyposis Coli	Fibula Head	173	Unknown	M1a	N0 (i-)	T4b	9362/3	progression	Unknown	276	572	Regional Disease	466
diagnosis	CDS-CASE-620544	CDS-DX-205045	damnant_quod_non_intellegunt	Acinar Cell Neoplasms	Alive	Desmoplastic Nodular Medulloblastoma	Elbow Joint	875	Low Grade	Unknown	N3	T0	9014/1	recurrence	Not Applicable	192	465	Not Applicable	800
diagnosis	CDS-CASE-105858	CDS-DX-572756	saltus_in_demonstrando	Odontogenic Tumors	Not reported	Chondrosarcoma, NOS	Uterus	329	Low Grade	M1a	N4	T2c	9989/3	primary	Not Applicable	596	108	Localized Disease	460
diagnosis	CDS-CASE-541970	CDS-DX-349731	Macte_animo_Generose_puer_sic_itur_ad_astra	Not Reported	Unknown	Undiagnosed Spindle Cell Tumor	Thyroid and Parathyroid	298	G1	MX	N2	Tis (DCIS)	9521/3	primary	No	441	408	Unknown	601
diagnosis	CDS-CASE-920625	CDS-DX-939086	haec_olim_meminisse_iuvabit	Gliomas	Unknown	Ependymoma, NOS, Medulloblastoma, Medulloblastoma, Non-WNT/Non-SHH	Retroperitoneum	270	G2	Not Reported	N0 (i-)	T3	8861/0	primary	No	599	796	Unknown	68
diagnosis	CDS-CASE-972097	CDS-DX-187377	O_Tite_tute_Tati_tibi_tanta_tyranne_tulisti	Giant Cell Tumors	Unspecified	Embryonal Rhabdomyosarcoma, NOS	Clavicle	956	GB	M1b	N3b	T0	8380/0	metastasis	Not Allowed to Collect	934	792	With Tumor	635
diagnosis	CDS-CASE-312694	CDS-DX-377117	Macte_animo_Generose_puer_sic_itur_ad_astra	Myxomatous Neoplasms	Not reported	B Lymphoblastic Leukemia/Lymphoma With T(9;22)(Q34;Q11.2); BCR-ABL1	Thorax	142	Intermediate Grade	M1b	N1a	T1a1	8442/1	no_disease	Yes	611	814	Distant Metastasis	819
diagnosis	CDS-CASE-787017	CDS-DX-238490	nascentes_morimur_finisque_ab_origine_pendet	Myxomatous Neoplasms	Alive	Seminoma, NOS	Nasal Cavity and Paranasal Sinuses	501	GX	MX	N0 (i+)	T3	8404/0	metastasis	Censored	532	358	Localized Disease	183
diagnosis	CDS-CASE-583835	CDS-DX-627210	nascentes_morimur_finisque_ab_origine_pendet	Ductal and Lobular Neoplasms	Alive	Alveolar Soft Part Sarcoma	Mediastinum	13	G3	M1b	NX	Not Reported	8173/3	no_disease	Not Applicable	40	451	Biochemical evidence of disease without structural correlate	178
diagnosis	CDS-CASE-568302	CDS-DX-634038	scientia_et_labor	Ductal and Lobular Neoplasms	Not reported	Infiltrating duct and lobular carcinoma	Pre-auricular Nodes	946	High Grade	M0	Not Reported	Not Reported	8813/0	recurrence	Not Allowed to Collect	434	43	Regional Disease	662
diagnosis	CDS-CASE-650162	CDS-DX-123598	scientia_imperii_decus_et_tutamen	Synovial-like Neoplasms	Unspecified	Mixed Epithelioid And Spindle Cell Melanoma	Superior Limb and Shoulder	967	Low Grade	M0	NX	T4c	8130/1	remission	Yes	819	792	With Tumor	586
diagnosis	CDS-CASE-807411	CDS-DX-891821	id_quod_plerumque_accidit	Miscellaneous Bone Tumors	Alive	Germinoma, CNS Germ Cell Tumors, CNS Non-Germinomatous Germ Cell Tumor	Epididymis	999	GB	M1a	N1a	T3	9084/0	primary	Not Applicable	722	730	New Tumor Event	126
diagnosis	CDS-CASE-546316	CDS-DX-873475	Obedientia_civium_urbis_felicitas	Epithelial Neoplasms, NOS	Unknown	Astrocytoma, NOS, Low-Grade Glioma, Low-Grade Glioma, NOS Or NEC	Pons Varolii	343	High Grade	M0	N4	Tis (DCIS)	8413/3	metastasis	Censored	15	812	Unknown	768
diagnosis	CDS-CASE-278653	CDS-DX-683331	barba_crescit_caput_nescit	Mesothelial Neoplasms	Dead	Epithelioid Sarcoma, NOS	Anterior Skull Base	675	Low Grade	M1	N1bI	T3b	8000/1	remission	Not Reported	157	482	Not Applicable	996
diagnosis	CDS-CASE-793457	CDS-DX-971176	pace_tua	Gliomas	Unspecified	Metastatic Neuroblastoma	Axillary Nodes	157	GX	Not Reported	N0 (i+)	T4c	8452/1	remission	Not Applicable	703	973	New Tumor Event	735
diagnosis	CDS-CASE-745581	CDS-DX-954829	cacatum_non_est_pictum	Myelodysplastic Syndromes	Not reported	Nephroblastoma (Wilms Tumor)	Eyelid	955	Unknown	Not Reported	N1bIII	T2	8671/0	primary	Not Applicable	438	819	Distant Metastasis	81
diagnosis	CDS-CASE-225877	CDS-DX-514384	nanos_gigantum_humeris_insidentes	Leukemias	Alive	Astroblastoma, Other, Other CNS Tumor, NOS Or NEC	Cerebellum	181	G4	M1	N0 (mol+)	Ta	8149/0	recurrence	No	486	581	Regional Disease	474
diagnosis	CDS-CASE-264434	CDS-DX-658930	Obedientia_civium_urbis_felicitas	Paragangliomas and Glomus Tumors	Unknown	Infiltrating ductular carcinoma	Fourth Ventricle	20	High Grade	M1	NX	T4b	9274/0	progression	Not Allowed to Collect	249	436	Not Reported	884
diagnosis	CDS-CASE-620192	CDS-DX-987546	imperium_in_imperio	Not Otherwise Specified	Not reported	Glioblastoma, NOS	Fibula	684	Intermediate Grade	MX	N1bII	Not Reported	9688/3	recurrence	No	824	908	Localized Disease	188
diagnosis	CDS-CASE-954433	CDS-DX-586036	cacatum_non_est_pictum	Lipomatous Neoplasms	Alive	Follicular Adenocarcinoma, NOS	Temporal Lobe	349	GB	M1	N0 (i-)	T4d	8075/3	recurrence	Not Allowed to Collect	781	251	Unknown	979
diagnosis	CDS-CASE-653777	CDS-DX-480615	Gallia_est_omnis_divisa_in_partes_tres	Myomatous Neoplasms	Alive	Granulosa Cell Tumor, Malignant	Celiac Nodes	285	G4	M1	N3c	T4b	9538/1	recurrence	Not Reported	944	561	Regional Disease	818
diagnosis	CDS-CASE-118502	CDS-DX-453938	scientiae_cedit_mare	Epithelial Neoplasms, NOS	Not reported	Glioma, Malignant, Low-Grade Glioma, Pilocytic Astrocytoma	Bladder	32	Low Grade	M1b	N3c	T5	8813/0	recurrence	Censored	877	395	With Tumor	812
diagnosis	CDS-CASE-589256	CDS-DX-487764	barba_crescit_caput_nescit	Nevi and Melanomas	Alive	Spindle Cell Sarcoma	Femur	546	Not Applicable	cM0 (i+)	N0 (i+)	T0	8761/0	primary	Not Reported	648	884	Distant Metastasis	946
diagnosis	CDS-CASE-481035	CDS-DX-499474	scientia_et_labor	Transitional Cell Papillomas and Carcinomas	Alive	Glioma, Malignant, Low-Grade Glioma, Polymorphous Low-Grade Neuroepithelial Tumor Of The Young	Cerebrospinal Fluid	641	Not Reported	M1	Unknown	T3d	8325/0	progression	Censored	41	129	Distant Metastasis	730
diagnosis	CDS-CASE-244214	CDS-DX-902746	Macte_animo_Generose_puer_sic_itur_ad_astra	Nevi and Melanomas	Not reported	Ependymoma, NOS, Medulloblastoma, Medulloblastoma, Non-WNT/Non-SHH	Bone	715	Not Applicable	Not Reported	N0 (mol+)	T2a2	8070/3	remission	Not Allowed to Collect	810	76	Not Allowed To Collect	43
diagnosis	CDS-CASE-608880	CDS-DX-724471	labor_ipse_voluptas	Miscellaneous Bone Tumors	Dead	Transient Abnormal Myelopoiesis	Popliteal Nodes	602	High Grade	M1	N1bII	Not Reported	9100/3	metastasis	No	581	886	Regional Disease	270
diagnosis	CDS-CASE-834566	CDS-DX-729914	faber_est_suae_quisque_fortunae	Not Otherwise Specified	Alive	Lactotroph Adenoma	Thigh	890	Low Grade	M1a	N2a	Unknown	8960/3	metastasis	Censored	486	988	With Tumor	547
diagnosis	CDS-CASE-934603	CDS-DX-174055	a_bene_placito	Cystic, Mucinous and Serous Neoplasms	Unspecified	Serous Carcinoma, NOS	Soft Tissue	511	GX	Not Reported	N1bI	T4b	8583/1	progression	Censored	271	884	Not Reported	795
diagnosis	CDS-CASE-855950	CDS-DX-350116	damnant_quod_non_intellegunt	Fibromatous Neoplasms	Unspecified	Hemangioblastoma, CNS WHO Grade 1	Leg	278	Unknown	M0	Not Reported	T4	8633/1	remission	No	101	782	Biochemical evidence of disease without structural correlate	817
diagnosis	CDS-CASE-131084	CDS-DX-662892	scientiae_cedit_mare	Giant Cell Tumors	Dead	Gastrointestinal Stromal Tumor	Oculus Uterque (Both Eyes)	94	G1	M1a	Not Reported	T1a	8174/3	remission	Not Reported	122	307	With Tumor	885
diagnosis	CDS-CASE-333654	CDS-DX-132367	scientia_et_labor	Mast Cell Neoplasm	Alive	Atypical Teratoid/Rhabdoid Tumor	Clavicle	562	GB	M1b	NX	T5	8250/1	recurrence	Not Applicable	968	636	Tumor Free	634
diagnosis	CDS-CASE-356283	CDS-DX-428887	damnant_quod_non_intellegunt	Soft Tissue Tumors and Sarcomas, NOS	Not reported	Ganglioglioma, NOS	Zygomatic Bone	904	G4	M1b	N0	T2	8825/0	primary	Not Applicable	461	564	Not Applicable	445
diagnosis	CDS-CASE-601481	CDS-DX-576801	nanos_gigantum_humeris_insidentes	Transitional Cell Papillomas and Carcinomas	Not reported	Papillary Tumor Of Pineal Region	Salivary Gland	200	Not Applicable	M1	N3a	T2c	9501/3	no_disease	Not Allowed to Collect	529	323	Tumor Free	434
diagnosis	CDS-CASE-458711	CDS-DX-411270	id_quod_plerumque_accidit	Gliomas	Not reported	Glioma, Malignant, Embryonal Tumor With Multilayered Rosettes, C19MC Altered, Other CNS Embryonal Tumors	Anterior Skull Base	308	Not Applicable	M1b	N1bI	T2a1	8350/3	metastasis	Yes	187	505	Not Applicable	401
diagnosis	CDS-CASE-160667	CDS-DX-417611	scientia_imperii_decus_et_tutamen	Fibroepithelial Neoplasms	Unknown	Acute Myeloid Leukemia With Mutated NPM1	Trabecular Meshwork	860	G2	cM0 (i+)	N4	T2a1	9491/0	primary	Yes	665	277	New Tumor Event	585
diagnosis	CDS-CASE-860536	CDS-DX-805032	scientia_et_sapientia	Myomatous Neoplasms	Dead	Melanoma In Situ	Axillary Nodes	152	Not Reported	cM0 (i+)	N1b	T2d	8831/0	recurrence	Not Allowed to Collect	177	493	Not Allowed To Collect	295
diagnosis	CDS-CASE-742268	CDS-DX-792708	a_bene_placito	Soft Tissue Tumors and Sarcomas, NOS	Alive	Large Cell Medulloblastoma, Medulloblastoma, Medulloblastoma, Non-WNT/Non-SHH	Sphenoid Bone	50	GB	Not Reported	N0 (mol-)	Not Reported	9753/1	remission	Censored	565	827	New Tumor Event	436
diagnosis	CDS-CASE-523568	CDS-DX-635965	cacatum_non_est_pictum	Transitional Cell Papillomas and Carcinomas	Unspecified	Osteosarcoma, NOS	Vulva	666	GX	M1b	NX	T3c	8503/3	no_disease	Not Reported	164	941	Regional Disease	707
diagnosis	CDS-CASE-121902	CDS-DX-993688	cacatum_non_est_pictum	Miscellaneous Bone Tumors	Alive	Lymphoma, NOS	Brain	104	Intermediate Grade	M1b	N1bI	T1b1	8253/3	no_disease	Not Reported	295	885	Not Applicable	734
diagnosis	CDS-CASE-644910	CDS-DX-333861	e_causa_ignota	Blood Vessel Tumors	Unknown	Paraganglioma, NOS	Hip	291	Unknown	M0	N0	Unknown	9742/3	metastasis	Unknown	511	863	Distant Metastasis	489
diagnosis	CDS-CASE-736296	CDS-DX-487762	id_quod_plerumque_accidit	Acinar Cell Neoplasms	Alive	Ependymoma, NOS, Medulloblastoma, Medulloblastoma, NOS Or NEC	Coccyx	646	High Grade	M0	N3a	Tis	8122/3	no_disease	Unknown	258	536	Not Reported	651
diagnosis	CDS-CASE-504936	CDS-DX-292055	a_bene_placito	Odontogenic Tumors	Dead	Medullary Carcinoma, NOS	Deep Gray (e.g. Basal ganglia or Thalamus)	90	Low Grade	Not Reported	N1c	T0	8470/2	recurrence	Not Allowed to Collect	745	199	Not Allowed To Collect	967
diagnosis	CDS-CASE-551207	CDS-DX-852812	a_bene_placito	Trophoblastic neoplasms	Alive	Medulloblastoma, NOS, Medulloblastoma, Group 3	Thyroid	119	Not Reported	Unknown	N2b	T2d	8713/0	no_disease	Censored	185	741	Not Applicable	964
diagnosis	CDS-CASE-834151	CDS-DX-530231	nascentes_morimur_finisque_ab_origine_pendet	Synovial-like Neoplasms	Unknown	Solid Pseudopapillary Neoplasm Of Pancreas	Cauda Equina Spinal Cord	589	G1	Unknown	N1a	T2b	8451/1	remission	Not Applicable	332	121	Tumor Free	70
diagnosis	CDS-CASE-812009	CDS-DX-147050	barba_crescit_caput_nescit	Trophoblastic neoplasms	Not reported	Differentiating Neuroblastoma	Fourth Ventricle	539	Not Reported	M1	N1bIV	Unknown	9105/3	recurrence	Not Allowed to Collect	349	133	Distant Metastasis	875
diagnosis	CDS-CASE-104529	CDS-DX-737069	pace_tua	Adenomas and Adenocarcinomas	Alive	Small Cell Sarcoma	Thorax	91	Unknown	M0	N0 (i+)	T1a1	8500/6	metastasis	No	390	541	Localized Disease	153
diagnosis	CDS-CASE-777751	CDS-DX-346274	barba_crescit_caput_nescit	Myelodysplastic Syndromes	Alive	Hypercellular Neuroepithelial Tumor With Some Features Of Glioma, Possibly High Grade	Trunk - Paraspinal	915	G3	cM0 (i+)	N1	T4a	8902/3	progression	Not Allowed to Collect	436	643	Tumor Free	627
diagnosis	CDS-CASE-537623	CDS-DX-972028	scientiae_cedit_mare	Trophoblastic neoplasms	Not reported	Embryonal Rhabdomyosarcoma, High-Grade	Occipital Cortex	20	GX	Not Reported	N0	T1a	8714/3	remission	Not Allowed to Collect	937	936	Localized Disease	632
diagnosis	CDS-CASE-652629	CDS-DX-791709	cacatum_non_est_pictum	Miscellaneous Bone Tumors	Dead	Myeloid Sarcoma	Breast	785	GX	M1c	N1bII	T4b	8310/3	progression	Not Allowed to Collect	11	211	Not Applicable	165
diagnosis	CDS-CASE-835891	CDS-DX-525242	sapiens_qui_prospicit	Myxomatous Neoplasms	Unknown	Neoplasm, Malignant, Uncertain Whether Primary Or Metastatic	Bone	349	Low Grade	MX	N1	T1b2	8460/2	progression	No	10	855	Distant Metastasis	888
diagnosis	CDS-CASE-376573	CDS-DX-835104	saltus_in_demonstrando	Lymphatic Vessel Tumors	Unspecified	Favor Posterior Fossa Ependymoma, WHO GRADE 3	Mandible	278	GX	MX	N1bII	T3a	9695/3	remission	Not Reported	224	283	With Tumor	203
diagnosis	CDS-CASE-729946	CDS-DX-573356	barba_crescit_caput_nescit	Not Applicable	Not reported	Desmoplastic Infantile Astrocytoma	Thyroid	340	G3	M1c	N1bIV	Ta	8300/0	no_disease	Not Reported	976	539	With Tumor	819
diagnosis	CDS-CASE-784111	CDS-DX-476429	cacatum_non_est_pictum	Soft Tissue Tumors and Sarcomas, NOS	Dead	Mucinous Adenocarcinoma	Thorax	211	Not Reported	M1b	N1mi	T2d	9664/3	primary	Yes	262	81	Biochemical evidence of disease without structural correlate	657
diagnosis	CDS-CASE-487619	CDS-DX-374905	labor_ipse_voluptas	Odontogenic Tumors	Not reported	Infiltrating Duct Mixed With Other Types Of Carcinoma	Thymus	343	Not Applicable	M1	N2b	T4d	9271/0	progression	Not Allowed to Collect	939	652	Not Allowed To Collect	875
diagnosis	CDS-CASE-166175	CDS-DX-268938	faber_est_suae_quisque_fortunae	Neoplasms, NOS	Alive	Medulloblastoma, NOS, Medulloblastoma, Non-WNT/Non-SHH	Larynx - Trachea	869	G3	M1b	N2b	T1a2	8375/0	progression	Unknown	681	704	Not Allowed To Collect	945
diagnosis	CDS-CASE-931885	CDS-DX-343740	e_causa_ignota	Acinar Cell Neoplasms	Unspecified	Carcinoma NOS	Skull	719	Not Applicable	M1a	N1bIII	T4c	8830/0	recurrence	Unknown	972	221	Not Allowed To Collect	170
diagnosis	CDS-CASE-658009	CDS-DX-980309	Gallia_est_omnis_divisa_in_partes_tres	Nerve Sheath Tumors	Unspecified	Control	Oral Cavity	163	G2	M1a	Unknown	T2a	8833/3	progression	Unknown	421	291	New Tumor Event	388
diagnosis	CDS-CASE-621590	CDS-DX-682521	scientia_et_sapientia	Blood Vessel Tumors	Unspecified	Meningioma, NOS, Embryonal Tumor With Multilayered Rosettes, NOS, Other CNS Embryonal Tumors	Frontal Lobe	214	Low Grade	M1c	N1bI	T1b1	8854/0	primary	No	591	135	Distant Metastasis	323
diagnosis	CDS-CASE-646263	CDS-DX-265438	a_bene_placito	Mucoepidermoid Neoplasms	Not reported	CNS Primative Neuroectodermal Tumor (PNET)	Ethmoid Bone	721	Intermediate Grade	M1	N2c	T1	8552/3	metastasis	Not Reported	813	836	Unknown	825
diagnosis	CDS-CASE-428207	CDS-DX-525453	Macte_animo_Generose_puer_sic_itur_ad_astra	Mesothelial Neoplasms	Alive	Sex Cord-Gonadal Stromal Tumor, Mixed Forms	Lower Leg	451	G2	M1a	N1	Tis (Paget's)	9950/3	recurrence	Not Applicable	848	388	Tumor Free	930
diagnosis	CDS-CASE-475834	CDS-DX-314693	scientia_et_labor	Cystic, Mucinous and Serous Neoplasms	Not reported	Neoplasm, Uncertain Whether Benign Or Malignant, Medulloblastoma, Medulloblastoma, NOS Or NEC	Head	479	G4	M1c	N1bII	T5	8693/3	metastasis	Not Applicable	885	609	New Tumor Event	281
diagnosis	CDS-CASE-739686	CDS-DX-686952	nascentes_morimur_finisque_ab_origine_pendet	Paragangliomas and Glomus Tumors	Unknown	Hepatocellular Carcinoma, NOS	Upper Extremity	264	G3	M0	N3	Tis (DCIS)	8221/3	remission	Not Applicable	459	676	Not Reported	489
diagnosis	CDS-CASE-388733	CDS-DX-987665	nanos_gigantum_humeris_insidentes	Immunoproliferative Diseases	Unknown	Neoplasm, Uncertain Whether Benign Or Malignant	Tonsil	279	G2	MX	N0 (i-)	Ta	9596/3	metastasis	No	350	177	With Tumor	903
diagnosis	CDS-CASE-190302	CDS-DX-803756	scientia_et_labor	Synovial-like Neoplasms	Dead	Lymphoepithelial Carcinoma	Knee Joint	534	High Grade	M1c	N0 (mol+)	T1	8891/0	no_disease	Unknown	93	205	Not Allowed To Collect	140
diagnosis	CDS-CASE-929855	CDS-DX-893457	Macte_animo_Generose_puer_sic_itur_ad_astra	Neoplasms, NOS	Unspecified	Pilocytic Astrocytoma, Low-Grade Glioma, Low-Grade Glioma, NOS Or NEC	Pleura	976	High Grade	Not Reported	N2b	T1b	9401/3	recurrence	Yes	260	972	New Tumor Event	355
diagnosis	CDS-CASE-127729	CDS-DX-864116	haec_olim_meminisse_iuvabit	Mesothelial Neoplasms	Unspecified	Lymphoepithelial Carcinoma	Paratesticular	452	Low Grade	MX	N0 (i+)	Tis (Paget's)	8140/2	no_disease	Censored	310	985	Unknown	43
diagnosis	CDS-CASE-311542	CDS-DX-303981	barba_crescit_caput_nescit	Myxomatous Neoplasms	Unspecified	Papillary Lesion With Atypical/High Grade Features	Calcaneum	891	G4	MX	N3a	T3b	8560/3	primary	Censored	694	162	Distant Metastasis	853
diagnosis	CDS-CASE-860186	CDS-DX-792182	pace_tua	Trophoblastic neoplasms	Unknown	Poorly Differentiated Neuroblastoma	Optic Chiasm	472	G2	M1	N1mi	T0	9400/3	recurrence	No	21	817	With Tumor	217
diagnosis	CDS-CASE-875518	CDS-DX-182745	salus_in_arduis	Synovial-like Neoplasms	Dead	HHV8 Positive Diffuse Large B-Cell Lymphoma	Cheek	24	GB	MX	N2	TX	9750/3	metastasis	Yes	456	430	Biochemical evidence of disease without structural correlate	30
diagnosis	CDS-CASE-724423	CDS-DX-900844	barba_crescit_caput_nescit	Mucoepidermoid Neoplasms	Dead	Angiocentric Glioma	Parotid	693	Intermediate Grade	M1b	N1bIV	T1b	9895/3	metastasis	Not Allowed to Collect	103	587	With Tumor	388
diagnosis	CDS-CASE-822807	CDS-DX-113677	cacatum_non_est_pictum	Paragangliomas and Glomus Tumors	Unspecified	Unclassified Sarcoma With Round Cell Morphology	Axilla	251	G2	M1	N3b	T3b	8470/0	metastasis	No	167	818	New Tumor Event	689
diagnosis	CDS-CASE-568099	CDS-DX-866953	pace_tua	Gliomas	Dead	Gliomatosis Cerebri	Patella	875	G2	M1b	N0 (mol-)	T1c	9130/1	primary	Unknown	924	494	Biochemical evidence of disease without structural correlate	997
diagnosis	CDS-CASE-216237	CDS-DX-161959	nascentes_morimur_finisque_ab_origine_pendet	Neuroepitheliomatous Neoplasms	Unknown	Papillary Lesion With Atypical/High Grade Features	Occipital Cortex	821	Intermediate Grade	Unknown	N3b	T1a	8461/6	metastasis	Not Applicable	76	793	Not Allowed To Collect	582
diagnosis	CDS-CASE-906133	CDS-DX-939372	saltus_in_demonstrando	Neoplasms, NOS	Unspecified	Lymphoma, NOS	Chest	453	High Grade	cM0 (i+)	N0 (i-)	T2a2	9373/0	primary	Censored	874	256	Not Allowed To Collect	810
diagnosis	CDS-CASE-459757	CDS-DX-541336	e_causa_ignota	Complex Mixed and Stromal Neoplasms	Not reported	Pleomorphic Xanthoastrocytoma, NOS, High-Grade Glioma	Bone or Bone Marrow	459	GX	Unknown	N0 (mol+)	T1a1	8147/3	progression	Yes	295	590	Distant Metastasis	746
diagnosis	CDS-CASE-287024	CDS-DX-621827	salus_in_arduis	Ductal and Lobular Neoplasms	Dead	Ependymoma WHO Grade 3	Pleural Effusion	613	Not Applicable	Not Reported	N1c	T1b2	9411/3	remission	Unknown	480	247	Unknown	241
diagnosis	CDS-CASE-891734	CDS-DX-853764	imperium_in_imperio	Neoplasms, NOS	Not reported	Head and Neck Squamous Cell Carcinoma	Urogenital	100	GB	Unknown	N2	T4a	9110/3	recurrence	Not Applicable	923	274	Tumor Free	132
diagnosis	CDS-CASE-419213	CDS-DX-698134	O_Tite_tute_Tati_tibi_tanta_tyranne_tulisti	Miscellaneous Bone Tumors	Unknown	Glioma, Malignant, Low-Grade Glioma, Low-Grade Glioma, NOS Or NEC	Hip	701	Not Reported	Not Reported	N0 (i+)	Tis (DCIS)	8982/3	no_disease	Not Applicable	114	821	Not Reported	724
diagnosis	CDS-CASE-707993	CDS-DX-290130	O_Tite_tute_Tati_tibi_tanta_tyranne_tulisti	Miscellaneous Tumors	Unknown	Neoplasm, Malignant, Glioneuronal And Neuronal Tumors, Glioneuronal And Neuronal Tumors, NOS Or NEC	Esophagus	215	High Grade	Not Reported	Unknown	T1a	9991/3	primary	Unknown	102	984	Biochemical evidence of disease without structural correlate	161
diagnosis	CDS-CASE-928760	CDS-DX-524368	nanos_gigantum_humeris_insidentes	Unknown	Unknown	Papillary Glioneuronal Tumor, WHO Grade 1	Ischium	876	Intermediate Grade	M1	N0 (i-)	T1a	8964/3	recurrence	Unknown	416	482	Localized Disease	369
diagnosis	CDS-CASE-441833	CDS-DX-263771	id_quod_plerumque_accidit	Mast Cell Neoplasm	Dead	Acute Myeloid Leukemia (Megakaryoblastic) With T(1;22)(P13;Q13); RBM15-MKL1	Superior Maxilla	696	Not Applicable	cM0 (i+)	N0 (i+)	T1b2	8370/0	progression	Yes	911	672	Unknown	618
diagnosis	CDS-CASE-719658	CDS-DX-310050	scientia_et_labor	Mast Cell Neoplasm	Alive	Precursor B-Cell Acute Lymphoblastic Leukemia With Hyperdiploidy	Leptomeningeal	40	GB	cM0 (i+)	N0 (i-)	T1mi	9000/3	recurrence	Not Applicable	595	572	Not Applicable	665
diagnosis	CDS-CASE-839650	CDS-DX-149632	faber_est_suae_quisque_fortunae	Transitional Cell Papillomas and Carcinomas	Unspecified	Lobular Adenocarcinoma	Foot Bone	116	Intermediate Grade	M1b	N2b	T4c	9011/0	metastasis	Not Allowed to Collect	280	859	Tumor Free	196
diagnosis	CDS-CASE-406507	CDS-DX-123802	imperium_in_imperio	Miscellaneous Bone Tumors	Not reported	Lymphangioma, NOS	Hypopharynx	890	Low Grade	M1c	N1	T3	8413/3	no_disease	Not Allowed to Collect	883	984	Localized Disease	322
diagnosis	CDS-CASE-543295	CDS-DX-705257	cacatum_non_est_pictum	Neoplasms, NOS	Unspecified	High Grade Follicular Derived Thyroid Carcinoma	Hypopharynx	940	G4	M1a	N1a	T5	8671/0	no_disease	Not Allowed to Collect	474	602	New Tumor Event	79
diagnosis	CDS-CASE-281110	CDS-DX-219399	cacatum_non_est_pictum	Mucoepidermoid Neoplasms	Dead	Mixed Germ Cell Tumor, CNS Germ Cell Tumors, CNS Non-Germinomatous Germ Cell Tumor	Sternum/Chest Wall	291	Intermediate Grade	M1c	N1mi	T0	8509/3	no_disease	Yes	374	89	New Tumor Event	831
diagnosis	CDS-CASE-661309	CDS-DX-970091	e_causa_ignota	Soft Tissue Tumors and Sarcomas, NOS	Not reported	Embryonal Tumor With Multi-Layered Rosettes	Pelvis/Sacrum	154	G2	M0	N0 (i+)	T0	8160/0	primary	Not Allowed to Collect	648	904	Regional Disease	90
diagnosis	CDS-CASE-157920	CDS-DX-132618	scientia_et_sapientia	Mesothelial Neoplasms	Unknown	Medulloepithelioma, NOS	Parotid	676	Unknown	Not Reported	N0 (mol-)	T2a2	9030/0	remission	Not Reported	700	398	Biochemical evidence of disease without structural correlate	864
diagnosis	CDS-CASE-902408	CDS-DX-120609	e_causa_ignota	Paragangliomas and Glomus Tumors	Not reported	Myofibroblastic Tumor	Other	436	Unknown	M0	N1	T3c	8402/0	primary	Not Allowed to Collect	753	736	Distant Metastasis	136
diagnosis	CDS-CASE-741514	CDS-DX-379193	haec_olim_meminisse_iuvabit	Adnexal and Skin Appendage Neoplasms	Unspecified	Malignant Tumor, Small Cell Type	Lumbar Spine	887	Not Reported	M1a	N0 (mol+)	T3	8041/34	recurrence	Not Allowed to Collect	484	973	With Tumor	886
diagnosis	CDS-CASE-634827	CDS-DX-566720	imperium_in_imperio	Myxomatous Neoplasms	Unspecified	Tumor Cells, Malignant, Diffuse Leptomeningeal Glioneuronal Tumor, Glioneuronal And Neuronal Tumors	Skin	343	G3	Unknown	N1mi	T1	9698/3	progression	Unknown	871	156	Regional Disease	112
diagnosis	CDS-CASE-974585	CDS-DX-719898	scientiae_et_patriae	Miscellaneous Tumors	Not reported	Neoplasm, Uncertain Whether Benign Or Malignant, ATRT-SHH, Atypical Teratoid/Rhabdoid Tumor	Shoulder Girdle	733	High Grade	M0	N0 (i-)	T2a	9571/3	progression	Not Applicable	839	368	New Tumor Event	100
diagnosis	CDS-CASE-595824	CDS-DX-950608	nascentes_morimur_finisque_ab_origine_pendet	Osseous and Chondromatous Neoplasms	Alive	Squamous Cell Carcinoma In Situ, NOS	Bone Face	825	Intermediate Grade	M0	N3	T3d	8220/0	metastasis	Not Applicable	181	369	Distant Metastasis	307
diagnosis	CDS-CASE-473537	CDS-DX-985230	nascentes_morimur_finisque_ab_origine_pendet	Immunoproliferative Diseases	Not reported	Classic Medulloblastoma, CNS WHO Grade 4	Temporal Lobe	619	Not Reported	Unknown	N1bII	TX	8744/3	metastasis	Not Reported	733	357	Distant Metastasis	329
diagnosis	CDS-CASE-293076	CDS-DX-819464	scientia_et_labor	Odontogenic Tumors	Unspecified	Infiltrating ductular carcinoma	Toe	877	Unknown	MX	NX	T4d	8150/1	progression	Unknown	808	517	Regional Disease	785
diagnosis	CDS-CASE-137682	CDS-DX-955866	Gallia_est_omnis_divisa_in_partes_tres	Myelodysplastic Syndromes	Alive	Morphologically Consistent With Pilocytic Astrocytoma, WHO Grade 1	Cervical Nodes	793	Intermediate Grade	M1a	N1bII	T3d	9130/1	no_disease	Not Applicable	121	19	Biochemical evidence of disease without structural correlate	647
diagnosis	CDS-CASE-386006	CDS-DX-464693	salus_in_arduis	Nerve Sheath Tumors	Dead	Squamous Cell Carcinoma, Large Cell, Nonkeratinizing, NOS	Trunk	900	Unknown	MX	N2c	T1a	8560/0	remission	Yes	458	712	Not Allowed To Collect	391
diagnosis	CDS-CASE-454896	CDS-DX-179953	nascentes_morimur_finisque_ab_origine_pendet	Giant Cell Tumors	Dead	Acute Lymphoblastic Leukemia	Calcaneum	843	High Grade	Not Reported	N3	T2a2	8894/3	remission	Not Applicable	832	414	Tumor Free	257
diagnosis	CDS-CASE-310191	CDS-DX-699117	cacatum_non_est_pictum	Blood Vessel Tumors	Alive	Intraductal Papillary Mucinous Neoplasm With An Associated Invasive Carcinoma	Acetabulum	913	G2	M1c	N3c	T3d	8680/0	recurrence	Unknown	247	917	New Tumor Event	730
diagnosis	CDS-CASE-362878	CDS-DX-108764	scientiae_cedit_mare	Neoplasms, NOS	Unspecified	Subependymal Giant Cell Astrocytoma, Glioneuronal And Neuronal Tumors, Glioneuronal And Neuronal Tumors, NOS Or NEC	Anus	574	GX	Unknown	N0 (i+)	Unknown	8780/0	recurrence	Not Reported	794	427	New Tumor Event	116
diagnosis	CDS-CASE-755926	CDS-DX-741614	haec_olim_meminisse_iuvabit	Mucoepidermoid Neoplasms	Unspecified	Metastatic Neuroblastoma	Duodenum	599	Low Grade	M1	N2a	TX	9752/1	primary	Not Applicable	292	145	Not Applicable	869
diagnosis	CDS-CASE-464384	CDS-DX-916817	e_causa_ignota	Myxomatous Neoplasms	Dead	Embryonal Rhabdomyosarcoma, NOS, CNS Embryonal Tumor, NOS	Intra-abdominal	361	Unknown	Unknown	N4	Tis	9701/3	recurrence	No	913	303	Distant Metastasis	620
diagnosis	CDS-CASE-785226	CDS-DX-785750	saltus_in_demonstrando	Myomatous Neoplasms	Not reported	Tumor Cells, Malignant, Medulloblastoma, Medulloblastoma, NOS Or NEC	Thoracic Spinal Cord	582	High Grade	Not Reported	N3b	T2	8242/1	no_disease	No	180	880	Not Allowed To Collect	367
diagnosis	CDS-CASE-100665	CDS-DX-819710	labor_ipse_voluptas	Plasma Cell Neoplasm	Alive	Ganglioglioma, Anaplastic	Hand	92	G4	Unknown	N0 (mol-)	T1mi	8271/0	progression	Not Applicable	509	830	Localized Disease	929
diagnosis	CDS-CASE-431076	CDS-DX-654603	scientia_et_labor	Immunoproliferative Diseases	Not reported	Invasive Carcinoma	Nasal Cavity and Paranasal Sinuses	494	G2	M1c	N1bI	Not Reported	8330/0	progression	Yes	895	901	Distant Metastasis	550
diagnosis	CDS-CASE-217094	CDS-DX-646244	saltus_in_demonstrando	Not Reported	Unspecified	Schwannoma, NOS, Low-Grade Glioma, Low-Grade Glioma, NOS Or NEC	Midbrain	45	G1	cM0 (i+)	N3	T1a	8000/6	primary	Not Reported	736	357	Not Reported	563
diagnosis	CDS-CASE-657731	CDS-DX-581906	scientia_et_labor	Not Otherwise Specified	Unspecified	Acute Monoblastic And Monocytic Leukemia	Axillary Nodes	455	G2	M1a	N1c	T1b2	9250/3	metastasis	No	665	920	Not Applicable	190
diagnosis	CDS-CASE-900611	CDS-DX-385711	damnant_quod_non_intellegunt	Trophoblastic neoplasms	Unknown	Tumor Cells, Malignant, Medulloblastoma, Medulloblastoma, NOS Or NEC	Paraspinal	467	GB	M1	N1a	Tis (LCIS)	8990/3	recurrence	Censored	241	324	With Tumor	474
diagnosis	CDS-CASE-103801	CDS-DX-610338	labor_ipse_voluptas	Complex Mixed and Stromal Neoplasms	Alive	Neoplasm, Malignant, High-Grade Glioma, High-Grade Glioma, NOS Or NEC	Radius Bone	610	G2	M1a	N0	Tis (LCIS)	9975/3	primary	Not Allowed to Collect	19	713	Biochemical evidence of disease without structural correlate	115
diagnosis	CDS-CASE-628247	CDS-DX-590619	scientiae_cedit_mare	Synovial-like Neoplasms	Unknown	Brain Tumor, Low Grade Glioma	Mandible	622	GB	M1	N3c	Tis (DCIS)	8245/1	progression	Not Allowed to Collect	401	812	Biochemical evidence of disease without structural correlate	426
diagnosis	CDS-CASE-989506	CDS-DX-732362	haec_olim_meminisse_iuvabit	Miscellaneous Bone Tumors	Alive	Paratesticular Rhabdomyosarcoma With Diffuse Anaplasia	Hand Phalanges	11	GB	cM0 (i+)	N0 (mol-)	T1b2	9728/3	primary	Unknown	233	298	New Tumor Event	316
diagnosis	CDS-CASE-979732	CDS-DX-383015	sapiens_qui_prospicit	Acinar Cell Neoplasms	Alive	Diffuse Midline Glioma, H3 K27-Altered	Third Ventricle	682	G2	M1b	N4	T0	9442/1	metastasis	Censored	830	806	Not Reported	994
diagnosis	CDS-CASE-866895	CDS-DX-834529	scientia_et_sapientia	Germ Cell Neoplasms	Unknown	Medulloblastoma, NOS, Diffuse Hemispheric Glioma, H3 G34-Mutant, High-Grade Glioma	Thyroid and Parathyroid	20	Not Reported	Unknown	N1bIV	T4	9836/3	no_disease	Not Applicable	242	135	Not Applicable	263
diagnosis	CDS-CASE-979460	CDS-DX-916039	imperium_in_imperio	Soft Tissue Tumors and Sarcomas, NOS	Alive	Giant Cell Tumor Of Soft Parts, NOS	Anal/Perianal	394	G3	cM0 (i+)	N0 (mol+)	Not Reported	8076/3	remission	Yes	143	102	Unknown	809
diagnosis	CDS-CASE-835516	CDS-DX-232243	sapiens_qui_prospicit	Synovial-like Neoplasms	Unspecified	Clear Cell Meningioma	Abdomen	190	G1	MX	N3a	T3d	8214/3	recurrence	Unknown	557	750	Distant Metastasis	103
diagnosis	CDS-CASE-855036	CDS-DX-740908	id_quod_plerumque_accidit	Complex Mixed and Stromal Neoplasms	Unspecified	Giant Cell Tumor Of Bone, NOS	Pons Varolii	778	G3	MX	N4	T4	9684/3	remission	Not Applicable	286	402	With Tumor	767
diagnosis	CDS-CASE-143349	CDS-DX-318016	nascentes_morimur_finisque_ab_origine_pendet	Unknown	Not reported	Craniopharyngioma, Adamantinomatous, Adamantinomatous Craniopharyngioma	Forearm	458	High Grade	M1c	N3b	Tis (LCIS)	8370/1	primary	Unknown	383	695	Not Allowed To Collect	491
diagnosis	CDS-CASE-261597	CDS-DX-935725	scientia_imperii_decus_et_tutamen	Unknown	Not reported	Poorly Differentiated Neuroblastoma	Liver	273	GB	cM0 (i+)	N3c	T2a1	8215/3	primary	Censored	652	99	Localized Disease	280
diagnosis	CDS-CASE-308461	CDS-DX-938336	id_quod_plerumque_accidit	Nerve Sheath Tumors	Dead	Prostate Cancer	Epitrochlear or Brachial Nodes	446	Not Applicable	M0	N1b	T3b	8453/0	no_disease	Not Allowed to Collect	549	194	Localized Disease	199
diagnosis	CDS-CASE-743053	CDS-DX-577850	scientiae_cedit_mare	Lipomatous Neoplasms	Dead	Ganglioglioma, NOS, Malignant Peripheral Nerve Sheath Tumor, NOS	Leptomeningeal	608	Low Grade	M1b	N2b	T4b	8076/3	no_disease	Censored	804	909	Not Applicable	906
diagnosis	CDS-CASE-419785	CDS-DX-392425	labor_ipse_voluptas	Immunoproliferative Diseases	Alive	Pilocytic Astrocytoma	Penis	545	Low Grade	M1	N1bIII	T2	8146/0	recurrence	Not Applicable	920	67	With Tumor	172
diagnosis	CDS-CASE-277788	CDS-DX-246612	O_Tite_tute_Tati_tibi_tanta_tyranne_tulisti	Nevi and Melanomas	Unspecified	Undifferentiated Nasopharyngeal Carcinoma	Fourth Ventricle	810	Not Reported	M1c	N0	TX	9180/3	metastasis	Not Applicable	381	141	Not Applicable	359
diagnosis	CDS-CASE-274516	CDS-DX-506789	e_causa_ignota	Adnexal and Skin Appendage Neoplasms	Unknown	Mesothelioma, Biphasic, Malignant, B Lymphoblastic Leukemia/Lymphoma, NOS	Meninges	118	G1	cM0 (i+)	N4	T2d	8153/1	metastasis	Not Allowed to Collect	681	330	Localized Disease	420
diagnosis	CDS-CASE-156277	CDS-DX-216720	e_causa_ignota	Epithelial Neoplasms, NOS	Not reported	Poorly Differentiated Sertoli-Leydig Cell Tumor With Heterologous Rhabdomyosarcomatous Differentiation	Salivary Gland	118	G2	MX	NX	T4	9361/1	metastasis	Censored	532	864	Regional Disease	938
diagnosis	CDS-CASE-317354	CDS-DX-506409	sapiens_qui_prospicit	Complex Mixed and Stromal Neoplasms	Not reported	Olfactory Neurocytoma	Lumbar Spine	560	High Grade	M1	N3b	T0	8442/1	remission	Unknown	965	219	New Tumor Event	107
diagnosis	CDS-CASE-671979	CDS-DX-362380	salus_in_arduis	Adenomas and Adenocarcinomas	Unspecified	Meningothelial Meningioma, Grade 1	Inguinal	508	Not Reported	M0	N3a	T2a2	9966/3	remission	Not Applicable	320	722	Not Reported	824
diagnosis	CDS-CASE-311922	CDS-DX-305484	damnant_quod_non_intellegunt	Mesothelial Neoplasms	Alive	Desmoplastic Infantile Astrocytoma	Shoulder	473	Intermediate Grade	Unknown	N2b	T3b	8930/3	metastasis	Yes	264	577	With Tumor	641
diagnosis	CDS-CASE-985472	CDS-DX-261472	scientiae_cedit_mare	Myxomatous Neoplasms	Dead	Dermatofibrosarcoma Protuberans, NOS	Frontal Cortex	437	Not Reported	M1c	N1c	Tis (Paget's)	8743/3	remission	Not Applicable	603	123	Unknown	49
diagnosis	CDS-CASE-606336	CDS-DX-795506	scientia_imperii_decus_et_tutamen	Lymphatic Vessel Tumors	Unknown	Meningiomatosis, NOS	Para-Aortic Lymph Nodes	242	Low Grade	M1c	N1	T1a	9290/0	recurrence	Not Allowed to Collect	267	456	Tumor Free	784
diagnosis	CDS-CASE-181666	CDS-DX-538456	labor_ipse_voluptas	Miscellaneous Bone Tumors	Unknown	Thymoma, NOS	Supraclavicular Nodes	174	G4	M1b	Unknown	T4d	8255/3	no_disease	Not Allowed to Collect	646	408	Regional Disease	576
diagnosis	CDS-CASE-227963	CDS-DX-706692	haec_olim_meminisse_iuvabit	Leukemias	Unknown	B Lymphoblastic Leukemia/Lymphoma With T(V;11q23); MLL Rearranged	Hip	467	GX	MX	Not Reported	T1c	9738/3	metastasis	Not Reported	690	341	Distant Metastasis	268
diagnosis	CDS-CASE-477281	CDS-DX-944651	salus_in_arduis	Mucoepidermoid Neoplasms	Not reported	Angiocentric Glioma	Lacrimal Bone	524	G2	M1c	N1bIII	T1a	9105/3	primary	Not Allowed to Collect	783	566	New Tumor Event	797
diagnosis	CDS-CASE-595205	CDS-DX-328352	scientia_imperii_decus_et_tutamen	Miscellaneous Tumors	Not reported	Medulloepithelioma, NOS	Calcaneum	92	GB	MX	N2b	T1a	9472/3	no_disease	Not Allowed to Collect	109	196	Distant Metastasis	596
diagnosis	CDS-CASE-904084	CDS-DX-149019	O_Tite_tute_Tati_tibi_tanta_tyranne_tulisti	Lymphatic Vessel Tumors	Unspecified	Adenocarcinoma In Situ, Non-Mucinous	Occipital Lobe	931	GX	M1	N1a	T1a	8640/3	no_disease	Censored	945	940	Unknown	793
diagnosis	CDS-CASE-294573	CDS-DX-788214	scientia_et_sapientia	Leukemias	Unknown	Acute Megakaryoblastic Leukemia	Thorax	831	Low Grade	M1b	N1b	T1b2	9898/1	recurrence	Not Applicable	274	388	New Tumor Event	271
diagnosis	CDS-CASE-414350	CDS-DX-216740	O_Tite_tute_Tati_tibi_tanta_tyranne_tulisti	Not Reported	Dead	Rhabdomyoma, NOS	Larynx - Trachea	65	G3	Unknown	N0 (mol-)	T2a2	8585/1	recurrence	Not Allowed to Collect	326	490	New Tumor Event	831
diagnosis	CDS-CASE-396116	CDS-DX-575961	scientia_imperii_decus_et_tutamen	Nevi and Melanomas	Unspecified	Neuroendocrine Carcinoma, NOS	Temporal Lobe	81	Not Applicable	cM0 (i+)	N0 (mol+)	T4e	9110/1	no_disease	No	321	612	Not Reported	60
diagnosis	CDS-CASE-908574	CDS-DX-360933	labor_ipse_voluptas	Basal Cell Neoplasms	Alive	Soft Tissue Tumor, Benign	Larynx - Trachea	507	Not Reported	MX	N1bIII	Not Reported	8850/3	remission	No	990	777	Localized Disease	964
diagnosis	CDS-CASE-874539	CDS-DX-216353	scientiae_cedit_mare	Complex Mixed and Stromal Neoplasms	Unknown	Low Grade Glial Neoplasm	Skull and Face Bone	369	GX	MX	N0 (mol-)	T1c	8634/1	metastasis	Not Applicable	522	528	Distant Metastasis	964
diagnosis	CDS-CASE-206550	CDS-DX-700588	scientia,_aere_perennius	Miscellaneous Bone Tumors	Alive	Mixed Germ Cell Tumor, CNS Germ Cell Tumors, CNS Germinoma	Hand Joint	435	Low Grade	M1a	N4	T1a1	9231/3	remission	Unknown	176	928	Tumor Free	518
diagnosis	CDS-CASE-558959	CDS-DX-927552	saltus_in_demonstrando	Miscellaneous Bone Tumors	Unspecified	Triple-Negative Breast Carcinoma	Duodenum	914	G1	MX	N2	Tis (LCIS)	8452/3	progression	Censored	48	424	Distant Metastasis	553
diagnosis	CDS-CASE-449647	CDS-DX-957636	Obedientia_civium_urbis_felicitas	Lipomatous Neoplasms	Alive	Sertoli-Leydig Cell Tumor Of Intermediate Differentiation, NOS	Deep Facial Areas	293	G4	M1b	N1c	T4d	8773/3	remission	Not Applicable	809	836	Tumor Free	987
diagnosis	CDS-CASE-186433	CDS-DX-816782	scientia_et_labor	Trophoblastic neoplasms	Not reported	Follicular Carcinoma, Minimally Invasive	Lower Extremity	743	Intermediate Grade	Not Reported	N0 (mol-)	T1b1	9450/3	remission	No	514	995	Not Allowed To Collect	546
diagnosis	CDS-CASE-622615	CDS-DX-625051	scientiae_et_patriae	Adenomas and Adenocarcinomas	Alive	Secretory Carcinoma	Sacrococcygeal	459	G2	MX	N1bI	Ta	8804/3	metastasis	Yes	426	348	With Tumor	555
diagnosis	CDS-CASE-892873	CDS-DX-967351	e_causa_ignota	Cystic, Mucinous and Serous Neoplasms	Dead	Diffuse Midline Glioma, H3 K27-Altered	Adrenal Gland	739	Low Grade	M1c	N4	Unknown	8150/1	recurrence	Not Allowed to Collect	742	872	Not Reported	481
diagnosis	CDS-CASE-908065	CDS-DX-863862	Macte_animo_Generose_puer_sic_itur_ad_astra	Epithelial Neoplasms, NOS	Dead	Neoplasm, Uncertain Whether Benign Or Malignant, Medulloblastoma, Medulloblastoma, NOS Or NEC	Upper Airway	544	G3	M1	N1bIII	T2a1	9110/1	progression	Unknown	433	411	Regional Disease	726
diagnosis	CDS-CASE-278371	CDS-DX-682594	a_bene_placito	Not Applicable	Unspecified	Sex Cord-Gonadal Stromal Tumor, Incompletely Differentiated	Brain/Leptomeninges	703	GB	Unknown	N1bII	T1	9741/3	recurrence	Unknown	889	962	Not Reported	363
diagnosis	CDS-CASE-649134	CDS-DX-798254	barba_crescit_caput_nescit	Mucoepidermoid Neoplasms	Unspecified	Glioma, Malignant, Diffuse Hemispheric Glioma, H3 G34-Mutant, High-Grade Glioma	Sternum	567	Low Grade	M1a	N2a	T3c	8746/3	remission	Not Reported	580	280	Not Applicable	840
diagnosis	CDS-CASE-348010	CDS-DX-528515	salus_in_arduis	Neoplasms, NOS	Dead	Teratoma, NOS	Distant Lymph Nodes	901	Low Grade	MX	Not Reported	T1c	8270/0	primary	Censored	462	735	Not Applicable	370
diagnosis	CDS-CASE-160111	CDS-DX-931710	faber_est_suae_quisque_fortunae	Myxomatous Neoplasms	Unspecified	Glioma	Occipital Bone	699	Intermediate Grade	cM0 (i+)	N2b	T4b	8372/0	progression	Censored	595	909	With Tumor	486
diagnosis	CDS-CASE-281294	CDS-DX-748083	salus_in_arduis	Adenomas and Adenocarcinomas	Alive	Germ Cell Tumor, Nonseminomatous, CNS Germ Cell Tumors, CNS Non-Germinomatous Germ Cell Tumor	Occipital Lobe	584	Low Grade	M1b	N1	T1a2	8728/1	metastasis	Unknown	679	583	Tumor Free	880
diagnosis	CDS-CASE-797444	CDS-DX-802718	labor_ipse_voluptas	Fibroepithelial Neoplasms	Not reported	Lung Squamous Cell Carcinoma, NOS	Dermis	810	G1	M1	N4	Tis	8460/2	metastasis	No	326	877	Biochemical evidence of disease without structural correlate	592
diagnosis	CDS-CASE-774041	CDS-DX-146564	nascentes_morimur_finisque_ab_origine_pendet	Thymic Epithelial Neoplasms	Not reported	Infiltrating duct and lobular carcinoma	Female Reproductive System Part	933	Intermediate Grade	M1c	NX	T4d	8512/3	no_disease	Not Applicable	771	153	With Tumor	355
diagnosis	CDS-CASE-455568	CDS-DX-569509	imperium_in_imperio	Miscellaneous Tumors	Unknown	Chronic Eosinophilic Leukemia	Buttock	163	Low Grade	M1c	N2a	T2	8333/0	metastasis	Yes	590	194	Not Allowed To Collect	844
diagnosis	CDS-CASE-476977	CDS-DX-576736	labor_ipse_voluptas	Ductal and Lobular Neoplasms	Unknown	Glioma, Malignant, Other, Other CNS Tumor, NOS Or NEC	Ilium	850	Not Applicable	cM0 (i+)	N1b	T1a1	9142/0	remission	Yes	469	551	Biochemical evidence of disease without structural correlate	582
diagnosis	CDS-CASE-759062	CDS-DX-805067	Macte_animo_Generose_puer_sic_itur_ad_astra	Transitional Cell Papillomas and Carcinomas	Alive	Carcinoma, NOS, Medulloblastoma, Medulloblastoma, NOS Or NEC	Other	285	G2	M1c	N0	T4	8452/3	remission	Yes	625	807	Unknown	582
