type	participant.study_participant_id	study_diagnosis_id	diagnosis_id	disease_type	vital_status	primary_diagnosis	primary_site	age_at_diagnosis	tumor_grade	tumor_stage_clinical_m	tumor_stage_clinical_n	tumor_stage_clinical_t	morphology	incidence_type	progression_or_recurrence	days_to_recurrence	days_to_last_followup	last_known_disease_status	days_to_last_known_status	tissue_or_organ_of_origin	site_of_resection_or_biopsy	days_to_last_known_disease_status	crdc_id
diagnosis	CDS-CASE-366360	CDS-DX-900146	a_bene_placito	Not Otherwise Specified	Dead	Germinoma, CNS Germ Cell Tumors, CNS Germinoma	Shoulder	538	GX	Unknown	N3a	T1a	9833/3	metastasis	Not Applicable	85	465	Regional Disease	736	Omentum	Vas Deferens	14.73	scientia,_aere_perennius
diagnosis	CDS-CASE-684720	CDS-DX-973765	scientiae_cedit_mare	Transitional Cell Papillomas and Carcinomas	Unknown	HHV8 Positive Diffuse Large B-Cell Lymphoma	Radius Bone	143	Unknown	M0	N1bI	T4c	8975/1	remission	No	439	782	Regional Disease	565	Femoral Artery	Cul-de-sac	388.14	faber_est_suae_quisque_fortunae
diagnosis	CDS-CASE-323682	CDS-DX-154381	id_quod_plerumque_accidit	Squamous Cell Neoplasms	Dead	Medulloblastoma, SHH-Activated And TP53-Wildtype	Stomach	752	G1	M1b	N1bI	T1a2	9987/3	metastasis	Not Allowed to Collect	835	235	Biochemical evidence of disease without structural correlate	24	Intercostal Muscle	Oculomotor Nerve	65.99	Obedientia_civium_urbis_felicitas
diagnosis	CDS-CASE-704136	CDS-DX-657493	Obedientia_civium_urbis_felicitas	Mast Cell Neoplasm	Dead	Papillary Carcinoma, Columnar Cell	Foot Bone	493	Not Applicable	M1	N1bIII	T4a	8503/0	primary	Not Allowed to Collect	177	98	Regional Disease	158	Bronchial Lymph Node	Median Nerve	97.81	faber_est_suae_quisque_fortunae
diagnosis	CDS-CASE-256673	CDS-DX-876773	a_bene_placito	Odontogenic Tumors	Unknown	Malignant Peripheral Nerve Sheath Tumor	Thoracic Vertebra	950	G4	M1b	N2a	T2c	8900/3	metastasis	Not Reported	698	88	Localized Disease	572	Small Intestine	Foot	629.24	scientiae_cedit_mare
diagnosis	CDS-CASE-612259	CDS-DX-923391	scientiae_cedit_mare	Giant Cell Tumors	Unknown	Medulloblastoma, SHH-Activated And TP53-Wildtype	Chest	988	GX	Not Reported	N1bIII	T4	8043/3	no_disease	No	168	137	Not Allowed To Collect	325	Skin of the Trunk	Liver	71.74	Macte_animo_Generose_puer_sic_itur_ad_astra
diagnosis	CDS-CASE-429405	CDS-DX-972145	scientia_et_sapientia	Neoplasms, NOS	Not reported	Neuroepithelial Tumor	Bone Face	45	G4	Unknown	N3	T4c	8090/1	recurrence	Unknown	70	342	Biochemical evidence of disease without structural correlate	509	Cervical Gland	Spinal Nerve	32.12	labor_ipse_voluptas
diagnosis	CDS-CASE-736604	CDS-DX-589693	imperium_in_imperio	Myxomatous Neoplasms	Dead	Embryonal Rhabdomyosarcoma, High-Grade	Occipital Lobe	680	G1	M1a	Not Reported	T1	8322/3	metastasis	Not Applicable	413	342	Not Allowed To Collect	386	Preauricular Lymph Node	Inguinal Lymph Node	689.73	labor_ipse_voluptas
diagnosis	CDS-CASE-408393	CDS-DX-566641	scientia_imperii_decus_et_tutamen	Miscellaneous Bone Tumors	Unspecified	Lobular Adenocarcinoma	Coccyx	843	Not Applicable	MX	N3b	T2a1	9120/0	primary	Not Allowed to Collect	282	203	Not Applicable	149	Retina	Temporal Bone	382.15	damnant_quod_non_intellegunt
diagnosis	CDS-CASE-691079	CDS-DX-902598	scientiae_et_patriae	Myxomatous Neoplasms	Alive	Ossifying Fibromyxoid Tumor, NOS	Inguinal	324	Unknown	MX	N3c	Tis	9761/3	primary	Not Allowed to Collect	70	305	Localized Disease	203	Nasal Cavity	Corpus Striatum	442.62	damnant_quod_non_intellegunt
diagnosis	CDS-CASE-588457	CDS-DX-739022	haec_olim_meminisse_iuvabit	Nerve Sheath Tumors	Unspecified	Ependymoma, NOS, Choroid Plexus Tumors, Choroid Plexus Papilloma	Female Reproductive System Part	179	Not Reported	M1a	Not Reported	T4d	8044/3	progression	Unknown	459	763	Localized Disease	387	Nasal Septum	Ductus Santorini	885.7	e_causa_ignota
diagnosis	CDS-CASE-550545	CDS-DX-723138	salus_in_arduis	Mast Cell Neoplasm	Dead	Neoplasm, Uncertain Whether Benign Or Malignant, Choroid Plexus Tumors, Choroid Plexus Papilloma	Trunk	207	Intermediate Grade	M1c	N3a	T1a	8822/1	primary	Not Reported	21	568	Tumor Free	18	Calcaneum	Tendon Sheath	490.42	Macte_animo_Generose_puer_sic_itur_ad_astra
diagnosis	CDS-CASE-896994	CDS-DX-211582	e_causa_ignota	Myelodysplastic Syndromes	Unspecified	Astrocytoma, Benign	Retroperitoneum	931	Intermediate Grade	M1	N1	T4a	8191/0	metastasis	Unknown	742	815	Not Allowed To Collect	99	Iliac Artery	Supraclavicular Lymph Node	933.34	scientia_et_labor
diagnosis	CDS-CASE-514095	CDS-DX-426098	scientia_et_labor	Thymic Epithelial Neoplasms	Dead	Pancreas-Undifferentiated Carcinoma	Dermis	823	GX	M0	N2a	T3a	8771/0	progression	Not Applicable	641	222	Distant Metastasis	247	Pectoralis Major	Medulla Oblongata	568.02	salus_in_arduis
diagnosis	CDS-CASE-748215	CDS-DX-635009	cacatum_non_est_pictum	Immunoproliferative Diseases	Not reported	Glioma, Malignant, Other, Other Low-Grade B-Cell Lymphomas Of The CNS	Hypodermis	505	G1	cM0 (i+)	N0 (mol-)	T2a	8323/3	metastasis	Censored	165	755	Not Applicable	211	Elbow Skin	Paratracheal Lymph Node	78.43	nascentes_morimur_finisque_ab_origine_pendet
diagnosis	CDS-CASE-271027	CDS-DX-315610	e_causa_ignota	Trophoblastic neoplasms	Not reported	Arteriovenous Malformation	Sternum	63	G2	cM0 (i+)	N0 (mol+)	T2	9809/3	primary	Yes	733	643	Localized Disease	181	Carpal Bone	Femoral Nerve	80.64	nanos_gigantum_humeris_insidentes
diagnosis	CDS-CASE-297340	CDS-DX-576576	id_quod_plerumque_accidit	Lymphatic Vessel Tumors	Dead	Giant Cell Tumor Of Soft Parts, NOS	Epitrochlear	58	Not Reported	Unknown	N2	T2	8750/0	progression	Unknown	810	273	With Tumor	981	Ileum	Inner Canthus	340.71	damnant_quod_non_intellegunt
diagnosis	CDS-CASE-489725	CDS-DX-492095	sapiens_qui_prospicit	Soft Tissue Tumors and Sarcomas, NOS	Unspecified	Medulloblastoma	Intrathoracic	269	Not Applicable	cM0 (i+)	N1c	Tis (DCIS)	8335/3	progression	Not Allowed to Collect	138	556	Not Allowed To Collect	811	Frontal Bone	Celiac Artery	948.37	labor_ipse_voluptas
diagnosis	CDS-CASE-912165	CDS-DX-795163	haec_olim_meminisse_iuvabit	Not Otherwise Specified	Unknown	High Grade Carcinosarcoma	Leptomeningeal	879	G4	Not Reported	N2b	T2b	9716/3	recurrence	No	78	149	Not Applicable	94	Occipital Lobe	Submandibular Lymph Node	529.73	imperium_in_imperio
diagnosis	CDS-CASE-299889	CDS-DX-616010	pace_tua	Transitional Cell Papillomas and Carcinomas	Alive	Myxopapillary Ependymoma (CNS WHO Grade II)	Sacrum	746	Low Grade	M0	N1bIII	T3b	9662/3	remission	No	869	114	Not Applicable	44	Lobule of the Auricle	Musculus Latissimus Dorsi	186.3	damnant_quod_non_intellegunt
diagnosis	CDS-CASE-551429	CDS-DX-491285	barba_crescit_caput_nescit	Meningiomas	Not reported	Meningioma, NOS, Embryonal Tumor With Multilayered Rosettes, NOS, Other CNS Embryonal Tumors	Nasal Septum	317	GX	cM0 (i+)	N0 (i-)	T4a	8990/0	remission	Unknown	165	708	Localized Disease	53	Median Nerve	Hepatic	935.38	barba_crescit_caput_nescit
diagnosis	CDS-CASE-380565	CDS-DX-715450	scientia_imperii_decus_et_tutamen	Odontogenic Tumors	Not reported	Mast Cell Leukemia	Oculus Dexter (Right Eye)	98	GX	M0	N1a	T5	9701/3	recurrence	Not Reported	128	669	With Tumor	646	Mammary Gland	Base of the Tongue	132.64	cacatum_non_est_pictum
diagnosis	CDS-CASE-329640	CDS-DX-852578	Macte_animo_Generose_puer_sic_itur_ad_astra	Neuroepitheliomatous Neoplasms	Not reported	Adrenal Cortical Adenoma, NOS	Clavicle	242	G4	M1b	N1c	T2a2	8682/1	primary	Not Reported	394	642	Biochemical evidence of disease without structural correlate	525	Pelvic Lymph Node	Neck Skin	653.02	labor_ipse_voluptas
diagnosis	CDS-CASE-498519	CDS-DX-346693	pace_tua	Neoplasms, NOS	Unknown	Mixed Epithelioid And Spindle Cell Melanoma	Choroid	704	GB	M1	N1bIV	Tis (DCIS)	8726/0	remission	Unknown	35	463	Localized Disease	282	Lower Lobe of the Lung	Skin of the Lip	580.93	saltus_in_demonstrando
diagnosis	CDS-CASE-199139	CDS-DX-247667	id_quod_plerumque_accidit	Lymphatic Vessel Tumors	Not reported	Pilocytic Astrocytoma, WHO Grade 1	Thyroid and Parathyroid	931	GB	M1	N0 (i-)	T4	9582/0	primary	Unknown	181	186	Not Applicable	183	Sciatic Nerve	Reticuloendothelial System	436.28	scientia_et_labor
diagnosis	CDS-CASE-689211	CDS-DX-817333	faber_est_suae_quisque_fortunae	Unknown	Not reported	Intraductal Papillary Mucinous Neoplasm With An Associated Invasive Carcinoma	Ureter	404	G3	M1c	N0 (i+)	T1a1	8825/3	remission	Yes	424	201	Not Reported	492	Body of the Pancreas	Bronchus	741.54	scientia_imperii_decus_et_tutamen
diagnosis	CDS-CASE-752982	CDS-DX-177204	salus_in_arduis	Osseous and Chondromatous Neoplasms	Dead	Marginal Zone B-Cell Lymphoma, NOS	Parietal Bone	914	G1	M1c	N3c	T2a2	9490/3	recurrence	Not Allowed to Collect	629	279	Biochemical evidence of disease without structural correlate	484	Bartholin Gland	Posterior Wall of the Pharynx	612.33	id_quod_plerumque_accidit
diagnosis	CDS-CASE-485076	CDS-DX-169853	nanos_gigantum_humeris_insidentes	Transitional Cell Papillomas and Carcinomas	Unspecified	Acute Megakaryoblastic Leukemia	Cerebellum	665	Not Applicable	M1	N0 (mol-)	T4c	9401/3	primary	Censored	792	105	Distant Metastasis	20	Bronchus	Peritoneum	528.46	scientia,_aere_perennius
diagnosis	CDS-CASE-936837	CDS-DX-345704	scientiae_cedit_mare	Not Otherwise Specified	Unspecified	Lymphoepithelial Carcinoma	Penis	404	G1	MX	NX	T1mi	8141/3	recurrence	Not Reported	295	449	Not Reported	264	Body of the Pancreas	Larynx	262.68	cacatum_non_est_pictum
diagnosis	CDS-CASE-669928	CDS-DX-120116	scientia_et_sapientia	Neoplasms, NOS	Alive	Adenocarcinoma In Situ In Adenomatous Polyp	Temporal Cortex	464	G1	M1	NX	T3b	9440/6	recurrence	Yes	793	905	Not Allowed To Collect	42	Occipital Lobe	Pubic Bone	847.71	scientia_et_sapientia
diagnosis	CDS-CASE-610562	CDS-DX-695320	damnant_quod_non_intellegunt	Neuroepitheliomatous Neoplasms	Alive	B Lymphoblastic Leukemia/Lymphoma With T(9;22)(Q34;Q11.2); BCR-ABL1	Hypodermis	592	Intermediate Grade	M1c	N3c	T5	8836/1	primary	Unknown	204	927	Distant Metastasis	128	Pubic Symphysis	Sigmoid Colon	329.17	Obedientia_civium_urbis_felicitas
diagnosis	CDS-CASE-532530	CDS-DX-668770	id_quod_plerumque_accidit	Acinar Cell Neoplasms	Unspecified	Low Grade Fibromyxoid Sarcoma	Fallopian Tube	918	Not Reported	M1a	N3b	T4	8990/1	primary	Not Allowed to Collect	130	106	Biochemical evidence of disease without structural correlate	791	Tendon Sheath	Commissure of the Lip	12.6	nascentes_morimur_finisque_ab_origine_pendet
diagnosis	CDS-CASE-492643	CDS-DX-702179	nascentes_morimur_finisque_ab_origine_pendet	Adenomas and Adenocarcinomas	Dead	Rhabdomyosarcoma, Embryonal Subtype	Deep Facial Areas	587	G3	M0	N2b	Tis (Paget's)	9863/3	metastasis	Not Allowed to Collect	756	702	New Tumor Event	737	Esophagus	Submandibular Duct	232.79	Obedientia_civium_urbis_felicitas
diagnosis	CDS-CASE-970288	CDS-DX-618610	id_quod_plerumque_accidit	Immunoproliferative Diseases	Unspecified	Sertoli-Leydig Cell Tumor Of Intermediate Differentiation, NOS	Tibia	696	Low Grade	Unknown	N1c	T1b2	8854/0	no_disease	Not Allowed to Collect	311	51	New Tumor Event	221	Female Genitalia	Femur	670.47	Gallia_est_omnis_divisa_in_partes_tres
diagnosis	CDS-CASE-882999	CDS-DX-380624	pace_tua	Odontogenic Tumors	Unknown	Neoplasm, Malignant, Astrocytoma, IDH-Mutant, Low-Grade Glioma	Inguinal	323	G3	Unknown	N1	T3b	8051/0	progression	Not Applicable	790	771	Regional Disease	493	Skin of the Scalp and Neck	Skin of the Face	18.68	scientia_et_labor
diagnosis	CDS-CASE-833310	CDS-DX-546461	labor_ipse_voluptas	Thymic Epithelial Neoplasms	Unspecified	Residual Low Grade Neuroendocrine Tumor (Typical Carcinoid)	Mandible	503	G3	M1c	N1mi	Tis (LCIS)	9895/3	primary	Not Reported	533	797	Biochemical evidence of disease without structural correlate	822	Tail of the Pancreas	Bladder	170.59	saltus_in_demonstrando
diagnosis	CDS-CASE-690576	CDS-DX-809020	scientiae_et_patriae	Acinar Cell Neoplasms	Unspecified	Lung Adenocarcinoma, NOS	Bone Face	920	Not Reported	MX	N3a	T3b	9071/3	primary	Censored	595	691	Regional Disease	598	Head and Neck Lymph Node	Meniscus Medialis	280.1	sapiens_qui_prospicit
diagnosis	CDS-CASE-549675	CDS-DX-109131	Gallia_est_omnis_divisa_in_partes_tres	Unknown	Not reported	Carcinoma NOS	Oculus Sinister (Left Eye)	222	GX	M1	N1bIII	T4	9137/3	primary	Yes	397	120	Unknown	839	Tentorium Cerebelli	Bladder Trigone	714.42	nascentes_morimur_finisque_ab_origine_pendet
diagnosis	CDS-CASE-222534	CDS-DX-967635	pace_tua	Acinar Cell Neoplasms	Alive	Diffuse Large B-Cell Lymphoma, NOS	Colon	186	GB	M1	NX	T2c	9503/3	primary	No	859	526	With Tumor	869	Dome of the Bladder	Basal Ganglia	657.04	scientia_et_sapientia
diagnosis	CDS-CASE-683936	CDS-DX-570020	nascentes_morimur_finisque_ab_origine_pendet	Miscellaneous Tumors	Dead	Ganglioneuroblastoma, Nodular Type	Lymphatic Basin	478	G1	Unknown	N3a	T4	9945/3	primary	Yes	689	315	Not Applicable	545	Anus	Ampulla of Vater	41.84	haec_olim_meminisse_iuvabit
diagnosis	CDS-CASE-678608	CDS-DX-779703	imperium_in_imperio	Gliomas	Alive	Combined Small Cell-Large Carcinoma	Occipital Lobe	524	Not Applicable	MX	N2	T3a	9523/3	metastasis	Yes	123	469	Unknown	832	Obturator Nerve	Inferior Vena Cava	867.37	O_Tite_tute_Tati_tibi_tanta_tyranne_tulisti
diagnosis	CDS-CASE-421526	CDS-DX-788889	a_bene_placito	Plasma Cell Neoplasm	Alive	Ependymoma, NOS, Medulloblastoma, Medulloblastoma, Non-WNT/Non-SHH	Intraperitoneal	780	Intermediate Grade	Not Reported	N3c	T3	8480/0	recurrence	Not Applicable	874	837	Tumor Free	552	Skullcap	Femur	235.5	O_Tite_tute_Tati_tibi_tanta_tyranne_tulisti
diagnosis	CDS-CASE-271434	CDS-DX-985996	e_causa_ignota	Nerve Sheath Tumors	Unknown	Neoplasm, Metastatic	Salivary Gland	240	Intermediate Grade	M1a	N2c	T1a1	8726/0	metastasis	Not Applicable	641	531	Not Applicable	292	Skin of the Face	Oculomotor Nerve	226.88	scientia_imperii_decus_et_tutamen
diagnosis	CDS-CASE-708260	CDS-DX-418051	faber_est_suae_quisque_fortunae	Nerve Sheath Tumors	Unknown	Melanoma In Situ	Cutaneous	85	G1	M1b	N2a	T3d	8246/6	metastasis	Not Applicable	120	210	Not Allowed To Collect	984	Leg Skin	Intervertebral Disc	569.27	labor_ipse_voluptas
diagnosis	CDS-CASE-703064	CDS-DX-887222	saltus_in_demonstrando	Not Applicable	Unknown	Chronic Eosinophilic Leukemia	Parapharyngeal Area	670	G2	M1a	N1mi	T3a	8711/0	progression	Not Applicable	307	183	Not Applicable	555	False Vocal Cord	Isthmus Uteri	933.99	nascentes_morimur_finisque_ab_origine_pendet
diagnosis	CDS-CASE-155554	CDS-DX-437942	imperium_in_imperio	Thymic Epithelial Neoplasms	Dead	High Grade Spindle Cell Sarcoma	Lower Leg	984	G4	M1b	N3	Tis	9381/3	progression	Yes	297	398	Not Allowed To Collect	782	Minor Salivary Gland	Retroperitoneum	933.08	faber_est_suae_quisque_fortunae
diagnosis	CDS-CASE-341757	CDS-DX-833921	labor_ipse_voluptas	Not Applicable	Dead	Craniopharyngioma, NOS	Inguinal or Femoral Nodes	962	G1	M1c	N0 (i+)	Not Reported	9400/3	remission	Not Allowed to Collect	614	255	Localized Disease	419	Tentorium Cerebelli	Anterior Wall of the Nasopharynx	184.64	labor_ipse_voluptas
diagnosis	CDS-CASE-966985	CDS-DX-734988	damnant_quod_non_intellegunt	Nevi and Melanomas	Not reported	Neoplasm, Malignant, CNS Germ Cell Tumors, CNS Non-Germinomatous Germ Cell Tumor	Hand Phalanges	76	G2	M1c	Not Reported	T1a2	9663/3	remission	No	670	132	Not Allowed To Collect	518	Pubic Symphysis	Intrahepatic Bile Duct	679.88	scientia_imperii_decus_et_tutamen
diagnosis	CDS-CASE-548582	CDS-DX-443921	sapiens_qui_prospicit	Soft Tissue Tumors and Sarcomas, NOS	Alive	Dermoid Cyst	Splenic Hilar Nodes	404	G3	M1	N0 (i+)	Not Reported	8380/0	metastasis	No	264	674	Not Applicable	550	Fascia	Esophagus	14.85	labor_ipse_voluptas
diagnosis	CDS-CASE-685965	CDS-DX-582652	scientia_imperii_decus_et_tutamen	Trophoblastic neoplasms	Alive	Adamantinomatous Craniopharyngioma (CNS WHO Grade 1)	Zygomatic Bone	92	GB	Unknown	N1bIII	T2a	9673/3	recurrence	Unknown	113	576	Localized Disease	175	C2 Vertebra	Parametrium	24.59	scientia_et_sapientia
diagnosis	CDS-CASE-555406	CDS-DX-314183	cacatum_non_est_pictum	Not Otherwise Specified	Unspecified	Glioma, Histologically Low Grade	Parathyroid	439	Not Applicable	M0	N3c	T2	9442/3	progression	No	889	28	Localized Disease	138	Adipose Tissue	Psoas Muscle	437.81	Macte_animo_Generose_puer_sic_itur_ad_astra
diagnosis	CDS-CASE-973829	CDS-DX-366375	salus_in_arduis	Mesothelial Neoplasms	Unspecified	Bronchio-Alveolar Carcinoma, Mucinous	Larynx	94	Intermediate Grade	M1	N4	Tis (Paget's)	8161/0	remission	Not Allowed to Collect	144	248	Biochemical evidence of disease without structural correlate	49	External Ear	Retroperitoneum	486.0	Gallia_est_omnis_divisa_in_partes_tres
diagnosis	CDS-CASE-332466	CDS-DX-534298	Obedientia_civium_urbis_felicitas	Miscellaneous Tumors	Unspecified	Sarcoma, NOS	Metatarsals	665	Unknown	M1a	N2c	T4c	8370/3	remission	Not Applicable	584	880	Regional Disease	793	Sympathetic Nervous System	Cerebral Peduncle	518.55	scientiae_cedit_mare
diagnosis	CDS-CASE-965965	CDS-DX-225872	labor_ipse_voluptas	Lymphatic Vessel Tumors	Unknown	Teratocarcinoma	Lower Leg	139	Intermediate Grade	M1	N0	T1b2	8053/0	progression	Censored	445	489	Regional Disease	206	Mediastinal Lymph Node	Paratracheal Lymph Node	649.27	scientia_imperii_decus_et_tutamen
diagnosis	CDS-CASE-352522	CDS-DX-972313	scientia_et_labor	Adnexal and Skin Appendage Neoplasms	Dead	Malignant Epithelioid And Myxoid Neoplasm	Thalamus	448	G2	M1c	N3a	T1b1	9833/3	recurrence	Not Allowed to Collect	304	292	Biochemical evidence of disease without structural correlate	157	Scalene Lymph Node	Optic Nerve	239.56	scientia,_aere_perennius
diagnosis	CDS-CASE-870962	CDS-DX-555617	e_causa_ignota	Nerve Sheath Tumors	Unspecified	Glioma, Malignant, Diffuse Midline Glioma, H3 K27-Altered, High-Grade Glioma	Penis	550	Unknown	M1b	N1bII	Not Reported	8370/1	progression	Not Applicable	223	613	Not Reported	734	Maxilla	Body of Stomach	785.9	a_bene_placito
diagnosis	CDS-CASE-721817	CDS-DX-112856	a_bene_placito	Germ Cell Neoplasms	Unknown	Papillary Serous Adenocarcinoma	Anus	927	G1	M1	N0 (i-)	T1b2	9502/0	recurrence	Yes	210	240	Not Applicable	384	Tarsal Bone	Meniscus Medialis	693.0	cacatum_non_est_pictum
diagnosis	CDS-CASE-114013	CDS-DX-921761	scientia_et_labor	Germ Cell Neoplasms	Not reported	Neoplasm, Malignant, CNS Embryonal Tumor, NOS Or NEC, Other CNS Embryonal Tumors	Frontal Lobe	458	Low Grade	M1	N0 (mol+)	T1a	9380/3	remission	Censored	253	805	Localized Disease	837	Coracobrachialis	Nasal Septum	660.21	Macte_animo_Generose_puer_sic_itur_ad_astra
diagnosis	CDS-CASE-451604	CDS-DX-565444	nascentes_morimur_finisque_ab_origine_pendet	Paragangliomas and Glomus Tumors	Not reported	Supratentorial Ependymoma CNS WHO Grade 3	Parietal Bone	605	Not Applicable	M1a	N2a	T2a1	9200/0	no_disease	Yes	619	80	Tumor Free	839	Vagus Nerve	Optic Chiasm	293.29	Obedientia_civium_urbis_felicitas
diagnosis	CDS-CASE-228118	CDS-DX-930766	scientiae_cedit_mare	Not Applicable	Unknown	Atypical Teratoid Rhabdoid Tumor, CNS WHO Grade 4	Central Nervous System	376	G1	M1c	N3a	T2b	8091/3	primary	Not Reported	459	75	With Tumor	943	Cheek	Preauricular Lymph Node	42.29	sapiens_qui_prospicit
diagnosis	CDS-CASE-138144	CDS-DX-918175	haec_olim_meminisse_iuvabit	Granular Cell Tumors and Alveolar Soft Part Sarcomas	Unspecified	Central Primitive Neuroectodermal Tumor	Superior Maxilla	710	G4	M1	N1b	T1	8471/1	remission	Not Allowed to Collect	785	407	Tumor Free	492	Ciliary Body	Mentum	214.71	saltus_in_demonstrando
diagnosis	CDS-CASE-916110	CDS-DX-438367	e_causa_ignota	Synovial-like Neoplasms	Unknown	Meningothelial Meningioma	Meninges	951	G2	M0	N2b	T1c	8240/1	progression	Censored	918	526	Biochemical evidence of disease without structural correlate	233	Epicardium	Retroperitoneal Lymph Node	830.03	e_causa_ignota
diagnosis	CDS-CASE-746581	CDS-DX-197846	e_causa_ignota	Transitional Cell Papillomas and Carcinomas	Unknown	Neuroendocrine Tumor, NOS	Abdomen	886	Not Reported	M1c	N1a	T4e	9876/3	no_disease	Censored	820	697	Not Reported	608	Cecum	Gluteus Maximus	498.88	Gallia_est_omnis_divisa_in_partes_tres
diagnosis	CDS-CASE-788815	CDS-DX-250475	a_bene_placito	Meningiomas	Not reported	Adult Granulosa Cell Tumor Of Testis	Skull and Face Bone	498	GB	cM0 (i+)	N1	T2c	8130/2	remission	Unknown	580	208	Unknown	41	Arm Skin	Thoracic Duct	957.86	cacatum_non_est_pictum
diagnosis	CDS-CASE-582048	CDS-DX-900941	pace_tua	Germ Cell Neoplasms	Dead	Small Cell Carcinoma, NOS	Temporal Cortex	15	G4	MX	N2b	T2d	8600/0	remission	Not Allowed to Collect	107	1000	Biochemical evidence of disease without structural correlate	421	Upper Extremity	Sella Turcica	258.01	salus_in_arduis
diagnosis	CDS-CASE-622225	CDS-DX-658163	Macte_animo_Generose_puer_sic_itur_ad_astra	Gliomas	Dead	Epithelioid Cell Melanoma	Pons Varolii	936	G3	M1a	N1bIV	T2	8053/0	no_disease	Censored	385	444	Not Reported	89	Radial Artery	Meibomian Gland	72.91	salus_in_arduis
diagnosis	CDS-CASE-278766	CDS-DX-869804	damnant_quod_non_intellegunt	Acinar Cell Neoplasms	Unknown	CNS Embryonal Tumor With Rhabdoid Features	Foot Bone	981	G2	M1	Not Reported	T2	8520/2	no_disease	Not Reported	714	539	Not Reported	53	Foot	Ankle Joint	990.48	salus_in_arduis
diagnosis	CDS-CASE-973257	CDS-DX-456665	labor_ipse_voluptas	Fibroepithelial Neoplasms	Unspecified	Meningioma, NOS	Fallopian Tube	360	G4	cM0 (i+)	Not Reported	Tis (Paget's)	8959/0	recurrence	Not Reported	253	30	Tumor Free	658	Glottis	Preauricular Lymph Node	999.11	saltus_in_demonstrando
diagnosis	CDS-CASE-476672	CDS-DX-139900	pace_tua	Paragangliomas and Glomus Tumors	Not reported	Undifferentiated Sarcoma	Chest	674	Intermediate Grade	M1	N0 (i+)	T2d	8401/0	recurrence	Not Reported	80	323	With Tumor	545	Hand Phalanx	Quadriceps Muscle of the Thigh	781.21	scientia_et_labor
diagnosis	CDS-CASE-778690	CDS-DX-632754	id_quod_plerumque_accidit	Leukemias	Not reported	Plasmacytoma, Extramedullary	Thyroid and Parathyroid	414	Intermediate Grade	M1a	Not Reported	T3c	8150/1	progression	Not Applicable	863	662	Distant Metastasis	792	Cervical Lymph Node	Jaw Joint	525.32	labor_ipse_voluptas
diagnosis	CDS-CASE-743583	CDS-DX-152252	Gallia_est_omnis_divisa_in_partes_tres	Not Otherwise Specified	Alive	Parosteal Osteosarcoma	Iliac Crest	205	Not Reported	M1a	N0 (mol+)	T2a	8263/0	remission	Censored	761	457	Localized Disease	794	Mesonephric Duct	Bladder Neck	991.22	scientia_imperii_decus_et_tutamen
diagnosis	CDS-CASE-523815	CDS-DX-567547	O_Tite_tute_Tati_tibi_tanta_tyranne_tulisti	Fibroepithelial Neoplasms	Alive	Large Cell Medulloblastoma, Medulloblastoma, Medulloblastoma, Non-WNT/Non-SHH	Tibia	309	Not Applicable	M1c	N2	T4a	8471/3	metastasis	Censored	783	653	Distant Metastasis	431	External Acoustic Meatus	Brain Dura Mater	747.34	Macte_animo_Generose_puer_sic_itur_ad_astra
diagnosis	CDS-CASE-346989	CDS-DX-374076	scientiae_cedit_mare	Nerve Sheath Tumors	Unknown	Ganglioneuroma	Foot Bone	741	G3	M1a	N0 (mol-)	T1a	9550/0	metastasis	Not Applicable	940	167	With Tumor	209	Middle Ear	Maxilla	437.16	damnant_quod_non_intellegunt
diagnosis	CDS-CASE-378395	CDS-DX-540445	scientiae_et_patriae	Nevi and Melanomas	Unknown	Ameloblastic Carcinosarcoma	Lumbar Spine	415	Intermediate Grade	cM0 (i+)	N3a	T1mi	8522/3	no_disease	Censored	911	451	With Tumor	492	Colon	Intrathoracic Lymph Node	304.19	cacatum_non_est_pictum
diagnosis	CDS-CASE-288426	CDS-DX-837523	scientia_imperii_decus_et_tutamen	Adnexal and Skin Appendage Neoplasms	Not reported	Astrocytic Glioma, Histologically Low-Grade, Most Compatible With Pilocytic Astrocytoma	Lymph Node	933	G3	M0	N1c	T5	8453/2	remission	Not Reported	494	373	Unknown	619	External Ear	Parietal Bone	992.13	id_quod_plerumque_accidit
diagnosis	CDS-CASE-828969	CDS-DX-944822	cacatum_non_est_pictum	Giant Cell Tumors	Dead	Central Neurocytoma, Glioneuronal And Neuronal Tumors	Cheek	967	High Grade	MX	N3	Unknown	8806/3	metastasis	Not Applicable	85	236	Distant Metastasis	350	Lingula of the Lung	Bladder	734.72	salus_in_arduis
diagnosis	CDS-CASE-759871	CDS-DX-169545	labor_ipse_voluptas	Plasma Cell Neoplasm	Dead	Therapy Related Myeloid Neoplasm	Ethmoid Bone	870	High Grade	Unknown	N2	T5	9664/3	primary	Not Allowed to Collect	782	798	Not Reported	636	Antecubital Region	Choroid Plexus of the Fourth Ventricle	56.32	imperium_in_imperio
diagnosis	CDS-CASE-651136	CDS-DX-123320	id_quod_plerumque_accidit	Myelodysplastic Syndromes	Alive	Undiagnosed Spindle Cell Tumor	Scapula/Clavicle	309	GX	M1b	N1c	T4c	9445/3	progression	Censored	380	994	Biochemical evidence of disease without structural correlate	148	Fibula	Scapula	660.67	labor_ipse_voluptas
diagnosis	CDS-CASE-809909	CDS-DX-182000	pace_tua	Trophoblastic neoplasms	Not reported	Embryonal Tumor With Multi-Layered Rosettes	Calcaneum	599	G1	MX	N3c	T4d	8407/3	metastasis	Yes	362	843	Not Applicable	304	Skin Of The Axilla	Tendon Sheath	950.2	Obedientia_civium_urbis_felicitas
diagnosis	CDS-CASE-993365	CDS-DX-546865	id_quod_plerumque_accidit	Germ Cell Neoplasms	Not reported	Solitary Fibrous Tumor, NOS	Epididymis	986	Unknown	cM0 (i+)	N4	T1b2	8836/1	progression	Censored	548	199	Unknown	174	Patella	Large Intestine	556.36	saltus_in_demonstrando
diagnosis	CDS-CASE-367945	CDS-DX-300995	scientiae_cedit_mare	Neuroepitheliomatous Neoplasms	Dead	Differentiating Neuroblastoma	Heart	442	Not Reported	Not Reported	Unknown	T2	8800/3	primary	Yes	962	715	Not Applicable	691	Urethra	Mucosa of the Lower Lip	118.11	cacatum_non_est_pictum
diagnosis	CDS-CASE-307856	CDS-DX-719700	faber_est_suae_quisque_fortunae	Myomatous Neoplasms	Dead	Pancreas-Adenosquamous Carcinoma	Nasopharynx	566	High Grade	M1b	N0	Tis (LCIS)	9662/3	metastasis	Censored	136	444	Unknown	175	Sigmoid Colon	Gastrocnemius Muscle	815.66	nascentes_morimur_finisque_ab_origine_pendet
diagnosis	CDS-CASE-882406	CDS-DX-599606	scientiae_cedit_mare	Not Otherwise Specified	Unknown	High Grade Malignant Epithelioid Neoplasm	Thigh	820	Low Grade	M1b	N1mi	T3a	8200/0	metastasis	Censored	483	665	Not Applicable	815	Vermis	Sacral Plexus	189.0	nascentes_morimur_finisque_ab_origine_pendet
diagnosis	CDS-CASE-661104	CDS-DX-579749	faber_est_suae_quisque_fortunae	Ductal and Lobular Neoplasms	Dead	Neoplasm, Malignant, Diffuse Midline Glioma, H3 K27-Altered, High-Grade Glioma	Coccyx	52	GX	cM0 (i+)	N2c	T4b	8213/0	remission	Not Reported	682	453	Tumor Free	522	Internal Mammary Lymph Node	Quadriceps Muscle of the Thigh	698.65	barba_crescit_caput_nescit
diagnosis	CDS-CASE-902974	CDS-DX-990672	Gallia_est_omnis_divisa_in_partes_tres	Granular Cell Tumors and Alveolar Soft Part Sarcomas	Alive	Glioma, Histologically Low Grade	Infraclavicular Nodes	519	GX	cM0 (i+)	N1	T4a	9110/3	remission	Not Allowed to Collect	542	711	Not Allowed To Collect	382	Head Skin	Wrist Joint	713.05	salus_in_arduis
diagnosis	CDS-CASE-429102	CDS-DX-798781	damnant_quod_non_intellegunt	Lipomatous Neoplasms	Alive	Combined Small Cell-Adenocarcinoma	Mediastinum	122	Low Grade	MX	N1mi	T4	8401/3	progression	Censored	454	918	With Tumor	402	Brachial Lymph Node	Cranial Nerve	556.97	nascentes_morimur_finisque_ab_origine_pendet
diagnosis	CDS-CASE-607219	CDS-DX-134546	pace_tua	Not Otherwise Specified	Dead	Neoplasm, Uncertain Whether Benign Or Malignant, Diffuse Pediatric-Type High-Grade Glioma, H3-Wildtype And IDH-Wildtype, High-Grade Glioma	Temporal Lobe	499	Not Reported	MX	N1mi	T1c	9432/1	no_disease	Unknown	192	940	New Tumor Event	121	Internal Iliac Lymph Node	Ileocecal Valve	988.63	barba_crescit_caput_nescit
diagnosis	CDS-CASE-396068	CDS-DX-745663	sapiens_qui_prospicit	Not Otherwise Specified	Alive	Pilocytic Astrocytoma, Low-Grade Glioma, Low-Grade Glioma, NOS Or NEC	Ureter	16	GB	M1b	NX	T1a	8020/3	recurrence	Not Applicable	134	923	Not Applicable	124	Triceps Brachii	Scapula	809.83	id_quod_plerumque_accidit
diagnosis	CDS-CASE-268270	CDS-DX-859836	nanos_gigantum_humeris_insidentes	Lymphatic Vessel Tumors	Unspecified	Medulloblastoma, Nodular/Desmoplastic With Anaplastic/Large Cell Features, Non-WNT/Non-SHH; WHO Grade 4	Femur	713	Unknown	M1	N3a	T1	8077/0	metastasis	Not Reported	751	63	Tumor Free	485	Posterior Wall of the Bladder	Mediastinal Lymph Node	282.81	cacatum_non_est_pictum
diagnosis	CDS-CASE-422435	CDS-DX-793696	Macte_animo_Generose_puer_sic_itur_ad_astra	Cystic, Mucinous and Serous Neoplasms	Dead	Clear Cell Adenocarcinoma, NOS	Thyroid	683	Low Grade	cM0 (i+)	N2	T2c	9985/3	remission	No	845	577	Not Allowed To Collect	981	Hepatic Lymph Node	Iliopsoas Muscle	717.83	scientia_et_sapientia
diagnosis	CDS-CASE-266043	CDS-DX-317501	Gallia_est_omnis_divisa_in_partes_tres	Myelodysplastic Syndromes	Unspecified	Synovial Sarcoma, Biphasic	Omentum	292	GB	cM0 (i+)	N3c	T3	9678/3	primary	Not Applicable	249	95	Not Allowed To Collect	128	C1 Vertebra	Mentum	480.46	sapiens_qui_prospicit
diagnosis	CDS-CASE-821468	CDS-DX-829052	salus_in_arduis	Miscellaneous Bone Tumors	Not reported	Diffuse Midline Glioma, H3K27M-Mutant, CNS WHO Grade 4	Occipital Lobe	965	Intermediate Grade	M1b	N3a	T1b1	9101/3	remission	Not Allowed to Collect	137	596	Biochemical evidence of disease without structural correlate	397	Bartholin Gland	Renal Artery	97.05	labor_ipse_voluptas
diagnosis	CDS-CASE-747462	CDS-DX-460112	id_quod_plerumque_accidit	Mast Cell Neoplasm	Alive	Squamous Cell Carcinoma, Large Cell, Nonkeratinizing, NOS	Femur	825	Not Reported	M1b	N3	T5	9444/1	primary	No	454	166	Localized Disease	241	Eyebrow	Retina	833.23	barba_crescit_caput_nescit
diagnosis	CDS-CASE-292886	CDS-DX-147582	Obedientia_civium_urbis_felicitas	Mast Cell Neoplasm	Unknown	Medulloblastoma, Nodular/Desmoplastic With Anaplastic/Large Cell Features, Non-WNT/Non-SHH; WHO Grade 4	Mesenteric Nodes	806	Not Applicable	MX	N1bIV	T1b	8631/3	remission	No	823	697	Localized Disease	277	Intercostal Nerve	Posterior Mediastinum	721.62	a_bene_placito
diagnosis	CDS-CASE-130057	CDS-DX-428682	O_Tite_tute_Tati_tibi_tanta_tyranne_tulisti	Epithelial Neoplasms, NOS	Not reported	Secretory Carcinoma	Trachea	545	Not Applicable	M1a	N0	T3	8561/0	recurrence	Not Applicable	624	70	Not Reported	488	Spinal Cord Dura Mater	Masseter Muscle	483.99	damnant_quod_non_intellegunt
diagnosis	CDS-CASE-249345	CDS-DX-355534	scientia_et_labor	Plasma Cell Neoplasm	Dead	Glioma, Histologically Low Grade	Coccyx	867	G2	cM0 (i+)	N0 (i-)	T3b	8933/3	no_disease	Not Applicable	298	869	Regional Disease	661	Clitoris	Choroid Plexus of the Third Ventricle	404.67	O_Tite_tute_Tati_tibi_tanta_tyranne_tulisti
diagnosis	CDS-CASE-281661	CDS-DX-594347	scientia_et_sapientia	Myomatous Neoplasms	Not reported	B Lymphoblastic Leukemia/Lymphoma With T(12;21)(P13;Q22); TEL-AML1 (ETV6-RUNX1)	Bone Marrow	204	Not Applicable	cM0 (i+)	N1	T1b1	9728/3	progression	No	428	542	Biochemical evidence of disease without structural correlate	293	Coracobrachialis	Mesonephric Duct	703.94	e_causa_ignota
diagnosis	CDS-CASE-456910	CDS-DX-264949	cacatum_non_est_pictum	Adnexal and Skin Appendage Neoplasms	Alive	Neuroma, NOS	Temporal Lobe	894	G3	M0	N1c	T2a1	8504/3	primary	Yes	786	565	Unknown	178	Endometrial Stroma	Mesentery	719.62	scientia_et_sapientia
diagnosis	CDS-CASE-509930	CDS-DX-274368	haec_olim_meminisse_iuvabit	Mesothelial Neoplasms	Alive	Mixed Germ Cell Tumor, Myelodysplastic Syndrome With Excess Blasts	Cauda Equina Spinal Cord	693	Not Applicable	M1b	N0	T1b	9940/3	progression	Censored	663	829	Distant Metastasis	496	Connective Tissue	Corpus Uteri	15.97	labor_ipse_voluptas
diagnosis	CDS-CASE-239449	CDS-DX-526113	faber_est_suae_quisque_fortunae	Basal Cell Neoplasms	Unknown	Meningothelial Meningioma, Meningioma, Other	Knee Joint	210	GX	M1	N0 (i-)	T1b	8344/3	metastasis	Censored	200	498	Localized Disease	727	Brain	Diaphragm	410.09	scientia_et_labor
diagnosis	CDS-CASE-429192	CDS-DX-754569	Macte_animo_Generose_puer_sic_itur_ad_astra	Myxomatous Neoplasms	Alive	Ependymoma, NOS, Medulloblastoma, Medulloblastoma, Non-WNT/Non-SHH	Bone	420	Low Grade	M1a	Unknown	T1a	8076/3	primary	Censored	471	248	Unknown	398	Penis	Lower Third of the Esophagus	538.67	Obedientia_civium_urbis_felicitas
diagnosis	CDS-CASE-130878	CDS-DX-670038	scientia,_aere_perennius	Meningiomas	Not reported	Infiltrating ductular carcinoma	Viscera	857	Not Applicable	Unknown	N4	T3a	8440/3	remission	Not Reported	677	249	Unknown	513	Tracheobronchial Lymph Node	Leg Skin	365.54	scientia_imperii_decus_et_tutamen
diagnosis	CDS-CASE-715409	CDS-DX-893289	scientia_et_sapientia	Gliomas	Unknown	Infiltrating Ductal Carcinoma	Oral Cavity	31	Low Grade	Unknown	N1bIII	T1	9362/3	recurrence	Yes	171	716	Regional Disease	396	Aryepiglottic Fold	Obturator Lymph Node	384.64	scientia_et_labor
diagnosis	CDS-CASE-528896	CDS-DX-561789	a_bene_placito	Cystic, Mucinous and Serous Neoplasms	Dead	Primary Mediastinal (Thymic) Large B-Cell Lymphoma	Uterus	547	Not Reported	Unknown	N0 (i-)	T3a	8341/3	remission	Unknown	322	315	Tumor Free	862	Musculus Latissimus Dorsi	Choroid Plexus of the Fourth Ventricle	965.55	faber_est_suae_quisque_fortunae
diagnosis	CDS-CASE-502653	CDS-DX-159659	imperium_in_imperio	Fibromatous Neoplasms	Alive	Pleomorphic Rhabdomyosarcoma, Adult Type	Toe	841	Low Grade	M1	Not Reported	Tis (DCIS)	8311/1	recurrence	Not Applicable	544	439	Tumor Free	155	Nasal Turbinate	Splenic Hilar Lymph Node	431.24	barba_crescit_caput_nescit
diagnosis	CDS-CASE-603748	CDS-DX-965848	damnant_quod_non_intellegunt	Unknown	Not reported	Neuroendocrine Tumor, NOS	Buttock	257	G3	Unknown	N2b	Tis (Paget's)	8173/3	metastasis	Censored	903	124	Not Allowed To Collect	292	Vas Deferens	Rathke Pouch	254.13	scientia_et_labor
diagnosis	CDS-CASE-438511	CDS-DX-809548	faber_est_suae_quisque_fortunae	Mucoepidermoid Neoplasms	Unspecified	Medulloblastoma, NOS, Diffuse Hemispheric Glioma, H3 G34-Mutant, High-Grade Glioma	Small Intestine	464	GX	M0	N1bII	Tis (DCIS)	8160/3	progression	Not Applicable	423	705	Regional Disease	566	Prostatic Utricle	Iliopsoas Muscle	616.92	scientia_et_sapientia
diagnosis	CDS-CASE-573644	CDS-DX-979038	salus_in_arduis	Giant Cell Tumors	Unspecified	Nephroblastoma, NOS	Nasopharynx	99	Not Reported	cM0 (i+)	Unknown	T4a	8815/3	progression	No	213	998	Not Applicable	192	Iris	Gland of Littre	731.14	scientia_imperii_decus_et_tutamen
diagnosis	CDS-CASE-638388	CDS-DX-846147	a_bene_placito	Neuroepitheliomatous Neoplasms	Unknown	Chordoma	Other	357	High Grade	M1a	N0	T1mi	9395/3	progression	No	650	321	Unknown	562	C1 Vertebra	Gastrointestinal Tract	229.11	nascentes_morimur_finisque_ab_origine_pendet
diagnosis	CDS-CASE-427765	CDS-DX-248124	scientia_imperii_decus_et_tutamen	Complex Mixed and Stromal Neoplasms	Unknown	T Lymphoblastic Leukemia/Lymphoma	Skin	637	GB	MX	N1mi	T2a1	9100/1	no_disease	Censored	468	155	Unknown	128	Anterior Mediastinum	Nasal Cavity	961.63	Gallia_est_omnis_divisa_in_partes_tres
diagnosis	CDS-CASE-403333	CDS-DX-510696	scientia_et_labor	Neoplasms, NOS	Alive	Meningioma, Atypical, CNS WHO Grade 2	Thoracic Vertebra	95	G4	Unknown	N2c	Tis (Paget's)	8895/3	metastasis	Unknown	52	562	Distant Metastasis	148	Brain	Axillary Artery	443.11	scientia_imperii_decus_et_tutamen
diagnosis	CDS-CASE-115140	CDS-DX-656533	imperium_in_imperio	Adenomas and Adenocarcinomas	Not reported	Adenoma, NOS	Bone Marrow	516	Unknown	Unknown	NX	TX	8420/0	no_disease	Censored	463	133	With Tumor	728	Thyroglossal Duct	Axilla	465.48	faber_est_suae_quisque_fortunae
diagnosis	CDS-CASE-212596	CDS-DX-481496	faber_est_suae_quisque_fortunae	Mucoepidermoid Neoplasms	Unknown	Atypical Teratoid/Rhabdoid Tumor, ATRT-MYC	Buttock	712	Low Grade	Not Reported	N1bII	T2c	8400/0	primary	Not Applicable	102	673	Regional Disease	310	Skin of the Trunk	Metatarsal Bone	115.59	Obedientia_civium_urbis_felicitas
diagnosis	CDS-CASE-379997	CDS-DX-233005	pace_tua	Nerve Sheath Tumors	Not reported	Giant Cell Glioblastoma, Glioblastoma, IDH-Wildtype, High-Grade Glioma	Colon	926	GX	M1a	N1c	T3b	8073/3	metastasis	No	849	270	Not Applicable	359	Fascia	Abdominal Muscle	797.37	nascentes_morimur_finisque_ab_origine_pendet
diagnosis	CDS-CASE-439032	CDS-DX-889257	Gallia_est_omnis_divisa_in_partes_tres	Miscellaneous Tumors	Dead	Familial Adenomatous Polyposis	Leg	350	GB	MX	N0 (i+)	Tis	9061/3	recurrence	Not Reported	386	662	Not Reported	149	Thymus Gland	Synovial Bursa	885.18	scientiae_cedit_mare
diagnosis	CDS-CASE-413051	CDS-DX-916188	id_quod_plerumque_accidit	Meningiomas	Unknown	Neoplasm, Uncertain Whether Benign Or Malignant, Meningioma, Other	Mandible	685	G2	M1a	N0 (i+)	T0	9661/3	remission	Yes	446	397	Not Applicable	199	Spinal Cord Dura Mater	Toenail	361.2	O_Tite_tute_Tati_tibi_tanta_tyranne_tulisti
diagnosis	CDS-CASE-744677	CDS-DX-794354	Gallia_est_omnis_divisa_in_partes_tres	Miscellaneous Bone Tumors	Dead	Dysembryoplastic Neuroepithelial Tumor With Adjacent Cortical Dysplasia, WHO Grade 1	Brain/Leptomeninges	213	Not Reported	Not Reported	N1bIV	T1a	8505/0	progression	Not Reported	105	874	Unknown	762	Lower Extremity	Trochlear Nerve	363.23	salus_in_arduis
diagnosis	CDS-CASE-817482	CDS-DX-454754	haec_olim_meminisse_iuvabit	Unknown	Dead	Lymphoma, NOS	Lower Extremity	408	Intermediate Grade	M1b	Not Reported	T3b	9252/0	metastasis	Yes	629	904	Tumor Free	397	Toenail	Axillary Artery	228.7	imperium_in_imperio
diagnosis	CDS-CASE-856182	CDS-DX-677319	damnant_quod_non_intellegunt	Mast Cell Neoplasm	Unspecified	Astroblastoma, Astroblastoma, MN1-Altered, High-Grade Glioma	Toe	525	G3	Unknown	N0	T4e	8321/0	no_disease	Not Applicable	434	826	Unknown	788	Palate	Rectum	558.07	scientia_imperii_decus_et_tutamen
diagnosis	CDS-CASE-142228	CDS-DX-477235	Obedientia_civium_urbis_felicitas	Giant Cell Tumors	Dead	Central Osteosarcoma, NOS	Pleura	95	Not Applicable	Unknown	N3b	T3d	8149/0	recurrence	No	911	797	Localized Disease	478	Optic Nerve	Back	682.23	imperium_in_imperio
diagnosis	CDS-CASE-998143	CDS-DX-406949	O_Tite_tute_Tati_tibi_tanta_tyranne_tulisti	Miscellaneous Bone Tumors	Unspecified	Acute Monoblastic Leukemia	Bronchus	773	G1	M1c	N3a	T1b2	8175/3	progression	Unknown	214	13	Biochemical evidence of disease without structural correlate	744	Ulnar Artery	Hypopharynx	979.15	damnant_quod_non_intellegunt
diagnosis	CDS-CASE-981372	CDS-DX-994661	salus_in_arduis	Lymphatic Vessel Tumors	Alive	Atypical Teratoid/Rhabdoid Tumor, ATRT-TYR	Cervical Spine	434	Unknown	M1b	N3b	T2a	8973/3	no_disease	Not Reported	291	790	Tumor Free	697	Muscle	Anus	141.39	nascentes_morimur_finisque_ab_origine_pendet
diagnosis	CDS-CASE-218850	CDS-DX-591673	nascentes_morimur_finisque_ab_origine_pendet	Mast Cell Neoplasm	Not reported	Signet Ring Cell Carcinoma	Shoulder Joint	565	G2	Unknown	N1mi	T1c	9971/1	metastasis	No	914	366	Distant Metastasis	488	Pons Varolii	Skeletal Muscle Tissue	177.85	saltus_in_demonstrando
diagnosis	CDS-CASE-628178	CDS-DX-962639	scientia,_aere_perennius	Paragangliomas and Glomus Tumors	Dead	Chondrosarcoma, NOS	Pons Varolii	118	High Grade	M1b	NX	Tis (Paget's)	9173/0	progression	No	768	709	Not Reported	80	Sternocleidomastoid Muscle	Chest	815.43	salus_in_arduis
diagnosis	CDS-CASE-232057	CDS-DX-226367	Obedientia_civium_urbis_felicitas	Myxomatous Neoplasms	Alive	Ganglioneuroblastoma	Vagina	911	High Grade	M0	N2c	T3d	8143/3	recurrence	Not Applicable	623	228	Localized Disease	33	Lumbosacral Plexus	Mucosa of the Lower Lip	483.52	nascentes_morimur_finisque_ab_origine_pendet
diagnosis	CDS-CASE-458522	CDS-DX-654267	salus_in_arduis	Thymic Epithelial Neoplasms	Dead	Glioma, Malignant, Astrocytoma, IDH-Mutant, High-Grade Glioma	Cauda Equina Spinal Cord	471	G2	M1a	N1	T4b	9560/0	no_disease	Unknown	470	15	With Tumor	801	Pancreatic Lymph Node	Joint	770.23	barba_crescit_caput_nescit
diagnosis	CDS-CASE-825664	CDS-DX-978876	scientiae_cedit_mare	Adenomas and Adenocarcinomas	Unspecified	Germinoma, CNS Germ Cell Tumors, CNS Germinoma	Bronchus	349	GX	M1a	N1c	T2d	8670/0	remission	Not Allowed to Collect	187	700	Unknown	524	Eyelid	Posterior Wall of the Bladder	345.19	imperium_in_imperio
diagnosis	CDS-CASE-903211	CDS-DX-890984	cacatum_non_est_pictum	Epithelial Neoplasms, NOS	Unspecified	Acute Myeloid Leukemia With Myelodysplasia-Related Changes, Juvenile Myelomonocytic Leukemia, NOS	Deep Facial Areas	399	G4	cM0 (i+)	N3b	T1b1	9740/3	recurrence	No	173	255	Biochemical evidence of disease without structural correlate	544	Hand	Sympathetic Nervous System	846.3	e_causa_ignota
diagnosis	CDS-CASE-113476	CDS-DX-291537	scientia_et_labor	Unknown	Alive	High Grade Malignant Peripheral Nerve Sheath Tumor With Heterologous Rhabdomyoblastic Differentiation (Malignant Triton Tumor)	Cervical Nodes	258	High Grade	M1	N1bII	Ta	9945/3	metastasis	Censored	403	506	Regional Disease	756	Oral Cavity	Ulnar Nerve	652.65	Gallia_est_omnis_divisa_in_partes_tres
diagnosis	CDS-CASE-771999	CDS-DX-695883	haec_olim_meminisse_iuvabit	Neoplasms, NOS	Unspecified	Hemangioma, NOS	Chest Wall	42	G4	MX	N1bIV	T1mi	8586/3	metastasis	Censored	194	24	New Tumor Event	604	Duodenum	Internal Mammary Lymph Node	668.9	scientia_et_labor
diagnosis	CDS-CASE-719747	CDS-DX-882044	scientia_et_labor	Synovial-like Neoplasms	Unknown	Glioblastoma, IDH Wildtype	Cervical Nodes	59	G1	Not Reported	N2c	T2	8510/3	remission	Not Reported	271	448	New Tumor Event	776	Vertebral Column	Bladder Trigone	985.93	pace_tua
diagnosis	CDS-CASE-696778	CDS-DX-985558	nascentes_morimur_finisque_ab_origine_pendet	Synovial-like Neoplasms	Unspecified	Infantile Fibrosarcoma	Cerebellum	552	Intermediate Grade	cM0 (i+)	N3c	T3b	8586/3	recurrence	Not Reported	161	329	Distant Metastasis	807	Frontal Sinus	Lumbosacral Plexus	808.35	id_quod_plerumque_accidit
diagnosis	CDS-CASE-310659	CDS-DX-756884	nanos_gigantum_humeris_insidentes	Not Applicable	Not reported	Squamous Cell Carcinoma, Metastatic, NOS	Paraspinal	133	Intermediate Grade	M1b	N0	T2a2	8813/0	recurrence	No	545	268	Not Allowed To Collect	435	Nasopharynx	Glottis	142.47	Obedientia_civium_urbis_felicitas
diagnosis	CDS-CASE-279861	CDS-DX-148016	a_bene_placito	Acinar Cell Neoplasms	Dead	Therapy Related Myeloid Neoplasm	Anal/Perianal	169	G2	M1c	N4	T2d	8240/6	recurrence	Not Allowed to Collect	747	747	Distant Metastasis	22	Cardiac Ventricle	Skin of the Lip	817.81	saltus_in_demonstrando
diagnosis	CDS-CASE-616038	CDS-DX-772392	labor_ipse_voluptas	Giant Cell Tumors	Unknown	Metastatic Secondary Tumors	Liver/Biliary Tract	48	Low Grade	M1	N1b	T2	8800/6	metastasis	Unknown	137	583	Tumor Free	599	Tendon	Nasopharynx	459.68	Gallia_est_omnis_divisa_in_partes_tres
diagnosis	CDS-CASE-252737	CDS-DX-146585	haec_olim_meminisse_iuvabit	Not Applicable	Dead	Pigmented Dermatofibrosarcoma Protuberans	Lower Leg	259	Unknown	Unknown	N2b	T3a	8583/3	metastasis	Not Allowed to Collect	135	376	Localized Disease	133	Pectoralis Major	Brain Dura Mater	988.74	Macte_animo_Generose_puer_sic_itur_ad_astra
diagnosis	CDS-CASE-444593	CDS-DX-235536	saltus_in_demonstrando	Giant Cell Tumors	Alive	Medulloblastoma, Group 3 Subtype (WHO Grade 4)	Dorsal Spine	37	GB	cM0 (i+)	N1a	T5	8650/3	primary	Unknown	613	653	Localized Disease	608	External Upper Lip	Anterior Cranial Fossa	909.97	sapiens_qui_prospicit
diagnosis	CDS-CASE-389615	CDS-DX-484530	salus_in_arduis	Odontogenic Tumors	Unspecified	Neuroblastoma, Schwannian Stroma Poor, Poorly Differentiated, Low MKI, Favorable Histology	Gastrointestinal Tract	299	GB	MX	N2	T2a1	8575/3	no_disease	Not Reported	324	79	Biochemical evidence of disease without structural correlate	928	Hepatic Duct	Pectoralis Major	227.9	nanos_gigantum_humeris_insidentes
diagnosis	CDS-CASE-624561	CDS-DX-141547	scientia_imperii_decus_et_tutamen	Cystic, Mucinous and Serous Neoplasms	Unspecified	Clear Cell Sarcoma Of Kidney	Nasal Cavity	194	Low Grade	cM0 (i+)	N0 (mol-)	T2c	9664/3	progression	Not Applicable	231	88	Not Reported	270	Perineum	Skeletal Muscle Tissue	21.77	scientiae_et_patriae
diagnosis	CDS-CASE-878325	CDS-DX-548180	a_bene_placito	Trophoblastic neoplasms	Unspecified	Desmoplastic Nodular Medulloblastoma, Medulloblastoma, Medulloblastoma, SHH-Activated And TP53-Wildtype	Distant Lymph Nodes	891	G1	MX	N1b	Tis (LCIS)	8510/3	primary	Not Reported	956	452	Not Allowed To Collect	860	Foot Skin	Infraclavicular Region	108.32	scientiae_et_patriae
diagnosis	CDS-CASE-873645	CDS-DX-675642	barba_crescit_caput_nescit	Thymic Epithelial Neoplasms	Not reported	Sex Cord Stromal Tumor NOS	Meninges	914	G2	Unknown	N0 (i-)	T1b1	9702/3	progression	Yes	232	796	With Tumor	721	Connective Tissue	Femur	940.08	scientia_imperii_decus_et_tutamen
diagnosis	CDS-CASE-947999	CDS-DX-167188	pace_tua	Ductal and Lobular Neoplasms	Unspecified	Triple-Negative Breast Carcinoma	Vagina	241	G1	Not Reported	N4	T1mi	8991/3	metastasis	Not Applicable	355	755	Biochemical evidence of disease without structural correlate	495	Intercostal Nerve	Submandibular Duct	461.01	faber_est_suae_quisque_fortunae
diagnosis	CDS-CASE-472652	CDS-DX-609070	scientiae_cedit_mare	Giant Cell Tumors	Dead	Pheochromocytoma, NOS	Pre-auricular Nodes	887	Not Reported	M0	N3	T5	9765/1	metastasis	Yes	12	814	Not Applicable	340	Vocal Cord	Forehead	766.59	cacatum_non_est_pictum
diagnosis	CDS-CASE-374028	CDS-DX-309818	scientia,_aere_perennius	Trophoblastic neoplasms	Unknown	Mucous Adenocarcinoma	Occipital Cortex	944	Unknown	M1c	N3a	T0	9062/3	metastasis	Not Applicable	372	614	New Tumor Event	853	Ectocervix	Lymph Node of Inguinal Region or Leg	842.99	sapiens_qui_prospicit
diagnosis	CDS-CASE-999672	CDS-DX-611935	a_bene_placito	Mucoepidermoid Neoplasms	Dead	Sertoli-Leydig Cell Tumor, Poorly Differentiated	Parotid	564	G1	Not Reported	N2	T2a1	8246/3	recurrence	Not Reported	744	584	Unknown	277	Toenail	Hypoglossal Nerve	233.31	faber_est_suae_quisque_fortunae
diagnosis	CDS-CASE-614617	CDS-DX-682636	salus_in_arduis	Neuroepitheliomatous Neoplasms	Unspecified	Colorectal Carcinoma	Gallbladder	751	Low Grade	M1c	N3	T4d	9322/0	metastasis	Censored	901	689	Unknown	748	Femur	Body of the Pancreas	209.14	haec_olim_meminisse_iuvabit
diagnosis	CDS-CASE-339764	CDS-DX-715977	labor_ipse_voluptas	Meningiomas	Not reported	Meningioma, Atypical, CNS WHO Grade 2	Hand Joint	16	Intermediate Grade	MX	N3a	T1a2	8474/3	primary	Not Allowed to Collect	121	859	Not Reported	657	Palmar Fascia	Temporal Lobe	237.74	imperium_in_imperio
diagnosis	CDS-CASE-461333	CDS-DX-414879	Obedientia_civium_urbis_felicitas	Fibroepithelial Neoplasms	Not reported	Neoplasm, Malignant, Medulloblastoma, Medulloblastoma, NOS Or NEC	Ethmoid Bone	402	Low Grade	M1a	N2	TX	9756/3	no_disease	No	84	754	Not Allowed To Collect	790	Conjunctiva	Fundus of the Stomach	101.33	scientiae_et_patriae
diagnosis	CDS-CASE-483134	CDS-DX-554927	id_quod_plerumque_accidit	Complex Mixed and Stromal Neoplasms	Unspecified	Undifferentiated Nasopharyngeal Carcinoma	Ischium	145	Low Grade	Unknown	N2c	T1b1	9875/3	recurrence	Yes	568	342	Not Reported	494	Finger	Lower-Outer Quadrant of the Breast	296.8	scientia,_aere_perennius
diagnosis	CDS-CASE-991992	CDS-DX-662251	scientia_et_sapientia	Lymphatic Vessel Tumors	Not reported	Chronic Myeloid Leukemia, BCR-ABL1-Positive	Prostate	865	G4	MX	Not Reported	Tis (LCIS)	8150/0	no_disease	Yes	193	101	Localized Disease	389	Iliac Vein	Parasympathetic Nervous System	908.4	saltus_in_demonstrando
diagnosis	CDS-CASE-652721	CDS-DX-433226	saltus_in_demonstrando	Lipomatous Neoplasms	Unknown	T-Lymphoblastic Lymphoma	Calcaneum	486	Not Applicable	Unknown	N2c	T2a	9700/3	remission	Not Allowed to Collect	769	31	New Tumor Event	167	Craniopharyngeal Duct	Thigh	450.58	haec_olim_meminisse_iuvabit
diagnosis	CDS-CASE-384864	CDS-DX-801987	saltus_in_demonstrando	Giant Cell Tumors	Not reported	Liposarcoma, NOS	Abdominal Wall	477	G1	M1b	N3c	T4	9833/3	metastasis	No	497	347	New Tumor Event	668	Frontal Bone	Conjunctiva	864.64	scientia_et_labor
diagnosis	CDS-CASE-264049	CDS-DX-884801	Gallia_est_omnis_divisa_in_partes_tres	Complex Mixed and Stromal Neoplasms	Unspecified	Mixed Epithelioid And Spindle Cell Melanoma	Lower Arm	639	G2	M1a	N2c	Not Reported	9431/1	remission	Yes	659	221	Localized Disease	535	Aortocaval Lymph Node	Globus Pallidus	755.04	labor_ipse_voluptas
diagnosis	CDS-CASE-861399	CDS-DX-747394	scientia_imperii_decus_et_tutamen	Immunoproliferative Diseases	Unknown	Neoplasm, Uncertain Whether Benign Or Malignant, Medulloblastoma, Medulloblastoma, NOS Or NEC	Pons Varolii	94	Not Applicable	MX	N1	Tis (Paget's)	8083/3	remission	Unknown	231	364	Unknown	801	Glossopharyngeal Nerve	Small Intestine	580.38	e_causa_ignota
diagnosis	CDS-CASE-188708	CDS-DX-583392	scientia_et_labor	Miscellaneous Bone Tumors	Dead	Neoplasm, Uncertain Whether Benign Or Malignant, Diffuse Midline Glioma, H3 K27-Altered, High-Grade Glioma	Dorsal Spine	877	GX	M1	N1b	T1mi	8144/3	progression	No	228	982	With Tumor	434	Skin of the Trunk	Falx Cerebelli	768.56	scientia,_aere_perennius
diagnosis	CDS-CASE-603668	CDS-DX-953337	nascentes_morimur_finisque_ab_origine_pendet	Adenomas and Adenocarcinomas	Unspecified	Medulloblastoma, Nodular/Desmoplastic With Anaplastic/Large Cell Features, Non-WNT/Non-SHH; WHO Grade 4	Axillary Nodes	375	Not Applicable	Unknown	N2c	Not Reported	8770/3	progression	Censored	903	336	Biochemical evidence of disease without structural correlate	684	Uterine Ligament	Intercostal Nerve	265.18	scientia_imperii_decus_et_tutamen
diagnosis	CDS-CASE-640653	CDS-DX-948606	scientiae_et_patriae	Soft Tissue Tumors and Sarcomas, NOS	Not reported	Basal Cell Adenocarcinoma	Orbit	178	G2	Unknown	N3c	T3b	8060/0	primary	Not Reported	718	949	Distant Metastasis	518	Lateral Wall of the Oropharynx	Ureter	593.23	imperium_in_imperio
diagnosis	CDS-CASE-250209	CDS-DX-680837	scientia_imperii_decus_et_tutamen	Giant Cell Tumors	Dead	Embryonal Sarcoma	Oropharynx	555	High Grade	M1a	N3	T2c	9393/3	primary	Unknown	31	274	Not Reported	522	Small Intestine	Scrotum	525.66	pace_tua
diagnosis	CDS-CASE-699220	CDS-DX-185012	faber_est_suae_quisque_fortunae	Osseous and Chondromatous Neoplasms	Alive	Basaloid Squamous Cell Carcinoma	Nasopharynx	231	Not Applicable	cM0 (i+)	N0 (mol-)	T2	9521/3	progression	Unknown	319	876	New Tumor Event	219	Nasal Cartilage	Carpal Bone	213.86	Gallia_est_omnis_divisa_in_partes_tres
diagnosis	CDS-CASE-545181	CDS-DX-903960	saltus_in_demonstrando	Fibromatous Neoplasms	Unspecified	Astrocytoma, NOS, Low-Grade Glioma, Pilocytic Astrocytoma	Trachea	350	G1	Unknown	N3	Tis (DCIS)	8344/3	metastasis	Unknown	987	813	Tumor Free	564	Axillary Tail of the Breast	Ampulla of Vater	586.42	Macte_animo_Generose_puer_sic_itur_ad_astra
diagnosis	CDS-CASE-405877	CDS-DX-176682	a_bene_placito	Neuroepitheliomatous Neoplasms	Alive	Pilocytic Astrocytoma, Diffuse Leptomeningeal Glioneuronal Tumor, Glioneuronal And Neuronal Tumors	Splenic Hilar Nodes	551	High Grade	cM0 (i+)	N1b	T2c	8400/0	remission	Yes	155	560	Regional Disease	223	Costal Cartilage	Mediastinal Lymph Node	843.75	scientiae_et_patriae
diagnosis	CDS-CASE-963339	CDS-DX-177018	imperium_in_imperio	Nerve Sheath Tumors	Dead	Dysembryoplastic Neuroepithelial Tumor, Angiocentric Glioma, Low-Grade Glioma	Bladder/Prostate	866	G2	Not Reported	N0 (i-)	T2d	8971/3	recurrence	Not Applicable	496	11	Localized Disease	668	Head Skin	Tibia	497.88	scientiae_cedit_mare
diagnosis	CDS-CASE-114109	CDS-DX-440603	labor_ipse_voluptas	Granular Cell Tumors and Alveolar Soft Part Sarcomas	Alive	Pilocytic Astrocytoma, Low-Grade Glioma, Pleomorphic Xanthoastrocytoma	Maxilla	903	Not Reported	M1b	N2a	T2d	8960/1	metastasis	No	115	105	Unknown	986	Cerebral White Matter	Diaphragm	90.0	id_quod_plerumque_accidit
diagnosis	CDS-CASE-141564	CDS-DX-519760	faber_est_suae_quisque_fortunae	Leukemias	Unspecified	Malignant Epithelioid And Myxoid Neoplasm	Schlemm's Canal	711	Not Reported	M1	N0 (i-)	T1a1	9503/3	primary	Not Allowed to Collect	435	476	Localized Disease	560	Submandibular Lymph Node	Meniscus Medialis	196.58	scientiae_et_patriae
diagnosis	CDS-CASE-763044	CDS-DX-579626	damnant_quod_non_intellegunt	Miscellaneous Bone Tumors	Unspecified	Dermatofibrosarcoma Protuberans, NOS	Prostate	922	G3	Unknown	N0 (mol+)	T0	9352/1	recurrence	Yes	591	258	Not Applicable	602	Supraclavicular	Upper Gingiva	39.82	e_causa_ignota
diagnosis	CDS-CASE-116637	CDS-DX-887625	Obedientia_civium_urbis_felicitas	Acinar Cell Neoplasms	Dead	Neoplasm, Malignant, Low-Grade Glioma, Pilocytic Astrocytoma	Inguinal or Femoral Nodes	728	Intermediate Grade	Unknown	N0 (i-)	T2	8896/3	metastasis	No	592	973	Tumor Free	932	Skullcap	Gastroesophageal Junction	666.08	Gallia_est_omnis_divisa_in_partes_tres
diagnosis	CDS-CASE-154936	CDS-DX-766330	pace_tua	Squamous Cell Neoplasms	Unspecified	Embryonal Neoplasm With INI-1 Loss By Immunohistochemistry	Scapula/Clavicle	480	G3	cM0 (i+)	N1mi	T4d	8990/3	remission	Yes	834	179	Tumor Free	437	Intercostal Muscle	Nostril	274.56	labor_ipse_voluptas
diagnosis	CDS-CASE-661107	CDS-DX-938890	Gallia_est_omnis_divisa_in_partes_tres	Adnexal and Skin Appendage Neoplasms	Not reported	Low Grade Glioma	Ear - Lateral Skull Base and Nasopharynx	137	G2	M1b	N3b	T2a2	8722/3	no_disease	Not Applicable	845	68	Unknown	307	Ulnar Nerve	Gastrocnemius Muscle	963.04	scientia_imperii_decus_et_tutamen
diagnosis	CDS-CASE-441359	CDS-DX-316008	scientia,_aere_perennius	Fibroepithelial Neoplasms	Dead	Gangliocytoma, NOS	Unknown	475	G2	MX	N0 (i+)	T2	8400/1	recurrence	Yes	442	72	Distant Metastasis	871	Carotid Body	Body of the Penis	357.9	O_Tite_tute_Tati_tibi_tanta_tyranne_tulisti
diagnosis	CDS-CASE-239347	CDS-DX-189600	Gallia_est_omnis_divisa_in_partes_tres	Plasma Cell Neoplasm	Alive	Glioma, Malignant, Low-Grade Glioma, Polymorphous Low-Grade Neuroepithelial Tumor Of The Young	Ischium	541	G2	cM0 (i+)	NX	T2d	8461/3	primary	Not Applicable	442	870	With Tumor	104	Nasopharynx	Intercostal Nerve	427.65	haec_olim_meminisse_iuvabit
diagnosis	CDS-CASE-253971	CDS-DX-908536	scientia_et_sapientia	Nevi and Melanomas	Not reported	Ameloblastic Carcinosarcoma	Cervix	996	G3	M1c	N1bI	T1b1	8640/3	remission	Not Allowed to Collect	321	113	With Tumor	208	Uterine Ligament	Intrathoracic Lymph Node	165.26	saltus_in_demonstrando
diagnosis	CDS-CASE-781651	CDS-DX-544737	faber_est_suae_quisque_fortunae	Not Otherwise Specified	Unspecified	Juvenile Myelomonocytic Leukemia, NOS	Eyelid	308	G3	M1c	Unknown	T2b	9562/0	primary	No	395	667	Localized Disease	343	Male Genitalia	Corpus Striatum	835.93	e_causa_ignota
diagnosis	CDS-CASE-508573	CDS-DX-821003	faber_est_suae_quisque_fortunae	Adnexal and Skin Appendage Neoplasms	Unknown	Astroblastoma	Heart	197	G2	MX	N2	T2a2	9341/1	primary	Not Applicable	865	973	Localized Disease	632	Nerve	Hepatic	100.9	salus_in_arduis
diagnosis	CDS-CASE-988511	CDS-DX-968866	scientia_et_sapientia	Fibroepithelial Neoplasms	Not reported	Lobular And Ductal Carcinoma	Fibula	126	G2	M1	N1bI	T0	8252/3	remission	Not Allowed to Collect	408	993	Distant Metastasis	205	Bronchial Lymph Node	Undescended Testes	450.5	imperium_in_imperio
diagnosis	CDS-CASE-881063	CDS-DX-513676	e_causa_ignota	Lipomatous Neoplasms	Dead	Low Grade Fibromyxoid Sarcoma	Hand Phalanges	546	Not Reported	M1c	N1bIV	Not Reported	9290/0	no_disease	No	991	945	Tumor Free	915	Pelvic Lymph Node	Pectoral Lymph Node	602.62	e_causa_ignota
diagnosis	CDS-CASE-273345	CDS-DX-153020	nanos_gigantum_humeris_insidentes	Ductal and Lobular Neoplasms	Alive	Chronic Myelogenous Leukemia, BCR/ABL Positive	Brain	791	G2	cM0 (i+)	N1b	T4	9737/3	primary	Censored	944	976	Not Applicable	549	Mesenteric Lymph Node	Tonsillar Pillar	402.38	imperium_in_imperio
diagnosis	CDS-CASE-251620	CDS-DX-538550	Obedientia_civium_urbis_felicitas	Basal Cell Neoplasms	Unspecified	Dysembryoplastic Neuroepithelial Tumor, Low-Grade Glioma, Polymorphous Low-Grade Neuroepithelial Tumor Of The Young	Face	836	G2	MX	N1bIII	Tis (DCIS)	9561/3	no_disease	Not Allowed to Collect	16	483	Distant Metastasis	289	Transverse Colon	Calcaneum	205.06	Macte_animo_Generose_puer_sic_itur_ad_astra
diagnosis	CDS-CASE-189920	CDS-DX-778431	scientia_et_sapientia	Leukemias	Not reported	Desmoplastic Nodular Medulloblastoma, Medulloblastoma, Medulloblastoma, Group 4	Ulna	482	Not Reported	M0	N2	T2d	9699/3	metastasis	Not Applicable	52	402	Tumor Free	214	Carpal Bone	Epididymis	691.34	Gallia_est_omnis_divisa_in_partes_tres
diagnosis	CDS-CASE-202072	CDS-DX-840949	labor_ipse_voluptas	Not Otherwise Specified	Unspecified	Clear Cell Sarcoma Of Kidney	Head and Neck	225	GX	M1a	N2a	T1a1	9250/3	progression	Unknown	970	391	Distant Metastasis	258	Iliac Vein	Trapezius Muscle	592.67	O_Tite_tute_Tati_tibi_tanta_tyranne_tulisti
diagnosis	CDS-CASE-856942	CDS-DX-534829	barba_crescit_caput_nescit	Leukemias	Unspecified	Synovial Sarcoma, Spindle Cell	Optic Nerve	263	G4	M1a	N3	T1c	8890/3	primary	Unknown	304	193	Tumor Free	614	Hand	Tendon Sheath	512.74	imperium_in_imperio
diagnosis	CDS-CASE-104012	CDS-DX-601489	salus_in_arduis	Mast Cell Neoplasm	Unspecified	Signet Ring Cell Carcinoma	Nasal Septum	857	Low Grade	M1a	N1bIV	T2a2	8251/3	metastasis	Yes	270	801	Biochemical evidence of disease without structural correlate	974	Inguinal Region	Renal Pelvis	590.0	nanos_gigantum_humeris_insidentes
diagnosis	CDS-CASE-237218	CDS-DX-743033	pace_tua	Granular Cell Tumors and Alveolar Soft Part Sarcomas	Dead	Olfactory Neurocytoma	Cheek	462	High Grade	cM0 (i+)	N1bI	T0	9252/0	metastasis	Unknown	456	626	Localized Disease	76	Maxillary Sinus	Ear	71.98	scientiae_cedit_mare
diagnosis	CDS-CASE-888511	CDS-DX-618516	scientiae_cedit_mare	Immunoproliferative Diseases	Unknown	Acute Myeloid Leukemia, NOS	Penis	766	GB	M0	Unknown	T1b2	8044/3	remission	Not Applicable	390	716	Tumor Free	503	Axillary Artery	Preauricular Lymph Node	500.94	sapiens_qui_prospicit
diagnosis	CDS-CASE-843003	CDS-DX-218659	a_bene_placito	Lipomatous Neoplasms	Not reported	Ganglioglioma, NOS, Other, Other CNS Tumor, NOS Or NEC	Retroperitoneum	16	Unknown	Not Reported	N1mi	T1a2	8020/3	primary	Unknown	878	471	Not Applicable	181	Medulla Oblongata	Paraaortic Lymph Node	986.79	salus_in_arduis
diagnosis	CDS-CASE-853191	CDS-DX-359243	sapiens_qui_prospicit	Mesothelial Neoplasms	Not reported	Poorly Differentiated Neuroblastoma	Splenic Hilar Nodes	282	G1	M1	N0 (mol+)	T2d	8583/3	progression	No	550	634	Regional Disease	147	Duodenum	Intrahepatic Bile Duct	250.33	labor_ipse_voluptas
diagnosis	CDS-CASE-885609	CDS-DX-895946	faber_est_suae_quisque_fortunae	Thymic Epithelial Neoplasms	Unspecified	Chordoma, NOS, Chordoma (Including Poorly Differentiated Chordoma), Other	Sacrococcygeal	911	Low Grade	cM0 (i+)	N3b	T2b	8072/3	primary	Yes	470	819	New Tumor Event	830	Gastrointestinal Tract	Musculus Latissimus Dorsi	558.6	damnant_quod_non_intellegunt
diagnosis	CDS-CASE-604952	CDS-DX-814601	haec_olim_meminisse_iuvabit	Paragangliomas and Glomus Tumors	Not reported	Ganglioglioma, NOS, Other, Other CNS Tumor, NOS Or NEC	Lumbar Spinal Cord	714	Not Reported	MX	N1a	T3	8372/0	no_disease	Unknown	608	451	Regional Disease	826	Optic Chiasm	Fundus Uteri	768.6	scientia_et_labor
diagnosis	CDS-CASE-987170	CDS-DX-260735	haec_olim_meminisse_iuvabit	Transitional Cell Papillomas and Carcinomas	Not reported	Rhabdoid Tumor, NOS	Meninges	451	G3	MX	Not Reported	TX	9085/3	no_disease	Not Allowed to Collect	673	287	Regional Disease	430	Cerebral Cortex	Paratracheal Lymph Node	287.65	haec_olim_meminisse_iuvabit
diagnosis	CDS-CASE-788274	CDS-DX-888788	sapiens_qui_prospicit	Neuroepitheliomatous Neoplasms	Alive	Juvenile Granulosa Cell Tumor	Foot	242	G1	M1a	N1	T3d	8391/0	remission	Not Applicable	315	691	Not Applicable	53	Spinal Meninges	Mandible	678.79	saltus_in_demonstrando
diagnosis	CDS-CASE-591189	CDS-DX-745409	cacatum_non_est_pictum	Soft Tissue Tumors and Sarcomas, NOS	Not reported	Acute Monocytic Leukemia	Deep Facial Areas	513	Intermediate Grade	Unknown	N2c	T2	8072/3	remission	Censored	394	463	Not Applicable	783	Cul-de-sac	Gallbladder	320.5	imperium_in_imperio
diagnosis	CDS-CASE-428332	CDS-DX-642680	scientia_imperii_decus_et_tutamen	Plasma Cell Neoplasm	Unknown	Epithelioid Mesothelioma, Malignant	Supraclavicular Nodes	722	Unknown	cM0 (i+)	N1b	T2c	9016/0	metastasis	No	531	283	Not Applicable	651	External Lower Lip	Trunk	176.12	scientiae_et_patriae
diagnosis	CDS-CASE-908043	CDS-DX-399652	sapiens_qui_prospicit	Soft Tissue Tumors and Sarcomas, NOS	Not reported	Ganglioneuroma, Maturing Type, Favorable Histology	Hand	131	Low Grade	cM0 (i+)	N0 (mol-)	T4	8761/0	metastasis	Not Reported	79	915	Regional Disease	745	Forearm	Oculomotor Nerve	59.69	scientia_et_sapientia
diagnosis	CDS-CASE-117479	CDS-DX-933325	sapiens_qui_prospicit	Lymphatic Vessel Tumors	Unspecified	Inflammatory Myofibroblastic Tumor With An Associated Odontogenic Keratocyst	Occipital Lobe	976	Intermediate Grade	Unknown	N3	T4c	8261/3	primary	Yes	973	217	Localized Disease	85	Palate	Hand Skin	565.32	sapiens_qui_prospicit
diagnosis	CDS-CASE-126290	CDS-DX-801094	scientia,_aere_perennius	Odontogenic Tumors	Unspecified	Acute Myeloid Leukemia Without Maturation	Parietal Cortex	611	Intermediate Grade	M0	N0 (mol-)	Tis (Paget's)	9410/3	progression	Yes	254	815	Not Reported	678	Iliac Lymph Node	C1 Vertebra	253.31	pace_tua
diagnosis	CDS-CASE-537898	CDS-DX-455017	scientia_et_sapientia	Unknown	Dead	Rhabdoid Tumor, Malignant	Hand Bone	97	Intermediate Grade	Not Reported	N1b	Tis	8722/3	recurrence	Not Applicable	713	945	Localized Disease	969	Forearm	Female Genitalia	112.77	scientiae_cedit_mare
diagnosis	CDS-CASE-123495	CDS-DX-496794	scientiae_cedit_mare	Myxomatous Neoplasms	Alive	Alveolar Soft Part Sarcoma	Cutaneous	956	G1	MX	N1bIV	T3c	8032/3	remission	Unknown	117	100	Distant Metastasis	360	Fibula	Waldeyer's Tonsillar Ring	742.96	pace_tua
diagnosis	CDS-CASE-593121	CDS-DX-212359	Obedientia_civium_urbis_felicitas	Nerve Sheath Tumors	Alive	Hemangioblastoma	Schlemm's Canal	540	Not Applicable	cM0 (i+)	N0 (mol+)	TX	9394/1	remission	Censored	741	954	Tumor Free	849	Epidural Spinal Canal Space	Pleura	222.78	a_bene_placito
diagnosis	CDS-CASE-716210	CDS-DX-645979	pace_tua	Giant Cell Tumors	Unspecified	Cribriform Carcinoma, NOS	Thyroid	275	Low Grade	Not Reported	N2b	T2b	9931/3	remission	Censored	883	870	Tumor Free	530	Myocardium	Forehead	897.88	Macte_animo_Generose_puer_sic_itur_ad_astra
diagnosis	CDS-CASE-931613	CDS-DX-646598	e_causa_ignota	Synovial-like Neoplasms	Unknown	Glomus Tumor, Malignant	Tibia	837	Not Applicable	M1	N3a	T2b	8982/3	remission	Unknown	952	375	With Tumor	118	Hip Joint	Sigmoid Colon	77.43	nascentes_morimur_finisque_ab_origine_pendet
diagnosis	CDS-CASE-870612	CDS-DX-970210	imperium_in_imperio	Trophoblastic neoplasms	Dead	Mixed Type Rhabdomyosarcoma	Lower Arm	245	G4	Unknown	N0 (i-)	T4e	8972/3	metastasis	Yes	561	596	Not Applicable	284	Facial Nerve	Internal Nare	970.72	e_causa_ignota
