type	study.study_id	investigator_id	primary_investigator_name	primary_investigator_email	co_investigator_name	co_investigator_email	role_or_affiliation	title	first_name	middle_name	last_name	suffix	email
investigator	phs000000_test03	GC-INVESTIGATOR-GROUP-789478	scientiae_et_patriae	haec_olim_meminisse_iuvabit	Macte_animo_Generose_puer_sic_itur_ad_astra	cacatum_non_est_pictum	Program Director	Sr.	nascentes_morimur_finisque_ab_origine_pendet	Obedientia_civium_urbis_felicitas	saltus_in_demonstrando	IV	scientia_et_labor
investigator	phs000000_test03	GC-INVESTIGATOR-GROUP-189334	nascentes_morimur_finisque_ab_origine_pendet	Gallia_est_omnis_divisa_in_partes_tres	scientia_imperii_decus_et_tutamen	scientia_et_labor	Consulting Physician	Rev.	sapiens_qui_prospicit	a_bene_placito	sapiens_qui_prospicit	Jr.	Obedientia_civium_urbis_felicitas
investigator	phs000000_test03	GC-INVESTIGATOR-GROUP-511878	a_bene_placito	scientiae_et_patriae	damnant_quod_non_intellegunt	id_quod_plerumque_accidit	Physician	Fr.	Gallia_est_omnis_divisa_in_partes_tres	nanos_gigantum_humeris_insidentes	id_quod_plerumque_accidit	III	nanos_gigantum_humeris_insidentes
investigator	phs000000_test02	GC-INVESTIGATOR-GROUP-521201	salus_in_arduis	damnant_quod_non_intellegunt	scientia_et_labor	Obedientia_civium_urbis_felicitas	Protocol Chair	Mrs.	scientia,_aere_perennius	Gallia_est_omnis_divisa_in_partes_tres	nanos_gigantum_humeris_insidentes	III	scientiae_et_patriae
investigator	phs000000_test02	GC-INVESTIGATOR-GROUP-430579	scientiae_cedit_mare	salus_in_arduis	O_Tite_tute_Tati_tibi_tanta_tyranne_tulisti	Gallia_est_omnis_divisa_in_partes_tres	Checklist Completer	Ms.	pace_tua	cacatum_non_est_pictum	sapiens_qui_prospicit	III	Gallia_est_omnis_divisa_in_partes_tres
investigator	phs000000_test02	GC-INVESTIGATOR-GROUP-667655	damnant_quod_non_intellegunt	a_bene_placito	a_bene_placito	Gallia_est_omnis_divisa_in_partes_tres	Address Module Coordinator	Ch.	Obedientia_civium_urbis_felicitas	scientia_et_labor	faber_est_suae_quisque_fortunae	IV	O_Tite_tute_Tati_tibi_tanta_tyranne_tulisti
investigator	phs000000_test01	GC-INVESTIGATOR-GROUP-635579	e_causa_ignota	scientia_et_sapientia	labor_ipse_voluptas	scientiae_et_patriae	CDU Web Contact	Miss	scientia,_aere_perennius	scientia_et_labor	imperium_in_imperio	IV	O_Tite_tute_Tati_tibi_tanta_tyranne_tulisti
investigator	phs000000_test01	GC-INVESTIGATOR-GROUP-283746	faber_est_suae_quisque_fortunae	scientiae_cedit_mare	pace_tua	scientiae_cedit_mare	Sponsor Medical Expert	Bish.	imperium_in_imperio	saltus_in_demonstrando	a_bene_placito	III	faber_est_suae_quisque_fortunae
investigator	phs000000_test01	GC-INVESTIGATOR-GROUP-950126	saltus_in_demonstrando	id_quod_plerumque_accidit	salus_in_arduis	saltus_in_demonstrando	Radiation Oncologist	Dr.	haec_olim_meminisse_iuvabit	labor_ipse_voluptas	cacatum_non_est_pictum	I	scientia_imperii_decus_et_tutamen
investigator	phs000000_test01	GC-INVESTIGATOR-GROUP-918027	faber_est_suae_quisque_fortunae	scientia,_aere_perennius	e_causa_ignota	labor_ipse_voluptas	Grant Specialist	Sr.	saltus_in_demonstrando	labor_ipse_voluptas	labor_ipse_voluptas	III	scientiae_et_patriae
