type	study.study_id	investigator_id	primary_investigator_name	primary_investigator_email	co_investigator_name	co_investigator_email	role_or_affiliation	title	first_name	middle_name	last_name	suffix	email
investigator	phs000000_test03	GC-INVESTIGATOR-GROUP-151206	salus_in_arduis	barba_crescit_caput_nescit	scientia_imperii_decus_et_tutamen	salus_in_arduis	Pharmacist	Fr.	saltus_in_demonstrando	labor_ipse_voluptas	e_causa_ignota	Sr.	haec_olim_meminisse_iuvabit
investigator	phs000000_test03	GC-INVESTIGATOR-GROUP-843805	pace_tua	salus_in_arduis	scientiae_et_patriae	pace_tua	Nurse Coach	Ms.	damnant_quod_non_intellegunt	Obedientia_civium_urbis_felicitas	haec_olim_meminisse_iuvabit	Jr.	scientiae_cedit_mare
investigator	phs000000_test03	GC-INVESTIGATOR-GROUP-543036	salus_in_arduis	e_causa_ignota	damnant_quod_non_intellegunt	haec_olim_meminisse_iuvabit	Protocol Specialist	Rev.	saltus_in_demonstrando	scientia_et_labor	scientiae_et_patriae	IV	cacatum_non_est_pictum
investigator	phs000000_test03	GC-INVESTIGATOR-GROUP-311611	nascentes_morimur_finisque_ab_origine_pendet	damnant_quod_non_intellegunt	salus_in_arduis	scientia_et_labor	Oncologist	Fr.	imperium_in_imperio	a_bene_placito	cacatum_non_est_pictum	II	scientia_et_labor
investigator	phs000000_test03	GC-INVESTIGATOR-GROUP-599894	haec_olim_meminisse_iuvabit	e_causa_ignota	a_bene_placito	scientiae_et_patriae	Referring Pathologist	Mrs.	damnant_quod_non_intellegunt	haec_olim_meminisse_iuvabit	e_causa_ignota	III	Gallia_est_omnis_divisa_in_partes_tres
investigator	phs000000_test03	GC-INVESTIGATOR-GROUP-240897	labor_ipse_voluptas	imperium_in_imperio	haec_olim_meminisse_iuvabit	damnant_quod_non_intellegunt	Grant Specialist	Rev.	imperium_in_imperio	nanos_gigantum_humeris_insidentes	scientia_et_labor	IV	scientiae_cedit_mare
investigator	phs000000_test03	GC-INVESTIGATOR-GROUP-161801	labor_ipse_voluptas	a_bene_placito	a_bene_placito	scientiae_et_patriae	Submitting Pathologist	Sr.	sapiens_qui_prospicit	faber_est_suae_quisque_fortunae	pace_tua	Jr.	nascentes_morimur_finisque_ab_origine_pendet
investigator	phs000000_test03	GC-INVESTIGATOR-GROUP-968254	cacatum_non_est_pictum	scientia_et_labor	id_quod_plerumque_accidit	a_bene_placito	Sponsor	Ms.	Gallia_est_omnis_divisa_in_partes_tres	cacatum_non_est_pictum	scientia_et_sapientia	III	haec_olim_meminisse_iuvabit
investigator	phs000000_test03	GC-INVESTIGATOR-GROUP-708842	imperium_in_imperio	Gallia_est_omnis_divisa_in_partes_tres	salus_in_arduis	nascentes_morimur_finisque_ab_origine_pendet	Co-Project Officer	Miss	nascentes_morimur_finisque_ab_origine_pendet	nanos_gigantum_humeris_insidentes	faber_est_suae_quisque_fortunae	Jr.	nascentes_morimur_finisque_ab_origine_pendet
investigator	phs000000_test03	GC-INVESTIGATOR-GROUP-622070	a_bene_placito	saltus_in_demonstrando	damnant_quod_non_intellegunt	scientia_et_labor	Pharmacist	Ch.	barba_crescit_caput_nescit	scientiae_et_patriae	scientia_et_sapientia	Jr.	Obedientia_civium_urbis_felicitas
