type	image.study_link_id	NonDICOMMRimages_id	MRImageAcquisitionProtocolElement_echoPulseSequenceCategoryCode	MRImageAcquisitionProtocolElement_diffusionBValue	MRImageAcquisitionProtocolElement_diffusionDirectionalityCode	MRImageAcquisitionProtocolElement_magneticFieldStrength	MRImageAcquisitionProtocolElement_resonantNucleusCode	MRImageAcquisitionProtocolElement_acquisitionContrastCode	MRImageAcquisitionProtocolElement_inversionRecoveryIndicator	MRImageAcquisitionProtocolElement_pulseSequenceName	MRImageAcquisitionProtocolElement_multipleSpinEchoIndicator	MRImageAcquisitionProtocolElement_phaseContrastIndicator	MRImageAcquisitionProtocolElement_timeOfFlightContrastIndicator	MRImageAcquisitionProtocolElement_arterialSpinLabelingContrastCode	MRImageAcquisitionProtocolElement_steadyStatePulseSequenceCode	MRImageAcquisitionProtocolElement_echoPlanarPulseSequenceIndicator	MRImageAcquisitionProtocolElement_saturationRecoveryIndicator	MRImageAcquisitionProtocolElement_spectrallySelectedSuppressionCode	MRImageReconstructionProtocolElement_complexImageComponentCode	crdc_id
NonDICOMMRimages	CDS-IMAGE-172958	CDS-NonDICOMMRimages-306591	SPIN	nanos_gigantum_humeris_insidentes	DIRECTIONAL	faber_est_suae_quisque_fortunae	13C	T2_STAR_T2* weighted contrast	Yes	cacatum_non_est_pictum	Yes	No	Yes	scientiae_et_patriae	FREE PRECESSION	Yes	No	FAT	PHASE	scientiae_cedit_mare
NonDICOMMRimages	CDS-IMAGE-745251	CDS-NonDICOMMRimages-121060	SPIN	nascentes_morimur_finisque_ab_origine_pendet	DIRECTIONAL	a_bene_placito	31P	T2_STAR_T2* weighted contrast	No	barba_crescit_caput_nescit	No	No	Yes	Obedientia_civium_urbis_felicitas	TRANSVERSE	Yes	No	SILICON GEL	REAL	cacatum_non_est_pictum
NonDICOMMRimages	CDS-IMAGE-668707	CDS-NonDICOMMRimages-107585	BOTH	scientiae_cedit_mare	NONE	id_quod_plerumque_accidit	129XE	DIFFUSION	No	scientia_et_sapientia	Yes	Yes	No	id_quod_plerumque_accidit	TIME REVERSED	No	Yes	FAT AND WATER	REAL	nanos_gigantum_humeris_insidentes
NonDICOMMRimages	CDS-IMAGE-553837	CDS-NonDICOMMRimages-681332	SPIN	barba_crescit_caput_nescit	NONE	salus_in_arduis	31P	PROTON_DENSITY_Proton Density weighted contrast	No	scientiae_cedit_mare	Yes	No	Yes	scientiae_et_patriae	TRANSVERSE	No	Yes	SILICON GEL	IMAGINARY	sapiens_qui_prospicit
NonDICOMMRimages	CDS-IMAGE-559409	CDS-NonDICOMMRimages-476576	GRADIENT	a_bene_placito	BMATRIX	sapiens_qui_prospicit	19F	TOF_Time Of Flight weighted contrast	No	sapiens_qui_prospicit	Yes	Yes	Yes	scientia_imperii_decus_et_tutamen	LONGITUDINAL	Yes	No	FAT AND WATER	IMAGINARY	pace_tua
NonDICOMMRimages	CDS-IMAGE-599070	CDS-NonDICOMMRimages-381961	SPIN	saltus_in_demonstrando	BMATRIX	scientia_et_sapientia	19F	PROTON_DENSITY_Proton Density weighted contrast	No	barba_crescit_caput_nescit	Yes	Yes	No	scientiae_et_patriae	NONE	No	Yes	SILICON GEL	IMAGINARY	labor_ipse_voluptas
NonDICOMMRimages	CDS-IMAGE-671029	CDS-NonDICOMMRimages-619970	SPIN	imperium_in_imperio	ISOTROPIC	damnant_quod_non_intellegunt	13C	PROTON_DENSITY_Proton Density weighted contrast	Yes	saltus_in_demonstrando	No	Yes	No	e_causa_ignota	TIME REVERSED	Yes	No	FAT	IMAGINARY	salus_in_arduis
NonDICOMMRimages	CDS-IMAGE-904628	CDS-NonDICOMMRimages-700632	BOTH	cacatum_non_est_pictum	BMATRIX	nanos_gigantum_humeris_insidentes	19F	DIFFUSION	Yes	Obedientia_civium_urbis_felicitas	Yes	No	No	faber_est_suae_quisque_fortunae	FREE PRECESSION	Yes	No	FAT	PHASE	scientiae_et_patriae
NonDICOMMRimages	CDS-IMAGE-159738	CDS-NonDICOMMRimages-802038	SPIN	a_bene_placito	NONE	barba_crescit_caput_nescit	31P	PROTON_DENSITY_Proton Density weighted contrast	No	haec_olim_meminisse_iuvabit	Yes	No	No	Obedientia_civium_urbis_felicitas	NONE	No	No	SILICON GEL	MAGNITUDE	damnant_quod_non_intellegunt
NonDICOMMRimages	CDS-IMAGE-334002	CDS-NonDICOMMRimages-346635	GRADIENT	labor_ipse_voluptas	ISOTROPIC	scientiae_cedit_mare	7LI	PERFUSION_Perfusion weighted contrast	No	Obedientia_civium_urbis_felicitas	Yes	Yes	Yes	pace_tua	FREE PRECESSION	Yes	No	NONE	PHASE	scientia_et_sapientia
NonDICOMMRimages	CDS-IMAGE-568349	CDS-NonDICOMMRimages-253377	BOTH	salus_in_arduis	NONE	scientiae_et_patriae	7LI	T2_STAR_T2* weighted contrast	Yes	scientiae_cedit_mare	Yes	No	No	scientia_et_labor	TIME REVERSED	Yes	Yes	SILICON GEL	MAGNITUDE	pace_tua
NonDICOMMRimages	CDS-IMAGE-439427	CDS-NonDICOMMRimages-870681	BOTH	e_causa_ignota	DIRECTIONAL	scientiae_cedit_mare	7LI	FLUID_ATTENUATED_Fluid Attenuated T2 weighted contrast	No	cacatum_non_est_pictum	No	No	No	cacatum_non_est_pictum	FREE PRECESSION	No	Yes	WATER	IMAGINARY	e_causa_ignota
NonDICOMMRimages	CDS-IMAGE-866375	CDS-NonDICOMMRimages-443591	BOTH	faber_est_suae_quisque_fortunae	BMATRIX	scientia_imperii_decus_et_tutamen	13C	TOF_Time Of Flight weighted contrast	No	e_causa_ignota	Yes	No	Yes	sapiens_qui_prospicit	TRANSVERSE	No	Yes	SILICON GEL	PHASE	scientia_imperii_decus_et_tutamen
NonDICOMMRimages	CDS-IMAGE-530057	CDS-NonDICOMMRimages-823431	GRADIENT	faber_est_suae_quisque_fortunae	NONE	O_Tite_tute_Tati_tibi_tanta_tyranne_tulisti	3HE	T2_STAR_T2* weighted contrast	Yes	pace_tua	No	No	No	scientia_et_labor	TRANSVERSE	Yes	Yes	FAT	IMAGINARY	haec_olim_meminisse_iuvabit
NonDICOMMRimages	CDS-IMAGE-256992	CDS-NonDICOMMRimages-246860	BOTH	labor_ipse_voluptas	NONE	scientiae_et_patriae	129XE	TOF_Time Of Flight weighted contrast	Yes	saltus_in_demonstrando	No	No	Yes	id_quod_plerumque_accidit	FREE PRECESSION	Yes	Yes	FAT AND WATER	REAL	nanos_gigantum_humeris_insidentes
NonDICOMMRimages	CDS-IMAGE-392218	CDS-NonDICOMMRimages-262433	GRADIENT	cacatum_non_est_pictum	NONE	salus_in_arduis	31P	T1_T1 weighted contrast	Yes	faber_est_suae_quisque_fortunae	No	Yes	No	scientiae_et_patriae	NONE	Yes	No	SILICON GEL	IMAGINARY	pace_tua
NonDICOMMRimages	CDS-IMAGE-776139	CDS-NonDICOMMRimages-237233	BOTH	labor_ipse_voluptas	NONE	salus_in_arduis	7LI	DIFFUSION	Yes	scientia_et_labor	Yes	No	Yes	imperium_in_imperio	LONGITUDINAL	No	Yes	SILICON GEL	MAGNITUDE	scientia_imperii_decus_et_tutamen
NonDICOMMRimages	CDS-IMAGE-271023	CDS-NonDICOMMRimages-441441	BOTH	O_Tite_tute_Tati_tibi_tanta_tyranne_tulisti	ISOTROPIC	scientia,_aere_perennius	23NA	PROTON_DENSITY_Proton Density weighted contrast	No	Obedientia_civium_urbis_felicitas	Yes	Yes	No	e_causa_ignota	TIME REVERSED	No	No	FAT AND WATER	REAL	imperium_in_imperio
NonDICOMMRimages	CDS-IMAGE-371245	CDS-NonDICOMMRimages-731849	BOTH	nascentes_morimur_finisque_ab_origine_pendet	DIRECTIONAL	e_causa_ignota	31P	PERFUSION_Perfusion weighted contrast	No	saltus_in_demonstrando	No	Yes	Yes	Obedientia_civium_urbis_felicitas	LONGITUDINAL	No	Yes	FAT AND WATER	REAL	haec_olim_meminisse_iuvabit
NonDICOMMRimages	CDS-IMAGE-820576	CDS-NonDICOMMRimages-270020	GRADIENT	scientiae_et_patriae	DIRECTIONAL	scientiae_cedit_mare	13C	FLUID_ATTENUATED_Fluid Attenuated T2 weighted contrast	No	salus_in_arduis	No	Yes	No	imperium_in_imperio	TRANSVERSE	Yes	No	SILICON GEL	IMAGINARY	imperium_in_imperio
NonDICOMMRimages	CDS-IMAGE-353717	CDS-NonDICOMMRimages-898238	BOTH	faber_est_suae_quisque_fortunae	BMATRIX	Gallia_est_omnis_divisa_in_partes_tres	19F	T2_T2 weighted contrast	No	damnant_quod_non_intellegunt	Yes	Yes	No	nascentes_morimur_finisque_ab_origine_pendet	LONGITUDINAL	Yes	Yes	FAT AND WATER	PHASE	nanos_gigantum_humeris_insidentes
NonDICOMMRimages	CDS-IMAGE-441697	CDS-NonDICOMMRimages-246946	SPIN	scientiae_cedit_mare	NONE	a_bene_placito	19F	T2_STAR_T2* weighted contrast	No	cacatum_non_est_pictum	No	Yes	Yes	salus_in_arduis	FREE PRECESSION	Yes	No	WATER	PHASE	cacatum_non_est_pictum
NonDICOMMRimages	CDS-IMAGE-772439	CDS-NonDICOMMRimages-783472	SPIN	O_Tite_tute_Tati_tibi_tanta_tyranne_tulisti	ISOTROPIC	a_bene_placito	19F	FLUID_ATTENUATED_Fluid Attenuated T2 weighted contrast	No	haec_olim_meminisse_iuvabit	No	No	No	scientia,_aere_perennius	NONE	Yes	No	FAT AND WATER	MAGNITUDE	scientia_et_labor
NonDICOMMRimages	CDS-IMAGE-878357	CDS-NonDICOMMRimages-316066	BOTH	scientia_imperii_decus_et_tutamen	ISOTROPIC	haec_olim_meminisse_iuvabit	19F	T2_T2 weighted contrast	No	scientiae_cedit_mare	No	Yes	No	Macte_animo_Generose_puer_sic_itur_ad_astra	TIME REVERSED	Yes	Yes	NONE	MAGNITUDE	Macte_animo_Generose_puer_sic_itur_ad_astra
NonDICOMMRimages	CDS-IMAGE-532989	CDS-NonDICOMMRimages-714564	GRADIENT	saltus_in_demonstrando	ISOTROPIC	nascentes_morimur_finisque_ab_origine_pendet	7LI	PROTON_DENSITY_Proton Density weighted contrast	No	imperium_in_imperio	Yes	Yes	Yes	saltus_in_demonstrando	NONE	Yes	No	SILICON GEL	MAGNITUDE	saltus_in_demonstrando
NonDICOMMRimages	CDS-IMAGE-890021	CDS-NonDICOMMRimages-113163	BOTH	damnant_quod_non_intellegunt	BMATRIX	a_bene_placito	129XE	TOF_Time Of Flight weighted contrast	No	labor_ipse_voluptas	Yes	No	No	scientiae_cedit_mare	LONGITUDINAL	No	Yes	FAT AND WATER	PHASE	pace_tua
NonDICOMMRimages	CDS-IMAGE-543618	CDS-NonDICOMMRimages-547816	GRADIENT	salus_in_arduis	NONE	scientiae_cedit_mare	13C	DIFFUSION	No	sapiens_qui_prospicit	No	Yes	No	cacatum_non_est_pictum	NONE	Yes	Yes	WATER	REAL	saltus_in_demonstrando
NonDICOMMRimages	CDS-IMAGE-236784	CDS-NonDICOMMRimages-915406	GRADIENT	scientia_et_labor	DIRECTIONAL	scientiae_et_patriae	1H	PERFUSION_Perfusion weighted contrast	No	nanos_gigantum_humeris_insidentes	Yes	Yes	Yes	scientia_imperii_decus_et_tutamen	LONGITUDINAL	No	No	SILICON GEL	REAL	O_Tite_tute_Tati_tibi_tanta_tyranne_tulisti
NonDICOMMRimages	CDS-IMAGE-954159	CDS-NonDICOMMRimages-884274	GRADIENT	barba_crescit_caput_nescit	ISOTROPIC	haec_olim_meminisse_iuvabit	129XE	FLOW_ENCODED_Flow Encoded contrast	No	scientia,_aere_perennius	No	No	Yes	Obedientia_civium_urbis_felicitas	TIME REVERSED	No	Yes	FAT AND WATER	PHASE	cacatum_non_est_pictum
NonDICOMMRimages	CDS-IMAGE-315095	CDS-NonDICOMMRimages-442137	BOTH	cacatum_non_est_pictum	NONE	saltus_in_demonstrando	3HE	T1_T1 weighted contrast	Yes	Gallia_est_omnis_divisa_in_partes_tres	Yes	Yes	Yes	barba_crescit_caput_nescit	LONGITUDINAL	Yes	Yes	NONE	REAL	damnant_quod_non_intellegunt
NonDICOMMRimages	CDS-IMAGE-411147	CDS-NonDICOMMRimages-534997	SPIN	Macte_animo_Generose_puer_sic_itur_ad_astra	ISOTROPIC	cacatum_non_est_pictum	31P	T1_T1 weighted contrast	Yes	nanos_gigantum_humeris_insidentes	Yes	Yes	No	cacatum_non_est_pictum	TRANSVERSE	Yes	No	FAT AND WATER	IMAGINARY	e_causa_ignota
NonDICOMMRimages	CDS-IMAGE-843309	CDS-NonDICOMMRimages-872378	BOTH	scientia_et_sapientia	ISOTROPIC	scientia_et_labor	7LI	T1_T1 weighted contrast	Yes	Macte_animo_Generose_puer_sic_itur_ad_astra	No	No	No	scientia,_aere_perennius	TIME REVERSED	No	No	WATER	MAGNITUDE	e_causa_ignota
NonDICOMMRimages	CDS-IMAGE-299546	CDS-NonDICOMMRimages-806708	SPIN	haec_olim_meminisse_iuvabit	DIRECTIONAL	Obedientia_civium_urbis_felicitas	23NA	PROTON_DENSITY_Proton Density weighted contrast	Yes	Gallia_est_omnis_divisa_in_partes_tres	Yes	Yes	Yes	salus_in_arduis	TRANSVERSE	Yes	Yes	WATER	MAGNITUDE	barba_crescit_caput_nescit
NonDICOMMRimages	CDS-IMAGE-734196	CDS-NonDICOMMRimages-603197	SPIN	O_Tite_tute_Tati_tibi_tanta_tyranne_tulisti	DIRECTIONAL	saltus_in_demonstrando	129XE	FLUID_ATTENUATED_Fluid Attenuated T2 weighted contrast	No	Gallia_est_omnis_divisa_in_partes_tres	No	No	No	cacatum_non_est_pictum	NONE	Yes	Yes	FAT	MAGNITUDE	nanos_gigantum_humeris_insidentes
NonDICOMMRimages	CDS-IMAGE-306711	CDS-NonDICOMMRimages-959400	BOTH	barba_crescit_caput_nescit	BMATRIX	scientia_et_sapientia	129XE	PROTON_DENSITY_Proton Density weighted contrast	Yes	O_Tite_tute_Tati_tibi_tanta_tyranne_tulisti	No	Yes	Yes	scientia,_aere_perennius	TIME REVERSED	Yes	No	WATER	REAL	barba_crescit_caput_nescit
NonDICOMMRimages	CDS-IMAGE-841265	CDS-NonDICOMMRimages-898690	GRADIENT	haec_olim_meminisse_iuvabit	ISOTROPIC	a_bene_placito	13C	FLOW_ENCODED_Flow Encoded contrast	No	faber_est_suae_quisque_fortunae	Yes	Yes	Yes	Gallia_est_omnis_divisa_in_partes_tres	TRANSVERSE	Yes	No	WATER	IMAGINARY	barba_crescit_caput_nescit
NonDICOMMRimages	CDS-IMAGE-449530	CDS-NonDICOMMRimages-465977	GRADIENT	sapiens_qui_prospicit	BMATRIX	scientia_et_labor	129XE	PERFUSION_Perfusion weighted contrast	No	scientiae_et_patriae	Yes	No	No	scientiae_et_patriae	TIME REVERSED	No	No	FAT AND WATER	MAGNITUDE	nascentes_morimur_finisque_ab_origine_pendet
NonDICOMMRimages	CDS-IMAGE-535876	CDS-NonDICOMMRimages-626434	SPIN	O_Tite_tute_Tati_tibi_tanta_tyranne_tulisti	ISOTROPIC	haec_olim_meminisse_iuvabit	31P	T1_T1 weighted contrast	No	barba_crescit_caput_nescit	No	Yes	Yes	scientia_et_labor	TIME REVERSED	Yes	No	FAT AND WATER	MAGNITUDE	O_Tite_tute_Tati_tibi_tanta_tyranne_tulisti
NonDICOMMRimages	CDS-IMAGE-515673	CDS-NonDICOMMRimages-517501	BOTH	damnant_quod_non_intellegunt	NONE	scientiae_et_patriae	129XE	FLOW_ENCODED_Flow Encoded contrast	Yes	imperium_in_imperio	Yes	No	No	Obedientia_civium_urbis_felicitas	FREE PRECESSION	Yes	No	WATER	REAL	scientia_et_sapientia
NonDICOMMRimages	CDS-IMAGE-671447	CDS-NonDICOMMRimages-361357	BOTH	scientiae_et_patriae	ISOTROPIC	nascentes_morimur_finisque_ab_origine_pendet	129XE	STIR_Short Tau Inversion Recovery	No	Macte_animo_Generose_puer_sic_itur_ad_astra	Yes	Yes	Yes	haec_olim_meminisse_iuvabit	NONE	Yes	No	WATER	IMAGINARY	imperium_in_imperio
NonDICOMMRimages	CDS-IMAGE-820827	CDS-NonDICOMMRimages-485256	GRADIENT	faber_est_suae_quisque_fortunae	BMATRIX	scientiae_et_patriae	3HE	PERFUSION_Perfusion weighted contrast	No	scientia_imperii_decus_et_tutamen	Yes	Yes	Yes	scientia_et_sapientia	TRANSVERSE	No	No	WATER	REAL	salus_in_arduis
NonDICOMMRimages	CDS-IMAGE-901751	CDS-NonDICOMMRimages-969623	SPIN	scientia,_aere_perennius	ISOTROPIC	pace_tua	129XE	DIFFUSION	No	salus_in_arduis	No	No	No	O_Tite_tute_Tati_tibi_tanta_tyranne_tulisti	TIME REVERSED	Yes	Yes	NONE	PHASE	haec_olim_meminisse_iuvabit
NonDICOMMRimages	CDS-IMAGE-549987	CDS-NonDICOMMRimages-756353	GRADIENT	salus_in_arduis	NONE	scientiae_cedit_mare	3HE	PERFUSION_Perfusion weighted contrast	Yes	e_causa_ignota	Yes	No	No	sapiens_qui_prospicit	FREE PRECESSION	Yes	No	SILICON GEL	REAL	barba_crescit_caput_nescit
NonDICOMMRimages	CDS-IMAGE-979690	CDS-NonDICOMMRimages-194829	GRADIENT	faber_est_suae_quisque_fortunae	BMATRIX	scientia_et_sapientia	3HE	DIFFUSION	No	scientiae_cedit_mare	Yes	No	Yes	damnant_quod_non_intellegunt	TRANSVERSE	Yes	Yes	WATER	PHASE	scientia_imperii_decus_et_tutamen
NonDICOMMRimages	CDS-IMAGE-509852	CDS-NonDICOMMRimages-982112	GRADIENT	Obedientia_civium_urbis_felicitas	ISOTROPIC	haec_olim_meminisse_iuvabit	19F	T2_STAR_T2* weighted contrast	Yes	Gallia_est_omnis_divisa_in_partes_tres	Yes	Yes	No	imperium_in_imperio	TRANSVERSE	No	No	FAT AND WATER	MAGNITUDE	nanos_gigantum_humeris_insidentes
NonDICOMMRimages	CDS-IMAGE-290283	CDS-NonDICOMMRimages-701541	GRADIENT	scientia_et_sapientia	DIRECTIONAL	scientia_et_sapientia	1H	PERFUSION_Perfusion weighted contrast	Yes	scientia_et_labor	Yes	Yes	No	salus_in_arduis	LONGITUDINAL	Yes	Yes	FAT AND WATER	IMAGINARY	Gallia_est_omnis_divisa_in_partes_tres
NonDICOMMRimages	CDS-IMAGE-958987	CDS-NonDICOMMRimages-871747	SPIN	scientia_et_labor	ISOTROPIC	scientia_et_sapientia	23NA	FLOW_ENCODED_Flow Encoded contrast	No	scientiae_cedit_mare	Yes	No	No	Gallia_est_omnis_divisa_in_partes_tres	TRANSVERSE	No	Yes	WATER	IMAGINARY	scientiae_cedit_mare
NonDICOMMRimages	CDS-IMAGE-177183	CDS-NonDICOMMRimages-350955	SPIN	scientia_et_sapientia	DIRECTIONAL	pace_tua	7LI	FLUID_ATTENUATED_Fluid Attenuated T2 weighted contrast	No	scientiae_cedit_mare	Yes	No	Yes	labor_ipse_voluptas	NONE	Yes	No	WATER	MAGNITUDE	nascentes_morimur_finisque_ab_origine_pendet
NonDICOMMRimages	CDS-IMAGE-993163	CDS-NonDICOMMRimages-485778	BOTH	scientia,_aere_perennius	BMATRIX	faber_est_suae_quisque_fortunae	13C	PROTON_DENSITY_Proton Density weighted contrast	No	barba_crescit_caput_nescit	No	No	Yes	nascentes_morimur_finisque_ab_origine_pendet	TIME REVERSED	Yes	No	FAT AND WATER	PHASE	Obedientia_civium_urbis_felicitas
NonDICOMMRimages	CDS-IMAGE-227930	CDS-NonDICOMMRimages-745589	SPIN	a_bene_placito	NONE	nascentes_morimur_finisque_ab_origine_pendet	7LI	TAGGING_Superposition of thin saturation bands onto image	No	scientiae_cedit_mare	Yes	Yes	Yes	sapiens_qui_prospicit	LONGITUDINAL	Yes	No	FAT	IMAGINARY	scientiae_cedit_mare
NonDICOMMRimages	CDS-IMAGE-277610	CDS-NonDICOMMRimages-593201	BOTH	scientia,_aere_perennius	NONE	imperium_in_imperio	129XE	TOF_Time Of Flight weighted contrast	No	a_bene_placito	No	Yes	Yes	barba_crescit_caput_nescit	NONE	Yes	Yes	SILICON GEL	IMAGINARY	a_bene_placito
NonDICOMMRimages	CDS-IMAGE-126704	CDS-NonDICOMMRimages-263567	SPIN	Obedientia_civium_urbis_felicitas	BMATRIX	saltus_in_demonstrando	19F	T2_STAR_T2* weighted contrast	Yes	barba_crescit_caput_nescit	No	Yes	No	Obedientia_civium_urbis_felicitas	FREE PRECESSION	No	No	NONE	IMAGINARY	faber_est_suae_quisque_fortunae
NonDICOMMRimages	CDS-IMAGE-213388	CDS-NonDICOMMRimages-305240	BOTH	nanos_gigantum_humeris_insidentes	DIRECTIONAL	labor_ipse_voluptas	129XE	DIFFUSION	No	Macte_animo_Generose_puer_sic_itur_ad_astra	No	No	No	labor_ipse_voluptas	NONE	Yes	Yes	NONE	PHASE	e_causa_ignota
NonDICOMMRimages	CDS-IMAGE-324847	CDS-NonDICOMMRimages-909694	BOTH	a_bene_placito	ISOTROPIC	nascentes_morimur_finisque_ab_origine_pendet	7LI	TAGGING_Superposition of thin saturation bands onto image	No	salus_in_arduis	No	No	Yes	barba_crescit_caput_nescit	NONE	No	Yes	SILICON GEL	PHASE	id_quod_plerumque_accidit
NonDICOMMRimages	CDS-IMAGE-518310	CDS-NonDICOMMRimages-845245	BOTH	labor_ipse_voluptas	DIRECTIONAL	salus_in_arduis	1H	STIR_Short Tau Inversion Recovery	No	scientia,_aere_perennius	No	Yes	No	damnant_quod_non_intellegunt	LONGITUDINAL	No	Yes	WATER	PHASE	salus_in_arduis
NonDICOMMRimages	CDS-IMAGE-333880	CDS-NonDICOMMRimages-467326	SPIN	id_quod_plerumque_accidit	BMATRIX	O_Tite_tute_Tati_tibi_tanta_tyranne_tulisti	1H	FLUID_ATTENUATED_Fluid Attenuated T2 weighted contrast	No	e_causa_ignota	No	Yes	Yes	scientiae_et_patriae	TRANSVERSE	Yes	Yes	NONE	REAL	nascentes_morimur_finisque_ab_origine_pendet
NonDICOMMRimages	CDS-IMAGE-233262	CDS-NonDICOMMRimages-799905	GRADIENT	O_Tite_tute_Tati_tibi_tanta_tyranne_tulisti	BMATRIX	damnant_quod_non_intellegunt	31P	PROTON_DENSITY_Proton Density weighted contrast	No	cacatum_non_est_pictum	No	No	Yes	scientiae_et_patriae	NONE	Yes	Yes	WATER	MAGNITUDE	barba_crescit_caput_nescit
NonDICOMMRimages	CDS-IMAGE-616300	CDS-NonDICOMMRimages-270959	GRADIENT	faber_est_suae_quisque_fortunae	BMATRIX	scientia_et_sapientia	129XE	DIFFUSION	No	scientia,_aere_perennius	Yes	Yes	No	Gallia_est_omnis_divisa_in_partes_tres	TRANSVERSE	No	No	SILICON GEL	REAL	haec_olim_meminisse_iuvabit
NonDICOMMRimages	CDS-IMAGE-846662	CDS-NonDICOMMRimages-479251	GRADIENT	damnant_quod_non_intellegunt	NONE	imperium_in_imperio	1H	PERFUSION_Perfusion weighted contrast	No	sapiens_qui_prospicit	Yes	Yes	Yes	O_Tite_tute_Tati_tibi_tanta_tyranne_tulisti	FREE PRECESSION	No	Yes	SILICON GEL	PHASE	Gallia_est_omnis_divisa_in_partes_tres
NonDICOMMRimages	CDS-IMAGE-726167	CDS-NonDICOMMRimages-334087	BOTH	imperium_in_imperio	BMATRIX	Obedientia_civium_urbis_felicitas	19F	T2_T2 weighted contrast	No	nanos_gigantum_humeris_insidentes	No	No	Yes	saltus_in_demonstrando	TRANSVERSE	Yes	Yes	WATER	IMAGINARY	scientiae_et_patriae
NonDICOMMRimages	CDS-IMAGE-334043	CDS-NonDICOMMRimages-528396	BOTH	Gallia_est_omnis_divisa_in_partes_tres	DIRECTIONAL	sapiens_qui_prospicit	31P	T1_T1 weighted contrast	Yes	a_bene_placito	No	No	No	O_Tite_tute_Tati_tibi_tanta_tyranne_tulisti	TRANSVERSE	Yes	No	SILICON GEL	MAGNITUDE	sapiens_qui_prospicit
NonDICOMMRimages	CDS-IMAGE-147767	CDS-NonDICOMMRimages-360216	BOTH	scientia_et_sapientia	BMATRIX	O_Tite_tute_Tati_tibi_tanta_tyranne_tulisti	7LI	T2_STAR_T2* weighted contrast	Yes	imperium_in_imperio	No	No	No	scientia_et_sapientia	LONGITUDINAL	No	No	SILICON GEL	IMAGINARY	id_quod_plerumque_accidit
NonDICOMMRimages	CDS-IMAGE-788275	CDS-NonDICOMMRimages-196281	GRADIENT	haec_olim_meminisse_iuvabit	NONE	salus_in_arduis	7LI	PROTON_DENSITY_Proton Density weighted contrast	No	haec_olim_meminisse_iuvabit	Yes	Yes	Yes	Obedientia_civium_urbis_felicitas	TIME REVERSED	Yes	No	FAT	MAGNITUDE	Obedientia_civium_urbis_felicitas
NonDICOMMRimages	CDS-IMAGE-583564	CDS-NonDICOMMRimages-327468	GRADIENT	id_quod_plerumque_accidit	ISOTROPIC	barba_crescit_caput_nescit	23NA	PERFUSION_Perfusion weighted contrast	Yes	salus_in_arduis	Yes	No	Yes	scientia_et_labor	TRANSVERSE	Yes	Yes	SILICON GEL	MAGNITUDE	O_Tite_tute_Tati_tibi_tanta_tyranne_tulisti
NonDICOMMRimages	CDS-IMAGE-858749	CDS-NonDICOMMRimages-503744	SPIN	nascentes_morimur_finisque_ab_origine_pendet	BMATRIX	faber_est_suae_quisque_fortunae	31P	TAGGING_Superposition of thin saturation bands onto image	No	haec_olim_meminisse_iuvabit	Yes	No	Yes	cacatum_non_est_pictum	TIME REVERSED	Yes	Yes	NONE	REAL	imperium_in_imperio
NonDICOMMRimages	CDS-IMAGE-788730	CDS-NonDICOMMRimages-342974	SPIN	pace_tua	BMATRIX	scientia_et_labor	1H	PERFUSION_Perfusion weighted contrast	Yes	sapiens_qui_prospicit	Yes	Yes	Yes	scientia_imperii_decus_et_tutamen	LONGITUDINAL	No	No	FAT AND WATER	PHASE	id_quod_plerumque_accidit
NonDICOMMRimages	CDS-IMAGE-876144	CDS-NonDICOMMRimages-396300	SPIN	Macte_animo_Generose_puer_sic_itur_ad_astra	DIRECTIONAL	pace_tua	31P	TAGGING_Superposition of thin saturation bands onto image	No	scientia_et_sapientia	Yes	Yes	No	O_Tite_tute_Tati_tibi_tanta_tyranne_tulisti	LONGITUDINAL	No	Yes	SILICON GEL	MAGNITUDE	salus_in_arduis
NonDICOMMRimages	CDS-IMAGE-770728	CDS-NonDICOMMRimages-140113	SPIN	saltus_in_demonstrando	NONE	e_causa_ignota	31P	T1_T1 weighted contrast	Yes	scientiae_cedit_mare	Yes	Yes	No	nanos_gigantum_humeris_insidentes	TRANSVERSE	No	No	WATER	PHASE	faber_est_suae_quisque_fortunae
NonDICOMMRimages	CDS-IMAGE-699058	CDS-NonDICOMMRimages-186889	SPIN	nanos_gigantum_humeris_insidentes	NONE	Macte_animo_Generose_puer_sic_itur_ad_astra	19F	TAGGING_Superposition of thin saturation bands onto image	Yes	O_Tite_tute_Tati_tibi_tanta_tyranne_tulisti	Yes	No	No	scientia_et_sapientia	NONE	No	Yes	WATER	MAGNITUDE	Gallia_est_omnis_divisa_in_partes_tres
NonDICOMMRimages	CDS-IMAGE-984508	CDS-NonDICOMMRimages-181057	SPIN	Macte_animo_Generose_puer_sic_itur_ad_astra	NONE	haec_olim_meminisse_iuvabit	23NA	T1_T1 weighted contrast	No	scientia_et_sapientia	Yes	No	Yes	scientiae_cedit_mare	LONGITUDINAL	No	No	WATER	PHASE	scientia_et_labor
NonDICOMMRimages	CDS-IMAGE-263253	CDS-NonDICOMMRimages-308964	GRADIENT	scientia_et_labor	ISOTROPIC	cacatum_non_est_pictum	129XE	STIR_Short Tau Inversion Recovery	Yes	a_bene_placito	No	No	Yes	labor_ipse_voluptas	TIME REVERSED	No	Yes	FAT AND WATER	MAGNITUDE	Obedientia_civium_urbis_felicitas
NonDICOMMRimages	CDS-IMAGE-917799	CDS-NonDICOMMRimages-506566	GRADIENT	nascentes_morimur_finisque_ab_origine_pendet	ISOTROPIC	barba_crescit_caput_nescit	19F	TOF_Time Of Flight weighted contrast	No	scientia_et_labor	No	No	No	e_causa_ignota	LONGITUDINAL	No	Yes	NONE	PHASE	scientia_et_sapientia
NonDICOMMRimages	CDS-IMAGE-960512	CDS-NonDICOMMRimages-943055	BOTH	barba_crescit_caput_nescit	NONE	scientia_imperii_decus_et_tutamen	23NA	T1_T1 weighted contrast	No	scientia_imperii_decus_et_tutamen	No	Yes	Yes	scientiae_cedit_mare	NONE	Yes	Yes	FAT	PHASE	labor_ipse_voluptas
NonDICOMMRimages	CDS-IMAGE-702299	CDS-NonDICOMMRimages-576464	SPIN	salus_in_arduis	NONE	Gallia_est_omnis_divisa_in_partes_tres	31P	T2_T2 weighted contrast	No	barba_crescit_caput_nescit	No	Yes	No	barba_crescit_caput_nescit	FREE PRECESSION	Yes	Yes	SILICON GEL	IMAGINARY	faber_est_suae_quisque_fortunae
NonDICOMMRimages	CDS-IMAGE-241353	CDS-NonDICOMMRimages-944929	SPIN	damnant_quod_non_intellegunt	DIRECTIONAL	nanos_gigantum_humeris_insidentes	13C	TAGGING_Superposition of thin saturation bands onto image	Yes	scientia_imperii_decus_et_tutamen	Yes	Yes	Yes	scientiae_cedit_mare	LONGITUDINAL	Yes	Yes	FAT	MAGNITUDE	saltus_in_demonstrando
NonDICOMMRimages	CDS-IMAGE-637925	CDS-NonDICOMMRimages-661572	GRADIENT	scientiae_cedit_mare	NONE	Macte_animo_Generose_puer_sic_itur_ad_astra	23NA	T1_T1 weighted contrast	No	pace_tua	Yes	No	No	pace_tua	FREE PRECESSION	Yes	Yes	FAT	MAGNITUDE	scientia,_aere_perennius
NonDICOMMRimages	CDS-IMAGE-746949	CDS-NonDICOMMRimages-463951	SPIN	Gallia_est_omnis_divisa_in_partes_tres	DIRECTIONAL	salus_in_arduis	13C	TOF_Time Of Flight weighted contrast	No	saltus_in_demonstrando	Yes	No	No	Macte_animo_Generose_puer_sic_itur_ad_astra	TIME REVERSED	No	No	FAT AND WATER	REAL	scientia_et_sapientia
NonDICOMMRimages	CDS-IMAGE-966442	CDS-NonDICOMMRimages-275328	SPIN	nanos_gigantum_humeris_insidentes	BMATRIX	Macte_animo_Generose_puer_sic_itur_ad_astra	3HE	FLOW_ENCODED_Flow Encoded contrast	No	a_bene_placito	No	Yes	No	cacatum_non_est_pictum	FREE PRECESSION	No	Yes	FAT	REAL	scientia_et_sapientia
NonDICOMMRimages	CDS-IMAGE-630098	CDS-NonDICOMMRimages-819804	SPIN	scientia_imperii_decus_et_tutamen	BMATRIX	salus_in_arduis	129XE	T1_T1 weighted contrast	No	scientia_imperii_decus_et_tutamen	Yes	Yes	Yes	scientia_et_sapientia	TIME REVERSED	No	No	FAT AND WATER	REAL	id_quod_plerumque_accidit
NonDICOMMRimages	CDS-IMAGE-164482	CDS-NonDICOMMRimages-567247	SPIN	pace_tua	NONE	scientia_et_labor	129XE	STIR_Short Tau Inversion Recovery	No	imperium_in_imperio	Yes	Yes	Yes	scientia,_aere_perennius	FREE PRECESSION	Yes	Yes	FAT AND WATER	MAGNITUDE	scientiae_cedit_mare
NonDICOMMRimages	CDS-IMAGE-558269	CDS-NonDICOMMRimages-286640	BOTH	scientia_et_labor	BMATRIX	salus_in_arduis	7LI	STIR_Short Tau Inversion Recovery	Yes	damnant_quod_non_intellegunt	No	Yes	No	scientia_et_labor	FREE PRECESSION	No	No	SILICON GEL	IMAGINARY	imperium_in_imperio
NonDICOMMRimages	CDS-IMAGE-285194	CDS-NonDICOMMRimages-649041	SPIN	barba_crescit_caput_nescit	NONE	sapiens_qui_prospicit	1H	T2_STAR_T2* weighted contrast	No	saltus_in_demonstrando	Yes	No	No	imperium_in_imperio	LONGITUDINAL	Yes	Yes	FAT AND WATER	MAGNITUDE	cacatum_non_est_pictum
NonDICOMMRimages	CDS-IMAGE-962928	CDS-NonDICOMMRimages-429960	SPIN	imperium_in_imperio	ISOTROPIC	Macte_animo_Generose_puer_sic_itur_ad_astra	23NA	TAGGING_Superposition of thin saturation bands onto image	Yes	nascentes_morimur_finisque_ab_origine_pendet	No	No	Yes	barba_crescit_caput_nescit	LONGITUDINAL	Yes	Yes	SILICON GEL	PHASE	damnant_quod_non_intellegunt
NonDICOMMRimages	CDS-IMAGE-956057	CDS-NonDICOMMRimages-678251	GRADIENT	a_bene_placito	DIRECTIONAL	imperium_in_imperio	129XE	FLOW_ENCODED_Flow Encoded contrast	Yes	Obedientia_civium_urbis_felicitas	Yes	Yes	No	nanos_gigantum_humeris_insidentes	FREE PRECESSION	No	No	FAT	IMAGINARY	scientiae_cedit_mare
NonDICOMMRimages	CDS-IMAGE-433722	CDS-NonDICOMMRimages-435922	GRADIENT	scientia,_aere_perennius	NONE	sapiens_qui_prospicit	23NA	TAGGING_Superposition of thin saturation bands onto image	Yes	scientia_imperii_decus_et_tutamen	No	No	No	O_Tite_tute_Tati_tibi_tanta_tyranne_tulisti	TIME REVERSED	Yes	No	FAT	IMAGINARY	saltus_in_demonstrando
NonDICOMMRimages	CDS-IMAGE-278578	CDS-NonDICOMMRimages-556182	GRADIENT	scientia_et_sapientia	BMATRIX	salus_in_arduis	1H	FLOW_ENCODED_Flow Encoded contrast	Yes	damnant_quod_non_intellegunt	No	No	No	damnant_quod_non_intellegunt	TRANSVERSE	Yes	Yes	FAT AND WATER	MAGNITUDE	labor_ipse_voluptas
NonDICOMMRimages	CDS-IMAGE-542517	CDS-NonDICOMMRimages-277217	GRADIENT	salus_in_arduis	BMATRIX	imperium_in_imperio	3HE	TAGGING_Superposition of thin saturation bands onto image	Yes	saltus_in_demonstrando	No	No	Yes	scientia_et_sapientia	TRANSVERSE	Yes	No	SILICON GEL	PHASE	scientia_et_sapientia
NonDICOMMRimages	CDS-IMAGE-397481	CDS-NonDICOMMRimages-799753	SPIN	nascentes_morimur_finisque_ab_origine_pendet	ISOTROPIC	scientiae_cedit_mare	7LI	DIFFUSION	No	scientia_et_sapientia	No	Yes	Yes	faber_est_suae_quisque_fortunae	LONGITUDINAL	Yes	No	SILICON GEL	REAL	O_Tite_tute_Tati_tibi_tanta_tyranne_tulisti
NonDICOMMRimages	CDS-IMAGE-845268	CDS-NonDICOMMRimages-153176	BOTH	pace_tua	DIRECTIONAL	faber_est_suae_quisque_fortunae	7LI	STIR_Short Tau Inversion Recovery	Yes	scientiae_et_patriae	Yes	No	Yes	cacatum_non_est_pictum	TIME REVERSED	Yes	Yes	FAT	MAGNITUDE	sapiens_qui_prospicit
NonDICOMMRimages	CDS-IMAGE-681841	CDS-NonDICOMMRimages-387814	SPIN	nanos_gigantum_humeris_insidentes	DIRECTIONAL	scientia_et_sapientia	129XE	T2_STAR_T2* weighted contrast	Yes	salus_in_arduis	No	Yes	Yes	nanos_gigantum_humeris_insidentes	TRANSVERSE	Yes	No	NONE	MAGNITUDE	cacatum_non_est_pictum
NonDICOMMRimages	CDS-IMAGE-449072	CDS-NonDICOMMRimages-356555	SPIN	faber_est_suae_quisque_fortunae	NONE	nanos_gigantum_humeris_insidentes	3HE	DIFFUSION	No	nanos_gigantum_humeris_insidentes	Yes	Yes	No	nanos_gigantum_humeris_insidentes	TRANSVERSE	Yes	No	FAT	IMAGINARY	scientia,_aere_perennius
NonDICOMMRimages	CDS-IMAGE-836190	CDS-NonDICOMMRimages-951546	GRADIENT	sapiens_qui_prospicit	DIRECTIONAL	damnant_quod_non_intellegunt	129XE	STIR_Short Tau Inversion Recovery	No	nascentes_morimur_finisque_ab_origine_pendet	No	No	Yes	damnant_quod_non_intellegunt	TRANSVERSE	Yes	Yes	NONE	MAGNITUDE	saltus_in_demonstrando
NonDICOMMRimages	CDS-IMAGE-542355	CDS-NonDICOMMRimages-757505	SPIN	labor_ipse_voluptas	BMATRIX	Macte_animo_Generose_puer_sic_itur_ad_astra	7LI	T1_T1 weighted contrast	Yes	O_Tite_tute_Tati_tibi_tanta_tyranne_tulisti	Yes	No	No	id_quod_plerumque_accidit	LONGITUDINAL	Yes	Yes	SILICON GEL	MAGNITUDE	nanos_gigantum_humeris_insidentes
NonDICOMMRimages	CDS-IMAGE-878073	CDS-NonDICOMMRimages-845719	SPIN	labor_ipse_voluptas	BMATRIX	barba_crescit_caput_nescit	1H	T2_T2 weighted contrast	No	nanos_gigantum_humeris_insidentes	Yes	Yes	No	salus_in_arduis	FREE PRECESSION	Yes	No	FAT	IMAGINARY	pace_tua
NonDICOMMRimages	CDS-IMAGE-459381	CDS-NonDICOMMRimages-864360	BOTH	damnant_quod_non_intellegunt	BMATRIX	haec_olim_meminisse_iuvabit	23NA	PROTON_DENSITY_Proton Density weighted contrast	No	labor_ipse_voluptas	Yes	Yes	No	O_Tite_tute_Tati_tibi_tanta_tyranne_tulisti	LONGITUDINAL	No	Yes	FAT AND WATER	IMAGINARY	haec_olim_meminisse_iuvabit
NonDICOMMRimages	CDS-IMAGE-130011	CDS-NonDICOMMRimages-218112	GRADIENT	a_bene_placito	DIRECTIONAL	nanos_gigantum_humeris_insidentes	3HE	PROTON_DENSITY_Proton Density weighted contrast	No	Obedientia_civium_urbis_felicitas	No	Yes	Yes	haec_olim_meminisse_iuvabit	TRANSVERSE	No	Yes	NONE	REAL	scientiae_cedit_mare
NonDICOMMRimages	CDS-IMAGE-459134	CDS-NonDICOMMRimages-292199	BOTH	scientia_et_labor	BMATRIX	pace_tua	3HE	DIFFUSION	Yes	a_bene_placito	No	Yes	Yes	Gallia_est_omnis_divisa_in_partes_tres	TIME REVERSED	Yes	Yes	FAT	MAGNITUDE	scientiae_et_patriae
NonDICOMMRimages	CDS-IMAGE-774229	CDS-NonDICOMMRimages-623885	GRADIENT	pace_tua	BMATRIX	cacatum_non_est_pictum	13C	T2_T2 weighted contrast	No	haec_olim_meminisse_iuvabit	No	No	Yes	scientia_et_sapientia	FREE PRECESSION	No	Yes	NONE	REAL	scientia_et_sapientia
NonDICOMMRimages	CDS-IMAGE-564281	CDS-NonDICOMMRimages-430892	SPIN	Gallia_est_omnis_divisa_in_partes_tres	NONE	haec_olim_meminisse_iuvabit	31P	TOF_Time Of Flight weighted contrast	Yes	labor_ipse_voluptas	Yes	Yes	No	scientia_et_labor	TIME REVERSED	No	No	FAT	PHASE	scientia_et_labor
NonDICOMMRimages	CDS-IMAGE-420262	CDS-NonDICOMMRimages-619484	SPIN	scientia_et_sapientia	NONE	Gallia_est_omnis_divisa_in_partes_tres	19F	FLOW_ENCODED_Flow Encoded contrast	No	salus_in_arduis	Yes	No	Yes	faber_est_suae_quisque_fortunae	NONE	Yes	No	NONE	REAL	Macte_animo_Generose_puer_sic_itur_ad_astra
NonDICOMMRimages	CDS-IMAGE-692761	CDS-NonDICOMMRimages-453876	BOTH	Obedientia_civium_urbis_felicitas	NONE	scientia,_aere_perennius	129XE	DIFFUSION	Yes	damnant_quod_non_intellegunt	Yes	Yes	No	sapiens_qui_prospicit	LONGITUDINAL	Yes	No	FAT AND WATER	MAGNITUDE	scientia_et_sapientia
NonDICOMMRimages	CDS-IMAGE-398343	CDS-NonDICOMMRimages-927875	SPIN	scientia,_aere_perennius	BMATRIX	saltus_in_demonstrando	1H	TAGGING_Superposition of thin saturation bands onto image	No	sapiens_qui_prospicit	Yes	No	Yes	saltus_in_demonstrando	TRANSVERSE	No	No	SILICON GEL	REAL	Gallia_est_omnis_divisa_in_partes_tres
NonDICOMMRimages	CDS-IMAGE-944901	CDS-NonDICOMMRimages-475204	GRADIENT	salus_in_arduis	ISOTROPIC	id_quod_plerumque_accidit	1H	T1_T1 weighted contrast	No	haec_olim_meminisse_iuvabit	No	Yes	Yes	scientia_et_sapientia	FREE PRECESSION	No	No	FAT AND WATER	PHASE	imperium_in_imperio
NonDICOMMRimages	CDS-IMAGE-460762	CDS-NonDICOMMRimages-955674	BOTH	barba_crescit_caput_nescit	BMATRIX	pace_tua	19F	TOF_Time Of Flight weighted contrast	No	cacatum_non_est_pictum	Yes	Yes	No	faber_est_suae_quisque_fortunae	NONE	Yes	No	FAT	IMAGINARY	scientiae_cedit_mare
NonDICOMMRimages	CDS-IMAGE-541832	CDS-NonDICOMMRimages-106617	GRADIENT	Macte_animo_Generose_puer_sic_itur_ad_astra	DIRECTIONAL	haec_olim_meminisse_iuvabit	19F	TOF_Time Of Flight weighted contrast	Yes	salus_in_arduis	Yes	Yes	Yes	e_causa_ignota	LONGITUDINAL	No	Yes	FAT	REAL	Obedientia_civium_urbis_felicitas
NonDICOMMRimages	CDS-IMAGE-135180	CDS-NonDICOMMRimages-580330	BOTH	salus_in_arduis	NONE	scientia_et_labor	19F	STIR_Short Tau Inversion Recovery	No	Obedientia_civium_urbis_felicitas	No	No	Yes	nanos_gigantum_humeris_insidentes	TRANSVERSE	No	Yes	NONE	PHASE	sapiens_qui_prospicit
NonDICOMMRimages	CDS-IMAGE-983324	CDS-NonDICOMMRimages-453720	SPIN	id_quod_plerumque_accidit	DIRECTIONAL	Macte_animo_Generose_puer_sic_itur_ad_astra	1H	FLOW_ENCODED_Flow Encoded contrast	Yes	scientia_et_sapientia	Yes	No	No	nascentes_morimur_finisque_ab_origine_pendet	NONE	Yes	Yes	SILICON GEL	PHASE	sapiens_qui_prospicit
NonDICOMMRimages	CDS-IMAGE-673389	CDS-NonDICOMMRimages-645839	BOTH	scientia_et_sapientia	BMATRIX	barba_crescit_caput_nescit	31P	STIR_Short Tau Inversion Recovery	No	nascentes_morimur_finisque_ab_origine_pendet	Yes	No	No	Gallia_est_omnis_divisa_in_partes_tres	NONE	Yes	No	FAT AND WATER	IMAGINARY	saltus_in_demonstrando
NonDICOMMRimages	CDS-IMAGE-274274	CDS-NonDICOMMRimages-871814	GRADIENT	pace_tua	DIRECTIONAL	O_Tite_tute_Tati_tibi_tanta_tyranne_tulisti	13C	DIFFUSION	No	a_bene_placito	Yes	No	No	e_causa_ignota	TIME REVERSED	No	No	WATER	PHASE	imperium_in_imperio
NonDICOMMRimages	CDS-IMAGE-991965	CDS-NonDICOMMRimages-725481	BOTH	sapiens_qui_prospicit	NONE	O_Tite_tute_Tati_tibi_tanta_tyranne_tulisti	1H	FLOW_ENCODED_Flow Encoded contrast	No	scientia_et_labor	Yes	No	Yes	pace_tua	LONGITUDINAL	No	No	NONE	REAL	nanos_gigantum_humeris_insidentes
NonDICOMMRimages	CDS-IMAGE-936375	CDS-NonDICOMMRimages-224082	GRADIENT	sapiens_qui_prospicit	DIRECTIONAL	damnant_quod_non_intellegunt	3HE	STIR_Short Tau Inversion Recovery	Yes	haec_olim_meminisse_iuvabit	Yes	No	No	scientia_et_sapientia	NONE	No	Yes	WATER	IMAGINARY	scientia_et_labor
NonDICOMMRimages	CDS-IMAGE-621415	CDS-NonDICOMMRimages-333365	BOTH	scientia,_aere_perennius	NONE	scientiae_cedit_mare	3HE	PROTON_DENSITY_Proton Density weighted contrast	Yes	id_quod_plerumque_accidit	No	No	No	imperium_in_imperio	TIME REVERSED	Yes	Yes	NONE	PHASE	labor_ipse_voluptas
NonDICOMMRimages	CDS-IMAGE-329750	CDS-NonDICOMMRimages-135862	GRADIENT	nanos_gigantum_humeris_insidentes	BMATRIX	id_quod_plerumque_accidit	19F	TAGGING_Superposition of thin saturation bands onto image	Yes	sapiens_qui_prospicit	No	No	Yes	imperium_in_imperio	NONE	No	Yes	FAT AND WATER	MAGNITUDE	labor_ipse_voluptas
NonDICOMMRimages	CDS-IMAGE-375975	CDS-NonDICOMMRimages-592935	SPIN	saltus_in_demonstrando	BMATRIX	labor_ipse_voluptas	129XE	FLUID_ATTENUATED_Fluid Attenuated T2 weighted contrast	Yes	Gallia_est_omnis_divisa_in_partes_tres	Yes	No	No	Obedientia_civium_urbis_felicitas	NONE	Yes	No	FAT	REAL	barba_crescit_caput_nescit
NonDICOMMRimages	CDS-IMAGE-750212	CDS-NonDICOMMRimages-113436	BOTH	faber_est_suae_quisque_fortunae	ISOTROPIC	saltus_in_demonstrando	31P	DIFFUSION	Yes	salus_in_arduis	Yes	No	Yes	nascentes_morimur_finisque_ab_origine_pendet	TIME REVERSED	Yes	Yes	FAT AND WATER	PHASE	Obedientia_civium_urbis_felicitas
NonDICOMMRimages	CDS-IMAGE-857002	CDS-NonDICOMMRimages-693094	BOTH	O_Tite_tute_Tati_tibi_tanta_tyranne_tulisti	NONE	Gallia_est_omnis_divisa_in_partes_tres	23NA	DIFFUSION	No	pace_tua	No	Yes	No	id_quod_plerumque_accidit	FREE PRECESSION	No	Yes	WATER	MAGNITUDE	scientia_et_sapientia
NonDICOMMRimages	CDS-IMAGE-954755	CDS-NonDICOMMRimages-625845	SPIN	imperium_in_imperio	NONE	faber_est_suae_quisque_fortunae	31P	DIFFUSION	Yes	damnant_quod_non_intellegunt	Yes	No	Yes	salus_in_arduis	FREE PRECESSION	No	No	FAT AND WATER	PHASE	a_bene_placito
NonDICOMMRimages	CDS-IMAGE-755166	CDS-NonDICOMMRimages-683427	SPIN	scientia_imperii_decus_et_tutamen	ISOTROPIC	salus_in_arduis	19F	TOF_Time Of Flight weighted contrast	Yes	damnant_quod_non_intellegunt	Yes	Yes	No	cacatum_non_est_pictum	NONE	Yes	No	SILICON GEL	MAGNITUDE	faber_est_suae_quisque_fortunae
NonDICOMMRimages	CDS-IMAGE-163383	CDS-NonDICOMMRimages-830744	GRADIENT	scientiae_cedit_mare	BMATRIX	barba_crescit_caput_nescit	23NA	DIFFUSION	Yes	scientia_et_labor	Yes	No	Yes	Macte_animo_Generose_puer_sic_itur_ad_astra	TRANSVERSE	Yes	Yes	NONE	MAGNITUDE	scientia_et_labor
NonDICOMMRimages	CDS-IMAGE-196746	CDS-NonDICOMMRimages-718574	BOTH	saltus_in_demonstrando	ISOTROPIC	damnant_quod_non_intellegunt	3HE	T2_STAR_T2* weighted contrast	No	barba_crescit_caput_nescit	Yes	Yes	No	e_causa_ignota	LONGITUDINAL	No	No	FAT	REAL	Macte_animo_Generose_puer_sic_itur_ad_astra
NonDICOMMRimages	CDS-IMAGE-709584	CDS-NonDICOMMRimages-182556	SPIN	Gallia_est_omnis_divisa_in_partes_tres	ISOTROPIC	scientia,_aere_perennius	7LI	FLUID_ATTENUATED_Fluid Attenuated T2 weighted contrast	No	Obedientia_civium_urbis_felicitas	No	Yes	No	haec_olim_meminisse_iuvabit	TRANSVERSE	No	No	NONE	IMAGINARY	labor_ipse_voluptas
NonDICOMMRimages	CDS-IMAGE-406466	CDS-NonDICOMMRimages-112835	BOTH	sapiens_qui_prospicit	NONE	faber_est_suae_quisque_fortunae	3HE	DIFFUSION	Yes	salus_in_arduis	No	No	No	scientiae_cedit_mare	LONGITUDINAL	No	Yes	NONE	MAGNITUDE	imperium_in_imperio
NonDICOMMRimages	CDS-IMAGE-505131	CDS-NonDICOMMRimages-766663	SPIN	pace_tua	NONE	haec_olim_meminisse_iuvabit	19F	T2_T2 weighted contrast	Yes	saltus_in_demonstrando	No	No	Yes	Gallia_est_omnis_divisa_in_partes_tres	TRANSVERSE	No	No	FAT AND WATER	IMAGINARY	scientia_et_labor
NonDICOMMRimages	CDS-IMAGE-744195	CDS-NonDICOMMRimages-841488	SPIN	barba_crescit_caput_nescit	ISOTROPIC	damnant_quod_non_intellegunt	31P	PERFUSION_Perfusion weighted contrast	Yes	O_Tite_tute_Tati_tibi_tanta_tyranne_tulisti	No	Yes	No	sapiens_qui_prospicit	FREE PRECESSION	No	Yes	FAT AND WATER	PHASE	O_Tite_tute_Tati_tibi_tanta_tyranne_tulisti
NonDICOMMRimages	CDS-IMAGE-406860	CDS-NonDICOMMRimages-947679	BOTH	scientia_et_labor	DIRECTIONAL	pace_tua	7LI	PERFUSION_Perfusion weighted contrast	Yes	nanos_gigantum_humeris_insidentes	No	No	Yes	Macte_animo_Generose_puer_sic_itur_ad_astra	FREE PRECESSION	Yes	Yes	NONE	REAL	id_quod_plerumque_accidit
NonDICOMMRimages	CDS-IMAGE-226988	CDS-NonDICOMMRimages-858765	SPIN	scientia,_aere_perennius	BMATRIX	nascentes_morimur_finisque_ab_origine_pendet	1H	FLOW_ENCODED_Flow Encoded contrast	No	scientiae_et_patriae	No	Yes	No	scientia,_aere_perennius	TIME REVERSED	No	Yes	FAT AND WATER	MAGNITUDE	cacatum_non_est_pictum
NonDICOMMRimages	CDS-IMAGE-673537	CDS-NonDICOMMRimages-394354	BOTH	imperium_in_imperio	NONE	e_causa_ignota	1H	STIR_Short Tau Inversion Recovery	Yes	labor_ipse_voluptas	Yes	Yes	No	scientiae_cedit_mare	TIME REVERSED	No	Yes	FAT	IMAGINARY	scientia_imperii_decus_et_tutamen
NonDICOMMRimages	CDS-IMAGE-371060	CDS-NonDICOMMRimages-405776	BOTH	damnant_quod_non_intellegunt	BMATRIX	Obedientia_civium_urbis_felicitas	129XE	TOF_Time Of Flight weighted contrast	No	nanos_gigantum_humeris_insidentes	Yes	Yes	No	haec_olim_meminisse_iuvabit	NONE	Yes	Yes	FAT	REAL	salus_in_arduis
NonDICOMMRimages	CDS-IMAGE-367636	CDS-NonDICOMMRimages-909285	SPIN	e_causa_ignota	ISOTROPIC	saltus_in_demonstrando	31P	PROTON_DENSITY_Proton Density weighted contrast	Yes	Gallia_est_omnis_divisa_in_partes_tres	Yes	No	No	haec_olim_meminisse_iuvabit	NONE	Yes	Yes	NONE	REAL	scientia,_aere_perennius
NonDICOMMRimages	CDS-IMAGE-247763	CDS-NonDICOMMRimages-945455	SPIN	Macte_animo_Generose_puer_sic_itur_ad_astra	DIRECTIONAL	scientia,_aere_perennius	19F	T1_T1 weighted contrast	No	faber_est_suae_quisque_fortunae	No	Yes	Yes	scientiae_cedit_mare	LONGITUDINAL	Yes	No	NONE	IMAGINARY	scientia_et_labor
NonDICOMMRimages	CDS-IMAGE-426140	CDS-NonDICOMMRimages-330197	BOTH	e_causa_ignota	NONE	haec_olim_meminisse_iuvabit	3HE	TAGGING_Superposition of thin saturation bands onto image	Yes	saltus_in_demonstrando	Yes	Yes	No	labor_ipse_voluptas	FREE PRECESSION	Yes	No	WATER	REAL	cacatum_non_est_pictum
NonDICOMMRimages	CDS-IMAGE-930742	CDS-NonDICOMMRimages-135091	GRADIENT	nanos_gigantum_humeris_insidentes	BMATRIX	imperium_in_imperio	129XE	FLOW_ENCODED_Flow Encoded contrast	No	Macte_animo_Generose_puer_sic_itur_ad_astra	No	Yes	No	Macte_animo_Generose_puer_sic_itur_ad_astra	LONGITUDINAL	No	Yes	WATER	PHASE	scientiae_cedit_mare
NonDICOMMRimages	CDS-IMAGE-986291	CDS-NonDICOMMRimages-704649	GRADIENT	labor_ipse_voluptas	ISOTROPIC	barba_crescit_caput_nescit	19F	T2_T2 weighted contrast	Yes	nanos_gigantum_humeris_insidentes	Yes	Yes	No	cacatum_non_est_pictum	FREE PRECESSION	No	No	NONE	PHASE	haec_olim_meminisse_iuvabit
NonDICOMMRimages	CDS-IMAGE-571177	CDS-NonDICOMMRimages-314789	BOTH	scientiae_et_patriae	DIRECTIONAL	sapiens_qui_prospicit	3HE	T2_STAR_T2* weighted contrast	Yes	O_Tite_tute_Tati_tibi_tanta_tyranne_tulisti	No	No	Yes	imperium_in_imperio	NONE	Yes	Yes	NONE	REAL	labor_ipse_voluptas
NonDICOMMRimages	CDS-IMAGE-549804	CDS-NonDICOMMRimages-278473	SPIN	scientiae_et_patriae	ISOTROPIC	scientia_imperii_decus_et_tutamen	31P	T2_T2 weighted contrast	Yes	pace_tua	No	Yes	No	faber_est_suae_quisque_fortunae	TRANSVERSE	No	Yes	NONE	REAL	e_causa_ignota
NonDICOMMRimages	CDS-IMAGE-746226	CDS-NonDICOMMRimages-231438	SPIN	scientia,_aere_perennius	ISOTROPIC	e_causa_ignota	3HE	FLOW_ENCODED_Flow Encoded contrast	No	saltus_in_demonstrando	Yes	Yes	Yes	e_causa_ignota	FREE PRECESSION	Yes	No	FAT AND WATER	REAL	saltus_in_demonstrando
NonDICOMMRimages	CDS-IMAGE-535291	CDS-NonDICOMMRimages-257924	GRADIENT	salus_in_arduis	NONE	id_quod_plerumque_accidit	1H	T2_STAR_T2* weighted contrast	Yes	imperium_in_imperio	Yes	Yes	No	nanos_gigantum_humeris_insidentes	TIME REVERSED	Yes	No	WATER	MAGNITUDE	scientiae_et_patriae
NonDICOMMRimages	CDS-IMAGE-671035	CDS-NonDICOMMRimages-701000	SPIN	saltus_in_demonstrando	BMATRIX	Obedientia_civium_urbis_felicitas	3HE	T1_T1 weighted contrast	Yes	nanos_gigantum_humeris_insidentes	Yes	Yes	No	imperium_in_imperio	LONGITUDINAL	No	Yes	FAT AND WATER	MAGNITUDE	O_Tite_tute_Tati_tibi_tanta_tyranne_tulisti
NonDICOMMRimages	CDS-IMAGE-580142	CDS-NonDICOMMRimages-156894	BOTH	scientia,_aere_perennius	ISOTROPIC	labor_ipse_voluptas	31P	DIFFUSION	No	Obedientia_civium_urbis_felicitas	Yes	No	No	id_quod_plerumque_accidit	FREE PRECESSION	Yes	Yes	NONE	PHASE	scientiae_cedit_mare
NonDICOMMRimages	CDS-IMAGE-232356	CDS-NonDICOMMRimages-798690	BOTH	barba_crescit_caput_nescit	DIRECTIONAL	saltus_in_demonstrando	31P	FLUID_ATTENUATED_Fluid Attenuated T2 weighted contrast	No	scientiae_cedit_mare	No	No	No	nascentes_morimur_finisque_ab_origine_pendet	LONGITUDINAL	Yes	Yes	SILICON GEL	PHASE	nanos_gigantum_humeris_insidentes
NonDICOMMRimages	CDS-IMAGE-544672	CDS-NonDICOMMRimages-572446	GRADIENT	nascentes_morimur_finisque_ab_origine_pendet	DIRECTIONAL	nascentes_morimur_finisque_ab_origine_pendet	1H	STIR_Short Tau Inversion Recovery	Yes	imperium_in_imperio	Yes	Yes	Yes	salus_in_arduis	LONGITUDINAL	Yes	Yes	NONE	REAL	scientia_imperii_decus_et_tutamen
NonDICOMMRimages	CDS-IMAGE-800786	CDS-NonDICOMMRimages-554619	BOTH	a_bene_placito	DIRECTIONAL	saltus_in_demonstrando	31P	PROTON_DENSITY_Proton Density weighted contrast	Yes	salus_in_arduis	No	No	No	saltus_in_demonstrando	TIME REVERSED	Yes	No	SILICON GEL	MAGNITUDE	scientiae_cedit_mare
NonDICOMMRimages	CDS-IMAGE-731707	CDS-NonDICOMMRimages-366324	GRADIENT	nanos_gigantum_humeris_insidentes	DIRECTIONAL	cacatum_non_est_pictum	31P	PROTON_DENSITY_Proton Density weighted contrast	Yes	imperium_in_imperio	No	No	Yes	labor_ipse_voluptas	LONGITUDINAL	No	No	SILICON GEL	MAGNITUDE	Macte_animo_Generose_puer_sic_itur_ad_astra
NonDICOMMRimages	CDS-IMAGE-481655	CDS-NonDICOMMRimages-697856	GRADIENT	id_quod_plerumque_accidit	DIRECTIONAL	sapiens_qui_prospicit	23NA	FLOW_ENCODED_Flow Encoded contrast	No	nascentes_morimur_finisque_ab_origine_pendet	No	No	No	Obedientia_civium_urbis_felicitas	TIME REVERSED	No	Yes	NONE	MAGNITUDE	scientiae_et_patriae
NonDICOMMRimages	CDS-IMAGE-134309	CDS-NonDICOMMRimages-415424	SPIN	saltus_in_demonstrando	DIRECTIONAL	Macte_animo_Generose_puer_sic_itur_ad_astra	7LI	TOF_Time Of Flight weighted contrast	No	imperium_in_imperio	Yes	Yes	No	Obedientia_civium_urbis_felicitas	FREE PRECESSION	No	No	WATER	MAGNITUDE	faber_est_suae_quisque_fortunae
NonDICOMMRimages	CDS-IMAGE-672509	CDS-NonDICOMMRimages-690879	SPIN	id_quod_plerumque_accidit	BMATRIX	scientiae_et_patriae	31P	PERFUSION_Perfusion weighted contrast	No	scientia_et_sapientia	No	No	Yes	scientia_et_sapientia	NONE	No	Yes	SILICON GEL	PHASE	nascentes_morimur_finisque_ab_origine_pendet
NonDICOMMRimages	CDS-IMAGE-403940	CDS-NonDICOMMRimages-757167	GRADIENT	pace_tua	DIRECTIONAL	barba_crescit_caput_nescit	23NA	PROTON_DENSITY_Proton Density weighted contrast	Yes	scientia_imperii_decus_et_tutamen	Yes	Yes	No	scientia_et_sapientia	TIME REVERSED	No	No	NONE	PHASE	id_quod_plerumque_accidit
NonDICOMMRimages	CDS-IMAGE-166818	CDS-NonDICOMMRimages-100683	BOTH	damnant_quod_non_intellegunt	BMATRIX	salus_in_arduis	13C	PROTON_DENSITY_Proton Density weighted contrast	Yes	nanos_gigantum_humeris_insidentes	No	No	Yes	scientiae_cedit_mare	TRANSVERSE	No	Yes	SILICON GEL	IMAGINARY	labor_ipse_voluptas
NonDICOMMRimages	CDS-IMAGE-422364	CDS-NonDICOMMRimages-214581	GRADIENT	scientia_et_sapientia	NONE	haec_olim_meminisse_iuvabit	19F	FLUID_ATTENUATED_Fluid Attenuated T2 weighted contrast	No	Gallia_est_omnis_divisa_in_partes_tres	No	No	Yes	scientia,_aere_perennius	NONE	Yes	Yes	SILICON GEL	MAGNITUDE	labor_ipse_voluptas
NonDICOMMRimages	CDS-IMAGE-810094	CDS-NonDICOMMRimages-245738	SPIN	saltus_in_demonstrando	DIRECTIONAL	haec_olim_meminisse_iuvabit	129XE	FLUID_ATTENUATED_Fluid Attenuated T2 weighted contrast	No	saltus_in_demonstrando	Yes	No	Yes	barba_crescit_caput_nescit	TRANSVERSE	Yes	Yes	NONE	MAGNITUDE	a_bene_placito
NonDICOMMRimages	CDS-IMAGE-583028	CDS-NonDICOMMRimages-950959	GRADIENT	scientiae_et_patriae	ISOTROPIC	scientiae_et_patriae	31P	T2_STAR_T2* weighted contrast	No	pace_tua	No	No	No	scientiae_et_patriae	FREE PRECESSION	Yes	No	FAT AND WATER	PHASE	salus_in_arduis
NonDICOMMRimages	CDS-IMAGE-564444	CDS-NonDICOMMRimages-379052	GRADIENT	damnant_quod_non_intellegunt	NONE	faber_est_suae_quisque_fortunae	13C	T2_T2 weighted contrast	Yes	haec_olim_meminisse_iuvabit	Yes	Yes	Yes	e_causa_ignota	NONE	Yes	Yes	WATER	REAL	cacatum_non_est_pictum
NonDICOMMRimages	CDS-IMAGE-889846	CDS-NonDICOMMRimages-109219	BOTH	Obedientia_civium_urbis_felicitas	NONE	id_quod_plerumque_accidit	129XE	STIR_Short Tau Inversion Recovery	Yes	scientia_imperii_decus_et_tutamen	No	Yes	Yes	id_quod_plerumque_accidit	LONGITUDINAL	Yes	No	WATER	PHASE	O_Tite_tute_Tati_tibi_tanta_tyranne_tulisti
NonDICOMMRimages	CDS-IMAGE-958997	CDS-NonDICOMMRimages-783963	BOTH	labor_ipse_voluptas	NONE	scientia,_aere_perennius	23NA	STIR_Short Tau Inversion Recovery	No	pace_tua	No	Yes	No	barba_crescit_caput_nescit	LONGITUDINAL	No	No	WATER	MAGNITUDE	nanos_gigantum_humeris_insidentes
NonDICOMMRimages	CDS-IMAGE-527367	CDS-NonDICOMMRimages-981782	SPIN	id_quod_plerumque_accidit	ISOTROPIC	scientia_imperii_decus_et_tutamen	23NA	FLOW_ENCODED_Flow Encoded contrast	No	nanos_gigantum_humeris_insidentes	No	No	No	barba_crescit_caput_nescit	TIME REVERSED	No	Yes	FAT	IMAGINARY	Macte_animo_Generose_puer_sic_itur_ad_astra
NonDICOMMRimages	CDS-IMAGE-217217	CDS-NonDICOMMRimages-900428	GRADIENT	saltus_in_demonstrando	ISOTROPIC	saltus_in_demonstrando	129XE	STIR_Short Tau Inversion Recovery	No	Macte_animo_Generose_puer_sic_itur_ad_astra	Yes	No	No	pace_tua	TIME REVERSED	Yes	No	FAT	IMAGINARY	faber_est_suae_quisque_fortunae
NonDICOMMRimages	CDS-IMAGE-757635	CDS-NonDICOMMRimages-910539	SPIN	imperium_in_imperio	DIRECTIONAL	scientiae_et_patriae	3HE	STIR_Short Tau Inversion Recovery	Yes	scientia_imperii_decus_et_tutamen	No	Yes	Yes	saltus_in_demonstrando	TRANSVERSE	Yes	No	NONE	PHASE	Obedientia_civium_urbis_felicitas
NonDICOMMRimages	CDS-IMAGE-111204	CDS-NonDICOMMRimages-545296	GRADIENT	barba_crescit_caput_nescit	NONE	e_causa_ignota	23NA	FLOW_ENCODED_Flow Encoded contrast	No	damnant_quod_non_intellegunt	No	Yes	Yes	faber_est_suae_quisque_fortunae	TRANSVERSE	Yes	Yes	WATER	REAL	nascentes_morimur_finisque_ab_origine_pendet
NonDICOMMRimages	CDS-IMAGE-209381	CDS-NonDICOMMRimages-983348	SPIN	imperium_in_imperio	ISOTROPIC	Macte_animo_Generose_puer_sic_itur_ad_astra	31P	DIFFUSION	No	e_causa_ignota	Yes	No	No	O_Tite_tute_Tati_tibi_tanta_tyranne_tulisti	NONE	No	No	FAT AND WATER	IMAGINARY	barba_crescit_caput_nescit
NonDICOMMRimages	CDS-IMAGE-407524	CDS-NonDICOMMRimages-302953	SPIN	cacatum_non_est_pictum	DIRECTIONAL	id_quod_plerumque_accidit	3HE	T2_STAR_T2* weighted contrast	Yes	barba_crescit_caput_nescit	Yes	Yes	Yes	faber_est_suae_quisque_fortunae	TIME REVERSED	No	No	FAT AND WATER	PHASE	e_causa_ignota
NonDICOMMRimages	CDS-IMAGE-484900	CDS-NonDICOMMRimages-272753	SPIN	scientia_et_labor	NONE	nanos_gigantum_humeris_insidentes	7LI	TAGGING_Superposition of thin saturation bands onto image	Yes	damnant_quod_non_intellegunt	Yes	No	Yes	Obedientia_civium_urbis_felicitas	FREE PRECESSION	No	Yes	WATER	IMAGINARY	Macte_animo_Generose_puer_sic_itur_ad_astra
NonDICOMMRimages	CDS-IMAGE-635180	CDS-NonDICOMMRimages-298513	SPIN	scientia_et_sapientia	DIRECTIONAL	scientiae_et_patriae	3HE	T2_STAR_T2* weighted contrast	Yes	Gallia_est_omnis_divisa_in_partes_tres	No	No	No	faber_est_suae_quisque_fortunae	LONGITUDINAL	No	No	WATER	IMAGINARY	Macte_animo_Generose_puer_sic_itur_ad_astra
NonDICOMMRimages	CDS-IMAGE-936414	CDS-NonDICOMMRimages-351736	SPIN	id_quod_plerumque_accidit	ISOTROPIC	a_bene_placito	129XE	PROTON_DENSITY_Proton Density weighted contrast	No	Obedientia_civium_urbis_felicitas	No	No	Yes	scientiae_cedit_mare	LONGITUDINAL	No	No	SILICON GEL	REAL	salus_in_arduis
NonDICOMMRimages	CDS-IMAGE-176784	CDS-NonDICOMMRimages-295332	GRADIENT	cacatum_non_est_pictum	ISOTROPIC	Obedientia_civium_urbis_felicitas	7LI	STIR_Short Tau Inversion Recovery	Yes	saltus_in_demonstrando	No	No	No	imperium_in_imperio	LONGITUDINAL	No	No	WATER	IMAGINARY	a_bene_placito
NonDICOMMRimages	CDS-IMAGE-877145	CDS-NonDICOMMRimages-678366	GRADIENT	e_causa_ignota	ISOTROPIC	scientia_et_labor	129XE	FLUID_ATTENUATED_Fluid Attenuated T2 weighted contrast	No	Macte_animo_Generose_puer_sic_itur_ad_astra	No	Yes	Yes	labor_ipse_voluptas	LONGITUDINAL	Yes	Yes	NONE	MAGNITUDE	Gallia_est_omnis_divisa_in_partes_tres
NonDICOMMRimages	CDS-IMAGE-148186	CDS-NonDICOMMRimages-439296	SPIN	saltus_in_demonstrando	ISOTROPIC	id_quod_plerumque_accidit	31P	PERFUSION_Perfusion weighted contrast	No	salus_in_arduis	Yes	No	No	nanos_gigantum_humeris_insidentes	NONE	Yes	No	FAT AND WATER	IMAGINARY	O_Tite_tute_Tati_tibi_tanta_tyranne_tulisti
NonDICOMMRimages	CDS-IMAGE-787181	CDS-NonDICOMMRimages-501758	SPIN	nascentes_morimur_finisque_ab_origine_pendet	DIRECTIONAL	scientia,_aere_perennius	31P	T1_T1 weighted contrast	Yes	salus_in_arduis	Yes	No	No	sapiens_qui_prospicit	FREE PRECESSION	No	Yes	SILICON GEL	REAL	a_bene_placito
NonDICOMMRimages	CDS-IMAGE-551130	CDS-NonDICOMMRimages-965969	GRADIENT	labor_ipse_voluptas	BMATRIX	nascentes_morimur_finisque_ab_origine_pendet	129XE	TAGGING_Superposition of thin saturation bands onto image	Yes	salus_in_arduis	No	No	No	Obedientia_civium_urbis_felicitas	NONE	No	No	SILICON GEL	REAL	cacatum_non_est_pictum
NonDICOMMRimages	CDS-IMAGE-883403	CDS-NonDICOMMRimages-316393	SPIN	scientia,_aere_perennius	DIRECTIONAL	Macte_animo_Generose_puer_sic_itur_ad_astra	129XE	STIR_Short Tau Inversion Recovery	No	Obedientia_civium_urbis_felicitas	No	Yes	Yes	cacatum_non_est_pictum	TRANSVERSE	Yes	No	WATER	MAGNITUDE	pace_tua
NonDICOMMRimages	CDS-IMAGE-177859	CDS-NonDICOMMRimages-667490	GRADIENT	nascentes_morimur_finisque_ab_origine_pendet	ISOTROPIC	cacatum_non_est_pictum	31P	DIFFUSION	Yes	pace_tua	Yes	Yes	Yes	scientiae_et_patriae	TIME REVERSED	Yes	No	SILICON GEL	IMAGINARY	O_Tite_tute_Tati_tibi_tanta_tyranne_tulisti
NonDICOMMRimages	CDS-IMAGE-805569	CDS-NonDICOMMRimages-371711	SPIN	Macte_animo_Generose_puer_sic_itur_ad_astra	NONE	nanos_gigantum_humeris_insidentes	1H	T1_T1 weighted contrast	Yes	id_quod_plerumque_accidit	No	No	Yes	barba_crescit_caput_nescit	LONGITUDINAL	No	Yes	FAT AND WATER	IMAGINARY	nanos_gigantum_humeris_insidentes
NonDICOMMRimages	CDS-IMAGE-139288	CDS-NonDICOMMRimages-754285	BOTH	labor_ipse_voluptas	BMATRIX	salus_in_arduis	19F	PROTON_DENSITY_Proton Density weighted contrast	No	labor_ipse_voluptas	No	Yes	No	Macte_animo_Generose_puer_sic_itur_ad_astra	TIME REVERSED	Yes	Yes	SILICON GEL	MAGNITUDE	scientia_et_labor
NonDICOMMRimages	CDS-IMAGE-287082	CDS-NonDICOMMRimages-584215	GRADIENT	haec_olim_meminisse_iuvabit	ISOTROPIC	labor_ipse_voluptas	7LI	FLOW_ENCODED_Flow Encoded contrast	No	cacatum_non_est_pictum	No	No	No	O_Tite_tute_Tati_tibi_tanta_tyranne_tulisti	NONE	No	Yes	FAT AND WATER	IMAGINARY	Macte_animo_Generose_puer_sic_itur_ad_astra
NonDICOMMRimages	CDS-IMAGE-656577	CDS-NonDICOMMRimages-801782	BOTH	cacatum_non_est_pictum	BMATRIX	id_quod_plerumque_accidit	3HE	STIR_Short Tau Inversion Recovery	No	scientia_et_labor	No	Yes	Yes	scientiae_et_patriae	TIME REVERSED	No	No	SILICON GEL	MAGNITUDE	labor_ipse_voluptas
NonDICOMMRimages	CDS-IMAGE-324082	CDS-NonDICOMMRimages-718869	GRADIENT	Gallia_est_omnis_divisa_in_partes_tres	NONE	scientia_imperii_decus_et_tutamen	23NA	TOF_Time Of Flight weighted contrast	No	nascentes_morimur_finisque_ab_origine_pendet	No	No	No	id_quod_plerumque_accidit	FREE PRECESSION	No	No	FAT AND WATER	PHASE	nascentes_morimur_finisque_ab_origine_pendet
NonDICOMMRimages	CDS-IMAGE-418549	CDS-NonDICOMMRimages-329602	SPIN	scientia_et_labor	BMATRIX	Gallia_est_omnis_divisa_in_partes_tres	7LI	T1_T1 weighted contrast	Yes	scientia_et_sapientia	No	No	Yes	cacatum_non_est_pictum	TRANSVERSE	No	No	FAT AND WATER	IMAGINARY	scientiae_cedit_mare
NonDICOMMRimages	CDS-IMAGE-634650	CDS-NonDICOMMRimages-986164	SPIN	scientia,_aere_perennius	NONE	Obedientia_civium_urbis_felicitas	1H	TOF_Time Of Flight weighted contrast	No	cacatum_non_est_pictum	No	Yes	No	a_bene_placito	NONE	No	Yes	FAT AND WATER	PHASE	saltus_in_demonstrando
NonDICOMMRimages	CDS-IMAGE-132962	CDS-NonDICOMMRimages-586410	BOTH	scientiae_et_patriae	NONE	saltus_in_demonstrando	19F	TOF_Time Of Flight weighted contrast	No	nascentes_morimur_finisque_ab_origine_pendet	Yes	No	Yes	Macte_animo_Generose_puer_sic_itur_ad_astra	TRANSVERSE	Yes	Yes	FAT	IMAGINARY	saltus_in_demonstrando
NonDICOMMRimages	CDS-IMAGE-910624	CDS-NonDICOMMRimages-424310	SPIN	Obedientia_civium_urbis_felicitas	DIRECTIONAL	scientiae_et_patriae	129XE	T1_T1 weighted contrast	No	labor_ipse_voluptas	Yes	Yes	No	scientiae_cedit_mare	NONE	Yes	No	FAT	REAL	faber_est_suae_quisque_fortunae
NonDICOMMRimages	CDS-IMAGE-569303	CDS-NonDICOMMRimages-672850	BOTH	haec_olim_meminisse_iuvabit	BMATRIX	scientia_et_sapientia	129XE	FLUID_ATTENUATED_Fluid Attenuated T2 weighted contrast	Yes	sapiens_qui_prospicit	Yes	Yes	No	nanos_gigantum_humeris_insidentes	FREE PRECESSION	Yes	Yes	NONE	IMAGINARY	damnant_quod_non_intellegunt
NonDICOMMRimages	CDS-IMAGE-986164	CDS-NonDICOMMRimages-832284	BOTH	cacatum_non_est_pictum	BMATRIX	id_quod_plerumque_accidit	3HE	TAGGING_Superposition of thin saturation bands onto image	No	saltus_in_demonstrando	Yes	No	No	barba_crescit_caput_nescit	TRANSVERSE	No	No	NONE	REAL	Gallia_est_omnis_divisa_in_partes_tres
NonDICOMMRimages	CDS-IMAGE-170433	CDS-NonDICOMMRimages-339117	SPIN	labor_ipse_voluptas	BMATRIX	cacatum_non_est_pictum	129XE	FLUID_ATTENUATED_Fluid Attenuated T2 weighted contrast	Yes	scientia_et_labor	Yes	No	No	scientia_et_labor	FREE PRECESSION	No	Yes	SILICON GEL	IMAGINARY	sapiens_qui_prospicit
NonDICOMMRimages	CDS-IMAGE-264351	CDS-NonDICOMMRimages-468627	SPIN	a_bene_placito	BMATRIX	O_Tite_tute_Tati_tibi_tanta_tyranne_tulisti	1H	FLUID_ATTENUATED_Fluid Attenuated T2 weighted contrast	No	pace_tua	Yes	No	No	a_bene_placito	LONGITUDINAL	Yes	Yes	NONE	PHASE	sapiens_qui_prospicit
NonDICOMMRimages	CDS-IMAGE-574849	CDS-NonDICOMMRimages-770921	SPIN	scientiae_et_patriae	DIRECTIONAL	faber_est_suae_quisque_fortunae	3HE	T2_STAR_T2* weighted contrast	No	nascentes_morimur_finisque_ab_origine_pendet	Yes	No	Yes	salus_in_arduis	FREE PRECESSION	Yes	No	NONE	PHASE	haec_olim_meminisse_iuvabit
NonDICOMMRimages	CDS-IMAGE-692016	CDS-NonDICOMMRimages-183746	BOTH	id_quod_plerumque_accidit	ISOTROPIC	scientiae_et_patriae	31P	TOF_Time Of Flight weighted contrast	No	pace_tua	No	No	No	sapiens_qui_prospicit	TIME REVERSED	No	No	WATER	PHASE	imperium_in_imperio
NonDICOMMRimages	CDS-IMAGE-488170	CDS-NonDICOMMRimages-907668	BOTH	faber_est_suae_quisque_fortunae	ISOTROPIC	Gallia_est_omnis_divisa_in_partes_tres	3HE	FLUID_ATTENUATED_Fluid Attenuated T2 weighted contrast	No	scientia,_aere_perennius	Yes	No	Yes	Gallia_est_omnis_divisa_in_partes_tres	NONE	No	Yes	NONE	IMAGINARY	scientiae_cedit_mare
NonDICOMMRimages	CDS-IMAGE-795490	CDS-NonDICOMMRimages-989820	SPIN	imperium_in_imperio	NONE	salus_in_arduis	31P	DIFFUSION	No	haec_olim_meminisse_iuvabit	Yes	Yes	Yes	damnant_quod_non_intellegunt	TIME REVERSED	Yes	Yes	WATER	IMAGINARY	Obedientia_civium_urbis_felicitas
NonDICOMMRimages	CDS-IMAGE-837766	CDS-NonDICOMMRimages-217860	SPIN	Obedientia_civium_urbis_felicitas	BMATRIX	haec_olim_meminisse_iuvabit	13C	DIFFUSION	No	labor_ipse_voluptas	No	No	Yes	nascentes_morimur_finisque_ab_origine_pendet	TRANSVERSE	No	Yes	FAT	IMAGINARY	scientia_et_sapientia
NonDICOMMRimages	CDS-IMAGE-527834	CDS-NonDICOMMRimages-421229	BOTH	scientia_et_labor	DIRECTIONAL	scientia,_aere_perennius	13C	STIR_Short Tau Inversion Recovery	Yes	nascentes_morimur_finisque_ab_origine_pendet	Yes	No	No	Gallia_est_omnis_divisa_in_partes_tres	NONE	Yes	Yes	NONE	PHASE	nanos_gigantum_humeris_insidentes
NonDICOMMRimages	CDS-IMAGE-485357	CDS-NonDICOMMRimages-907210	SPIN	faber_est_suae_quisque_fortunae	NONE	a_bene_placito	13C	T1_T1 weighted contrast	Yes	scientia_et_labor	No	Yes	No	damnant_quod_non_intellegunt	LONGITUDINAL	No	No	WATER	PHASE	O_Tite_tute_Tati_tibi_tanta_tyranne_tulisti
NonDICOMMRimages	CDS-IMAGE-207834	CDS-NonDICOMMRimages-538334	BOTH	damnant_quod_non_intellegunt	ISOTROPIC	faber_est_suae_quisque_fortunae	23NA	T1_T1 weighted contrast	No	salus_in_arduis	Yes	Yes	No	Macte_animo_Generose_puer_sic_itur_ad_astra	TIME REVERSED	Yes	Yes	FAT	PHASE	saltus_in_demonstrando
NonDICOMMRimages	CDS-IMAGE-238046	CDS-NonDICOMMRimages-643377	GRADIENT	scientiae_cedit_mare	ISOTROPIC	faber_est_suae_quisque_fortunae	129XE	PERFUSION_Perfusion weighted contrast	No	salus_in_arduis	Yes	No	Yes	O_Tite_tute_Tati_tibi_tanta_tyranne_tulisti	NONE	Yes	Yes	NONE	IMAGINARY	O_Tite_tute_Tati_tibi_tanta_tyranne_tulisti
NonDICOMMRimages	CDS-IMAGE-209935	CDS-NonDICOMMRimages-464127	GRADIENT	scientiae_et_patriae	DIRECTIONAL	id_quod_plerumque_accidit	23NA	PROTON_DENSITY_Proton Density weighted contrast	Yes	Gallia_est_omnis_divisa_in_partes_tres	No	Yes	Yes	imperium_in_imperio	NONE	Yes	No	NONE	PHASE	Macte_animo_Generose_puer_sic_itur_ad_astra
NonDICOMMRimages	CDS-IMAGE-913261	CDS-NonDICOMMRimages-550765	BOTH	sapiens_qui_prospicit	NONE	damnant_quod_non_intellegunt	3HE	TAGGING_Superposition of thin saturation bands onto image	No	scientia_et_labor	Yes	No	No	faber_est_suae_quisque_fortunae	FREE PRECESSION	No	Yes	FAT	IMAGINARY	scientia,_aere_perennius
NonDICOMMRimages	CDS-IMAGE-322706	CDS-NonDICOMMRimages-991623	BOTH	scientia,_aere_perennius	DIRECTIONAL	scientiae_cedit_mare	7LI	PROTON_DENSITY_Proton Density weighted contrast	Yes	nascentes_morimur_finisque_ab_origine_pendet	Yes	Yes	No	O_Tite_tute_Tati_tibi_tanta_tyranne_tulisti	TIME REVERSED	Yes	No	FAT	PHASE	scientiae_et_patriae
NonDICOMMRimages	CDS-IMAGE-913451	CDS-NonDICOMMRimages-493359	GRADIENT	pace_tua	DIRECTIONAL	pace_tua	13C	PROTON_DENSITY_Proton Density weighted contrast	No	nascentes_morimur_finisque_ab_origine_pendet	No	No	No	Obedientia_civium_urbis_felicitas	TIME REVERSED	Yes	No	FAT	REAL	e_causa_ignota
NonDICOMMRimages	CDS-IMAGE-241598	CDS-NonDICOMMRimages-338229	GRADIENT	barba_crescit_caput_nescit	NONE	id_quod_plerumque_accidit	13C	T1_T1 weighted contrast	No	haec_olim_meminisse_iuvabit	No	No	Yes	labor_ipse_voluptas	FREE PRECESSION	No	No	FAT	REAL	pace_tua
NonDICOMMRimages	CDS-IMAGE-127701	CDS-NonDICOMMRimages-655050	GRADIENT	nanos_gigantum_humeris_insidentes	NONE	scientia_et_labor	3HE	FLUID_ATTENUATED_Fluid Attenuated T2 weighted contrast	Yes	O_Tite_tute_Tati_tibi_tanta_tyranne_tulisti	No	No	No	haec_olim_meminisse_iuvabit	NONE	No	No	FAT	REAL	cacatum_non_est_pictum
NonDICOMMRimages	CDS-IMAGE-116342	CDS-NonDICOMMRimages-853695	GRADIENT	scientiae_cedit_mare	NONE	Obedientia_civium_urbis_felicitas	23NA	PERFUSION_Perfusion weighted contrast	No	scientia_et_sapientia	No	No	No	O_Tite_tute_Tati_tibi_tanta_tyranne_tulisti	LONGITUDINAL	Yes	Yes	NONE	IMAGINARY	nanos_gigantum_humeris_insidentes
NonDICOMMRimages	CDS-IMAGE-179525	CDS-NonDICOMMRimages-688361	SPIN	Gallia_est_omnis_divisa_in_partes_tres	BMATRIX	nascentes_morimur_finisque_ab_origine_pendet	13C	STIR_Short Tau Inversion Recovery	Yes	saltus_in_demonstrando	No	Yes	No	Macte_animo_Generose_puer_sic_itur_ad_astra	NONE	Yes	No	FAT	REAL	scientia_et_sapientia
