type	image.study_link_id	NonDICOMpathologyImages_id	acquisition_method_type	tumor_tissue_type	tissue_fixative	embedding_medium	staining_method	objective	nominal_magnification	immersion	lens_numerical_aperture	crdc_id
NonDICOMpathologyImages	CDS-IMAGE-319865	CDS-NonDICOMpathologyImages-843340	Shave biopsy	Xenograft	Acetone	None	CODEX	sapiens_qui_prospicit	faber_est_suae_quisque_fortunae	Glycerol	haec_olim_meminisse_iuvabit	salus_in_arduis
NonDICOMpathologyImages	CDS-IMAGE-166295	CDS-NonDICOMpathologyImages-773334	Surgical Resection	Normal adjacent	TCL Lysis Buffer	None	SABER	scientiae_cedit_mare	scientiae_et_patriae	Water	scientia_et_sapientia	nascentes_morimur_finisque_ab_origine_pendet
NonDICOMpathologyImages	CDS-IMAGE-189793	CDS-NonDICOMpathologyImages-100573	Not applicable	Tumor post-therapy	Para-benzoquinone	DMEM+Serum	Not Applicable	scientia,_aere_perennius	sapiens_qui_prospicit	Water	barba_crescit_caput_nescit	saltus_in_demonstrando
NonDICOMpathologyImages	CDS-IMAGE-318597	CDS-NonDICOMpathologyImages-165578	Autopsy	Recurrent	RNAlater	RPMI+Serum	t-CyCIF	scientia_et_labor	scientia_et_labor	Glycerol	nanos_gigantum_humeris_insidentes	Macte_animo_Generose_puer_sic_itur_ad_astra
NonDICOMpathologyImages	CDS-IMAGE-742844	CDS-NonDICOMpathologyImages-397467	Other	Recurrent	Dimethylacetamide	None	CODEX	Obedientia_civium_urbis_felicitas	scientia_et_sapientia	Oil	barba_crescit_caput_nescit	e_causa_ignota
NonDICOMpathologyImages	CDS-IMAGE-629264	CDS-NonDICOMpathologyImages-274702	Pancreaticoduodenectomy	Additional Primary	RNAlater	DMEM+Serum	mIHC	haec_olim_meminisse_iuvabit	barba_crescit_caput_nescit	Other	cacatum_non_est_pictum	cacatum_non_est_pictum
NonDICOMpathologyImages	CDS-IMAGE-378531	CDS-NonDICOMpathologyImages-791062	Core needle biopsy	Tumor post-adjuvant therapy     	NP40 Lysis Buffer	DMEM	GeoMX-DSP	damnant_quod_non_intellegunt	Obedientia_civium_urbis_felicitas	Other	O_Tite_tute_Tati_tibi_tanta_tyranne_tulisti	Macte_animo_Generose_puer_sic_itur_ad_astra
NonDICOMpathologyImages	CDS-IMAGE-748467	CDS-NonDICOMpathologyImages-775977	Not specified	Not applicable	Carbodiimide	DMEM	Not Applicable	scientia_imperii_decus_et_tutamen	a_bene_placito	Multi	pace_tua	O_Tite_tute_Tati_tibi_tanta_tyranne_tulisti
NonDICOMpathologyImages	CDS-IMAGE-180239	CDS-NonDICOMpathologyImages-163287	Autopsy	Xenograft	95% Ethanol	None	CODEX	Obedientia_civium_urbis_felicitas	salus_in_arduis	Multi	faber_est_suae_quisque_fortunae	e_causa_ignota
NonDICOMpathologyImages	CDS-IMAGE-841851	CDS-NonDICOMpathologyImages-435695	Biopsy	Primary	PAXgene Tissue	None	MERFISH	sapiens_qui_prospicit	imperium_in_imperio	Glycerol	labor_ipse_voluptas	damnant_quod_non_intellegunt
NonDICOMpathologyImages	CDS-IMAGE-232003	CDS-NonDICOMpathologyImages-958450	Incisional Biopsy	Tissue	Saline	RPMI+Serum	mIHC	scientia_et_labor	damnant_quod_non_intellegunt	Oil	id_quod_plerumque_accidit	O_Tite_tute_Tati_tibi_tanta_tyranne_tulisti
NonDICOMpathologyImages	CDS-IMAGE-751920	CDS-NonDICOMpathologyImages-500288	Lymphadenectomy (regional nodes)	Recurrent	Diimidoester	DMEM	t-CyCIF	scientiae_cedit_mare	scientiae_et_patriae	Multi	Gallia_est_omnis_divisa_in_partes_tres	pace_tua
NonDICOMpathologyImages	CDS-IMAGE-261635	CDS-NonDICOMpathologyImages-753200	Punch biopsy	Premalignant	Dimethylacetamide	DMEM	MERFISH	saltus_in_demonstrando	id_quod_plerumque_accidit	Oil	a_bene_placito	barba_crescit_caput_nescit
NonDICOMpathologyImages	CDS-IMAGE-143722	CDS-NonDICOMpathologyImages-356801	Biopsy	Premalignant	95% Ethanol	DMEM+Serum	SABER	scientia_imperii_decus_et_tutamen	a_bene_placito	Air	labor_ipse_voluptas	Obedientia_civium_urbis_felicitas
NonDICOMpathologyImages	CDS-IMAGE-739266	CDS-NonDICOMpathologyImages-298636	Biopsy	Local recurrence	Dimethylacetamide	RPMI+Serum	GeoMX-DSP	id_quod_plerumque_accidit	Macte_animo_Generose_puer_sic_itur_ad_astra	Multi	id_quod_plerumque_accidit	pace_tua
NonDICOMpathologyImages	CDS-IMAGE-785522	CDS-NonDICOMpathologyImages-621991	Autopsy	Normal	RNAlater	RPMI+Serum	CyCIF	scientia,_aere_perennius	saltus_in_demonstrando	Air	id_quod_plerumque_accidit	scientia_et_sapientia
NonDICOMpathologyImages	CDS-IMAGE-133756	CDS-NonDICOMpathologyImages-599221	Re-excision	Premalignant - in situ	RNAlater	None	MIBI	imperium_in_imperio	saltus_in_demonstrando	Oil	id_quod_plerumque_accidit	pace_tua
NonDICOMpathologyImages	CDS-IMAGE-423934	CDS-NonDICOMpathologyImages-100476	Punch biopsy	Premalignant - in situ	Dimethylacetamide	None	H&E	nanos_gigantum_humeris_insidentes	scientia_et_sapientia	Air	a_bene_placito	nanos_gigantum_humeris_insidentes
NonDICOMpathologyImages	CDS-IMAGE-200019	CDS-NonDICOMpathologyImages-864515	Surgical Resection	Tumor specimen from de novo untreated malignancy of the bladder	NP40 Lysis Buffer	PBS+Serum	IMC	Gallia_est_omnis_divisa_in_partes_tres	haec_olim_meminisse_iuvabit	Water	sapiens_qui_prospicit	labor_ipse_voluptas
NonDICOMpathologyImages	CDS-IMAGE-502360	CDS-NonDICOMpathologyImages-432541	Other	Not reported	RNAlater	PBS+Serum	Not Applicable	scientia_et_labor	Gallia_est_omnis_divisa_in_partes_tres	Oil	scientia_et_sapientia	saltus_in_demonstrando
NonDICOMpathologyImages	CDS-IMAGE-450044	CDS-NonDICOMpathologyImages-839712	Shave biopsy	Tumor post-therapy	PAXgene Tissue	RPMI+Serum	IMC	nanos_gigantum_humeris_insidentes	id_quod_plerumque_accidit	Air	scientiae_et_patriae	Obedientia_civium_urbis_felicitas
NonDICOMpathologyImages	CDS-IMAGE-249268	CDS-NonDICOMpathologyImages-160143	Surgical Resection	Metastatic	OCT media	DMEM+Serum	Not Applicable	nascentes_morimur_finisque_ab_origine_pendet	scientia_et_sapientia	Water	damnant_quod_non_intellegunt	e_causa_ignota
NonDICOMpathologyImages	CDS-IMAGE-431905	CDS-NonDICOMpathologyImages-226306	Not applicable	Normal	Diimidoester	PBS+Serum	MxIF	Obedientia_civium_urbis_felicitas	sapiens_qui_prospicit	Water	a_bene_placito	barba_crescit_caput_nescit
NonDICOMpathologyImages	CDS-IMAGE-988408	CDS-NonDICOMpathologyImages-804997	Unknown	Not applicable	Other	RPMI+Serum	SABER	scientia_et_sapientia	scientiae_et_patriae	Oil	id_quod_plerumque_accidit	imperium_in_imperio
NonDICOMpathologyImages	CDS-IMAGE-514117	CDS-NonDICOMpathologyImages-140921	Excisional Biopsy	Normal adjacent	Not recorded	None	ExSeq	nanos_gigantum_humeris_insidentes	labor_ipse_voluptas	Oil	damnant_quod_non_intellegunt	saltus_in_demonstrando
NonDICOMpathologyImages	CDS-IMAGE-590668	CDS-NonDICOMpathologyImages-111792	Not specified	Normal	OCT media	PBS+Serum	GeoMX-DSP	scientia_imperii_decus_et_tutamen	nanos_gigantum_humeris_insidentes	Water	pace_tua	haec_olim_meminisse_iuvabit
NonDICOMpathologyImages	CDS-IMAGE-672472	CDS-NonDICOMpathologyImages-367687	Incisional Biopsy	NOS	Diimidoester	DMEM	MIBI	scientia_imperii_decus_et_tutamen	scientia_et_labor	Glycerol	labor_ipse_voluptas	Macte_animo_Generose_puer_sic_itur_ad_astra
NonDICOMpathologyImages	CDS-IMAGE-130330	CDS-NonDICOMpathologyImages-464341	Core needle biopsy	Metastatic	Poloxamer	None	MxIF	Macte_animo_Generose_puer_sic_itur_ad_astra	O_Tite_tute_Tati_tibi_tanta_tyranne_tulisti	Glycerol	haec_olim_meminisse_iuvabit	Macte_animo_Generose_puer_sic_itur_ad_astra
NonDICOMpathologyImages	CDS-IMAGE-779948	CDS-NonDICOMpathologyImages-550069	Re-excision	Primary	95% Ethanol	None	MIBI	salus_in_arduis	scientia_imperii_decus_et_tutamen	Air	salus_in_arduis	salus_in_arduis
NonDICOMpathologyImages	CDS-IMAGE-518806	CDS-NonDICOMpathologyImages-184996	Unknown	Primary	Para-benzoquinone	DMEM	MERFISH	saltus_in_demonstrando	id_quod_plerumque_accidit	Water	nascentes_morimur_finisque_ab_origine_pendet	Obedientia_civium_urbis_felicitas
NonDICOMpathologyImages	CDS-IMAGE-343462	CDS-NonDICOMpathologyImages-745087	Unknown	Not reported	RNAlater	DMEM	H&E	saltus_in_demonstrando	damnant_quod_non_intellegunt	Air	scientia,_aere_perennius	scientia,_aere_perennius
NonDICOMpathologyImages	CDS-IMAGE-435017	CDS-NonDICOMpathologyImages-396966	Shave biopsy	Unknown	Not recorded	RPMI+Serum	CyCIF	scientia_et_labor	scientiae_cedit_mare	Air	scientiae_cedit_mare	scientia_imperii_decus_et_tutamen
NonDICOMpathologyImages	CDS-IMAGE-622087	CDS-NonDICOMpathologyImages-697148	Re-excision	NOS	Carnoy's Solution	RPMI+Serum	MxIF	salus_in_arduis	saltus_in_demonstrando	Oil	nascentes_morimur_finisque_ab_origine_pendet	saltus_in_demonstrando
NonDICOMpathologyImages	CDS-IMAGE-382971	CDS-NonDICOMpathologyImages-202983	Incisional Biopsy	Normal adjacent	Carbodiimide	DMEM+Serum	IMC	salus_in_arduis	barba_crescit_caput_nescit	Glycerol	imperium_in_imperio	scientiae_et_patriae
NonDICOMpathologyImages	CDS-IMAGE-641157	CDS-NonDICOMpathologyImages-215007	Autopsy	Normal	NP40 Lysis Buffer	DMEM	CODEX	a_bene_placito	nascentes_morimur_finisque_ab_origine_pendet	Air	sapiens_qui_prospicit	nascentes_morimur_finisque_ab_origine_pendet
NonDICOMpathologyImages	CDS-IMAGE-463836	CDS-NonDICOMpathologyImages-895066	Surgical Resection	NOS	None	RPMI+Serum	IMC	pace_tua	Obedientia_civium_urbis_felicitas	Multi	scientia_et_labor	scientia_imperii_decus_et_tutamen
NonDICOMpathologyImages	CDS-IMAGE-303642	CDS-NonDICOMpathologyImages-239782	Incisional Biopsy	Xenograft	PAXgene Tissue	DMEM	SABER	barba_crescit_caput_nescit	Gallia_est_omnis_divisa_in_partes_tres	Water	labor_ipse_voluptas	pace_tua
NonDICOMpathologyImages	CDS-IMAGE-674421	CDS-NonDICOMpathologyImages-587682	Fine needle aspirate	Normal	Formalin	DMEM	IMC	Gallia_est_omnis_divisa_in_partes_tres	scientia_imperii_decus_et_tutamen	Water	a_bene_placito	scientiae_et_patriae
NonDICOMpathologyImages	CDS-IMAGE-767695	CDS-NonDICOMpathologyImages-271067	Forceps Biopsy	Recurrent	Dimethylacetamide	DMEM+Serum	H&E	e_causa_ignota	Gallia_est_omnis_divisa_in_partes_tres	Oil	e_causa_ignota	Obedientia_civium_urbis_felicitas
NonDICOMpathologyImages	CDS-IMAGE-762485	CDS-NonDICOMpathologyImages-402818	Blood draw	Recurrent	Glutaraldehyde	DMEM	ExSeq	saltus_in_demonstrando	cacatum_non_est_pictum	Other	nascentes_morimur_finisque_ab_origine_pendet	nanos_gigantum_humeris_insidentes
NonDICOMpathologyImages	CDS-IMAGE-680610	CDS-NonDICOMpathologyImages-326518	Unknown	NOS	Not applicable	None	CyCIF	saltus_in_demonstrando	nanos_gigantum_humeris_insidentes	Multi	Macte_animo_Generose_puer_sic_itur_ad_astra	id_quod_plerumque_accidit
NonDICOMpathologyImages	CDS-IMAGE-381459	CDS-NonDICOMpathologyImages-926121	Punch biopsy	Normal adjacent	Formalin	PBS+Serum	GeoMX-DSP	faber_est_suae_quisque_fortunae	scientiae_et_patriae	Multi	saltus_in_demonstrando	faber_est_suae_quisque_fortunae
NonDICOMpathologyImages	CDS-IMAGE-107331	CDS-NonDICOMpathologyImages-919756	Punch biopsy	Tumor post-therapy	95% Ethanol	DMEM	mIHC	barba_crescit_caput_nescit	cacatum_non_est_pictum	Multi	a_bene_placito	O_Tite_tute_Tati_tibi_tanta_tyranne_tulisti
NonDICOMpathologyImages	CDS-IMAGE-503293	CDS-NonDICOMpathologyImages-238189	Fine needle aspirate	Recurrent	Alcohol	PBS+Serum	MIBI	scientiae_cedit_mare	scientiae_cedit_mare	Oil	labor_ipse_voluptas	haec_olim_meminisse_iuvabit
NonDICOMpathologyImages	CDS-IMAGE-814629	CDS-NonDICOMpathologyImages-400772	Blood draw	Tumor post-therapy	Carnoy's Solution	None	MxIF	scientia_imperii_decus_et_tutamen	salus_in_arduis	Other	Obedientia_civium_urbis_felicitas	labor_ipse_voluptas
NonDICOMpathologyImages	CDS-IMAGE-676048	CDS-NonDICOMpathologyImages-334394	Fine needle aspirate	Additional Primary	RNAlater	PBS+Serum	MERFISH	labor_ipse_voluptas	id_quod_plerumque_accidit	Multi	salus_in_arduis	scientiae_et_patriae
NonDICOMpathologyImages	CDS-IMAGE-883039	CDS-NonDICOMpathologyImages-548867	Pancreaticoduodenectomy	Unknown	Saline	None	Not Applicable	Gallia_est_omnis_divisa_in_partes_tres	scientia_et_sapientia	Air	Macte_animo_Generose_puer_sic_itur_ad_astra	sapiens_qui_prospicit
NonDICOMpathologyImages	CDS-IMAGE-837426	CDS-NonDICOMpathologyImages-728516	Other	Not reported	Dimethylacetamide	PBS+Serum	IHC	scientia_et_labor	pace_tua	Other	Obedientia_civium_urbis_felicitas	nanos_gigantum_humeris_insidentes
NonDICOMpathologyImages	CDS-IMAGE-283201	CDS-NonDICOMpathologyImages-598745	Surgical Resection	Local recurrence	NP40 Lysis Buffer	PBS+Serum	MIBI	scientiae_cedit_mare	barba_crescit_caput_nescit	Multi	Gallia_est_omnis_divisa_in_partes_tres	barba_crescit_caput_nescit
NonDICOMpathologyImages	CDS-IMAGE-177935	CDS-NonDICOMpathologyImages-456641	Excisional Biopsy	Atypia or hyperplasia	Acetone	RPMI+Serum	CyCIF	scientiae_et_patriae	scientiae_et_patriae	Water	Macte_animo_Generose_puer_sic_itur_ad_astra	scientiae_cedit_mare
NonDICOMpathologyImages	CDS-IMAGE-944402	CDS-NonDICOMpathologyImages-297094	Forceps Biopsy	Local recurrence	Formalin	DMEM+Serum	GeoMX-DSP	imperium_in_imperio	imperium_in_imperio	Other	Gallia_est_omnis_divisa_in_partes_tres	Macte_animo_Generose_puer_sic_itur_ad_astra
NonDICOMpathologyImages	CDS-IMAGE-134519	CDS-NonDICOMpathologyImages-539759	Sentinel node biopsy	Xenograft	Diimidoester	None	CODEX	scientia_imperii_decus_et_tutamen	scientia_et_labor	Oil	pace_tua	scientia_et_labor
NonDICOMpathologyImages	CDS-IMAGE-453641	CDS-NonDICOMpathologyImages-514548	Core needle biopsy	Additional Primary	Poloxamer	RPMI+Serum	t-CyCIF	nascentes_morimur_finisque_ab_origine_pendet	scientiae_et_patriae	Multi	haec_olim_meminisse_iuvabit	nascentes_morimur_finisque_ab_origine_pendet
NonDICOMpathologyImages	CDS-IMAGE-867059	CDS-NonDICOMpathologyImages-382576	Not specified	Tissue	Other	DMEM+Serum	MxIF	haec_olim_meminisse_iuvabit	scientiae_cedit_mare	Oil	faber_est_suae_quisque_fortunae	salus_in_arduis
NonDICOMpathologyImages	CDS-IMAGE-419985	CDS-NonDICOMpathologyImages-945313	Incisional Biopsy	Premalignant	Formalin	RPMI+Serum	IHC	scientia_imperii_decus_et_tutamen	scientia_et_labor	Oil	faber_est_suae_quisque_fortunae	scientia_et_labor
NonDICOMpathologyImages	CDS-IMAGE-632198	CDS-NonDICOMpathologyImages-716797	Biopsy	Premalignant - in situ	Poloxamer	DMEM	CyCIF	sapiens_qui_prospicit	scientia,_aere_perennius	Glycerol	labor_ipse_voluptas	scientia_et_sapientia
NonDICOMpathologyImages	CDS-IMAGE-716394	CDS-NonDICOMpathologyImages-809651	Surgical Resection	Recurrent	Not recorded	PBS+Serum	H&E	Macte_animo_Generose_puer_sic_itur_ad_astra	sapiens_qui_prospicit	Water	Gallia_est_omnis_divisa_in_partes_tres	haec_olim_meminisse_iuvabit
NonDICOMpathologyImages	CDS-IMAGE-501616	CDS-NonDICOMpathologyImages-109150	Lymphadenectomy (regional nodes)	Recurrent	CryoStor	DMEM	SABER	Macte_animo_Generose_puer_sic_itur_ad_astra	a_bene_placito	Other	haec_olim_meminisse_iuvabit	salus_in_arduis
NonDICOMpathologyImages	CDS-IMAGE-890638	CDS-NonDICOMpathologyImages-699770	Shave biopsy	Primary	NP40 Lysis Buffer	RPMI+Serum	MxIF	scientia_imperii_decus_et_tutamen	Macte_animo_Generose_puer_sic_itur_ad_astra	Air	scientiae_cedit_mare	haec_olim_meminisse_iuvabit
NonDICOMpathologyImages	CDS-IMAGE-924230	CDS-NonDICOMpathologyImages-908725	Fine needle aspirate	Local recurrence	PAXgene Tissue	PBS+Serum	MERFISH	sapiens_qui_prospicit	labor_ipse_voluptas	Water	scientia_et_labor	O_Tite_tute_Tati_tibi_tanta_tyranne_tulisti
NonDICOMpathologyImages	CDS-IMAGE-183777	CDS-NonDICOMpathologyImages-217392	Unknown	Normal distant	Formalin	RPMI+Serum	GeoMX-DSP	scientiae_cedit_mare	haec_olim_meminisse_iuvabit	Multi	scientia,_aere_perennius	pace_tua
NonDICOMpathologyImages	CDS-IMAGE-704626	CDS-NonDICOMpathologyImages-138845	Lymphadenectomy (regional nodes)	Tumor post-neoadjuvant therapy    	PAXgene Tissue	DMEM+Serum	t-CyCIF	faber_est_suae_quisque_fortunae	scientia,_aere_perennius	Other	Gallia_est_omnis_divisa_in_partes_tres	barba_crescit_caput_nescit
NonDICOMpathologyImages	CDS-IMAGE-274248	CDS-NonDICOMpathologyImages-911604	Excisional Biopsy	Additional Primary	PAXgene Tissue	DMEM+Serum	CyCIF	pace_tua	Gallia_est_omnis_divisa_in_partes_tres	Oil	scientia_et_labor	scientia,_aere_perennius
NonDICOMpathologyImages	CDS-IMAGE-802469	CDS-NonDICOMpathologyImages-802165	Other	Metastatic	RNAlater	DMEM+Serum	IHC	Macte_animo_Generose_puer_sic_itur_ad_astra	scientiae_cedit_mare	Other	Gallia_est_omnis_divisa_in_partes_tres	Obedientia_civium_urbis_felicitas
NonDICOMpathologyImages	CDS-IMAGE-589384	CDS-NonDICOMpathologyImages-857849	Sentinel node biopsy	Recurrent	Not recorded	PBS+Serum	IMC	Gallia_est_omnis_divisa_in_partes_tres	barba_crescit_caput_nescit	Oil	scientia_et_sapientia	damnant_quod_non_intellegunt
NonDICOMpathologyImages	CDS-IMAGE-759988	CDS-NonDICOMpathologyImages-310967	Blood draw	Not reported	None	PBS+Serum	t-CyCIF	faber_est_suae_quisque_fortunae	saltus_in_demonstrando	Air	nanos_gigantum_humeris_insidentes	nascentes_morimur_finisque_ab_origine_pendet
NonDICOMpathologyImages	CDS-IMAGE-514730	CDS-NonDICOMpathologyImages-501729	Re-excision	Tumor specimen from de novo untreated malignancy of the bladder	Dimethylacetamide	None	GeoMX-DSP	Obedientia_civium_urbis_felicitas	scientia,_aere_perennius	Water	Obedientia_civium_urbis_felicitas	damnant_quod_non_intellegunt
NonDICOMpathologyImages	CDS-IMAGE-843045	CDS-NonDICOMpathologyImages-149045	Sentinel node biopsy	Tumor specimen from de novo untreated malignancy of the bladder	Para-benzoquinone	None	IHC	scientia_et_sapientia	saltus_in_demonstrando	Water	scientia_imperii_decus_et_tutamen	labor_ipse_voluptas
NonDICOMpathologyImages	CDS-IMAGE-619210	CDS-NonDICOMpathologyImages-587910	Surgical Resection	Not applicable	95% Ethanol	DMEM+Serum	MxIF	Obedientia_civium_urbis_felicitas	labor_ipse_voluptas	Water	e_causa_ignota	e_causa_ignota
NonDICOMpathologyImages	CDS-IMAGE-573504	CDS-NonDICOMpathologyImages-235265	Lymphadenectomy (regional nodes)	Premalignant	Dimethylacetamide	PBS+Serum	CODEX	imperium_in_imperio	scientia_et_labor	Air	pace_tua	a_bene_placito
NonDICOMpathologyImages	CDS-IMAGE-796154	CDS-NonDICOMpathologyImages-533711	Incisional Biopsy	Metastatic	Formalin	None	CyCIF	cacatum_non_est_pictum	cacatum_non_est_pictum	Other	Obedientia_civium_urbis_felicitas	scientiae_cedit_mare
NonDICOMpathologyImages	CDS-IMAGE-957296	CDS-NonDICOMpathologyImages-600879	Not specified	Premalignant - in situ	Not applicable	PBS+Serum	CyCIF	imperium_in_imperio	scientia_imperii_decus_et_tutamen	Oil	haec_olim_meminisse_iuvabit	scientiae_cedit_mare
NonDICOMpathologyImages	CDS-IMAGE-875524	CDS-NonDICOMpathologyImages-632672	Punch biopsy	Premalignant	RNAlater	PBS+Serum	MxIF	pace_tua	haec_olim_meminisse_iuvabit	Air	pace_tua	scientia_et_labor
NonDICOMpathologyImages	CDS-IMAGE-419088	CDS-NonDICOMpathologyImages-395664	Surgical Resection	Tumor post-neoadjuvant therapy    	None	RPMI+Serum	SABER	O_Tite_tute_Tati_tibi_tanta_tyranne_tulisti	scientiae_et_patriae	Air	scientia_et_labor	pace_tua
NonDICOMpathologyImages	CDS-IMAGE-638360	CDS-NonDICOMpathologyImages-187282	Not reported	Normal distant	Unknown	None	ExSeq	scientia,_aere_perennius	cacatum_non_est_pictum	Water	cacatum_non_est_pictum	pace_tua
NonDICOMpathologyImages	CDS-IMAGE-777772	CDS-NonDICOMpathologyImages-556725	Core needle biopsy	Tumor post-neoadjuvant therapy    	Other	DMEM+Serum	IHC	scientia_imperii_decus_et_tutamen	nanos_gigantum_humeris_insidentes	Air	scientia_et_labor	scientia_et_labor
NonDICOMpathologyImages	CDS-IMAGE-903588	CDS-NonDICOMpathologyImages-750194	Not specified	Premalignant	Acetone	PBS+Serum	MERFISH	pace_tua	scientiae_cedit_mare	Water	id_quod_plerumque_accidit	scientiae_cedit_mare
NonDICOMpathologyImages	CDS-IMAGE-245884	CDS-NonDICOMpathologyImages-806758	Incisional Biopsy	Tumor post-adjuvant therapy     	Unknown	RPMI+Serum	t-CyCIF	O_Tite_tute_Tati_tibi_tanta_tyranne_tulisti	nanos_gigantum_humeris_insidentes	Water	salus_in_arduis	scientia_et_sapientia
NonDICOMpathologyImages	CDS-IMAGE-478868	CDS-NonDICOMpathologyImages-775102	Pancreaticoduodenectomy	Premalignant	None	PBS+Serum	t-CyCIF	nascentes_morimur_finisque_ab_origine_pendet	nascentes_morimur_finisque_ab_origine_pendet	Oil	Macte_animo_Generose_puer_sic_itur_ad_astra	damnant_quod_non_intellegunt
NonDICOMpathologyImages	CDS-IMAGE-132039	CDS-NonDICOMpathologyImages-855078	Surgical Resection	Premalignant - in situ	TCL Lysis Buffer	DMEM+Serum	MxIF	damnant_quod_non_intellegunt	haec_olim_meminisse_iuvabit	Oil	scientia_imperii_decus_et_tutamen	haec_olim_meminisse_iuvabit
NonDICOMpathologyImages	CDS-IMAGE-170418	CDS-NonDICOMpathologyImages-459955	Pancreaticoduodenectomy	Tumor post-adjuvant therapy     	Not recorded	DMEM	t-CyCIF	scientia_et_labor	O_Tite_tute_Tati_tibi_tanta_tyranne_tulisti	Other	scientia,_aere_perennius	pace_tua
NonDICOMpathologyImages	CDS-IMAGE-648974	CDS-NonDICOMpathologyImages-111213	Sentinel node biopsy	Tumor post-therapy	Formalin	None	IMC	nascentes_morimur_finisque_ab_origine_pendet	e_causa_ignota	Glycerol	O_Tite_tute_Tati_tibi_tanta_tyranne_tulisti	scientiae_et_patriae
NonDICOMpathologyImages	CDS-IMAGE-275945	CDS-NonDICOMpathologyImages-737616	Shave biopsy	Normal distant	TCL Lysis Buffer	DMEM	CyCIF	imperium_in_imperio	barba_crescit_caput_nescit	Glycerol	Macte_animo_Generose_puer_sic_itur_ad_astra	Obedientia_civium_urbis_felicitas
NonDICOMpathologyImages	CDS-IMAGE-356098	CDS-NonDICOMpathologyImages-318889	Excisional Biopsy	Tumor specimen from de novo untreated malignancy of the bladder	Para-benzoquinone	DMEM	MERFISH	pace_tua	Gallia_est_omnis_divisa_in_partes_tres	Other	sapiens_qui_prospicit	scientiae_cedit_mare
NonDICOMpathologyImages	CDS-IMAGE-182870	CDS-NonDICOMpathologyImages-695012	Autopsy	Normal adjacent	Glutaraldehyde	DMEM+Serum	IMC	sapiens_qui_prospicit	Obedientia_civium_urbis_felicitas	Water	faber_est_suae_quisque_fortunae	sapiens_qui_prospicit
NonDICOMpathologyImages	CDS-IMAGE-458271	CDS-NonDICOMpathologyImages-138072	Sentinel node biopsy	Premalignant - in situ	NP40 Lysis Buffer	None	SABER	scientiae_et_patriae	nanos_gigantum_humeris_insidentes	Other	scientia_et_labor	Gallia_est_omnis_divisa_in_partes_tres
NonDICOMpathologyImages	CDS-IMAGE-494134	CDS-NonDICOMpathologyImages-923346	Not specified	Tumor post-adjuvant therapy     	Acetone	DMEM	CODEX	Macte_animo_Generose_puer_sic_itur_ad_astra	Gallia_est_omnis_divisa_in_partes_tres	Glycerol	Gallia_est_omnis_divisa_in_partes_tres	scientiae_cedit_mare
NonDICOMpathologyImages	CDS-IMAGE-234171	CDS-NonDICOMpathologyImages-626455	Other	Xenograft	None	PBS+Serum	MxIF	Obedientia_civium_urbis_felicitas	a_bene_placito	Oil	scientia_et_sapientia	cacatum_non_est_pictum
NonDICOMpathologyImages	CDS-IMAGE-766842	CDS-NonDICOMpathologyImages-289253	Punch biopsy	Not applicable	Carnoy's Solution	PBS+Serum	CODEX	Macte_animo_Generose_puer_sic_itur_ad_astra	faber_est_suae_quisque_fortunae	Multi	Macte_animo_Generose_puer_sic_itur_ad_astra	haec_olim_meminisse_iuvabit
NonDICOMpathologyImages	CDS-IMAGE-159677	CDS-NonDICOMpathologyImages-131846	Excisional Biopsy	Atypia or hyperplasia	Poloxamer	RPMI+Serum	H&E	haec_olim_meminisse_iuvabit	saltus_in_demonstrando	Oil	scientia_imperii_decus_et_tutamen	damnant_quod_non_intellegunt
NonDICOMpathologyImages	CDS-IMAGE-613180	CDS-NonDICOMpathologyImages-757694	Re-excision	Tumor specimen from de novo untreated malignancy of the bladder	Methacarn	RPMI+Serum	MERFISH	imperium_in_imperio	id_quod_plerumque_accidit	Glycerol	salus_in_arduis	faber_est_suae_quisque_fortunae
NonDICOMpathologyImages	CDS-IMAGE-691718	CDS-NonDICOMpathologyImages-782440	Punch biopsy	Additional Primary	TCL Lysis Buffer	DMEM+Serum	CyCIF	a_bene_placito	e_causa_ignota	Oil	e_causa_ignota	e_causa_ignota
NonDICOMpathologyImages	CDS-IMAGE-147657	CDS-NonDICOMpathologyImages-956014	Core needle biopsy	Premalignant - in situ	Acetone	DMEM+Serum	Not Applicable	salus_in_arduis	scientia_et_labor	Other	a_bene_placito	faber_est_suae_quisque_fortunae
NonDICOMpathologyImages	CDS-IMAGE-334744	CDS-NonDICOMpathologyImages-949500	Shave biopsy	Metastatic	RNAlater	None	CyCIF	damnant_quod_non_intellegunt	O_Tite_tute_Tati_tibi_tanta_tyranne_tulisti	Air	pace_tua	salus_in_arduis
NonDICOMpathologyImages	CDS-IMAGE-511003	CDS-NonDICOMpathologyImages-836591	Excisional Biopsy	Metastatic	TCL Lysis Buffer	PBS+Serum	ExSeq	nascentes_morimur_finisque_ab_origine_pendet	e_causa_ignota	Water	Macte_animo_Generose_puer_sic_itur_ad_astra	labor_ipse_voluptas
NonDICOMpathologyImages	CDS-IMAGE-506288	CDS-NonDICOMpathologyImages-627290	Re-excision	Premalignant	OCT media	None	IHC	labor_ipse_voluptas	imperium_in_imperio	Water	scientia_et_labor	id_quod_plerumque_accidit
NonDICOMpathologyImages	CDS-IMAGE-201180	CDS-NonDICOMpathologyImages-807589	Pancreaticoduodenectomy	Atypia or hyperplasia	Diimidoester	None	Not Applicable	barba_crescit_caput_nescit	salus_in_arduis	Water	salus_in_arduis	sapiens_qui_prospicit
NonDICOMpathologyImages	CDS-IMAGE-400307	CDS-NonDICOMpathologyImages-809070	Core needle biopsy	NOS	OCT media	PBS+Serum	Not Applicable	a_bene_placito	sapiens_qui_prospicit	Glycerol	imperium_in_imperio	salus_in_arduis
NonDICOMpathologyImages	CDS-IMAGE-677498	CDS-NonDICOMpathologyImages-406629	Not applicable	Additional Primary	Not applicable	PBS+Serum	mIHC	imperium_in_imperio	pace_tua	Multi	e_causa_ignota	scientia_et_sapientia
NonDICOMpathologyImages	CDS-IMAGE-477613	CDS-NonDICOMpathologyImages-112772	Incisional Biopsy	Metastatic	Unknown	PBS+Serum	CyCIF	sapiens_qui_prospicit	Gallia_est_omnis_divisa_in_partes_tres	Other	cacatum_non_est_pictum	faber_est_suae_quisque_fortunae
NonDICOMpathologyImages	CDS-IMAGE-169096	CDS-NonDICOMpathologyImages-625382	Biopsy	Normal	Not applicable	RPMI+Serum	CODEX	Gallia_est_omnis_divisa_in_partes_tres	faber_est_suae_quisque_fortunae	Water	e_causa_ignota	scientia_et_sapientia
NonDICOMpathologyImages	CDS-IMAGE-920020	CDS-NonDICOMpathologyImages-102592	Surgical Resection	Tissue	Not recorded	DMEM	ExSeq	scientiae_cedit_mare	scientia_et_labor	Glycerol	cacatum_non_est_pictum	Gallia_est_omnis_divisa_in_partes_tres
NonDICOMpathologyImages	CDS-IMAGE-172171	CDS-NonDICOMpathologyImages-133188	Forceps Biopsy	Tumor specimen from de novo untreated malignancy of the bladder	Glutaraldehyde	DMEM+Serum	IMC	e_causa_ignota	O_Tite_tute_Tati_tibi_tanta_tyranne_tulisti	Air	damnant_quod_non_intellegunt	salus_in_arduis
NonDICOMpathologyImages	CDS-IMAGE-652114	CDS-NonDICOMpathologyImages-499768	Core needle biopsy	Not reported	Diimidoester	None	GeoMX-DSP	scientiae_cedit_mare	nanos_gigantum_humeris_insidentes	Other	nascentes_morimur_finisque_ab_origine_pendet	scientia_et_sapientia
NonDICOMpathologyImages	CDS-IMAGE-538837	CDS-NonDICOMpathologyImages-659483	Not specified	Premalignant - in situ	NP40 Lysis Buffer	DMEM	SABER	scientia,_aere_perennius	faber_est_suae_quisque_fortunae	Other	faber_est_suae_quisque_fortunae	haec_olim_meminisse_iuvabit
NonDICOMpathologyImages	CDS-IMAGE-615642	CDS-NonDICOMpathologyImages-318395	Sentinel node biopsy	Not reported	Unknown	DMEM	mIHC	labor_ipse_voluptas	scientia_et_sapientia	Water	sapiens_qui_prospicit	haec_olim_meminisse_iuvabit
NonDICOMpathologyImages	CDS-IMAGE-697374	CDS-NonDICOMpathologyImages-622689	Shave biopsy	Normal	RNAlater	None	ExSeq	barba_crescit_caput_nescit	pace_tua	Multi	labor_ipse_voluptas	salus_in_arduis
NonDICOMpathologyImages	CDS-IMAGE-829506	CDS-NonDICOMpathologyImages-179825	Re-excision	Premalignant - in situ	Dimethylacetamide	PBS+Serum	Not Applicable	scientia_et_labor	pace_tua	Oil	pace_tua	saltus_in_demonstrando
NonDICOMpathologyImages	CDS-IMAGE-687282	CDS-NonDICOMpathologyImages-209527	Fine needle aspirate	Recurrent	Saline	PBS+Serum	Not Applicable	cacatum_non_est_pictum	scientia_et_sapientia	Other	haec_olim_meminisse_iuvabit	nanos_gigantum_humeris_insidentes
NonDICOMpathologyImages	CDS-IMAGE-482064	CDS-NonDICOMpathologyImages-602636	Not reported	Tumor post-therapy	RNAlater	None	ExSeq	a_bene_placito	haec_olim_meminisse_iuvabit	Glycerol	labor_ipse_voluptas	a_bene_placito
NonDICOMpathologyImages	CDS-IMAGE-904817	CDS-NonDICOMpathologyImages-336940	Re-excision	Additional Primary	TCL Lysis Buffer	DMEM+Serum	CyCIF	O_Tite_tute_Tati_tibi_tanta_tyranne_tulisti	saltus_in_demonstrando	Water	damnant_quod_non_intellegunt	a_bene_placito
NonDICOMpathologyImages	CDS-IMAGE-414407	CDS-NonDICOMpathologyImages-843129	Not applicable	Tumor post-therapy	CryoStor	DMEM	ExSeq	O_Tite_tute_Tati_tibi_tanta_tyranne_tulisti	faber_est_suae_quisque_fortunae	Water	Macte_animo_Generose_puer_sic_itur_ad_astra	cacatum_non_est_pictum
NonDICOMpathologyImages	CDS-IMAGE-212395	CDS-NonDICOMpathologyImages-866218	Not specified	Tumor post-therapy	Methacarn	DMEM	SABER	barba_crescit_caput_nescit	barba_crescit_caput_nescit	Multi	cacatum_non_est_pictum	faber_est_suae_quisque_fortunae
NonDICOMpathologyImages	CDS-IMAGE-475025	CDS-NonDICOMpathologyImages-251985	Forceps Biopsy	Tissue	OCT media	RPMI+Serum	mIHC	Obedientia_civium_urbis_felicitas	scientia_et_labor	Water	labor_ipse_voluptas	scientia_imperii_decus_et_tutamen
NonDICOMpathologyImages	CDS-IMAGE-969954	CDS-NonDICOMpathologyImages-489856	Shave biopsy	Metastatic	PAXgene Tissue	None	SABER	Macte_animo_Generose_puer_sic_itur_ad_astra	barba_crescit_caput_nescit	Multi	scientia,_aere_perennius	damnant_quod_non_intellegunt
NonDICOMpathologyImages	CDS-IMAGE-319944	CDS-NonDICOMpathologyImages-528192	Other	Tissue	Glutaraldehyde	None	SABER	imperium_in_imperio	nascentes_morimur_finisque_ab_origine_pendet	Glycerol	barba_crescit_caput_nescit	scientiae_cedit_mare
NonDICOMpathologyImages	CDS-IMAGE-347700	CDS-NonDICOMpathologyImages-407897	Blood draw	Tumor post-therapy	None	None	SABER	Obedientia_civium_urbis_felicitas	salus_in_arduis	Other	O_Tite_tute_Tati_tibi_tanta_tyranne_tulisti	scientia_et_labor
NonDICOMpathologyImages	CDS-IMAGE-247069	CDS-NonDICOMpathologyImages-232967	Shave biopsy	Additional Primary	NP40 Lysis Buffer	RPMI+Serum	MxIF	barba_crescit_caput_nescit	scientiae_et_patriae	Multi	damnant_quod_non_intellegunt	nascentes_morimur_finisque_ab_origine_pendet
NonDICOMpathologyImages	CDS-IMAGE-570591	CDS-NonDICOMpathologyImages-246585	Not applicable	Additional Primary	Glutaraldehyde	PBS+Serum	GeoMX-DSP	barba_crescit_caput_nescit	scientia,_aere_perennius	Multi	haec_olim_meminisse_iuvabit	scientia_et_labor
NonDICOMpathologyImages	CDS-IMAGE-815830	CDS-NonDICOMpathologyImages-404332	Incisional Biopsy	Tumor post-adjuvant therapy     	Unknown	DMEM+Serum	GeoMX-DSP	saltus_in_demonstrando	scientia,_aere_perennius	Glycerol	haec_olim_meminisse_iuvabit	scientia,_aere_perennius
NonDICOMpathologyImages	CDS-IMAGE-692799	CDS-NonDICOMpathologyImages-281285	Sentinel node biopsy	Tumor post-adjuvant therapy     	Diimidoester	None	MIBI	cacatum_non_est_pictum	scientiae_et_patriae	Air	faber_est_suae_quisque_fortunae	scientia,_aere_perennius
NonDICOMpathologyImages	CDS-IMAGE-458093	CDS-NonDICOMpathologyImages-588525	Fine needle aspirate	Normal adjacent	Formalin	PBS+Serum	IMC	barba_crescit_caput_nescit	scientia_et_labor	Glycerol	nascentes_morimur_finisque_ab_origine_pendet	haec_olim_meminisse_iuvabit
NonDICOMpathologyImages	CDS-IMAGE-624577	CDS-NonDICOMpathologyImages-921484	Shave biopsy	Recurrent	Glutaraldehyde	PBS+Serum	MIBI	e_causa_ignota	Obedientia_civium_urbis_felicitas	Oil	scientia_et_labor	scientiae_et_patriae
NonDICOMpathologyImages	CDS-IMAGE-387147	CDS-NonDICOMpathologyImages-590583	Surgical Resection	Premalignant - in situ	None	None	SABER	faber_est_suae_quisque_fortunae	scientia_et_labor	Multi	barba_crescit_caput_nescit	nanos_gigantum_humeris_insidentes
NonDICOMpathologyImages	CDS-IMAGE-250952	CDS-NonDICOMpathologyImages-663631	Shave biopsy	Primary	Formalin	DMEM	mIHC	Macte_animo_Generose_puer_sic_itur_ad_astra	salus_in_arduis	Multi	sapiens_qui_prospicit	nascentes_morimur_finisque_ab_origine_pendet
NonDICOMpathologyImages	CDS-IMAGE-585517	CDS-NonDICOMpathologyImages-103389	Sentinel node biopsy	Normal adjacent	Other	None	SABER	scientia_et_labor	scientiae_cedit_mare	Multi	haec_olim_meminisse_iuvabit	nascentes_morimur_finisque_ab_origine_pendet
NonDICOMpathologyImages	CDS-IMAGE-116971	CDS-NonDICOMpathologyImages-453033	Incisional Biopsy	Tumor post-adjuvant therapy     	Other	PBS+Serum	GeoMX-DSP	haec_olim_meminisse_iuvabit	Macte_animo_Generose_puer_sic_itur_ad_astra	Oil	saltus_in_demonstrando	Obedientia_civium_urbis_felicitas
NonDICOMpathologyImages	CDS-IMAGE-496665	CDS-NonDICOMpathologyImages-524656	Forceps Biopsy	NOS	Methacarn	DMEM	MIBI	scientiae_et_patriae	labor_ipse_voluptas	Water	sapiens_qui_prospicit	imperium_in_imperio
NonDICOMpathologyImages	CDS-IMAGE-240376	CDS-NonDICOMpathologyImages-659207	Biopsy	Not reported	Poloxamer	RPMI+Serum	ExSeq	sapiens_qui_prospicit	scientiae_cedit_mare	Other	scientia,_aere_perennius	Macte_animo_Generose_puer_sic_itur_ad_astra
NonDICOMpathologyImages	CDS-IMAGE-784075	CDS-NonDICOMpathologyImages-198759	Core needle biopsy	Not reported	Not applicable	DMEM+Serum	CODEX	saltus_in_demonstrando	scientia_imperii_decus_et_tutamen	Glycerol	id_quod_plerumque_accidit	e_causa_ignota
NonDICOMpathologyImages	CDS-IMAGE-195530	CDS-NonDICOMpathologyImages-780330	Excisional Biopsy	Not applicable	Dimethylacetamide	DMEM+Serum	ExSeq	sapiens_qui_prospicit	imperium_in_imperio	Glycerol	id_quod_plerumque_accidit	saltus_in_demonstrando
NonDICOMpathologyImages	CDS-IMAGE-697820	CDS-NonDICOMpathologyImages-228570	Lymphadenectomy (regional nodes)	Atypia or hyperplasia	RNAlater	DMEM	MIBI	Obedientia_civium_urbis_felicitas	Macte_animo_Generose_puer_sic_itur_ad_astra	Air	a_bene_placito	Macte_animo_Generose_puer_sic_itur_ad_astra
NonDICOMpathologyImages	CDS-IMAGE-952340	CDS-NonDICOMpathologyImages-750858	Other	NOS	None	None	mIHC	Obedientia_civium_urbis_felicitas	id_quod_plerumque_accidit	Air	e_causa_ignota	saltus_in_demonstrando
NonDICOMpathologyImages	CDS-IMAGE-245323	CDS-NonDICOMpathologyImages-748871	Forceps Biopsy	Recurrent	Alcohol	None	MxIF	cacatum_non_est_pictum	nascentes_morimur_finisque_ab_origine_pendet	Oil	faber_est_suae_quisque_fortunae	scientiae_et_patriae
NonDICOMpathologyImages	CDS-IMAGE-939256	CDS-NonDICOMpathologyImages-948501	Blood draw	Tumor specimen from de novo untreated malignancy of the bladder	Methacarn	None	CyCIF	Macte_animo_Generose_puer_sic_itur_ad_astra	labor_ipse_voluptas	Air	nanos_gigantum_humeris_insidentes	nanos_gigantum_humeris_insidentes
NonDICOMpathologyImages	CDS-IMAGE-274203	CDS-NonDICOMpathologyImages-108283	Forceps Biopsy	Premalignant - in situ	CryoStor	RPMI+Serum	CODEX	cacatum_non_est_pictum	scientiae_cedit_mare	Air	damnant_quod_non_intellegunt	scientiae_et_patriae
NonDICOMpathologyImages	CDS-IMAGE-829641	CDS-NonDICOMpathologyImages-583310	Not applicable	Metastatic	Not recorded	DMEM+Serum	CyCIF	imperium_in_imperio	Macte_animo_Generose_puer_sic_itur_ad_astra	Water	Obedientia_civium_urbis_felicitas	damnant_quod_non_intellegunt
NonDICOMpathologyImages	CDS-IMAGE-458748	CDS-NonDICOMpathologyImages-648716	Pancreaticoduodenectomy	Premalignant - in situ	Para-benzoquinone	RPMI+Serum	CODEX	scientiae_et_patriae	Gallia_est_omnis_divisa_in_partes_tres	Oil	Gallia_est_omnis_divisa_in_partes_tres	scientia,_aere_perennius
NonDICOMpathologyImages	CDS-IMAGE-459664	CDS-NonDICOMpathologyImages-867014	Excisional Biopsy	Premalignant	NP40 Lysis Buffer	PBS+Serum	IHC	scientia_et_labor	scientia_et_labor	Air	faber_est_suae_quisque_fortunae	labor_ipse_voluptas
NonDICOMpathologyImages	CDS-IMAGE-152395	CDS-NonDICOMpathologyImages-332004	Pancreaticoduodenectomy	Xenograft	Para-benzoquinone	DMEM+Serum	ExSeq	nanos_gigantum_humeris_insidentes	scientia_et_labor	Glycerol	haec_olim_meminisse_iuvabit	scientiae_et_patriae
NonDICOMpathologyImages	CDS-IMAGE-227531	CDS-NonDICOMpathologyImages-123979	Not applicable	Tumor post-neoadjuvant therapy    	Glutaraldehyde	RPMI+Serum	MERFISH	a_bene_placito	cacatum_non_est_pictum	Other	saltus_in_demonstrando	O_Tite_tute_Tati_tibi_tanta_tyranne_tulisti
NonDICOMpathologyImages	CDS-IMAGE-917473	CDS-NonDICOMpathologyImages-754096	Not applicable	Premalignant	PAXgene Tissue	None	SABER	imperium_in_imperio	damnant_quod_non_intellegunt	Other	Macte_animo_Generose_puer_sic_itur_ad_astra	barba_crescit_caput_nescit
NonDICOMpathologyImages	CDS-IMAGE-557534	CDS-NonDICOMpathologyImages-650243	Core needle biopsy	Xenograft	NP40 Lysis Buffer	DMEM+Serum	mIHC	scientia_et_labor	Gallia_est_omnis_divisa_in_partes_tres	Other	O_Tite_tute_Tati_tibi_tanta_tyranne_tulisti	faber_est_suae_quisque_fortunae
NonDICOMpathologyImages	CDS-IMAGE-789422	CDS-NonDICOMpathologyImages-198475	Fine needle aspirate	Local recurrence	NP40 Lysis Buffer	PBS+Serum	H&E	haec_olim_meminisse_iuvabit	haec_olim_meminisse_iuvabit	Multi	pace_tua	scientiae_et_patriae
NonDICOMpathologyImages	CDS-IMAGE-120002	CDS-NonDICOMpathologyImages-234946	Not specified	Premalignant	Acetone	DMEM+Serum	t-CyCIF	barba_crescit_caput_nescit	nanos_gigantum_humeris_insidentes	Other	salus_in_arduis	barba_crescit_caput_nescit
NonDICOMpathologyImages	CDS-IMAGE-155910	CDS-NonDICOMpathologyImages-654834	Excisional Biopsy	Unknown	Para-benzoquinone	None	GeoMX-DSP	scientiae_et_patriae	faber_est_suae_quisque_fortunae	Water	nanos_gigantum_humeris_insidentes	damnant_quod_non_intellegunt
NonDICOMpathologyImages	CDS-IMAGE-649458	CDS-NonDICOMpathologyImages-337582	Autopsy	Recurrent	Unknown	RPMI+Serum	Not Applicable	O_Tite_tute_Tati_tibi_tanta_tyranne_tulisti	labor_ipse_voluptas	Multi	scientia_et_labor	barba_crescit_caput_nescit
NonDICOMpathologyImages	CDS-IMAGE-318686	CDS-NonDICOMpathologyImages-956523	Blood draw	Xenograft	95% Ethanol	RPMI+Serum	GeoMX-DSP	scientiae_et_patriae	salus_in_arduis	Other	scientiae_et_patriae	scientiae_et_patriae
NonDICOMpathologyImages	CDS-IMAGE-806756	CDS-NonDICOMpathologyImages-156397	Biopsy	Not reported	NP40 Lysis Buffer	RPMI+Serum	ExSeq	haec_olim_meminisse_iuvabit	damnant_quod_non_intellegunt	Water	nanos_gigantum_humeris_insidentes	salus_in_arduis
NonDICOMpathologyImages	CDS-IMAGE-681280	CDS-NonDICOMpathologyImages-608273	Autopsy	Normal	None	None	CODEX	barba_crescit_caput_nescit	saltus_in_demonstrando	Glycerol	id_quod_plerumque_accidit	e_causa_ignota
NonDICOMpathologyImages	CDS-IMAGE-954050	CDS-NonDICOMpathologyImages-899186	Shave biopsy	Not applicable	Carnoy's Solution	DMEM+Serum	Not Applicable	salus_in_arduis	Gallia_est_omnis_divisa_in_partes_tres	Other	barba_crescit_caput_nescit	damnant_quod_non_intellegunt
NonDICOMpathologyImages	CDS-IMAGE-313368	CDS-NonDICOMpathologyImages-232871	Not reported	Premalignant	Carbodiimide	DMEM+Serum	MIBI	salus_in_arduis	haec_olim_meminisse_iuvabit	Water	O_Tite_tute_Tati_tibi_tanta_tyranne_tulisti	scientia_imperii_decus_et_tutamen
NonDICOMpathologyImages	CDS-IMAGE-288940	CDS-NonDICOMpathologyImages-790375	Excisional Biopsy	NOS	RNAlater	DMEM	SABER	scientia,_aere_perennius	sapiens_qui_prospicit	Air	scientia,_aere_perennius	scientia,_aere_perennius
NonDICOMpathologyImages	CDS-IMAGE-704260	CDS-NonDICOMpathologyImages-565650	Excisional Biopsy	Tumor post-adjuvant therapy     	RNAlater	None	MIBI	a_bene_placito	e_causa_ignota	Air	Gallia_est_omnis_divisa_in_partes_tres	imperium_in_imperio
NonDICOMpathologyImages	CDS-IMAGE-805751	CDS-NonDICOMpathologyImages-285742	Not reported	Tumor post-neoadjuvant therapy    	PAXgene Tissue	DMEM	CODEX	salus_in_arduis	salus_in_arduis	Other	sapiens_qui_prospicit	faber_est_suae_quisque_fortunae
NonDICOMpathologyImages	CDS-IMAGE-798443	CDS-NonDICOMpathologyImages-833918	Unknown	Primary	Poloxamer	DMEM	mIHC	e_causa_ignota	imperium_in_imperio	Glycerol	nanos_gigantum_humeris_insidentes	scientia,_aere_perennius
NonDICOMpathologyImages	CDS-IMAGE-673819	CDS-NonDICOMpathologyImages-513568	Not applicable	Not applicable	RNAlater	DMEM	CyCIF	scientiae_et_patriae	e_causa_ignota	Other	sapiens_qui_prospicit	nanos_gigantum_humeris_insidentes
NonDICOMpathologyImages	CDS-IMAGE-263740	CDS-NonDICOMpathologyImages-871073	Punch biopsy	Tumor post-therapy	Not applicable	DMEM	SABER	faber_est_suae_quisque_fortunae	saltus_in_demonstrando	Air	faber_est_suae_quisque_fortunae	salus_in_arduis
NonDICOMpathologyImages	CDS-IMAGE-346095	CDS-NonDICOMpathologyImages-893427	Not specified	Tumor post-neoadjuvant therapy    	Glutaraldehyde	RPMI+Serum	ExSeq	scientia,_aere_perennius	salus_in_arduis	Other	scientia_et_sapientia	Obedientia_civium_urbis_felicitas
NonDICOMpathologyImages	CDS-IMAGE-223390	CDS-NonDICOMpathologyImages-972290	Incisional Biopsy	Tissue	Alcohol	PBS+Serum	IMC	scientia,_aere_perennius	saltus_in_demonstrando	Other	scientiae_cedit_mare	e_causa_ignota
NonDICOMpathologyImages	CDS-IMAGE-937013	CDS-NonDICOMpathologyImages-565195	Sentinel node biopsy	Normal adjacent	CryoStor	None	ExSeq	scientia,_aere_perennius	haec_olim_meminisse_iuvabit	Multi	sapiens_qui_prospicit	scientiae_cedit_mare
NonDICOMpathologyImages	CDS-IMAGE-386663	CDS-NonDICOMpathologyImages-105088	Blood draw	Normal adjacent	Unknown	None	CyCIF	salus_in_arduis	labor_ipse_voluptas	Oil	Gallia_est_omnis_divisa_in_partes_tres	scientiae_et_patriae
NonDICOMpathologyImages	CDS-IMAGE-677406	CDS-NonDICOMpathologyImages-480499	Autopsy	Primary	Diimidoester	DMEM	MxIF	e_causa_ignota	scientia_et_sapientia	Air	scientia_imperii_decus_et_tutamen	saltus_in_demonstrando
NonDICOMpathologyImages	CDS-IMAGE-510702	CDS-NonDICOMpathologyImages-461286	Sentinel node biopsy	Metastatic	Carbodiimide	DMEM	CODEX	damnant_quod_non_intellegunt	damnant_quod_non_intellegunt	Multi	barba_crescit_caput_nescit	sapiens_qui_prospicit
NonDICOMpathologyImages	CDS-IMAGE-667540	CDS-NonDICOMpathologyImages-429186	Re-excision	Recurrent	95% Ethanol	DMEM	GeoMX-DSP	salus_in_arduis	id_quod_plerumque_accidit	Other	e_causa_ignota	haec_olim_meminisse_iuvabit
NonDICOMpathologyImages	CDS-IMAGE-231019	CDS-NonDICOMpathologyImages-864747	Shave biopsy	Tumor post-therapy	Formalin	DMEM	IHC	cacatum_non_est_pictum	sapiens_qui_prospicit	Air	id_quod_plerumque_accidit	scientiae_et_patriae
NonDICOMpathologyImages	CDS-IMAGE-327362	CDS-NonDICOMpathologyImages-510206	Lymphadenectomy (regional nodes)	Xenograft	Poloxamer	DMEM	CODEX	a_bene_placito	saltus_in_demonstrando	Glycerol	e_causa_ignota	imperium_in_imperio
NonDICOMpathologyImages	CDS-IMAGE-678659	CDS-NonDICOMpathologyImages-376519	Lymphadenectomy (regional nodes)	NOS	Carbodiimide	RPMI+Serum	CODEX	scientia_et_labor	scientia_imperii_decus_et_tutamen	Air	scientia_et_sapientia	e_causa_ignota
NonDICOMpathologyImages	CDS-IMAGE-256922	CDS-NonDICOMpathologyImages-232132	Re-excision	NOS	Carbodiimide	PBS+Serum	CODEX	O_Tite_tute_Tati_tibi_tanta_tyranne_tulisti	id_quod_plerumque_accidit	Oil	scientiae_cedit_mare	Gallia_est_omnis_divisa_in_partes_tres
NonDICOMpathologyImages	CDS-IMAGE-747782	CDS-NonDICOMpathologyImages-627585	Lymphadenectomy (regional nodes)	Premalignant - in situ	Carnoy's Solution	RPMI+Serum	CyCIF	scientia,_aere_perennius	O_Tite_tute_Tati_tibi_tanta_tyranne_tulisti	Water	Gallia_est_omnis_divisa_in_partes_tres	Gallia_est_omnis_divisa_in_partes_tres
NonDICOMpathologyImages	CDS-IMAGE-642611	CDS-NonDICOMpathologyImages-604847	Biopsy	Xenograft	RNAlater	PBS+Serum	MIBI	scientia_et_labor	Obedientia_civium_urbis_felicitas	Air	O_Tite_tute_Tati_tibi_tanta_tyranne_tulisti	scientia_et_labor
NonDICOMpathologyImages	CDS-IMAGE-921257	CDS-NonDICOMpathologyImages-874267	Forceps Biopsy	Normal	Methacarn	RPMI+Serum	IMC	scientia_imperii_decus_et_tutamen	nanos_gigantum_humeris_insidentes	Glycerol	e_causa_ignota	e_causa_ignota
NonDICOMpathologyImages	CDS-IMAGE-365153	CDS-NonDICOMpathologyImages-870786	Fine needle aspirate	Atypia or hyperplasia	Unknown	RPMI+Serum	MIBI	sapiens_qui_prospicit	haec_olim_meminisse_iuvabit	Air	scientiae_et_patriae	sapiens_qui_prospicit
NonDICOMpathologyImages	CDS-IMAGE-265490	CDS-NonDICOMpathologyImages-773003	Incisional Biopsy	Not reported	Not applicable	PBS+Serum	MIBI	nanos_gigantum_humeris_insidentes	scientia,_aere_perennius	Glycerol	a_bene_placito	Obedientia_civium_urbis_felicitas
NonDICOMpathologyImages	CDS-IMAGE-733969	CDS-NonDICOMpathologyImages-508421	Not reported	Tissue	Methacarn	RPMI+Serum	Not Applicable	id_quod_plerumque_accidit	labor_ipse_voluptas	Air	damnant_quod_non_intellegunt	sapiens_qui_prospicit
NonDICOMpathologyImages	CDS-IMAGE-935905	CDS-NonDICOMpathologyImages-259392	Shave biopsy	Tumor post-therapy	95% Ethanol	PBS+Serum	MIBI	Macte_animo_Generose_puer_sic_itur_ad_astra	imperium_in_imperio	Water	sapiens_qui_prospicit	scientiae_et_patriae
NonDICOMpathologyImages	CDS-IMAGE-720838	CDS-NonDICOMpathologyImages-665293	Excisional Biopsy	Not applicable	CryoStor	None	MIBI	id_quod_plerumque_accidit	haec_olim_meminisse_iuvabit	Multi	a_bene_placito	labor_ipse_voluptas
NonDICOMpathologyImages	CDS-IMAGE-407729	CDS-NonDICOMpathologyImages-596934	Blood draw	Premalignant - in situ	Other	DMEM+Serum	mIHC	cacatum_non_est_pictum	Gallia_est_omnis_divisa_in_partes_tres	Other	pace_tua	damnant_quod_non_intellegunt
NonDICOMpathologyImages	CDS-IMAGE-765012	CDS-NonDICOMpathologyImages-477741	Excisional Biopsy	Not applicable	NP40 Lysis Buffer	None	MIBI	O_Tite_tute_Tati_tibi_tanta_tyranne_tulisti	pace_tua	Glycerol	saltus_in_demonstrando	scientiae_et_patriae
NonDICOMpathologyImages	CDS-IMAGE-952089	CDS-NonDICOMpathologyImages-819315	Not specified	Metastatic	Para-benzoquinone	DMEM	IMC	labor_ipse_voluptas	scientiae_et_patriae	Glycerol	nascentes_morimur_finisque_ab_origine_pendet	faber_est_suae_quisque_fortunae
NonDICOMpathologyImages	CDS-IMAGE-390450	CDS-NonDICOMpathologyImages-958621	Biopsy	Normal adjacent	Not recorded	DMEM+Serum	SABER	imperium_in_imperio	Obedientia_civium_urbis_felicitas	Oil	Obedientia_civium_urbis_felicitas	labor_ipse_voluptas
NonDICOMpathologyImages	CDS-IMAGE-979643	CDS-NonDICOMpathologyImages-464815	Fine needle aspirate	Tumor post-neoadjuvant therapy    	NP40 Lysis Buffer	DMEM+Serum	CyCIF	haec_olim_meminisse_iuvabit	scientia_et_sapientia	Glycerol	cacatum_non_est_pictum	cacatum_non_est_pictum
NonDICOMpathologyImages	CDS-IMAGE-641397	CDS-NonDICOMpathologyImages-855984	Not specified	Local recurrence	Methacarn	PBS+Serum	CODEX	salus_in_arduis	nascentes_morimur_finisque_ab_origine_pendet	Water	salus_in_arduis	salus_in_arduis
NonDICOMpathologyImages	CDS-IMAGE-116776	CDS-NonDICOMpathologyImages-131579	Surgical Resection	Atypia or hyperplasia	95% Ethanol	PBS+Serum	H&E	id_quod_plerumque_accidit	pace_tua	Oil	scientia_et_labor	e_causa_ignota
NonDICOMpathologyImages	CDS-IMAGE-516232	CDS-NonDICOMpathologyImages-176606	Biopsy	Not applicable	Alcohol	None	IHC	Macte_animo_Generose_puer_sic_itur_ad_astra	salus_in_arduis	Oil	barba_crescit_caput_nescit	nascentes_morimur_finisque_ab_origine_pendet
NonDICOMpathologyImages	CDS-IMAGE-704557	CDS-NonDICOMpathologyImages-221596	Excisional Biopsy	Atypia or hyperplasia	Acetone	PBS+Serum	H&E	scientiae_cedit_mare	Macte_animo_Generose_puer_sic_itur_ad_astra	Multi	scientiae_cedit_mare	Gallia_est_omnis_divisa_in_partes_tres
NonDICOMpathologyImages	CDS-IMAGE-307011	CDS-NonDICOMpathologyImages-303639	Not specified	Tumor post-therapy	PAXgene Tissue	None	ExSeq	nascentes_morimur_finisque_ab_origine_pendet	labor_ipse_voluptas	Water	labor_ipse_voluptas	e_causa_ignota
NonDICOMpathologyImages	CDS-IMAGE-744720	CDS-NonDICOMpathologyImages-930526	Fine needle aspirate	Metastatic	Methacarn	PBS+Serum	IHC	Obedientia_civium_urbis_felicitas	nanos_gigantum_humeris_insidentes	Other	barba_crescit_caput_nescit	id_quod_plerumque_accidit
NonDICOMpathologyImages	CDS-IMAGE-477371	CDS-NonDICOMpathologyImages-212828	Unknown	Normal distant	CryoStor	RPMI+Serum	Not Applicable	faber_est_suae_quisque_fortunae	imperium_in_imperio	Oil	sapiens_qui_prospicit	faber_est_suae_quisque_fortunae
NonDICOMpathologyImages	CDS-IMAGE-323764	CDS-NonDICOMpathologyImages-858364	Pancreaticoduodenectomy	Tumor post-adjuvant therapy     	Acetone	PBS+Serum	IMC	id_quod_plerumque_accidit	faber_est_suae_quisque_fortunae	Water	nascentes_morimur_finisque_ab_origine_pendet	barba_crescit_caput_nescit
NonDICOMpathologyImages	CDS-IMAGE-150793	CDS-NonDICOMpathologyImages-524873	Other	Tumor post-therapy	Methacarn	DMEM	GeoMX-DSP	scientia,_aere_perennius	scientiae_et_patriae	Other	Obedientia_civium_urbis_felicitas	e_causa_ignota
NonDICOMpathologyImages	CDS-IMAGE-163561	CDS-NonDICOMpathologyImages-312354	Other	Recurrent	Carbodiimide	DMEM	IHC	Macte_animo_Generose_puer_sic_itur_ad_astra	scientia_imperii_decus_et_tutamen	Water	Gallia_est_omnis_divisa_in_partes_tres	scientia_et_sapientia
NonDICOMpathologyImages	CDS-IMAGE-798105	CDS-NonDICOMpathologyImages-591227	Autopsy	Tumor post-therapy	Not recorded	DMEM+Serum	H&E	pace_tua	barba_crescit_caput_nescit	Oil	imperium_in_imperio	pace_tua
NonDICOMpathologyImages	CDS-IMAGE-918040	CDS-NonDICOMpathologyImages-671712	Punch biopsy	Unknown	TCL Lysis Buffer	RPMI+Serum	SABER	saltus_in_demonstrando	scientiae_et_patriae	Oil	scientia_et_labor	e_causa_ignota
NonDICOMpathologyImages	CDS-IMAGE-939427	CDS-NonDICOMpathologyImages-335713	Pancreaticoduodenectomy	Unknown	Not recorded	RPMI+Serum	GeoMX-DSP	scientiae_et_patriae	e_causa_ignota	Oil	e_causa_ignota	e_causa_ignota
NonDICOMpathologyImages	CDS-IMAGE-668927	CDS-NonDICOMpathologyImages-561120	Autopsy	Metastatic	Carnoy's Solution	DMEM+Serum	Not Applicable	Obedientia_civium_urbis_felicitas	scientia_et_sapientia	Glycerol	sapiens_qui_prospicit	cacatum_non_est_pictum
NonDICOMpathologyImages	CDS-IMAGE-993241	CDS-NonDICOMpathologyImages-922472	Blood draw	Primary	Acetone	PBS+Serum	MERFISH	a_bene_placito	O_Tite_tute_Tati_tibi_tanta_tyranne_tulisti	Glycerol	Macte_animo_Generose_puer_sic_itur_ad_astra	Gallia_est_omnis_divisa_in_partes_tres
NonDICOMpathologyImages	CDS-IMAGE-543772	CDS-NonDICOMpathologyImages-880197	Blood draw	Not reported	Carnoy's Solution	DMEM	SABER	haec_olim_meminisse_iuvabit	scientiae_et_patriae	Oil	scientiae_cedit_mare	faber_est_suae_quisque_fortunae
NonDICOMpathologyImages	CDS-IMAGE-557670	CDS-NonDICOMpathologyImages-298436	Core needle biopsy	Primary	Not applicable	DMEM	Not Applicable	Gallia_est_omnis_divisa_in_partes_tres	nascentes_morimur_finisque_ab_origine_pendet	Other	cacatum_non_est_pictum	imperium_in_imperio
NonDICOMpathologyImages	CDS-IMAGE-474139	CDS-NonDICOMpathologyImages-806272	Punch biopsy	Unknown	Poloxamer	None	t-CyCIF	Gallia_est_omnis_divisa_in_partes_tres	scientiae_cedit_mare	Air	scientiae_et_patriae	scientia,_aere_perennius
