type	image.study_link_id	NonDICOMpathologyImages_id	acquisition_method_type	tumor_tissue_type	tissue_fixative	embedding_medium	staining_method	objective	nominal_magnification	immersion	lens_numerical_aperture	crdc_id
NonDICOMpathologyImages	GC-IMAGE-849032	GC-NonDICOMpathologyImages-594192	Re-excision	Tumor post-therapy	NP40 Lysis Buffer	Fresh Dissociated and Single Cell Sorted	MERFISH	faber_est_suae_quisque_fortunae	scientia_imperii_decus_et_tutamen	Multi	saltus_in_demonstrando	haec_olim_meminisse_iuvabit
NonDICOMpathologyImages	GC-IMAGE-727455	GC-NonDICOMpathologyImages-544858	Not applicable	Not reported	Carbodiimide	Not Applicable	H&E	cacatum_non_est_pictum	nascentes_morimur_finisque_ab_origine_pendet	Multi	Macte_animo_Generose_puer_sic_itur_ad_astra	id_quod_plerumque_accidit
NonDICOMpathologyImages	GC-IMAGE-482106	GC-NonDICOMpathologyImages-894315	Excisional Biopsy	Not applicable	Para-benzoquinone	Fixation	CODEX	labor_ipse_voluptas	salus_in_arduis	Multi	nanos_gigantum_humeris_insidentes	damnant_quod_non_intellegunt
NonDICOMpathologyImages	GC-IMAGE-276469	GC-NonDICOMpathologyImages-482908	Sentinel node biopsy	Tumor post-adjuvant therapy	Unknown	Not Reported	IMC	scientia_et_labor	e_causa_ignota	Water	sapiens_qui_prospicit	scientiae_cedit_mare
NonDICOMpathologyImages	GC-IMAGE-101747	GC-NonDICOMpathologyImages-698099	Punch biopsy	Xenograft	Formalin	Not Applicable	GeoMX-DSP	cacatum_non_est_pictum	faber_est_suae_quisque_fortunae	Air	scientia,_aere_perennius	scientiae_cedit_mare
NonDICOMpathologyImages	GC-IMAGE-428735	GC-NonDICOMpathologyImages-536174	Incisional Biopsy	Tumor specimen from de novo untreated malignancy of the bladder	OCT media	Unknown	SABER	scientia_et_labor	damnant_quod_non_intellegunt	Multi	imperium_in_imperio	e_causa_ignota
NonDICOMpathologyImages	GC-IMAGE-630889	GC-NonDICOMpathologyImages-941332	Surgical Resection	Tumor post-therapy	Saline	Not Applicable	SABER	nanos_gigantum_humeris_insidentes	scientia,_aere_perennius	Air	pace_tua	barba_crescit_caput_nescit
NonDICOMpathologyImages	GC-IMAGE-417924	GC-NonDICOMpathologyImages-351330	Blood draw	Not applicable	None	Refrigerated	IMC	sapiens_qui_prospicit	scientia_imperii_decus_et_tutamen	Air	labor_ipse_voluptas	haec_olim_meminisse_iuvabit
NonDICOMpathologyImages	GC-IMAGE-426884	GC-NonDICOMpathologyImages-179460	Forceps Biopsy	Not reported	PAXgene Tissue	Cryopreserved	SABER	scientiae_et_patriae	salus_in_arduis	Multi	scientiae_cedit_mare	labor_ipse_voluptas
NonDICOMpathologyImages	GC-IMAGE-877856	GC-NonDICOMpathologyImages-664526	Blood draw	Premalignant - in situ	Dimethylacetamide	Fresh Dissociated and Single Cell Sorted into Plates	MERFISH	Macte_animo_Generose_puer_sic_itur_ad_astra	scientia_et_labor	Multi	barba_crescit_caput_nescit	salus_in_arduis
NonDICOMpathologyImages	GC-IMAGE-313483	GC-NonDICOMpathologyImages-646102	Biopsy	Normal	OCT media	Not Reported	MxIF	Obedientia_civium_urbis_felicitas	Macte_animo_Generose_puer_sic_itur_ad_astra	Glycerol	O_Tite_tute_Tati_tibi_tanta_tyranne_tulisti	scientiae_et_patriae
NonDICOMpathologyImages	GC-IMAGE-552157	GC-NonDICOMpathologyImages-350793	Blood draw	Premalignant	RNAlater	Cryopreserved	IHC	e_causa_ignota	nascentes_morimur_finisque_ab_origine_pendet	Water	haec_olim_meminisse_iuvabit	e_causa_ignota
NonDICOMpathologyImages	GC-IMAGE-850011	GC-NonDICOMpathologyImages-868873	Lymphadenectomy (regional nodes)	NOS	OCT media	Cytospin Slide	MxIF	faber_est_suae_quisque_fortunae	barba_crescit_caput_nescit	Multi	haec_olim_meminisse_iuvabit	pace_tua
NonDICOMpathologyImages	GC-IMAGE-944073	GC-NonDICOMpathologyImages-375904	Fine needle aspirate	Tissue	OCT media	Fresh Dissociated	SABER	damnant_quod_non_intellegunt	scientia,_aere_perennius	Other	Macte_animo_Generose_puer_sic_itur_ad_astra	sapiens_qui_prospicit
NonDICOMpathologyImages	GC-IMAGE-199634	GC-NonDICOMpathologyImages-483644	Sentinel node biopsy	Primary	NP40 Lysis Buffer	Fresh	MERFISH	Gallia_est_omnis_divisa_in_partes_tres	imperium_in_imperio	Air	haec_olim_meminisse_iuvabit	Obedientia_civium_urbis_felicitas
NonDICOMpathologyImages	GC-IMAGE-718924	GC-NonDICOMpathologyImages-965351	Autopsy	Unknown	Dimethylacetamide	Not Reported	Not Applicable	Obedientia_civium_urbis_felicitas	Gallia_est_omnis_divisa_in_partes_tres	Oil	Obedientia_civium_urbis_felicitas	O_Tite_tute_Tati_tibi_tanta_tyranne_tulisti
NonDICOMpathologyImages	GC-IMAGE-156589	GC-NonDICOMpathologyImages-631271	Re-excision	Tumor post-neoadjuvant therapy	95% Ethanol	Not Applicable	t-CyCIF	pace_tua	Obedientia_civium_urbis_felicitas	Oil	nanos_gigantum_humeris_insidentes	pace_tua
NonDICOMpathologyImages	GC-IMAGE-938507	GC-NonDICOMpathologyImages-276616	Lymphadenectomy (regional nodes)	Normal adjacent	Alcohol	Unknown	H&E	pace_tua	haec_olim_meminisse_iuvabit	Multi	scientia_et_sapientia	a_bene_placito
NonDICOMpathologyImages	GC-IMAGE-747176	GC-NonDICOMpathologyImages-535768	Fine needle aspirate	Tumor post-neoadjuvant therapy	Formalin	Fresh	MIBI	scientia_et_labor	scientia_imperii_decus_et_tutamen	Water	barba_crescit_caput_nescit	scientia,_aere_perennius
NonDICOMpathologyImages	GC-IMAGE-133730	GC-NonDICOMpathologyImages-481297	Fine needle aspirate	Premalignant - in situ	95% Ethanol	Fresh Dissociated	Not Applicable	scientia_imperii_decus_et_tutamen	nanos_gigantum_humeris_insidentes	Glycerol	sapiens_qui_prospicit	barba_crescit_caput_nescit
NonDICOMpathologyImages	GC-IMAGE-344028	GC-NonDICOMpathologyImages-386139	Forceps Biopsy	NOS	Saline	Not Applicable	IMC	faber_est_suae_quisque_fortunae	cacatum_non_est_pictum	Multi	a_bene_placito	O_Tite_tute_Tati_tibi_tanta_tyranne_tulisti
NonDICOMpathologyImages	GC-IMAGE-355068	GC-NonDICOMpathologyImages-902263	Lymphadenectomy (regional nodes)	Normal adjacent	Carbodiimide	Cryopreserved	CODEX	Gallia_est_omnis_divisa_in_partes_tres	pace_tua	Multi	damnant_quod_non_intellegunt	cacatum_non_est_pictum
NonDICOMpathologyImages	GC-IMAGE-235944	GC-NonDICOMpathologyImages-309910	Not applicable	Premalignant - in situ	Other	Fresh Dissociated	IMC	cacatum_non_est_pictum	scientia,_aere_perennius	Air	Obedientia_civium_urbis_felicitas	scientia_imperii_decus_et_tutamen
NonDICOMpathologyImages	GC-IMAGE-383112	GC-NonDICOMpathologyImages-400702	Unknown	Unknown	Carbodiimide	Not Reported	Not Applicable	Gallia_est_omnis_divisa_in_partes_tres	e_causa_ignota	Multi	barba_crescit_caput_nescit	barba_crescit_caput_nescit
NonDICOMpathologyImages	GC-IMAGE-944583	GC-NonDICOMpathologyImages-811433	Shave biopsy	Tumor post-adjuvant therapy	Unknown	Fixation	H&E	scientia_imperii_decus_et_tutamen	scientia_et_labor	Glycerol	nanos_gigantum_humeris_insidentes	O_Tite_tute_Tati_tibi_tanta_tyranne_tulisti
NonDICOMpathologyImages	GC-IMAGE-102896	GC-NonDICOMpathologyImages-296384	Punch biopsy	Tumor post-therapy	Not applicable	Cryopreserved	mIHC	sapiens_qui_prospicit	e_causa_ignota	Oil	scientia_et_sapientia	nascentes_morimur_finisque_ab_origine_pendet
NonDICOMpathologyImages	GC-IMAGE-732014	GC-NonDICOMpathologyImages-883433	Pancreaticoduodenectomy	Not reported	Carbodiimide	Snap Frozen	CODEX	nascentes_morimur_finisque_ab_origine_pendet	cacatum_non_est_pictum	Oil	id_quod_plerumque_accidit	e_causa_ignota
NonDICOMpathologyImages	GC-IMAGE-138046	GC-NonDICOMpathologyImages-285752	Biopsy	Tumor post-neoadjuvant therapy	Not recorded	Unknown	SABER	nascentes_morimur_finisque_ab_origine_pendet	damnant_quod_non_intellegunt	Water	cacatum_non_est_pictum	sapiens_qui_prospicit
NonDICOMpathologyImages	GC-IMAGE-212260	GC-NonDICOMpathologyImages-162244	Sentinel node biopsy	Normal	Formalin	Fixation	IMC	scientiae_cedit_mare	damnant_quod_non_intellegunt	Multi	saltus_in_demonstrando	pace_tua
NonDICOMpathologyImages	GC-IMAGE-201501	GC-NonDICOMpathologyImages-292694	Excisional Biopsy	Premalignant - in situ	Diimidoester	Fixation	SABER	scientia_et_labor	a_bene_placito	Multi	Obedientia_civium_urbis_felicitas	a_bene_placito
NonDICOMpathologyImages	GC-IMAGE-291157	GC-NonDICOMpathologyImages-702776	Shave biopsy	NOS	95% Ethanol	Not Reported	GeoMX-DSP	pace_tua	cacatum_non_est_pictum	Other	Obedientia_civium_urbis_felicitas	damnant_quod_non_intellegunt
NonDICOMpathologyImages	GC-IMAGE-163251	GC-NonDICOMpathologyImages-884247	Unknown	NOS	Saline	Fixation	MxIF	nanos_gigantum_humeris_insidentes	scientia_et_sapientia	Multi	Obedientia_civium_urbis_felicitas	scientia_et_labor
NonDICOMpathologyImages	GC-IMAGE-426737	GC-NonDICOMpathologyImages-488383	Unknown	Local recurrence	Carbodiimide	Refrigerated Vacuum Chamber	MERFISH	e_causa_ignota	e_causa_ignota	Air	sapiens_qui_prospicit	a_bene_placito
NonDICOMpathologyImages	GC-IMAGE-146012	GC-NonDICOMpathologyImages-315001	Not specified	Recurrent	None	Snap Frozen	mIHC	nascentes_morimur_finisque_ab_origine_pendet	nascentes_morimur_finisque_ab_origine_pendet	Water	haec_olim_meminisse_iuvabit	scientia_imperii_decus_et_tutamen
NonDICOMpathologyImages	GC-IMAGE-622419	GC-NonDICOMpathologyImages-172256	Blood draw	Tumor specimen from de novo untreated malignancy of the bladder	None	Snap Frozen	Not Applicable	nanos_gigantum_humeris_insidentes	damnant_quod_non_intellegunt	Glycerol	haec_olim_meminisse_iuvabit	barba_crescit_caput_nescit
NonDICOMpathologyImages	GC-IMAGE-253169	GC-NonDICOMpathologyImages-634010	Incisional Biopsy	Normal adjacent	CryoStor	Frozen	mIHC	scientia_et_labor	e_causa_ignota	Oil	e_causa_ignota	scientiae_cedit_mare
NonDICOMpathologyImages	GC-IMAGE-105342	GC-NonDICOMpathologyImages-335769	Excisional Biopsy	Tissue	Not recorded	Not Applicable	MERFISH	scientia_et_sapientia	e_causa_ignota	Multi	scientia_et_labor	scientia_et_sapientia
NonDICOMpathologyImages	GC-IMAGE-770122	GC-NonDICOMpathologyImages-857969	Excisional Biopsy	Normal	Carbodiimide	Fresh	MxIF	labor_ipse_voluptas	nanos_gigantum_humeris_insidentes	Multi	a_bene_placito	scientia_et_labor
NonDICOMpathologyImages	GC-IMAGE-467947	GC-NonDICOMpathologyImages-562637	Not specified	Tumor post-adjuvant therapy	Not applicable	Fresh Dissociated	MxIF	damnant_quod_non_intellegunt	e_causa_ignota	Multi	labor_ipse_voluptas	pace_tua
NonDICOMpathologyImages	GC-IMAGE-643009	GC-NonDICOMpathologyImages-330438	Pancreaticoduodenectomy	Normal	95% Ethanol	Fixation	SABER	Gallia_est_omnis_divisa_in_partes_tres	nanos_gigantum_humeris_insidentes	Air	scientiae_et_patriae	haec_olim_meminisse_iuvabit
NonDICOMpathologyImages	GC-IMAGE-914167	GC-NonDICOMpathologyImages-858333	Core needle biopsy	Not reported	Not recorded	Refrigerated Vacuum Chamber	t-CyCIF	saltus_in_demonstrando	cacatum_non_est_pictum	Other	Gallia_est_omnis_divisa_in_partes_tres	scientia,_aere_perennius
NonDICOMpathologyImages	GC-IMAGE-682687	GC-NonDICOMpathologyImages-191267	Other	Xenograft	Carnoy's Solution	Unknown	MERFISH	faber_est_suae_quisque_fortunae	damnant_quod_non_intellegunt	Other	scientia_et_sapientia	salus_in_arduis
NonDICOMpathologyImages	GC-IMAGE-755887	GC-NonDICOMpathologyImages-529808	Re-excision	Tissue	Carbodiimide	Frozen	Not Applicable	barba_crescit_caput_nescit	Macte_animo_Generose_puer_sic_itur_ad_astra	Water	pace_tua	damnant_quod_non_intellegunt
NonDICOMpathologyImages	GC-IMAGE-237895	GC-NonDICOMpathologyImages-658171	Surgical Resection	Premalignant - in situ	Para-benzoquinone	Fresh	H&E	Obedientia_civium_urbis_felicitas	Macte_animo_Generose_puer_sic_itur_ad_astra	Air	e_causa_ignota	barba_crescit_caput_nescit
NonDICOMpathologyImages	GC-IMAGE-331114	GC-NonDICOMpathologyImages-627953	Not applicable	Primary	Unknown	Unknown	MIBI	Gallia_est_omnis_divisa_in_partes_tres	scientia_et_sapientia	Multi	sapiens_qui_prospicit	cacatum_non_est_pictum
NonDICOMpathologyImages	GC-IMAGE-900367	GC-NonDICOMpathologyImages-459792	Excisional Biopsy	Unknown	Para-benzoquinone	Not Reported	IMC	O_Tite_tute_Tati_tibi_tanta_tyranne_tulisti	scientiae_et_patriae	Water	scientiae_et_patriae	faber_est_suae_quisque_fortunae
NonDICOMpathologyImages	GC-IMAGE-541884	GC-NonDICOMpathologyImages-350576	Forceps Biopsy	NOS	Saline	Fresh	CyCIF	damnant_quod_non_intellegunt	cacatum_non_est_pictum	Multi	labor_ipse_voluptas	labor_ipse_voluptas
NonDICOMpathologyImages	GC-IMAGE-637715	GC-NonDICOMpathologyImages-514884	Surgical Resection	Unknown	RNAlater	Refrigerated Vacuum Chamber	mIHC	id_quod_plerumque_accidit	scientia_et_sapientia	Air	Macte_animo_Generose_puer_sic_itur_ad_astra	imperium_in_imperio
NonDICOMpathologyImages	GC-IMAGE-493993	GC-NonDICOMpathologyImages-440576	Autopsy	Normal	Carnoy's Solution	Frozen	GeoMX-DSP	barba_crescit_caput_nescit	imperium_in_imperio	Other	saltus_in_demonstrando	pace_tua
NonDICOMpathologyImages	GC-IMAGE-879088	GC-NonDICOMpathologyImages-163427	Unknown	Primary	Not recorded	Fixation	CyCIF	Obedientia_civium_urbis_felicitas	Gallia_est_omnis_divisa_in_partes_tres	Multi	haec_olim_meminisse_iuvabit	id_quod_plerumque_accidit
NonDICOMpathologyImages	GC-IMAGE-367642	GC-NonDICOMpathologyImages-622926	Blood draw	Atypia or hyperplasia	Alcohol	Frozen	CyCIF	scientia_et_sapientia	Obedientia_civium_urbis_felicitas	Water	Gallia_est_omnis_divisa_in_partes_tres	scientia_et_sapientia
NonDICOMpathologyImages	GC-IMAGE-784422	GC-NonDICOMpathologyImages-875873	Pancreaticoduodenectomy	Normal	Poloxamer	Fresh Dissociated and Single Cell Sorted	MxIF	scientia_et_labor	scientia_et_labor	Oil	nanos_gigantum_humeris_insidentes	faber_est_suae_quisque_fortunae
NonDICOMpathologyImages	GC-IMAGE-920592	GC-NonDICOMpathologyImages-719742	Other	NOS	Not applicable	Refrigerated	SABER	scientiae_cedit_mare	faber_est_suae_quisque_fortunae	Other	pace_tua	a_bene_placito
NonDICOMpathologyImages	GC-IMAGE-730124	GC-NonDICOMpathologyImages-591734	Punch biopsy	Recurrent	Not applicable	Fresh	CODEX	pace_tua	haec_olim_meminisse_iuvabit	Other	scientia_et_labor	cacatum_non_est_pictum
NonDICOMpathologyImages	GC-IMAGE-451229	GC-NonDICOMpathologyImages-849286	Not specified	Additional Primary	RNAlater	Cytospin Slide	MIBI	scientiae_cedit_mare	Macte_animo_Generose_puer_sic_itur_ad_astra	Oil	Gallia_est_omnis_divisa_in_partes_tres	scientia,_aere_perennius
NonDICOMpathologyImages	GC-IMAGE-948139	GC-NonDICOMpathologyImages-152198	Biopsy	NOS	Glutaraldehyde	Frozen	ExSeq	scientia_et_sapientia	haec_olim_meminisse_iuvabit	Other	faber_est_suae_quisque_fortunae	saltus_in_demonstrando
NonDICOMpathologyImages	GC-IMAGE-555989	GC-NonDICOMpathologyImages-119498	Not specified	Not applicable	Other	Frozen	MIBI	e_causa_ignota	scientia,_aere_perennius	Air	scientia_imperii_decus_et_tutamen	sapiens_qui_prospicit
NonDICOMpathologyImages	GC-IMAGE-984702	GC-NonDICOMpathologyImages-511032	Excisional Biopsy	Not applicable	OCT media	Refrigerated	MIBI	salus_in_arduis	scientia_et_sapientia	Oil	Gallia_est_omnis_divisa_in_partes_tres	pace_tua
NonDICOMpathologyImages	GC-IMAGE-489576	GC-NonDICOMpathologyImages-623495	Not applicable	Normal adjacent	Saline	Cryopreserved	t-CyCIF	O_Tite_tute_Tati_tibi_tanta_tyranne_tulisti	Obedientia_civium_urbis_felicitas	Multi	nascentes_morimur_finisque_ab_origine_pendet	e_causa_ignota
NonDICOMpathologyImages	GC-IMAGE-787867	GC-NonDICOMpathologyImages-159433	Lymphadenectomy (regional nodes)	Tumor post-neoadjuvant therapy	Carnoy's Solution	Cryopreserved	mIHC	scientiae_et_patriae	O_Tite_tute_Tati_tibi_tanta_tyranne_tulisti	Glycerol	damnant_quod_non_intellegunt	barba_crescit_caput_nescit
NonDICOMpathologyImages	GC-IMAGE-216661	GC-NonDICOMpathologyImages-702194	Lymphadenectomy (regional nodes)	Xenograft	Methacarn	Fresh	CODEX	scientia,_aere_perennius	pace_tua	Water	nanos_gigantum_humeris_insidentes	barba_crescit_caput_nescit
NonDICOMpathologyImages	GC-IMAGE-393890	GC-NonDICOMpathologyImages-100576	Pancreaticoduodenectomy	Xenograft	Acetone	Not Reported	CODEX	scientia,_aere_perennius	scientiae_cedit_mare	Oil	nanos_gigantum_humeris_insidentes	barba_crescit_caput_nescit
NonDICOMpathologyImages	GC-IMAGE-155028	GC-NonDICOMpathologyImages-526834	Not specified	NOS	Formalin	Fixation	IHC	faber_est_suae_quisque_fortunae	labor_ipse_voluptas	Air	id_quod_plerumque_accidit	scientia_et_sapientia
NonDICOMpathologyImages	GC-IMAGE-489838	GC-NonDICOMpathologyImages-728650	Biopsy	Recurrent	Acetone	Not Applicable	H&E	labor_ipse_voluptas	id_quod_plerumque_accidit	Other	a_bene_placito	barba_crescit_caput_nescit
NonDICOMpathologyImages	GC-IMAGE-662453	GC-NonDICOMpathologyImages-132724	Incisional Biopsy	Recurrent	Other	Not Reported	mIHC	scientia_et_sapientia	labor_ipse_voluptas	Water	damnant_quod_non_intellegunt	scientia_imperii_decus_et_tutamen
NonDICOMpathologyImages	GC-IMAGE-738163	GC-NonDICOMpathologyImages-479180	Sentinel node biopsy	Normal distant	Carnoy's Solution	Fresh Dissociated and Single Cell Sorted into Plates	mIHC	barba_crescit_caput_nescit	sapiens_qui_prospicit	Air	scientiae_et_patriae	scientia,_aere_perennius
NonDICOMpathologyImages	GC-IMAGE-278929	GC-NonDICOMpathologyImages-356467	Forceps Biopsy	Tissue	Poloxamer	Frozen	MIBI	Obedientia_civium_urbis_felicitas	scientiae_et_patriae	Air	damnant_quod_non_intellegunt	damnant_quod_non_intellegunt
NonDICOMpathologyImages	GC-IMAGE-616304	GC-NonDICOMpathologyImages-211190	Not reported	Tumor specimen from de novo untreated malignancy of the bladder	None	Fresh Dissociated	Not Applicable	Obedientia_civium_urbis_felicitas	id_quod_plerumque_accidit	Glycerol	scientiae_cedit_mare	labor_ipse_voluptas
NonDICOMpathologyImages	GC-IMAGE-659694	GC-NonDICOMpathologyImages-836036	Pancreaticoduodenectomy	Unknown	PAXgene Tissue	Cytospin Slide	SABER	scientia,_aere_perennius	labor_ipse_voluptas	Multi	imperium_in_imperio	O_Tite_tute_Tati_tibi_tanta_tyranne_tulisti
NonDICOMpathologyImages	GC-IMAGE-756215	GC-NonDICOMpathologyImages-548769	Unknown	Local recurrence	TCL Lysis Buffer	Snap Frozen	IHC	scientiae_et_patriae	imperium_in_imperio	Glycerol	sapiens_qui_prospicit	e_causa_ignota
NonDICOMpathologyImages	GC-IMAGE-683187	GC-NonDICOMpathologyImages-321125	Incisional Biopsy	Additional Primary	Dimethylacetamide	Refrigerated	MxIF	scientia_imperii_decus_et_tutamen	salus_in_arduis	Multi	scientiae_cedit_mare	nanos_gigantum_humeris_insidentes
NonDICOMpathologyImages	GC-IMAGE-890086	GC-NonDICOMpathologyImages-684852	Biopsy	Not reported	Glutaraldehyde	Fresh Dissociated and Single Cell Sorted into Plates	ExSeq	salus_in_arduis	Macte_animo_Generose_puer_sic_itur_ad_astra	Water	O_Tite_tute_Tati_tibi_tanta_tyranne_tulisti	scientia_et_sapientia
NonDICOMpathologyImages	GC-IMAGE-973982	GC-NonDICOMpathologyImages-798216	Sentinel node biopsy	Metastatic	Diimidoester	Fresh Dissociated	MIBI	faber_est_suae_quisque_fortunae	Macte_animo_Generose_puer_sic_itur_ad_astra	Air	scientiae_et_patriae	scientia_et_sapientia
NonDICOMpathologyImages	GC-IMAGE-261601	GC-NonDICOMpathologyImages-130954	Core needle biopsy	Tissue	RNAlater	Not Reported	MxIF	e_causa_ignota	Macte_animo_Generose_puer_sic_itur_ad_astra	Water	sapiens_qui_prospicit	O_Tite_tute_Tati_tibi_tanta_tyranne_tulisti
NonDICOMpathologyImages	GC-IMAGE-118348	GC-NonDICOMpathologyImages-978750	Re-excision	Unknown	None	Fixation	IHC	O_Tite_tute_Tati_tibi_tanta_tyranne_tulisti	faber_est_suae_quisque_fortunae	Other	Gallia_est_omnis_divisa_in_partes_tres	Macte_animo_Generose_puer_sic_itur_ad_astra
NonDICOMpathologyImages	GC-IMAGE-527665	GC-NonDICOMpathologyImages-160935	Incisional Biopsy	Premalignant - in situ	CryoStor	Refrigerated	ExSeq	id_quod_plerumque_accidit	sapiens_qui_prospicit	Other	Macte_animo_Generose_puer_sic_itur_ad_astra	O_Tite_tute_Tati_tibi_tanta_tyranne_tulisti
NonDICOMpathologyImages	GC-IMAGE-948450	GC-NonDICOMpathologyImages-270946	Lymphadenectomy (regional nodes)	Not reported	Poloxamer	Fresh Dissociated and Single Cell Sorted	GeoMX-DSP	scientia_et_labor	scientia_et_labor	Multi	scientia_imperii_decus_et_tutamen	Macte_animo_Generose_puer_sic_itur_ad_astra
NonDICOMpathologyImages	GC-IMAGE-462482	GC-NonDICOMpathologyImages-558932	Not reported	Normal	Poloxamer	Refrigerated	IHC	O_Tite_tute_Tati_tibi_tanta_tyranne_tulisti	scientiae_cedit_mare	Other	haec_olim_meminisse_iuvabit	Macte_animo_Generose_puer_sic_itur_ad_astra
NonDICOMpathologyImages	GC-IMAGE-773014	GC-NonDICOMpathologyImages-824122	Not specified	Tumor specimen from de novo untreated malignancy of the bladder	Saline	Not Reported	Not Applicable	sapiens_qui_prospicit	pace_tua	Water	damnant_quod_non_intellegunt	barba_crescit_caput_nescit
NonDICOMpathologyImages	GC-IMAGE-594803	GC-NonDICOMpathologyImages-116699	Punch biopsy	Metastatic	Unknown	Unknown	H&E	Gallia_est_omnis_divisa_in_partes_tres	sapiens_qui_prospicit	Water	scientiae_cedit_mare	scientiae_cedit_mare
NonDICOMpathologyImages	GC-IMAGE-395158	GC-NonDICOMpathologyImages-207499	Incisional Biopsy	Tumor specimen from de novo untreated malignancy of the bladder	RNAlater	Fresh	IMC	labor_ipse_voluptas	scientiae_et_patriae	Other	scientia_et_sapientia	nascentes_morimur_finisque_ab_origine_pendet
NonDICOMpathologyImages	GC-IMAGE-243672	GC-NonDICOMpathologyImages-675861	Not applicable	Tumor post-adjuvant therapy	NP40 Lysis Buffer	Refrigerated Vacuum Chamber	t-CyCIF	nascentes_morimur_finisque_ab_origine_pendet	scientiae_cedit_mare	Other	a_bene_placito	nascentes_morimur_finisque_ab_origine_pendet
NonDICOMpathologyImages	GC-IMAGE-135175	GC-NonDICOMpathologyImages-989355	Sentinel node biopsy	Tumor post-neoadjuvant therapy	NP40 Lysis Buffer	Cryopreserved	CODEX	scientia_et_labor	Macte_animo_Generose_puer_sic_itur_ad_astra	Multi	barba_crescit_caput_nescit	salus_in_arduis
NonDICOMpathologyImages	GC-IMAGE-976139	GC-NonDICOMpathologyImages-208526	Not reported	NOS	95% Ethanol	Fresh	IMC	scientiae_et_patriae	scientiae_cedit_mare	Oil	sapiens_qui_prospicit	scientiae_cedit_mare
NonDICOMpathologyImages	GC-IMAGE-893329	GC-NonDICOMpathologyImages-186785	Shave biopsy	Tissue	CryoStor	Refrigerated Vacuum Chamber	SABER	nascentes_morimur_finisque_ab_origine_pendet	scientiae_cedit_mare	Glycerol	scientia_et_sapientia	haec_olim_meminisse_iuvabit
NonDICOMpathologyImages	GC-IMAGE-203894	GC-NonDICOMpathologyImages-413190	Surgical Resection	Not reported	NP40 Lysis Buffer	Not Reported	GeoMX-DSP	faber_est_suae_quisque_fortunae	Obedientia_civium_urbis_felicitas	Other	nanos_gigantum_humeris_insidentes	scientiae_et_patriae
NonDICOMpathologyImages	GC-IMAGE-332253	GC-NonDICOMpathologyImages-503238	Lymphadenectomy (regional nodes)	NOS	NP40 Lysis Buffer	Fresh	Not Applicable	scientiae_cedit_mare	Gallia_est_omnis_divisa_in_partes_tres	Other	saltus_in_demonstrando	id_quod_plerumque_accidit
NonDICOMpathologyImages	GC-IMAGE-644764	GC-NonDICOMpathologyImages-689325	Shave biopsy	Tumor post-therapy	Para-benzoquinone	Refrigerated Vacuum Chamber	MERFISH	haec_olim_meminisse_iuvabit	salus_in_arduis	Water	e_causa_ignota	O_Tite_tute_Tati_tibi_tanta_tyranne_tulisti
NonDICOMpathologyImages	GC-IMAGE-446807	GC-NonDICOMpathologyImages-648304	Surgical Resection	Normal adjacent	Not applicable	Fresh Dissociated and Single Cell Sorted into Plates	GeoMX-DSP	scientiae_et_patriae	Macte_animo_Generose_puer_sic_itur_ad_astra	Glycerol	scientia,_aere_perennius	imperium_in_imperio
NonDICOMpathologyImages	GC-IMAGE-308468	GC-NonDICOMpathologyImages-439706	Not applicable	Unknown	Other	Not Applicable	mIHC	Obedientia_civium_urbis_felicitas	haec_olim_meminisse_iuvabit	Multi	barba_crescit_caput_nescit	scientia_imperii_decus_et_tutamen
NonDICOMpathologyImages	GC-IMAGE-448488	GC-NonDICOMpathologyImages-451870	Other	Local recurrence	Glutaraldehyde	Refrigerated Vacuum Chamber	GeoMX-DSP	scientia_et_labor	sapiens_qui_prospicit	Air	scientiae_cedit_mare	scientia_et_sapientia
NonDICOMpathologyImages	GC-IMAGE-379284	GC-NonDICOMpathologyImages-531628	Not reported	Tissue	Para-benzoquinone	Fresh Dissociated	H&E	Obedientia_civium_urbis_felicitas	sapiens_qui_prospicit	Air	scientia_et_sapientia	saltus_in_demonstrando
NonDICOMpathologyImages	GC-IMAGE-737883	GC-NonDICOMpathologyImages-814241	Forceps Biopsy	Atypia or hyperplasia	Poloxamer	Cryopreserved	t-CyCIF	id_quod_plerumque_accidit	scientia_imperii_decus_et_tutamen	Multi	Obedientia_civium_urbis_felicitas	salus_in_arduis
NonDICOMpathologyImages	GC-IMAGE-581479	GC-NonDICOMpathologyImages-823759	Blood draw	NOS	TCL Lysis Buffer	Cryopreserved	CODEX	labor_ipse_voluptas	Macte_animo_Generose_puer_sic_itur_ad_astra	Other	Obedientia_civium_urbis_felicitas	id_quod_plerumque_accidit
NonDICOMpathologyImages	GC-IMAGE-943076	GC-NonDICOMpathologyImages-687008	Unknown	Not applicable	NP40 Lysis Buffer	Refrigerated Vacuum Chamber	MxIF	scientia_imperii_decus_et_tutamen	Gallia_est_omnis_divisa_in_partes_tres	Other	sapiens_qui_prospicit	O_Tite_tute_Tati_tibi_tanta_tyranne_tulisti
NonDICOMpathologyImages	GC-IMAGE-282794	GC-NonDICOMpathologyImages-242275	Excisional Biopsy	Unknown	Saline	Fresh	CODEX	cacatum_non_est_pictum	cacatum_non_est_pictum	Air	barba_crescit_caput_nescit	pace_tua
NonDICOMpathologyImages	GC-IMAGE-230246	GC-NonDICOMpathologyImages-195299	Punch biopsy	Normal adjacent	None	Not Applicable	H&E	scientia_imperii_decus_et_tutamen	nascentes_morimur_finisque_ab_origine_pendet	Glycerol	saltus_in_demonstrando	scientiae_cedit_mare
NonDICOMpathologyImages	GC-IMAGE-371539	GC-NonDICOMpathologyImages-279683	Excisional Biopsy	Tumor post-adjuvant therapy	None	Cryopreserved	H&E	scientia,_aere_perennius	cacatum_non_est_pictum	Water	sapiens_qui_prospicit	scientia_imperii_decus_et_tutamen
NonDICOMpathologyImages	GC-IMAGE-129157	GC-NonDICOMpathologyImages-276752	Forceps Biopsy	Xenograft	TCL Lysis Buffer	Fresh Dissociated and Single Cell Sorted into Plates	GeoMX-DSP	scientia_et_labor	O_Tite_tute_Tati_tibi_tanta_tyranne_tulisti	Other	cacatum_non_est_pictum	scientiae_et_patriae
NonDICOMpathologyImages	GC-IMAGE-264224	GC-NonDICOMpathologyImages-142323	Biopsy	Atypia or hyperplasia	Acetone	Fixation	ExSeq	scientia_et_labor	Gallia_est_omnis_divisa_in_partes_tres	Water	scientia_imperii_decus_et_tutamen	scientia_et_labor
NonDICOMpathologyImages	GC-IMAGE-212748	GC-NonDICOMpathologyImages-293847	Other	Primary	None	Fresh Dissociated and Single Cell Sorted	t-CyCIF	scientia_imperii_decus_et_tutamen	labor_ipse_voluptas	Other	e_causa_ignota	a_bene_placito
NonDICOMpathologyImages	GC-IMAGE-949856	GC-NonDICOMpathologyImages-338533	Excisional Biopsy	Metastatic	Not recorded	Not Applicable	mIHC	cacatum_non_est_pictum	faber_est_suae_quisque_fortunae	Glycerol	a_bene_placito	scientiae_et_patriae
NonDICOMpathologyImages	GC-IMAGE-822922	GC-NonDICOMpathologyImages-351992	Punch biopsy	Normal	Alcohol	Fresh Dissociated and Single Cell Sorted	MxIF	damnant_quod_non_intellegunt	haec_olim_meminisse_iuvabit	Air	Obedientia_civium_urbis_felicitas	imperium_in_imperio
NonDICOMpathologyImages	GC-IMAGE-915516	GC-NonDICOMpathologyImages-206374	Surgical Resection	Normal	Saline	Fixation	MxIF	scientia_et_sapientia	imperium_in_imperio	Air	sapiens_qui_prospicit	scientia,_aere_perennius
NonDICOMpathologyImages	GC-IMAGE-318684	GC-NonDICOMpathologyImages-937011	Re-excision	Tissue	Diimidoester	Cryopreserved	H&E	saltus_in_demonstrando	a_bene_placito	Oil	damnant_quod_non_intellegunt	Obedientia_civium_urbis_felicitas
NonDICOMpathologyImages	GC-IMAGE-694561	GC-NonDICOMpathologyImages-380047	Punch biopsy	Not applicable	Carnoy's Solution	Fresh Dissociated	t-CyCIF	O_Tite_tute_Tati_tibi_tanta_tyranne_tulisti	scientiae_cedit_mare	Oil	scientiae_et_patriae	faber_est_suae_quisque_fortunae
NonDICOMpathologyImages	GC-IMAGE-284177	GC-NonDICOMpathologyImages-605336	Core needle biopsy	Normal adjacent	Other	Frozen	GeoMX-DSP	O_Tite_tute_Tati_tibi_tanta_tyranne_tulisti	scientiae_cedit_mare	Air	scientiae_et_patriae	haec_olim_meminisse_iuvabit
NonDICOMpathologyImages	GC-IMAGE-307967	GC-NonDICOMpathologyImages-248958	Not specified	Not reported	CryoStor	Cytospin Slide	SABER	imperium_in_imperio	scientiae_et_patriae	Air	nanos_gigantum_humeris_insidentes	scientia_imperii_decus_et_tutamen
NonDICOMpathologyImages	GC-IMAGE-991314	GC-NonDICOMpathologyImages-768223	Unknown	Normal distant	Diimidoester	Fresh Dissociated	MIBI	nascentes_morimur_finisque_ab_origine_pendet	e_causa_ignota	Multi	a_bene_placito	pace_tua
NonDICOMpathologyImages	GC-IMAGE-113418	GC-NonDICOMpathologyImages-188083	Forceps Biopsy	Metastatic	Unknown	Fixation	H&E	barba_crescit_caput_nescit	id_quod_plerumque_accidit	Glycerol	a_bene_placito	imperium_in_imperio
NonDICOMpathologyImages	GC-IMAGE-583716	GC-NonDICOMpathologyImages-383251	Excisional Biopsy	Unknown	Unknown	Cytospin Slide	CyCIF	scientiae_et_patriae	scientiae_cedit_mare	Other	imperium_in_imperio	e_causa_ignota
NonDICOMpathologyImages	GC-IMAGE-851067	GC-NonDICOMpathologyImages-561903	Surgical Resection	NOS	Saline	Fixation	t-CyCIF	salus_in_arduis	sapiens_qui_prospicit	Air	O_Tite_tute_Tati_tibi_tanta_tyranne_tulisti	scientia_et_sapientia
NonDICOMpathologyImages	GC-IMAGE-354796	GC-NonDICOMpathologyImages-230719	Unknown	Local recurrence	Not recorded	Refrigerated Vacuum Chamber	CyCIF	barba_crescit_caput_nescit	barba_crescit_caput_nescit	Multi	sapiens_qui_prospicit	scientiae_cedit_mare
NonDICOMpathologyImages	GC-IMAGE-844942	GC-NonDICOMpathologyImages-295955	Autopsy	Tumor post-therapy	Acetone	Fresh Dissociated	ExSeq	e_causa_ignota	salus_in_arduis	Other	O_Tite_tute_Tati_tibi_tanta_tyranne_tulisti	O_Tite_tute_Tati_tibi_tanta_tyranne_tulisti
NonDICOMpathologyImages	GC-IMAGE-534135	GC-NonDICOMpathologyImages-438763	Punch biopsy	Premalignant - in situ	Formalin	Refrigerated Vacuum Chamber	SABER	salus_in_arduis	nanos_gigantum_humeris_insidentes	Other	saltus_in_demonstrando	scientiae_cedit_mare
NonDICOMpathologyImages	GC-IMAGE-269217	GC-NonDICOMpathologyImages-363980	Incisional Biopsy	Tissue	Para-benzoquinone	Fresh Dissociated and Single Cell Sorted into Plates	Not Applicable	labor_ipse_voluptas	a_bene_placito	Other	saltus_in_demonstrando	scientia_et_labor
NonDICOMpathologyImages	GC-IMAGE-830752	GC-NonDICOMpathologyImages-655630	Biopsy	Xenograft	PAXgene Tissue	Unknown	IHC	scientia_et_labor	Macte_animo_Generose_puer_sic_itur_ad_astra	Glycerol	barba_crescit_caput_nescit	sapiens_qui_prospicit
NonDICOMpathologyImages	GC-IMAGE-603512	GC-NonDICOMpathologyImages-474993	Shave biopsy	Metastatic	Alcohol	Refrigerated Vacuum Chamber	MIBI	Macte_animo_Generose_puer_sic_itur_ad_astra	labor_ipse_voluptas	Oil	scientia_et_sapientia	scientia_imperii_decus_et_tutamen
NonDICOMpathologyImages	GC-IMAGE-594062	GC-NonDICOMpathologyImages-453154	Surgical Resection	Normal distant	RNAlater	Frozen	MIBI	damnant_quod_non_intellegunt	Gallia_est_omnis_divisa_in_partes_tres	Other	cacatum_non_est_pictum	damnant_quod_non_intellegunt
NonDICOMpathologyImages	GC-IMAGE-373651	GC-NonDICOMpathologyImages-704966	Biopsy	Not reported	Carbodiimide	Refrigerated Vacuum Chamber	IMC	a_bene_placito	a_bene_placito	Air	Macte_animo_Generose_puer_sic_itur_ad_astra	scientiae_cedit_mare
NonDICOMpathologyImages	GC-IMAGE-707907	GC-NonDICOMpathologyImages-380706	Unknown	Tumor post-adjuvant therapy	Alcohol	Not Reported	IMC	id_quod_plerumque_accidit	saltus_in_demonstrando	Other	barba_crescit_caput_nescit	cacatum_non_est_pictum
NonDICOMpathologyImages	GC-IMAGE-833738	GC-NonDICOMpathologyImages-986908	Surgical Resection	Premalignant	Acetone	Cytospin Slide	CODEX	scientia,_aere_perennius	id_quod_plerumque_accidit	Air	barba_crescit_caput_nescit	a_bene_placito
NonDICOMpathologyImages	GC-IMAGE-988268	GC-NonDICOMpathologyImages-487147	Shave biopsy	Xenograft	Alcohol	Refrigerated Vacuum Chamber	SABER	faber_est_suae_quisque_fortunae	id_quod_plerumque_accidit	Air	faber_est_suae_quisque_fortunae	scientia_imperii_decus_et_tutamen
NonDICOMpathologyImages	GC-IMAGE-714313	GC-NonDICOMpathologyImages-670024	Shave biopsy	Normal distant	OCT media	Fresh Dissociated and Single Cell Sorted into Plates	H&E	sapiens_qui_prospicit	scientiae_et_patriae	Multi	pace_tua	haec_olim_meminisse_iuvabit
NonDICOMpathologyImages	GC-IMAGE-992478	GC-NonDICOMpathologyImages-464545	Core needle biopsy	Atypia or hyperplasia	Acetone	Cytospin Slide	CyCIF	Gallia_est_omnis_divisa_in_partes_tres	haec_olim_meminisse_iuvabit	Glycerol	scientiae_et_patriae	scientiae_cedit_mare
NonDICOMpathologyImages	GC-IMAGE-383518	GC-NonDICOMpathologyImages-220436	Autopsy	Primary	Saline	Refrigerated	SABER	e_causa_ignota	scientiae_et_patriae	Oil	saltus_in_demonstrando	imperium_in_imperio
NonDICOMpathologyImages	GC-IMAGE-903513	GC-NonDICOMpathologyImages-286917	Punch biopsy	Tumor post-therapy	Methacarn	Snap Frozen	IHC	scientiae_cedit_mare	labor_ipse_voluptas	Water	imperium_in_imperio	Obedientia_civium_urbis_felicitas
NonDICOMpathologyImages	GC-IMAGE-503001	GC-NonDICOMpathologyImages-725240	Pancreaticoduodenectomy	Tumor post-neoadjuvant therapy	Not recorded	Frozen	mIHC	saltus_in_demonstrando	faber_est_suae_quisque_fortunae	Multi	faber_est_suae_quisque_fortunae	damnant_quod_non_intellegunt
NonDICOMpathologyImages	GC-IMAGE-609777	GC-NonDICOMpathologyImages-570300	Unknown	Normal	Methacarn	Fresh	H&E	barba_crescit_caput_nescit	nanos_gigantum_humeris_insidentes	Glycerol	scientiae_cedit_mare	Gallia_est_omnis_divisa_in_partes_tres
NonDICOMpathologyImages	GC-IMAGE-864831	GC-NonDICOMpathologyImages-825508	Punch biopsy	Not applicable	Carnoy's Solution	Fresh Dissociated and Single Cell Sorted into Plates	Not Applicable	faber_est_suae_quisque_fortunae	barba_crescit_caput_nescit	Air	e_causa_ignota	cacatum_non_est_pictum
NonDICOMpathologyImages	GC-IMAGE-154268	GC-NonDICOMpathologyImages-708372	Autopsy	Primary	Not recorded	Fresh Dissociated and Single Cell Sorted into Plates	MxIF	Macte_animo_Generose_puer_sic_itur_ad_astra	Macte_animo_Generose_puer_sic_itur_ad_astra	Water	Obedientia_civium_urbis_felicitas	scientiae_et_patriae
NonDICOMpathologyImages	GC-IMAGE-547713	GC-NonDICOMpathologyImages-937269	Autopsy	Additional Primary	Not recorded	Fresh	CODEX	O_Tite_tute_Tati_tibi_tanta_tyranne_tulisti	nanos_gigantum_humeris_insidentes	Oil	faber_est_suae_quisque_fortunae	haec_olim_meminisse_iuvabit
NonDICOMpathologyImages	GC-IMAGE-425138	GC-NonDICOMpathologyImages-957815	Core needle biopsy	Tissue	Para-benzoquinone	Refrigerated Vacuum Chamber	IHC	scientiae_cedit_mare	id_quod_plerumque_accidit	Oil	nanos_gigantum_humeris_insidentes	damnant_quod_non_intellegunt
NonDICOMpathologyImages	GC-IMAGE-146098	GC-NonDICOMpathologyImages-622179	Sentinel node biopsy	NOS	Dimethylacetamide	Frozen	Not Applicable	labor_ipse_voluptas	faber_est_suae_quisque_fortunae	Oil	salus_in_arduis	imperium_in_imperio
NonDICOMpathologyImages	GC-IMAGE-640207	GC-NonDICOMpathologyImages-100118	Other	Local recurrence	CryoStor	Refrigerated	H&E	scientiae_et_patriae	pace_tua	Oil	pace_tua	pace_tua
NonDICOMpathologyImages	GC-IMAGE-921730	GC-NonDICOMpathologyImages-849650	Not applicable	Xenograft	Formalin	Fixation	Not Applicable	Gallia_est_omnis_divisa_in_partes_tres	scientia_et_labor	Glycerol	saltus_in_demonstrando	barba_crescit_caput_nescit
NonDICOMpathologyImages	GC-IMAGE-768390	GC-NonDICOMpathologyImages-539020	Shave biopsy	Tumor post-therapy	RNAlater	Fixation	Not Applicable	scientiae_cedit_mare	nascentes_morimur_finisque_ab_origine_pendet	Oil	sapiens_qui_prospicit	scientiae_cedit_mare
NonDICOMpathologyImages	GC-IMAGE-988467	GC-NonDICOMpathologyImages-628948	Biopsy	Unknown	PAXgene Tissue	Refrigerated	Not Applicable	Macte_animo_Generose_puer_sic_itur_ad_astra	sapiens_qui_prospicit	Multi	nascentes_morimur_finisque_ab_origine_pendet	Macte_animo_Generose_puer_sic_itur_ad_astra
NonDICOMpathologyImages	GC-IMAGE-245095	GC-NonDICOMpathologyImages-318563	Core needle biopsy	Tumor post-therapy	CryoStor	Snap Frozen	H&E	nascentes_morimur_finisque_ab_origine_pendet	scientiae_cedit_mare	Water	nanos_gigantum_humeris_insidentes	O_Tite_tute_Tati_tibi_tanta_tyranne_tulisti
NonDICOMpathologyImages	GC-IMAGE-873425	GC-NonDICOMpathologyImages-889302	Forceps Biopsy	Recurrent	OCT media	Cytospin Slide	H&E	scientia_et_labor	scientia_imperii_decus_et_tutamen	Water	O_Tite_tute_Tati_tibi_tanta_tyranne_tulisti	salus_in_arduis
NonDICOMpathologyImages	GC-IMAGE-975697	GC-NonDICOMpathologyImages-894744	Autopsy	Not reported	Carnoy's Solution	Cryopreserved	mIHC	scientia_et_sapientia	damnant_quod_non_intellegunt	Air	Gallia_est_omnis_divisa_in_partes_tres	id_quod_plerumque_accidit
NonDICOMpathologyImages	GC-IMAGE-812555	GC-NonDICOMpathologyImages-163017	Re-excision	Local recurrence	CryoStor	Fixation	H&E	Macte_animo_Generose_puer_sic_itur_ad_astra	pace_tua	Glycerol	a_bene_placito	cacatum_non_est_pictum
NonDICOMpathologyImages	GC-IMAGE-951168	GC-NonDICOMpathologyImages-268340	Biopsy	Not reported	OCT media	Cryopreserved	CyCIF	scientia_imperii_decus_et_tutamen	Obedientia_civium_urbis_felicitas	Glycerol	Macte_animo_Generose_puer_sic_itur_ad_astra	damnant_quod_non_intellegunt
NonDICOMpathologyImages	GC-IMAGE-695350	GC-NonDICOMpathologyImages-269823	Blood draw	NOS	95% Ethanol	Cytospin Slide	IHC	haec_olim_meminisse_iuvabit	imperium_in_imperio	Air	saltus_in_demonstrando	cacatum_non_est_pictum
NonDICOMpathologyImages	GC-IMAGE-713494	GC-NonDICOMpathologyImages-822151	Blood draw	Local recurrence	Carnoy's Solution	Cytospin Slide	GeoMX-DSP	damnant_quod_non_intellegunt	id_quod_plerumque_accidit	Air	Obedientia_civium_urbis_felicitas	e_causa_ignota
NonDICOMpathologyImages	GC-IMAGE-896848	GC-NonDICOMpathologyImages-871391	Lymphadenectomy (regional nodes)	Recurrent	Methacarn	Not Applicable	ExSeq	Obedientia_civium_urbis_felicitas	e_causa_ignota	Glycerol	cacatum_non_est_pictum	saltus_in_demonstrando
NonDICOMpathologyImages	GC-IMAGE-858474	GC-NonDICOMpathologyImages-463290	Excisional Biopsy	Recurrent	None	Not Applicable	GeoMX-DSP	scientia,_aere_perennius	Obedientia_civium_urbis_felicitas	Air	scientia_et_sapientia	nascentes_morimur_finisque_ab_origine_pendet
NonDICOMpathologyImages	GC-IMAGE-960183	GC-NonDICOMpathologyImages-533699	Blood draw	Tumor post-neoadjuvant therapy	Diimidoester	Unknown	SABER	scientia_et_labor	haec_olim_meminisse_iuvabit	Other	scientia_et_sapientia	labor_ipse_voluptas
NonDICOMpathologyImages	GC-IMAGE-640796	GC-NonDICOMpathologyImages-644564	Re-excision	Metastatic	Poloxamer	Refrigerated	Not Applicable	id_quod_plerumque_accidit	scientia,_aere_perennius	Other	sapiens_qui_prospicit	nascentes_morimur_finisque_ab_origine_pendet
NonDICOMpathologyImages	GC-IMAGE-279540	GC-NonDICOMpathologyImages-499010	Surgical Resection	Primary	TCL Lysis Buffer	Fresh Dissociated and Single Cell Sorted	MxIF	O_Tite_tute_Tati_tibi_tanta_tyranne_tulisti	scientia,_aere_perennius	Oil	scientia,_aere_perennius	labor_ipse_voluptas
NonDICOMpathologyImages	GC-IMAGE-457197	GC-NonDICOMpathologyImages-954058	Re-excision	Normal distant	None	Fresh Dissociated and Single Cell Sorted	CyCIF	e_causa_ignota	haec_olim_meminisse_iuvabit	Multi	id_quod_plerumque_accidit	scientiae_cedit_mare
NonDICOMpathologyImages	GC-IMAGE-663567	GC-NonDICOMpathologyImages-772201	Other	Not applicable	None	Not Applicable	ExSeq	cacatum_non_est_pictum	O_Tite_tute_Tati_tibi_tanta_tyranne_tulisti	Other	scientia,_aere_perennius	scientia_et_sapientia
NonDICOMpathologyImages	GC-IMAGE-639976	GC-NonDICOMpathologyImages-845237	Incisional Biopsy	Xenograft	Methacarn	Fresh Dissociated and Single Cell Sorted into Plates	MIBI	scientia_et_sapientia	scientia_imperii_decus_et_tutamen	Glycerol	haec_olim_meminisse_iuvabit	cacatum_non_est_pictum
NonDICOMpathologyImages	GC-IMAGE-351285	GC-NonDICOMpathologyImages-372845	Biopsy	Normal adjacent	95% Ethanol	Unknown	H&E	damnant_quod_non_intellegunt	scientiae_cedit_mare	Oil	scientia_et_labor	imperium_in_imperio
NonDICOMpathologyImages	GC-IMAGE-169521	GC-NonDICOMpathologyImages-235750	Shave biopsy	Metastatic	Carnoy's Solution	Refrigerated Vacuum Chamber	MxIF	scientia_et_sapientia	a_bene_placito	Water	faber_est_suae_quisque_fortunae	scientiae_cedit_mare
NonDICOMpathologyImages	GC-IMAGE-570324	GC-NonDICOMpathologyImages-260385	Excisional Biopsy	Tumor post-adjuvant therapy	Not recorded	Cryopreserved	GeoMX-DSP	sapiens_qui_prospicit	damnant_quod_non_intellegunt	Other	salus_in_arduis	imperium_in_imperio
NonDICOMpathologyImages	GC-IMAGE-773194	GC-NonDICOMpathologyImages-664959	Not applicable	Normal	Carnoy's Solution	Cytospin Slide	CyCIF	id_quod_plerumque_accidit	scientia_et_sapientia	Oil	scientia_imperii_decus_et_tutamen	scientia_et_sapientia
NonDICOMpathologyImages	GC-IMAGE-206846	GC-NonDICOMpathologyImages-549733	Re-excision	Not applicable	OCT media	Fixation	GeoMX-DSP	id_quod_plerumque_accidit	id_quod_plerumque_accidit	Other	Macte_animo_Generose_puer_sic_itur_ad_astra	nanos_gigantum_humeris_insidentes
NonDICOMpathologyImages	GC-IMAGE-517217	GC-NonDICOMpathologyImages-841157	Sentinel node biopsy	Premalignant	Formalin	Fresh Dissociated and Single Cell Sorted	CODEX	Macte_animo_Generose_puer_sic_itur_ad_astra	Obedientia_civium_urbis_felicitas	Oil	cacatum_non_est_pictum	barba_crescit_caput_nescit
NonDICOMpathologyImages	GC-IMAGE-849738	GC-NonDICOMpathologyImages-321358	Biopsy	Primary	Saline	Cryopreserved	MxIF	Gallia_est_omnis_divisa_in_partes_tres	Gallia_est_omnis_divisa_in_partes_tres	Air	Obedientia_civium_urbis_felicitas	sapiens_qui_prospicit
NonDICOMpathologyImages	GC-IMAGE-103699	GC-NonDICOMpathologyImages-340861	Incisional Biopsy	Tumor post-therapy	Carnoy's Solution	Frozen	t-CyCIF	faber_est_suae_quisque_fortunae	scientia_et_sapientia	Multi	a_bene_placito	scientia_imperii_decus_et_tutamen
NonDICOMpathologyImages	GC-IMAGE-513528	GC-NonDICOMpathologyImages-884251	Not reported	Primary	Carnoy's Solution	Refrigerated	IMC	nanos_gigantum_humeris_insidentes	id_quod_plerumque_accidit	Other	scientia_et_sapientia	e_causa_ignota
NonDICOMpathologyImages	GC-IMAGE-607581	GC-NonDICOMpathologyImages-430971	Shave biopsy	Xenograft	PAXgene Tissue	Cytospin Slide	MERFISH	pace_tua	Gallia_est_omnis_divisa_in_partes_tres	Multi	e_causa_ignota	labor_ipse_voluptas
NonDICOMpathologyImages	GC-IMAGE-970322	GC-NonDICOMpathologyImages-232845	Sentinel node biopsy	Local recurrence	Poloxamer	Fixation	IMC	scientiae_cedit_mare	faber_est_suae_quisque_fortunae	Glycerol	haec_olim_meminisse_iuvabit	barba_crescit_caput_nescit
NonDICOMpathologyImages	GC-IMAGE-774464	GC-NonDICOMpathologyImages-309253	Punch biopsy	Normal distant	CryoStor	Fresh	ExSeq	Gallia_est_omnis_divisa_in_partes_tres	Obedientia_civium_urbis_felicitas	Oil	scientia_et_labor	Macte_animo_Generose_puer_sic_itur_ad_astra
NonDICOMpathologyImages	GC-IMAGE-365292	GC-NonDICOMpathologyImages-110841	Incisional Biopsy	Tissue	Dimethylacetamide	Cytospin Slide	H&E	Gallia_est_omnis_divisa_in_partes_tres	scientia_et_sapientia	Air	faber_est_suae_quisque_fortunae	scientia,_aere_perennius
NonDICOMpathologyImages	GC-IMAGE-634968	GC-NonDICOMpathologyImages-331909	Sentinel node biopsy	Tumor post-therapy	Not applicable	Refrigerated	MIBI	haec_olim_meminisse_iuvabit	imperium_in_imperio	Oil	scientia_et_labor	imperium_in_imperio
NonDICOMpathologyImages	GC-IMAGE-930650	GC-NonDICOMpathologyImages-810317	Fine needle aspirate	Tumor specimen from de novo untreated malignancy of the bladder	Dimethylacetamide	Frozen	ExSeq	O_Tite_tute_Tati_tibi_tanta_tyranne_tulisti	Obedientia_civium_urbis_felicitas	Air	nanos_gigantum_humeris_insidentes	O_Tite_tute_Tati_tibi_tanta_tyranne_tulisti
NonDICOMpathologyImages	GC-IMAGE-895238	GC-NonDICOMpathologyImages-950754	Blood draw	Tumor post-adjuvant therapy	Dimethylacetamide	Cytospin Slide	ExSeq	scientia,_aere_perennius	salus_in_arduis	Glycerol	barba_crescit_caput_nescit	faber_est_suae_quisque_fortunae
NonDICOMpathologyImages	GC-IMAGE-883062	GC-NonDICOMpathologyImages-654465	Surgical Resection	Primary	Saline	Fresh	ExSeq	O_Tite_tute_Tati_tibi_tanta_tyranne_tulisti	barba_crescit_caput_nescit	Water	scientiae_et_patriae	scientiae_cedit_mare
NonDICOMpathologyImages	GC-IMAGE-875022	GC-NonDICOMpathologyImages-555661	Punch biopsy	Premalignant - in situ	Acetone	Fresh Dissociated and Single Cell Sorted into Plates	ExSeq	sapiens_qui_prospicit	scientia_imperii_decus_et_tutamen	Glycerol	pace_tua	Macte_animo_Generose_puer_sic_itur_ad_astra
NonDICOMpathologyImages	GC-IMAGE-562106	GC-NonDICOMpathologyImages-107302	Excisional Biopsy	Tumor post-adjuvant therapy	Unknown	Not Applicable	CyCIF	id_quod_plerumque_accidit	barba_crescit_caput_nescit	Multi	Obedientia_civium_urbis_felicitas	nascentes_morimur_finisque_ab_origine_pendet
NonDICOMpathologyImages	GC-IMAGE-472245	GC-NonDICOMpathologyImages-476208	Re-excision	Primary	Unknown	Frozen	ExSeq	pace_tua	scientia_imperii_decus_et_tutamen	Other	scientia,_aere_perennius	sapiens_qui_prospicit
NonDICOMpathologyImages	GC-IMAGE-706867	GC-NonDICOMpathologyImages-532825	Blood draw	Normal	Other	Fresh	MIBI	nascentes_morimur_finisque_ab_origine_pendet	salus_in_arduis	Air	scientiae_et_patriae	O_Tite_tute_Tati_tibi_tanta_tyranne_tulisti
NonDICOMpathologyImages	GC-IMAGE-968798	GC-NonDICOMpathologyImages-149627	Not reported	Tumor specimen from de novo untreated malignancy of the bladder	Glutaraldehyde	Frozen	Not Applicable	Obedientia_civium_urbis_felicitas	saltus_in_demonstrando	Glycerol	scientiae_cedit_mare	Gallia_est_omnis_divisa_in_partes_tres
NonDICOMpathologyImages	GC-IMAGE-380997	GC-NonDICOMpathologyImages-522716	Blood draw	Tumor specimen from de novo untreated malignancy of the bladder	None	Refrigerated	t-CyCIF	faber_est_suae_quisque_fortunae	id_quod_plerumque_accidit	Air	sapiens_qui_prospicit	scientia_imperii_decus_et_tutamen
NonDICOMpathologyImages	GC-IMAGE-811459	GC-NonDICOMpathologyImages-461657	Not reported	Atypia or hyperplasia	Saline	Refrigerated Vacuum Chamber	Not Applicable	pace_tua	scientiae_cedit_mare	Other	Macte_animo_Generose_puer_sic_itur_ad_astra	O_Tite_tute_Tati_tibi_tanta_tyranne_tulisti
NonDICOMpathologyImages	GC-IMAGE-321023	GC-NonDICOMpathologyImages-986136	Unknown	Normal	Unknown	Fresh Dissociated	H&E	scientia_et_labor	O_Tite_tute_Tati_tibi_tanta_tyranne_tulisti	Oil	barba_crescit_caput_nescit	O_Tite_tute_Tati_tibi_tanta_tyranne_tulisti
NonDICOMpathologyImages	GC-IMAGE-829972	GC-NonDICOMpathologyImages-748774	Core needle biopsy	Tumor specimen from de novo untreated malignancy of the bladder	TCL Lysis Buffer	Unknown	t-CyCIF	Gallia_est_omnis_divisa_in_partes_tres	a_bene_placito	Water	labor_ipse_voluptas	barba_crescit_caput_nescit
NonDICOMpathologyImages	GC-IMAGE-300113	GC-NonDICOMpathologyImages-241846	Blood draw	NOS	Alcohol	Unknown	H&E	scientiae_et_patriae	saltus_in_demonstrando	Air	scientia,_aere_perennius	id_quod_plerumque_accidit
NonDICOMpathologyImages	GC-IMAGE-877083	GC-NonDICOMpathologyImages-322795	Core needle biopsy	Metastatic	Alcohol	Fresh Dissociated	t-CyCIF	labor_ipse_voluptas	scientia_et_sapientia	Water	labor_ipse_voluptas	a_bene_placito
NonDICOMpathologyImages	GC-IMAGE-205373	GC-NonDICOMpathologyImages-130488	Re-excision	Atypia or hyperplasia	Glutaraldehyde	Fresh Dissociated	t-CyCIF	faber_est_suae_quisque_fortunae	a_bene_placito	Water	nascentes_morimur_finisque_ab_origine_pendet	pace_tua
NonDICOMpathologyImages	GC-IMAGE-516231	GC-NonDICOMpathologyImages-545476	Unknown	Tumor post-adjuvant therapy	Dimethylacetamide	Frozen	ExSeq	scientiae_et_patriae	nanos_gigantum_humeris_insidentes	Water	a_bene_placito	pace_tua
NonDICOMpathologyImages	GC-IMAGE-897692	GC-NonDICOMpathologyImages-810557	Lymphadenectomy (regional nodes)	Primary	95% Ethanol	Fresh Dissociated	ExSeq	damnant_quod_non_intellegunt	haec_olim_meminisse_iuvabit	Air	Macte_animo_Generose_puer_sic_itur_ad_astra	damnant_quod_non_intellegunt
NonDICOMpathologyImages	GC-IMAGE-688799	GC-NonDICOMpathologyImages-456061	Blood draw	Tumor post-adjuvant therapy	Diimidoester	Snap Frozen	H&E	Macte_animo_Generose_puer_sic_itur_ad_astra	pace_tua	Glycerol	faber_est_suae_quisque_fortunae	Obedientia_civium_urbis_felicitas
NonDICOMpathologyImages	GC-IMAGE-262420	GC-NonDICOMpathologyImages-233342	Punch biopsy	Primary	Not applicable	Fresh Dissociated and Single Cell Sorted	IHC	pace_tua	scientiae_et_patriae	Oil	a_bene_placito	a_bene_placito
NonDICOMpathologyImages	GC-IMAGE-740095	GC-NonDICOMpathologyImages-720438	Sentinel node biopsy	Tumor specimen from de novo untreated malignancy of the bladder	Not recorded	Fresh Dissociated and Single Cell Sorted	MERFISH	O_Tite_tute_Tati_tibi_tanta_tyranne_tulisti	scientia_et_sapientia	Oil	haec_olim_meminisse_iuvabit	scientiae_et_patriae
NonDICOMpathologyImages	GC-IMAGE-867023	GC-NonDICOMpathologyImages-501469	Other	Tumor post-therapy	OCT media	Snap Frozen	CODEX	cacatum_non_est_pictum	e_causa_ignota	Other	faber_est_suae_quisque_fortunae	a_bene_placito
NonDICOMpathologyImages	GC-IMAGE-258047	GC-NonDICOMpathologyImages-108767	Incisional Biopsy	Normal	TCL Lysis Buffer	Not Reported	IHC	a_bene_placito	nanos_gigantum_humeris_insidentes	Glycerol	faber_est_suae_quisque_fortunae	salus_in_arduis
NonDICOMpathologyImages	GC-IMAGE-225272	GC-NonDICOMpathologyImages-173167	Pancreaticoduodenectomy	Metastatic	Carbodiimide	Frozen	IHC	O_Tite_tute_Tati_tibi_tanta_tyranne_tulisti	haec_olim_meminisse_iuvabit	Glycerol	O_Tite_tute_Tati_tibi_tanta_tyranne_tulisti	labor_ipse_voluptas
NonDICOMpathologyImages	GC-IMAGE-283552	GC-NonDICOMpathologyImages-955062	Other	NOS	Methacarn	Cytospin Slide	mIHC	labor_ipse_voluptas	Gallia_est_omnis_divisa_in_partes_tres	Glycerol	a_bene_placito	scientia_et_labor
NonDICOMpathologyImages	GC-IMAGE-946375	GC-NonDICOMpathologyImages-211656	Shave biopsy	Additional Primary	Glutaraldehyde	Cytospin Slide	MERFISH	saltus_in_demonstrando	scientia,_aere_perennius	Other	labor_ipse_voluptas	saltus_in_demonstrando
NonDICOMpathologyImages	GC-IMAGE-423283	GC-NonDICOMpathologyImages-256361	Not reported	Tumor post-therapy	Other	Unknown	H&E	sapiens_qui_prospicit	sapiens_qui_prospicit	Air	sapiens_qui_prospicit	scientiae_et_patriae
NonDICOMpathologyImages	GC-IMAGE-880532	GC-NonDICOMpathologyImages-272298	Excisional Biopsy	Atypia or hyperplasia	Acetone	Refrigerated Vacuum Chamber	SABER	nascentes_morimur_finisque_ab_origine_pendet	cacatum_non_est_pictum	Other	scientia,_aere_perennius	saltus_in_demonstrando
NonDICOMpathologyImages	GC-IMAGE-908985	GC-NonDICOMpathologyImages-218376	Unknown	NOS	Diimidoester	Frozen	mIHC	Macte_animo_Generose_puer_sic_itur_ad_astra	O_Tite_tute_Tati_tibi_tanta_tyranne_tulisti	Water	cacatum_non_est_pictum	Gallia_est_omnis_divisa_in_partes_tres
NonDICOMpathologyImages	GC-IMAGE-166257	GC-NonDICOMpathologyImages-875510	Punch biopsy	Normal adjacent	Para-benzoquinone	Frozen	Not Applicable	sapiens_qui_prospicit	O_Tite_tute_Tati_tibi_tanta_tyranne_tulisti	Glycerol	scientiae_et_patriae	cacatum_non_est_pictum
NonDICOMpathologyImages	GC-IMAGE-509954	GC-NonDICOMpathologyImages-208692	Incisional Biopsy	Xenograft	Formalin	Fixation	ExSeq	nascentes_morimur_finisque_ab_origine_pendet	cacatum_non_est_pictum	Other	pace_tua	Obedientia_civium_urbis_felicitas
NonDICOMpathologyImages	GC-IMAGE-240189	GC-NonDICOMpathologyImages-205399	Not applicable	Xenograft	NP40 Lysis Buffer	Snap Frozen	IHC	Gallia_est_omnis_divisa_in_partes_tres	sapiens_qui_prospicit	Multi	nanos_gigantum_humeris_insidentes	scientia,_aere_perennius
NonDICOMpathologyImages	GC-IMAGE-235643	GC-NonDICOMpathologyImages-686823	Shave biopsy	Tumor post-therapy	NP40 Lysis Buffer	Not Applicable	MERFISH	pace_tua	scientiae_et_patriae	Multi	O_Tite_tute_Tati_tibi_tanta_tyranne_tulisti	a_bene_placito
NonDICOMpathologyImages	GC-IMAGE-755729	GC-NonDICOMpathologyImages-134626	Incisional Biopsy	Not applicable	Dimethylacetamide	Not Applicable	MERFISH	damnant_quod_non_intellegunt	scientia_et_labor	Glycerol	id_quod_plerumque_accidit	scientia_imperii_decus_et_tutamen
