type	image.study_link_id	NonDICOMCTimages_id	CTAquisitionProtocolElement_singleCollimationWidth	CTAquisitionProtocolElement_totalCollimationWidth	CTAquisitionProtocolElement_gantryDetectorTilt	CTAquisitionProtocolElement_spiralPitchFactor	CTAquisitionProtocolElement_ctdiVol	CTAquisitionProtocolElement_ctdiPhantomTypeCode	CTAquisitionProtocolElement_kVp	CTAquisitionProtocolElement_exposureModulationType_Code	CTImageReconstructionProtocolElement_convolutionKernel	CTImageReconstructionProtocolElement_convolutionKernelGroupCode	crdc_id
NonDICOMCTimages	CDS-IMAGE-172958	CDS-NonDICOMCTimages-917726	scientia_et_sapientia	pace_tua	Obedientia_civium_urbis_felicitas	e.g., 2:1	Obedientia_civium_urbis_felicitas	scientia,_aere_perennius	pace_tua	ANGULAR	scientiae_cedit_mare	cacatum_non_est_pictum	Gallia_est_omnis_divisa_in_partes_tres
NonDICOMCTimages	CDS-IMAGE-745251	CDS-NonDICOMCTimages-833554	Macte_animo_Generose_puer_sic_itur_ad_astra	scientia_imperii_decus_et_tutamen	nanos_gigantum_humeris_insidentes	e.g., 2:1	a_bene_placito	pace_tua	haec_olim_meminisse_iuvabit	ORGAN-BASED	nascentes_morimur_finisque_ab_origine_pendet	labor_ipse_voluptas	salus_in_arduis
NonDICOMCTimages	CDS-IMAGE-668707	CDS-NonDICOMCTimages-277778	scientia,_aere_perennius	scientiae_et_patriae	Gallia_est_omnis_divisa_in_partes_tres	e.g., 2:1	Macte_animo_Generose_puer_sic_itur_ad_astra	labor_ipse_voluptas	labor_ipse_voluptas	ECG-BASED	nascentes_morimur_finisque_ab_origine_pendet	scientia_et_labor	nanos_gigantum_humeris_insidentes
NonDICOMCTimages	CDS-IMAGE-553837	CDS-NonDICOMCTimages-390532	imperium_in_imperio	scientia_et_sapientia	scientia,_aere_perennius	e.g., 2:1	Obedientia_civium_urbis_felicitas	scientia_et_labor	barba_crescit_caput_nescit	LONGITUDINAL	haec_olim_meminisse_iuvabit	nanos_gigantum_humeris_insidentes	saltus_in_demonstrando
NonDICOMCTimages	CDS-IMAGE-559409	CDS-NonDICOMCTimages-354844	scientiae_et_patriae	Obedientia_civium_urbis_felicitas	sapiens_qui_prospicit	e.g., 2:1	scientiae_cedit_mare	id_quod_plerumque_accidit	id_quod_plerumque_accidit	ORGAN-BASED	Obedientia_civium_urbis_felicitas	scientia_et_labor	cacatum_non_est_pictum
NonDICOMCTimages	CDS-IMAGE-599070	CDS-NonDICOMCTimages-880037	id_quod_plerumque_accidit	scientia,_aere_perennius	pace_tua	e.g., 2:1	id_quod_plerumque_accidit	pace_tua	id_quod_plerumque_accidit	NONE	Gallia_est_omnis_divisa_in_partes_tres	scientia_et_labor	haec_olim_meminisse_iuvabit
NonDICOMCTimages	CDS-IMAGE-671029	CDS-NonDICOMCTimages-300723	Macte_animo_Generose_puer_sic_itur_ad_astra	nascentes_morimur_finisque_ab_origine_pendet	barba_crescit_caput_nescit	e.g., 2:1	imperium_in_imperio	a_bene_placito	nascentes_morimur_finisque_ab_origine_pendet	ANGULAR	a_bene_placito	scientia_imperii_decus_et_tutamen	Macte_animo_Generose_puer_sic_itur_ad_astra
NonDICOMCTimages	CDS-IMAGE-904628	CDS-NonDICOMCTimages-259391	salus_in_arduis	labor_ipse_voluptas	barba_crescit_caput_nescit	e.g., 2:1	barba_crescit_caput_nescit	scientia_et_sapientia	scientiae_cedit_mare	NONE	a_bene_placito	salus_in_arduis	saltus_in_demonstrando
NonDICOMCTimages	CDS-IMAGE-159738	CDS-NonDICOMCTimages-127135	imperium_in_imperio	salus_in_arduis	damnant_quod_non_intellegunt	e.g., 2:1	faber_est_suae_quisque_fortunae	pace_tua	scientiae_cedit_mare	ECG-BASED	pace_tua	scientia_et_labor	scientia,_aere_perennius
NonDICOMCTimages	CDS-IMAGE-334002	CDS-NonDICOMCTimages-299772	barba_crescit_caput_nescit	scientiae_et_patriae	scientia,_aere_perennius	e.g., 2:1	nanos_gigantum_humeris_insidentes	scientiae_et_patriae	scientiae_cedit_mare	LONGITUDINAL	Macte_animo_Generose_puer_sic_itur_ad_astra	sapiens_qui_prospicit	saltus_in_demonstrando
NonDICOMCTimages	CDS-IMAGE-568349	CDS-NonDICOMCTimages-483624	damnant_quod_non_intellegunt	scientia_et_sapientia	salus_in_arduis	e.g., 2:1	scientiae_cedit_mare	cacatum_non_est_pictum	e_causa_ignota	NONE	faber_est_suae_quisque_fortunae	scientia,_aere_perennius	Gallia_est_omnis_divisa_in_partes_tres
NonDICOMCTimages	CDS-IMAGE-439427	CDS-NonDICOMCTimages-957675	haec_olim_meminisse_iuvabit	salus_in_arduis	imperium_in_imperio	e.g., 2:1	labor_ipse_voluptas	haec_olim_meminisse_iuvabit	Obedientia_civium_urbis_felicitas	ORGAN-BASED	Obedientia_civium_urbis_felicitas	faber_est_suae_quisque_fortunae	scientia_imperii_decus_et_tutamen
NonDICOMCTimages	CDS-IMAGE-866375	CDS-NonDICOMCTimages-879610	nascentes_morimur_finisque_ab_origine_pendet	O_Tite_tute_Tati_tibi_tanta_tyranne_tulisti	O_Tite_tute_Tati_tibi_tanta_tyranne_tulisti	e.g., 2:1	Macte_animo_Generose_puer_sic_itur_ad_astra	scientiae_cedit_mare	labor_ipse_voluptas	ORGAN-BASED	scientiae_et_patriae	Obedientia_civium_urbis_felicitas	nanos_gigantum_humeris_insidentes
NonDICOMCTimages	CDS-IMAGE-530057	CDS-NonDICOMCTimages-553750	sapiens_qui_prospicit	a_bene_placito	Macte_animo_Generose_puer_sic_itur_ad_astra	e.g., 2:1	sapiens_qui_prospicit	scientia,_aere_perennius	scientia,_aere_perennius	NONE	sapiens_qui_prospicit	imperium_in_imperio	salus_in_arduis
NonDICOMCTimages	CDS-IMAGE-256992	CDS-NonDICOMCTimages-477128	e_causa_ignota	pace_tua	salus_in_arduis	e.g., 2:1	scientia_imperii_decus_et_tutamen	scientia_et_labor	scientia,_aere_perennius	NONE	scientia_imperii_decus_et_tutamen	faber_est_suae_quisque_fortunae	scientia_et_labor
NonDICOMCTimages	CDS-IMAGE-392218	CDS-NonDICOMCTimages-608548	faber_est_suae_quisque_fortunae	Macte_animo_Generose_puer_sic_itur_ad_astra	haec_olim_meminisse_iuvabit	e.g., 2:1	scientiae_et_patriae	barba_crescit_caput_nescit	scientia,_aere_perennius	ORGAN-BASED	nascentes_morimur_finisque_ab_origine_pendet	nascentes_morimur_finisque_ab_origine_pendet	Gallia_est_omnis_divisa_in_partes_tres
NonDICOMCTimages	CDS-IMAGE-776139	CDS-NonDICOMCTimages-995130	cacatum_non_est_pictum	haec_olim_meminisse_iuvabit	a_bene_placito	e.g., 2:1	e_causa_ignota	id_quod_plerumque_accidit	damnant_quod_non_intellegunt	ECG-BASED	barba_crescit_caput_nescit	saltus_in_demonstrando	salus_in_arduis
NonDICOMCTimages	CDS-IMAGE-271023	CDS-NonDICOMCTimages-130510	salus_in_arduis	e_causa_ignota	id_quod_plerumque_accidit	e.g., 2:1	haec_olim_meminisse_iuvabit	scientia_et_labor	nascentes_morimur_finisque_ab_origine_pendet	ORGAN-BASED	scientia_et_labor	damnant_quod_non_intellegunt	scientiae_cedit_mare
NonDICOMCTimages	CDS-IMAGE-371245	CDS-NonDICOMCTimages-696185	scientia,_aere_perennius	salus_in_arduis	sapiens_qui_prospicit	e.g., 2:1	haec_olim_meminisse_iuvabit	sapiens_qui_prospicit	scientia,_aere_perennius	ECG-BASED	Macte_animo_Generose_puer_sic_itur_ad_astra	barba_crescit_caput_nescit	scientia_et_labor
NonDICOMCTimages	CDS-IMAGE-820576	CDS-NonDICOMCTimages-920692	O_Tite_tute_Tati_tibi_tanta_tyranne_tulisti	scientia_imperii_decus_et_tutamen	e_causa_ignota	e.g., 2:1	scientia_et_labor	id_quod_plerumque_accidit	scientia_et_sapientia	ORGAN-BASED	haec_olim_meminisse_iuvabit	haec_olim_meminisse_iuvabit	cacatum_non_est_pictum
NonDICOMCTimages	CDS-IMAGE-353717	CDS-NonDICOMCTimages-381026	cacatum_non_est_pictum	scientia_imperii_decus_et_tutamen	scientia_imperii_decus_et_tutamen	e.g., 2:1	scientia,_aere_perennius	scientiae_et_patriae	scientia_et_sapientia	ORGAN-BASED	id_quod_plerumque_accidit	saltus_in_demonstrando	salus_in_arduis
NonDICOMCTimages	CDS-IMAGE-441697	CDS-NonDICOMCTimages-413330	nascentes_morimur_finisque_ab_origine_pendet	barba_crescit_caput_nescit	scientia_et_labor	e.g., 2:1	faber_est_suae_quisque_fortunae	sapiens_qui_prospicit	scientia_et_labor	NONE	damnant_quod_non_intellegunt	Gallia_est_omnis_divisa_in_partes_tres	faber_est_suae_quisque_fortunae
NonDICOMCTimages	CDS-IMAGE-772439	CDS-NonDICOMCTimages-579479	scientia_imperii_decus_et_tutamen	imperium_in_imperio	nascentes_morimur_finisque_ab_origine_pendet	e.g., 2:1	scientia,_aere_perennius	Macte_animo_Generose_puer_sic_itur_ad_astra	a_bene_placito	NONE	scientia_imperii_decus_et_tutamen	nascentes_morimur_finisque_ab_origine_pendet	pace_tua
NonDICOMCTimages	CDS-IMAGE-878357	CDS-NonDICOMCTimages-806889	nascentes_morimur_finisque_ab_origine_pendet	scientiae_cedit_mare	id_quod_plerumque_accidit	e.g., 2:1	scientia_imperii_decus_et_tutamen	cacatum_non_est_pictum	nascentes_morimur_finisque_ab_origine_pendet	NONE	saltus_in_demonstrando	labor_ipse_voluptas	a_bene_placito
NonDICOMCTimages	CDS-IMAGE-532989	CDS-NonDICOMCTimages-575263	scientia_imperii_decus_et_tutamen	cacatum_non_est_pictum	labor_ipse_voluptas	e.g., 2:1	scientia_imperii_decus_et_tutamen	Gallia_est_omnis_divisa_in_partes_tres	scientia_et_sapientia	ANGULAR	barba_crescit_caput_nescit	haec_olim_meminisse_iuvabit	nanos_gigantum_humeris_insidentes
NonDICOMCTimages	CDS-IMAGE-890021	CDS-NonDICOMCTimages-453689	scientia_imperii_decus_et_tutamen	scientiae_cedit_mare	imperium_in_imperio	e.g., 2:1	Gallia_est_omnis_divisa_in_partes_tres	damnant_quod_non_intellegunt	id_quod_plerumque_accidit	ANGULAR	id_quod_plerumque_accidit	barba_crescit_caput_nescit	Obedientia_civium_urbis_felicitas
NonDICOMCTimages	CDS-IMAGE-543618	CDS-NonDICOMCTimages-936280	cacatum_non_est_pictum	damnant_quod_non_intellegunt	cacatum_non_est_pictum	e.g., 2:1	pace_tua	scientia_et_sapientia	Obedientia_civium_urbis_felicitas	NONE	e_causa_ignota	a_bene_placito	nanos_gigantum_humeris_insidentes
NonDICOMCTimages	CDS-IMAGE-236784	CDS-NonDICOMCTimages-724892	imperium_in_imperio	scientia,_aere_perennius	scientia_imperii_decus_et_tutamen	e.g., 2:1	salus_in_arduis	damnant_quod_non_intellegunt	labor_ipse_voluptas	LONGITUDINAL	scientia,_aere_perennius	O_Tite_tute_Tati_tibi_tanta_tyranne_tulisti	a_bene_placito
NonDICOMCTimages	CDS-IMAGE-954159	CDS-NonDICOMCTimages-359805	Obedientia_civium_urbis_felicitas	a_bene_placito	sapiens_qui_prospicit	e.g., 2:1	a_bene_placito	scientiae_cedit_mare	Gallia_est_omnis_divisa_in_partes_tres	NONE	labor_ipse_voluptas	O_Tite_tute_Tati_tibi_tanta_tyranne_tulisti	salus_in_arduis
NonDICOMCTimages	CDS-IMAGE-315095	CDS-NonDICOMCTimages-444606	Obedientia_civium_urbis_felicitas	Gallia_est_omnis_divisa_in_partes_tres	sapiens_qui_prospicit	e.g., 2:1	pace_tua	haec_olim_meminisse_iuvabit	scientia,_aere_perennius	NONE	id_quod_plerumque_accidit	scientiae_et_patriae	sapiens_qui_prospicit
NonDICOMCTimages	CDS-IMAGE-411147	CDS-NonDICOMCTimages-840657	e_causa_ignota	scientiae_et_patriae	scientia,_aere_perennius	e.g., 2:1	scientia_et_labor	barba_crescit_caput_nescit	Gallia_est_omnis_divisa_in_partes_tres	ANGULAR	scientia,_aere_perennius	a_bene_placito	e_causa_ignota
NonDICOMCTimages	CDS-IMAGE-843309	CDS-NonDICOMCTimages-775901	damnant_quod_non_intellegunt	damnant_quod_non_intellegunt	a_bene_placito	e.g., 2:1	scientia_et_labor	saltus_in_demonstrando	O_Tite_tute_Tati_tibi_tanta_tyranne_tulisti	NONE	scientia_imperii_decus_et_tutamen	scientia_et_labor	scientia_imperii_decus_et_tutamen
NonDICOMCTimages	CDS-IMAGE-299546	CDS-NonDICOMCTimages-913942	Macte_animo_Generose_puer_sic_itur_ad_astra	id_quod_plerumque_accidit	O_Tite_tute_Tati_tibi_tanta_tyranne_tulisti	e.g., 2:1	faber_est_suae_quisque_fortunae	salus_in_arduis	haec_olim_meminisse_iuvabit	ECG-BASED	scientia_et_labor	cacatum_non_est_pictum	Gallia_est_omnis_divisa_in_partes_tres
NonDICOMCTimages	CDS-IMAGE-734196	CDS-NonDICOMCTimages-644459	cacatum_non_est_pictum	damnant_quod_non_intellegunt	scientia_imperii_decus_et_tutamen	e.g., 2:1	labor_ipse_voluptas	scientia,_aere_perennius	haec_olim_meminisse_iuvabit	NONE	salus_in_arduis	e_causa_ignota	cacatum_non_est_pictum
NonDICOMCTimages	CDS-IMAGE-306711	CDS-NonDICOMCTimages-294463	nascentes_morimur_finisque_ab_origine_pendet	faber_est_suae_quisque_fortunae	saltus_in_demonstrando	e.g., 2:1	damnant_quod_non_intellegunt	scientiae_cedit_mare	faber_est_suae_quisque_fortunae	ANGULAR	damnant_quod_non_intellegunt	salus_in_arduis	Obedientia_civium_urbis_felicitas
NonDICOMCTimages	CDS-IMAGE-841265	CDS-NonDICOMCTimages-710805	scientiae_cedit_mare	labor_ipse_voluptas	id_quod_plerumque_accidit	e.g., 2:1	nascentes_morimur_finisque_ab_origine_pendet	pace_tua	nascentes_morimur_finisque_ab_origine_pendet	LONGITUDINAL	scientia_imperii_decus_et_tutamen	scientia,_aere_perennius	id_quod_plerumque_accidit
NonDICOMCTimages	CDS-IMAGE-449530	CDS-NonDICOMCTimages-267384	O_Tite_tute_Tati_tibi_tanta_tyranne_tulisti	Obedientia_civium_urbis_felicitas	id_quod_plerumque_accidit	e.g., 2:1	scientiae_et_patriae	scientia_imperii_decus_et_tutamen	O_Tite_tute_Tati_tibi_tanta_tyranne_tulisti	ECG-BASED	e_causa_ignota	Macte_animo_Generose_puer_sic_itur_ad_astra	scientia_imperii_decus_et_tutamen
NonDICOMCTimages	CDS-IMAGE-535876	CDS-NonDICOMCTimages-575852	Obedientia_civium_urbis_felicitas	Gallia_est_omnis_divisa_in_partes_tres	a_bene_placito	e.g., 2:1	labor_ipse_voluptas	faber_est_suae_quisque_fortunae	scientiae_et_patriae	ECG-BASED	O_Tite_tute_Tati_tibi_tanta_tyranne_tulisti	a_bene_placito	nascentes_morimur_finisque_ab_origine_pendet
NonDICOMCTimages	CDS-IMAGE-515673	CDS-NonDICOMCTimages-542375	scientia,_aere_perennius	Gallia_est_omnis_divisa_in_partes_tres	e_causa_ignota	e.g., 2:1	scientia_et_labor	pace_tua	sapiens_qui_prospicit	ANGULAR	scientia_imperii_decus_et_tutamen	saltus_in_demonstrando	scientiae_cedit_mare
NonDICOMCTimages	CDS-IMAGE-671447	CDS-NonDICOMCTimages-152367	scientiae_cedit_mare	cacatum_non_est_pictum	a_bene_placito	e.g., 2:1	cacatum_non_est_pictum	sapiens_qui_prospicit	haec_olim_meminisse_iuvabit	ECG-BASED	salus_in_arduis	salus_in_arduis	scientia_imperii_decus_et_tutamen
NonDICOMCTimages	CDS-IMAGE-820827	CDS-NonDICOMCTimages-639005	scientia,_aere_perennius	barba_crescit_caput_nescit	Gallia_est_omnis_divisa_in_partes_tres	e.g., 2:1	scientia,_aere_perennius	scientia_et_labor	scientia_imperii_decus_et_tutamen	NONE	salus_in_arduis	nanos_gigantum_humeris_insidentes	sapiens_qui_prospicit
NonDICOMCTimages	CDS-IMAGE-901751	CDS-NonDICOMCTimages-654798	imperium_in_imperio	scientiae_et_patriae	Macte_animo_Generose_puer_sic_itur_ad_astra	e.g., 2:1	cacatum_non_est_pictum	nanos_gigantum_humeris_insidentes	sapiens_qui_prospicit	NONE	imperium_in_imperio	sapiens_qui_prospicit	Macte_animo_Generose_puer_sic_itur_ad_astra
NonDICOMCTimages	CDS-IMAGE-549987	CDS-NonDICOMCTimages-887085	sapiens_qui_prospicit	sapiens_qui_prospicit	labor_ipse_voluptas	e.g., 2:1	salus_in_arduis	nanos_gigantum_humeris_insidentes	faber_est_suae_quisque_fortunae	ANGULAR	saltus_in_demonstrando	cacatum_non_est_pictum	sapiens_qui_prospicit
NonDICOMCTimages	CDS-IMAGE-979690	CDS-NonDICOMCTimages-706235	barba_crescit_caput_nescit	barba_crescit_caput_nescit	barba_crescit_caput_nescit	e.g., 2:1	labor_ipse_voluptas	scientia,_aere_perennius	scientiae_et_patriae	NONE	scientia_et_labor	faber_est_suae_quisque_fortunae	haec_olim_meminisse_iuvabit
NonDICOMCTimages	CDS-IMAGE-509852	CDS-NonDICOMCTimages-884562	e_causa_ignota	labor_ipse_voluptas	saltus_in_demonstrando	e.g., 2:1	imperium_in_imperio	pace_tua	saltus_in_demonstrando	LONGITUDINAL	imperium_in_imperio	scientia,_aere_perennius	Obedientia_civium_urbis_felicitas
NonDICOMCTimages	CDS-IMAGE-290283	CDS-NonDICOMCTimages-268350	scientiae_cedit_mare	scientia_et_labor	faber_est_suae_quisque_fortunae	e.g., 2:1	haec_olim_meminisse_iuvabit	scientiae_et_patriae	scientia_imperii_decus_et_tutamen	ANGULAR	labor_ipse_voluptas	haec_olim_meminisse_iuvabit	imperium_in_imperio
NonDICOMCTimages	CDS-IMAGE-958987	CDS-NonDICOMCTimages-665207	damnant_quod_non_intellegunt	a_bene_placito	scientia_imperii_decus_et_tutamen	e.g., 2:1	e_causa_ignota	Gallia_est_omnis_divisa_in_partes_tres	scientia_et_sapientia	ORGAN-BASED	scientia_imperii_decus_et_tutamen	a_bene_placito	scientiae_et_patriae
NonDICOMCTimages	CDS-IMAGE-177183	CDS-NonDICOMCTimages-182582	cacatum_non_est_pictum	Gallia_est_omnis_divisa_in_partes_tres	id_quod_plerumque_accidit	e.g., 2:1	e_causa_ignota	scientia_imperii_decus_et_tutamen	scientia_et_labor	ANGULAR	Macte_animo_Generose_puer_sic_itur_ad_astra	cacatum_non_est_pictum	faber_est_suae_quisque_fortunae
NonDICOMCTimages	CDS-IMAGE-993163	CDS-NonDICOMCTimages-669481	scientia_et_sapientia	saltus_in_demonstrando	scientia_et_sapientia	e.g., 2:1	barba_crescit_caput_nescit	id_quod_plerumque_accidit	nascentes_morimur_finisque_ab_origine_pendet	NONE	scientia_et_labor	nascentes_morimur_finisque_ab_origine_pendet	Obedientia_civium_urbis_felicitas
NonDICOMCTimages	CDS-IMAGE-227930	CDS-NonDICOMCTimages-293508	labor_ipse_voluptas	scientia_et_labor	Gallia_est_omnis_divisa_in_partes_tres	e.g., 2:1	sapiens_qui_prospicit	Gallia_est_omnis_divisa_in_partes_tres	id_quod_plerumque_accidit	NONE	damnant_quod_non_intellegunt	id_quod_plerumque_accidit	scientiae_et_patriae
NonDICOMCTimages	CDS-IMAGE-277610	CDS-NonDICOMCTimages-285079	nascentes_morimur_finisque_ab_origine_pendet	e_causa_ignota	scientia_et_labor	e.g., 2:1	scientiae_cedit_mare	imperium_in_imperio	a_bene_placito	ORGAN-BASED	salus_in_arduis	e_causa_ignota	e_causa_ignota
NonDICOMCTimages	CDS-IMAGE-126704	CDS-NonDICOMCTimages-100187	scientia_et_labor	haec_olim_meminisse_iuvabit	Gallia_est_omnis_divisa_in_partes_tres	e.g., 2:1	id_quod_plerumque_accidit	O_Tite_tute_Tati_tibi_tanta_tyranne_tulisti	scientia_et_labor	ECG-BASED	a_bene_placito	imperium_in_imperio	pace_tua
NonDICOMCTimages	CDS-IMAGE-213388	CDS-NonDICOMCTimages-319358	scientia_et_sapientia	scientia_imperii_decus_et_tutamen	Gallia_est_omnis_divisa_in_partes_tres	e.g., 2:1	scientiae_cedit_mare	haec_olim_meminisse_iuvabit	scientiae_et_patriae	ECG-BASED	e_causa_ignota	O_Tite_tute_Tati_tibi_tanta_tyranne_tulisti	sapiens_qui_prospicit
NonDICOMCTimages	CDS-IMAGE-324847	CDS-NonDICOMCTimages-948185	scientia_et_sapientia	scientia,_aere_perennius	sapiens_qui_prospicit	e.g., 2:1	scientia,_aere_perennius	scientia_et_sapientia	scientia,_aere_perennius	NONE	id_quod_plerumque_accidit	faber_est_suae_quisque_fortunae	scientia,_aere_perennius
NonDICOMCTimages	CDS-IMAGE-518310	CDS-NonDICOMCTimages-246555	e_causa_ignota	e_causa_ignota	damnant_quod_non_intellegunt	e.g., 2:1	scientiae_et_patriae	id_quod_plerumque_accidit	haec_olim_meminisse_iuvabit	ORGAN-BASED	imperium_in_imperio	scientia_et_labor	Macte_animo_Generose_puer_sic_itur_ad_astra
NonDICOMCTimages	CDS-IMAGE-333880	CDS-NonDICOMCTimages-658690	Macte_animo_Generose_puer_sic_itur_ad_astra	scientia_et_sapientia	Obedientia_civium_urbis_felicitas	e.g., 2:1	haec_olim_meminisse_iuvabit	salus_in_arduis	imperium_in_imperio	LONGITUDINAL	nascentes_morimur_finisque_ab_origine_pendet	Gallia_est_omnis_divisa_in_partes_tres	scientiae_cedit_mare
NonDICOMCTimages	CDS-IMAGE-233262	CDS-NonDICOMCTimages-656070	O_Tite_tute_Tati_tibi_tanta_tyranne_tulisti	saltus_in_demonstrando	Macte_animo_Generose_puer_sic_itur_ad_astra	e.g., 2:1	saltus_in_demonstrando	damnant_quod_non_intellegunt	labor_ipse_voluptas	LONGITUDINAL	saltus_in_demonstrando	O_Tite_tute_Tati_tibi_tanta_tyranne_tulisti	barba_crescit_caput_nescit
NonDICOMCTimages	CDS-IMAGE-616300	CDS-NonDICOMCTimages-398281	faber_est_suae_quisque_fortunae	labor_ipse_voluptas	faber_est_suae_quisque_fortunae	e.g., 2:1	sapiens_qui_prospicit	scientia_imperii_decus_et_tutamen	id_quod_plerumque_accidit	LONGITUDINAL	nanos_gigantum_humeris_insidentes	Macte_animo_Generose_puer_sic_itur_ad_astra	cacatum_non_est_pictum
NonDICOMCTimages	CDS-IMAGE-846662	CDS-NonDICOMCTimages-731415	barba_crescit_caput_nescit	scientia_et_labor	scientiae_et_patriae	e.g., 2:1	nanos_gigantum_humeris_insidentes	labor_ipse_voluptas	nanos_gigantum_humeris_insidentes	ORGAN-BASED	pace_tua	haec_olim_meminisse_iuvabit	scientia_et_labor
NonDICOMCTimages	CDS-IMAGE-726167	CDS-NonDICOMCTimages-677766	haec_olim_meminisse_iuvabit	faber_est_suae_quisque_fortunae	imperium_in_imperio	e.g., 2:1	labor_ipse_voluptas	Gallia_est_omnis_divisa_in_partes_tres	saltus_in_demonstrando	ECG-BASED	O_Tite_tute_Tati_tibi_tanta_tyranne_tulisti	scientia_et_sapientia	barba_crescit_caput_nescit
NonDICOMCTimages	CDS-IMAGE-334043	CDS-NonDICOMCTimages-120611	damnant_quod_non_intellegunt	labor_ipse_voluptas	scientia_imperii_decus_et_tutamen	e.g., 2:1	scientia_et_sapientia	sapiens_qui_prospicit	barba_crescit_caput_nescit	LONGITUDINAL	barba_crescit_caput_nescit	cacatum_non_est_pictum	nanos_gigantum_humeris_insidentes
NonDICOMCTimages	CDS-IMAGE-147767	CDS-NonDICOMCTimages-697302	nanos_gigantum_humeris_insidentes	a_bene_placito	e_causa_ignota	e.g., 2:1	O_Tite_tute_Tati_tibi_tanta_tyranne_tulisti	sapiens_qui_prospicit	nanos_gigantum_humeris_insidentes	NONE	a_bene_placito	scientia_et_labor	scientiae_et_patriae
NonDICOMCTimages	CDS-IMAGE-788275	CDS-NonDICOMCTimages-170449	Macte_animo_Generose_puer_sic_itur_ad_astra	Macte_animo_Generose_puer_sic_itur_ad_astra	O_Tite_tute_Tati_tibi_tanta_tyranne_tulisti	e.g., 2:1	scientia_et_labor	scientia_imperii_decus_et_tutamen	nascentes_morimur_finisque_ab_origine_pendet	ANGULAR	imperium_in_imperio	scientia_et_labor	scientia_imperii_decus_et_tutamen
NonDICOMCTimages	CDS-IMAGE-583564	CDS-NonDICOMCTimages-401266	Macte_animo_Generose_puer_sic_itur_ad_astra	faber_est_suae_quisque_fortunae	Obedientia_civium_urbis_felicitas	e.g., 2:1	scientiae_cedit_mare	id_quod_plerumque_accidit	sapiens_qui_prospicit	LONGITUDINAL	O_Tite_tute_Tati_tibi_tanta_tyranne_tulisti	a_bene_placito	barba_crescit_caput_nescit
NonDICOMCTimages	CDS-IMAGE-858749	CDS-NonDICOMCTimages-504495	imperium_in_imperio	scientia_et_sapientia	Obedientia_civium_urbis_felicitas	e.g., 2:1	faber_est_suae_quisque_fortunae	scientiae_cedit_mare	Macte_animo_Generose_puer_sic_itur_ad_astra	ANGULAR	nascentes_morimur_finisque_ab_origine_pendet	scientia_et_labor	pace_tua
NonDICOMCTimages	CDS-IMAGE-788730	CDS-NonDICOMCTimages-643205	labor_ipse_voluptas	Obedientia_civium_urbis_felicitas	Gallia_est_omnis_divisa_in_partes_tres	e.g., 2:1	haec_olim_meminisse_iuvabit	pace_tua	id_quod_plerumque_accidit	NONE	O_Tite_tute_Tati_tibi_tanta_tyranne_tulisti	scientia,_aere_perennius	salus_in_arduis
NonDICOMCTimages	CDS-IMAGE-876144	CDS-NonDICOMCTimages-557717	scientia_et_labor	scientia_et_labor	nascentes_morimur_finisque_ab_origine_pendet	e.g., 2:1	scientia,_aere_perennius	cacatum_non_est_pictum	saltus_in_demonstrando	ECG-BASED	labor_ipse_voluptas	nascentes_morimur_finisque_ab_origine_pendet	cacatum_non_est_pictum
NonDICOMCTimages	CDS-IMAGE-770728	CDS-NonDICOMCTimages-842987	faber_est_suae_quisque_fortunae	labor_ipse_voluptas	faber_est_suae_quisque_fortunae	e.g., 2:1	nanos_gigantum_humeris_insidentes	e_causa_ignota	Gallia_est_omnis_divisa_in_partes_tres	ANGULAR	id_quod_plerumque_accidit	scientia_imperii_decus_et_tutamen	damnant_quod_non_intellegunt
NonDICOMCTimages	CDS-IMAGE-699058	CDS-NonDICOMCTimages-187625	scientiae_cedit_mare	Obedientia_civium_urbis_felicitas	scientiae_et_patriae	e.g., 2:1	salus_in_arduis	scientia_et_labor	salus_in_arduis	ANGULAR	Obedientia_civium_urbis_felicitas	scientia,_aere_perennius	saltus_in_demonstrando
NonDICOMCTimages	CDS-IMAGE-984508	CDS-NonDICOMCTimages-263614	imperium_in_imperio	salus_in_arduis	scientia_imperii_decus_et_tutamen	e.g., 2:1	scientia_et_sapientia	scientia_et_sapientia	pace_tua	ECG-BASED	sapiens_qui_prospicit	imperium_in_imperio	scientiae_et_patriae
NonDICOMCTimages	CDS-IMAGE-263253	CDS-NonDICOMCTimages-557505	scientia_et_labor	scientia_et_sapientia	scientiae_et_patriae	e.g., 2:1	scientiae_cedit_mare	haec_olim_meminisse_iuvabit	O_Tite_tute_Tati_tibi_tanta_tyranne_tulisti	ORGAN-BASED	id_quod_plerumque_accidit	e_causa_ignota	faber_est_suae_quisque_fortunae
NonDICOMCTimages	CDS-IMAGE-917799	CDS-NonDICOMCTimages-440509	haec_olim_meminisse_iuvabit	cacatum_non_est_pictum	barba_crescit_caput_nescit	e.g., 2:1	sapiens_qui_prospicit	salus_in_arduis	damnant_quod_non_intellegunt	ECG-BASED	scientiae_cedit_mare	labor_ipse_voluptas	damnant_quod_non_intellegunt
NonDICOMCTimages	CDS-IMAGE-960512	CDS-NonDICOMCTimages-513241	haec_olim_meminisse_iuvabit	damnant_quod_non_intellegunt	barba_crescit_caput_nescit	e.g., 2:1	scientia_et_labor	faber_est_suae_quisque_fortunae	scientia_et_labor	ECG-BASED	scientiae_et_patriae	scientia_imperii_decus_et_tutamen	e_causa_ignota
NonDICOMCTimages	CDS-IMAGE-702299	CDS-NonDICOMCTimages-421263	labor_ipse_voluptas	pace_tua	nascentes_morimur_finisque_ab_origine_pendet	e.g., 2:1	scientia,_aere_perennius	nanos_gigantum_humeris_insidentes	imperium_in_imperio	ORGAN-BASED	scientiae_cedit_mare	cacatum_non_est_pictum	id_quod_plerumque_accidit
NonDICOMCTimages	CDS-IMAGE-241353	CDS-NonDICOMCTimages-281716	damnant_quod_non_intellegunt	cacatum_non_est_pictum	labor_ipse_voluptas	e.g., 2:1	haec_olim_meminisse_iuvabit	salus_in_arduis	saltus_in_demonstrando	NONE	barba_crescit_caput_nescit	damnant_quod_non_intellegunt	salus_in_arduis
NonDICOMCTimages	CDS-IMAGE-637925	CDS-NonDICOMCTimages-808427	O_Tite_tute_Tati_tibi_tanta_tyranne_tulisti	scientiae_cedit_mare	Macte_animo_Generose_puer_sic_itur_ad_astra	e.g., 2:1	id_quod_plerumque_accidit	a_bene_placito	haec_olim_meminisse_iuvabit	NONE	damnant_quod_non_intellegunt	labor_ipse_voluptas	e_causa_ignota
NonDICOMCTimages	CDS-IMAGE-746949	CDS-NonDICOMCTimages-288640	a_bene_placito	id_quod_plerumque_accidit	damnant_quod_non_intellegunt	e.g., 2:1	scientiae_cedit_mare	scientia,_aere_perennius	haec_olim_meminisse_iuvabit	ECG-BASED	scientiae_et_patriae	nascentes_morimur_finisque_ab_origine_pendet	e_causa_ignota
NonDICOMCTimages	CDS-IMAGE-966442	CDS-NonDICOMCTimages-332896	pace_tua	faber_est_suae_quisque_fortunae	scientia_imperii_decus_et_tutamen	e.g., 2:1	scientia,_aere_perennius	scientia_et_sapientia	scientia_imperii_decus_et_tutamen	LONGITUDINAL	labor_ipse_voluptas	damnant_quod_non_intellegunt	scientia_et_labor
NonDICOMCTimages	CDS-IMAGE-630098	CDS-NonDICOMCTimages-507142	nanos_gigantum_humeris_insidentes	damnant_quod_non_intellegunt	cacatum_non_est_pictum	e.g., 2:1	scientia_et_labor	e_causa_ignota	saltus_in_demonstrando	NONE	e_causa_ignota	barba_crescit_caput_nescit	scientia_et_labor
NonDICOMCTimages	CDS-IMAGE-164482	CDS-NonDICOMCTimages-663561	pace_tua	O_Tite_tute_Tati_tibi_tanta_tyranne_tulisti	saltus_in_demonstrando	e.g., 2:1	O_Tite_tute_Tati_tibi_tanta_tyranne_tulisti	labor_ipse_voluptas	O_Tite_tute_Tati_tibi_tanta_tyranne_tulisti	ORGAN-BASED	e_causa_ignota	a_bene_placito	cacatum_non_est_pictum
NonDICOMCTimages	CDS-IMAGE-558269	CDS-NonDICOMCTimages-196999	haec_olim_meminisse_iuvabit	scientia_et_sapientia	e_causa_ignota	e.g., 2:1	Gallia_est_omnis_divisa_in_partes_tres	id_quod_plerumque_accidit	labor_ipse_voluptas	ECG-BASED	labor_ipse_voluptas	saltus_in_demonstrando	nascentes_morimur_finisque_ab_origine_pendet
NonDICOMCTimages	CDS-IMAGE-285194	CDS-NonDICOMCTimages-713400	salus_in_arduis	nanos_gigantum_humeris_insidentes	damnant_quod_non_intellegunt	e.g., 2:1	O_Tite_tute_Tati_tibi_tanta_tyranne_tulisti	barba_crescit_caput_nescit	nascentes_morimur_finisque_ab_origine_pendet	ECG-BASED	barba_crescit_caput_nescit	scientia,_aere_perennius	damnant_quod_non_intellegunt
NonDICOMCTimages	CDS-IMAGE-962928	CDS-NonDICOMCTimages-110996	haec_olim_meminisse_iuvabit	sapiens_qui_prospicit	scientiae_et_patriae	e.g., 2:1	faber_est_suae_quisque_fortunae	cacatum_non_est_pictum	scientia_et_labor	NONE	saltus_in_demonstrando	pace_tua	faber_est_suae_quisque_fortunae
NonDICOMCTimages	CDS-IMAGE-956057	CDS-NonDICOMCTimages-228485	scientia_et_labor	haec_olim_meminisse_iuvabit	Gallia_est_omnis_divisa_in_partes_tres	e.g., 2:1	saltus_in_demonstrando	salus_in_arduis	damnant_quod_non_intellegunt	ORGAN-BASED	Gallia_est_omnis_divisa_in_partes_tres	a_bene_placito	e_causa_ignota
NonDICOMCTimages	CDS-IMAGE-433722	CDS-NonDICOMCTimages-988032	damnant_quod_non_intellegunt	id_quod_plerumque_accidit	Obedientia_civium_urbis_felicitas	e.g., 2:1	scientia_et_labor	nanos_gigantum_humeris_insidentes	pace_tua	LONGITUDINAL	haec_olim_meminisse_iuvabit	cacatum_non_est_pictum	imperium_in_imperio
NonDICOMCTimages	CDS-IMAGE-278578	CDS-NonDICOMCTimages-369453	salus_in_arduis	scientia_imperii_decus_et_tutamen	salus_in_arduis	e.g., 2:1	scientia,_aere_perennius	Gallia_est_omnis_divisa_in_partes_tres	nanos_gigantum_humeris_insidentes	ECG-BASED	scientiae_cedit_mare	Macte_animo_Generose_puer_sic_itur_ad_astra	scientiae_et_patriae
NonDICOMCTimages	CDS-IMAGE-542517	CDS-NonDICOMCTimages-323428	Macte_animo_Generose_puer_sic_itur_ad_astra	Macte_animo_Generose_puer_sic_itur_ad_astra	nascentes_morimur_finisque_ab_origine_pendet	e.g., 2:1	saltus_in_demonstrando	e_causa_ignota	a_bene_placito	ECG-BASED	Gallia_est_omnis_divisa_in_partes_tres	Obedientia_civium_urbis_felicitas	barba_crescit_caput_nescit
NonDICOMCTimages	CDS-IMAGE-397481	CDS-NonDICOMCTimages-738649	O_Tite_tute_Tati_tibi_tanta_tyranne_tulisti	sapiens_qui_prospicit	haec_olim_meminisse_iuvabit	e.g., 2:1	Macte_animo_Generose_puer_sic_itur_ad_astra	scientia_imperii_decus_et_tutamen	salus_in_arduis	ANGULAR	scientiae_et_patriae	haec_olim_meminisse_iuvabit	damnant_quod_non_intellegunt
NonDICOMCTimages	CDS-IMAGE-845268	CDS-NonDICOMCTimages-749776	nanos_gigantum_humeris_insidentes	salus_in_arduis	nascentes_morimur_finisque_ab_origine_pendet	e.g., 2:1	salus_in_arduis	id_quod_plerumque_accidit	cacatum_non_est_pictum	ORGAN-BASED	salus_in_arduis	labor_ipse_voluptas	scientia,_aere_perennius
NonDICOMCTimages	CDS-IMAGE-681841	CDS-NonDICOMCTimages-245589	saltus_in_demonstrando	sapiens_qui_prospicit	salus_in_arduis	e.g., 2:1	Gallia_est_omnis_divisa_in_partes_tres	nanos_gigantum_humeris_insidentes	haec_olim_meminisse_iuvabit	ORGAN-BASED	pace_tua	labor_ipse_voluptas	O_Tite_tute_Tati_tibi_tanta_tyranne_tulisti
NonDICOMCTimages	CDS-IMAGE-449072	CDS-NonDICOMCTimages-205986	id_quod_plerumque_accidit	faber_est_suae_quisque_fortunae	nanos_gigantum_humeris_insidentes	e.g., 2:1	id_quod_plerumque_accidit	salus_in_arduis	Gallia_est_omnis_divisa_in_partes_tres	LONGITUDINAL	scientia_et_labor	scientia_et_sapientia	barba_crescit_caput_nescit
NonDICOMCTimages	CDS-IMAGE-836190	CDS-NonDICOMCTimages-523664	scientiae_et_patriae	cacatum_non_est_pictum	salus_in_arduis	e.g., 2:1	scientia_et_sapientia	cacatum_non_est_pictum	scientia_et_labor	ECG-BASED	faber_est_suae_quisque_fortunae	Obedientia_civium_urbis_felicitas	sapiens_qui_prospicit
NonDICOMCTimages	CDS-IMAGE-542355	CDS-NonDICOMCTimages-298173	saltus_in_demonstrando	Obedientia_civium_urbis_felicitas	haec_olim_meminisse_iuvabit	e.g., 2:1	id_quod_plerumque_accidit	damnant_quod_non_intellegunt	scientia,_aere_perennius	ECG-BASED	saltus_in_demonstrando	nanos_gigantum_humeris_insidentes	scientiae_et_patriae
NonDICOMCTimages	CDS-IMAGE-878073	CDS-NonDICOMCTimages-221035	scientia_et_labor	scientiae_cedit_mare	scientia,_aere_perennius	e.g., 2:1	nascentes_morimur_finisque_ab_origine_pendet	damnant_quod_non_intellegunt	scientia_et_sapientia	ECG-BASED	cacatum_non_est_pictum	e_causa_ignota	Macte_animo_Generose_puer_sic_itur_ad_astra
NonDICOMCTimages	CDS-IMAGE-459381	CDS-NonDICOMCTimages-732192	scientia_et_labor	Macte_animo_Generose_puer_sic_itur_ad_astra	faber_est_suae_quisque_fortunae	e.g., 2:1	sapiens_qui_prospicit	scientia_et_sapientia	scientia,_aere_perennius	LONGITUDINAL	pace_tua	scientiae_et_patriae	id_quod_plerumque_accidit
NonDICOMCTimages	CDS-IMAGE-130011	CDS-NonDICOMCTimages-632412	scientia,_aere_perennius	Obedientia_civium_urbis_felicitas	scientiae_cedit_mare	e.g., 2:1	Obedientia_civium_urbis_felicitas	O_Tite_tute_Tati_tibi_tanta_tyranne_tulisti	cacatum_non_est_pictum	ORGAN-BASED	labor_ipse_voluptas	scientia_imperii_decus_et_tutamen	O_Tite_tute_Tati_tibi_tanta_tyranne_tulisti
NonDICOMCTimages	CDS-IMAGE-459134	CDS-NonDICOMCTimages-638067	damnant_quod_non_intellegunt	sapiens_qui_prospicit	O_Tite_tute_Tati_tibi_tanta_tyranne_tulisti	e.g., 2:1	Obedientia_civium_urbis_felicitas	id_quod_plerumque_accidit	labor_ipse_voluptas	ANGULAR	sapiens_qui_prospicit	faber_est_suae_quisque_fortunae	haec_olim_meminisse_iuvabit
NonDICOMCTimages	CDS-IMAGE-774229	CDS-NonDICOMCTimages-123176	id_quod_plerumque_accidit	saltus_in_demonstrando	id_quod_plerumque_accidit	e.g., 2:1	faber_est_suae_quisque_fortunae	id_quod_plerumque_accidit	e_causa_ignota	NONE	nanos_gigantum_humeris_insidentes	a_bene_placito	Macte_animo_Generose_puer_sic_itur_ad_astra
NonDICOMCTimages	CDS-IMAGE-564281	CDS-NonDICOMCTimages-885941	pace_tua	faber_est_suae_quisque_fortunae	faber_est_suae_quisque_fortunae	e.g., 2:1	labor_ipse_voluptas	nascentes_morimur_finisque_ab_origine_pendet	pace_tua	NONE	sapiens_qui_prospicit	saltus_in_demonstrando	scientia_et_sapientia
NonDICOMCTimages	CDS-IMAGE-420262	CDS-NonDICOMCTimages-858667	scientia_et_labor	salus_in_arduis	id_quod_plerumque_accidit	e.g., 2:1	O_Tite_tute_Tati_tibi_tanta_tyranne_tulisti	scientia,_aere_perennius	labor_ipse_voluptas	NONE	salus_in_arduis	scientia_imperii_decus_et_tutamen	saltus_in_demonstrando
NonDICOMCTimages	CDS-IMAGE-692761	CDS-NonDICOMCTimages-703442	saltus_in_demonstrando	nascentes_morimur_finisque_ab_origine_pendet	scientia_imperii_decus_et_tutamen	e.g., 2:1	salus_in_arduis	labor_ipse_voluptas	scientia_imperii_decus_et_tutamen	ECG-BASED	scientia_et_labor	haec_olim_meminisse_iuvabit	id_quod_plerumque_accidit
NonDICOMCTimages	CDS-IMAGE-398343	CDS-NonDICOMCTimages-254994	a_bene_placito	haec_olim_meminisse_iuvabit	salus_in_arduis	e.g., 2:1	Macte_animo_Generose_puer_sic_itur_ad_astra	cacatum_non_est_pictum	sapiens_qui_prospicit	LONGITUDINAL	damnant_quod_non_intellegunt	Macte_animo_Generose_puer_sic_itur_ad_astra	imperium_in_imperio
NonDICOMCTimages	CDS-IMAGE-944901	CDS-NonDICOMCTimages-542409	nanos_gigantum_humeris_insidentes	id_quod_plerumque_accidit	nascentes_morimur_finisque_ab_origine_pendet	e.g., 2:1	scientiae_et_patriae	saltus_in_demonstrando	labor_ipse_voluptas	ECG-BASED	scientia_et_sapientia	imperium_in_imperio	saltus_in_demonstrando
NonDICOMCTimages	CDS-IMAGE-460762	CDS-NonDICOMCTimages-173963	imperium_in_imperio	scientia,_aere_perennius	labor_ipse_voluptas	e.g., 2:1	O_Tite_tute_Tati_tibi_tanta_tyranne_tulisti	scientia_et_sapientia	nascentes_morimur_finisque_ab_origine_pendet	ORGAN-BASED	imperium_in_imperio	O_Tite_tute_Tati_tibi_tanta_tyranne_tulisti	faber_est_suae_quisque_fortunae
NonDICOMCTimages	CDS-IMAGE-541832	CDS-NonDICOMCTimages-192585	Macte_animo_Generose_puer_sic_itur_ad_astra	Macte_animo_Generose_puer_sic_itur_ad_astra	faber_est_suae_quisque_fortunae	e.g., 2:1	haec_olim_meminisse_iuvabit	pace_tua	sapiens_qui_prospicit	ECG-BASED	nascentes_morimur_finisque_ab_origine_pendet	nanos_gigantum_humeris_insidentes	haec_olim_meminisse_iuvabit
NonDICOMCTimages	CDS-IMAGE-135180	CDS-NonDICOMCTimages-645393	scientiae_et_patriae	scientiae_cedit_mare	sapiens_qui_prospicit	e.g., 2:1	labor_ipse_voluptas	scientia_et_labor	haec_olim_meminisse_iuvabit	ECG-BASED	faber_est_suae_quisque_fortunae	nascentes_morimur_finisque_ab_origine_pendet	scientiae_et_patriae
NonDICOMCTimages	CDS-IMAGE-983324	CDS-NonDICOMCTimages-283892	Obedientia_civium_urbis_felicitas	sapiens_qui_prospicit	imperium_in_imperio	e.g., 2:1	scientia_imperii_decus_et_tutamen	scientiae_cedit_mare	sapiens_qui_prospicit	LONGITUDINAL	cacatum_non_est_pictum	haec_olim_meminisse_iuvabit	Obedientia_civium_urbis_felicitas
NonDICOMCTimages	CDS-IMAGE-673389	CDS-NonDICOMCTimages-551127	Gallia_est_omnis_divisa_in_partes_tres	sapiens_qui_prospicit	faber_est_suae_quisque_fortunae	e.g., 2:1	faber_est_suae_quisque_fortunae	labor_ipse_voluptas	scientia_et_labor	NONE	scientiae_et_patriae	Obedientia_civium_urbis_felicitas	O_Tite_tute_Tati_tibi_tanta_tyranne_tulisti
NonDICOMCTimages	CDS-IMAGE-274274	CDS-NonDICOMCTimages-793972	nanos_gigantum_humeris_insidentes	Gallia_est_omnis_divisa_in_partes_tres	sapiens_qui_prospicit	e.g., 2:1	nascentes_morimur_finisque_ab_origine_pendet	salus_in_arduis	saltus_in_demonstrando	ECG-BASED	faber_est_suae_quisque_fortunae	scientiae_cedit_mare	scientia_imperii_decus_et_tutamen
NonDICOMCTimages	CDS-IMAGE-991965	CDS-NonDICOMCTimages-683705	saltus_in_demonstrando	Obedientia_civium_urbis_felicitas	haec_olim_meminisse_iuvabit	e.g., 2:1	Gallia_est_omnis_divisa_in_partes_tres	nascentes_morimur_finisque_ab_origine_pendet	damnant_quod_non_intellegunt	ANGULAR	barba_crescit_caput_nescit	scientia_imperii_decus_et_tutamen	labor_ipse_voluptas
NonDICOMCTimages	CDS-IMAGE-936375	CDS-NonDICOMCTimages-717516	labor_ipse_voluptas	imperium_in_imperio	nascentes_morimur_finisque_ab_origine_pendet	e.g., 2:1	scientia_et_sapientia	scientia_imperii_decus_et_tutamen	sapiens_qui_prospicit	LONGITUDINAL	saltus_in_demonstrando	a_bene_placito	nanos_gigantum_humeris_insidentes
NonDICOMCTimages	CDS-IMAGE-621415	CDS-NonDICOMCTimages-785030	e_causa_ignota	O_Tite_tute_Tati_tibi_tanta_tyranne_tulisti	faber_est_suae_quisque_fortunae	e.g., 2:1	imperium_in_imperio	scientia_et_labor	scientiae_et_patriae	ECG-BASED	cacatum_non_est_pictum	scientia_et_sapientia	pace_tua
NonDICOMCTimages	CDS-IMAGE-329750	CDS-NonDICOMCTimages-799415	id_quod_plerumque_accidit	labor_ipse_voluptas	barba_crescit_caput_nescit	e.g., 2:1	imperium_in_imperio	scientiae_et_patriae	haec_olim_meminisse_iuvabit	ANGULAR	haec_olim_meminisse_iuvabit	a_bene_placito	barba_crescit_caput_nescit
NonDICOMCTimages	CDS-IMAGE-375975	CDS-NonDICOMCTimages-802126	labor_ipse_voluptas	O_Tite_tute_Tati_tibi_tanta_tyranne_tulisti	nascentes_morimur_finisque_ab_origine_pendet	e.g., 2:1	saltus_in_demonstrando	e_causa_ignota	O_Tite_tute_Tati_tibi_tanta_tyranne_tulisti	ORGAN-BASED	haec_olim_meminisse_iuvabit	scientiae_et_patriae	labor_ipse_voluptas
NonDICOMCTimages	CDS-IMAGE-750212	CDS-NonDICOMCTimages-104877	sapiens_qui_prospicit	a_bene_placito	scientia_et_sapientia	e.g., 2:1	id_quod_plerumque_accidit	cacatum_non_est_pictum	scientiae_cedit_mare	ANGULAR	a_bene_placito	barba_crescit_caput_nescit	Macte_animo_Generose_puer_sic_itur_ad_astra
NonDICOMCTimages	CDS-IMAGE-857002	CDS-NonDICOMCTimages-745584	pace_tua	barba_crescit_caput_nescit	imperium_in_imperio	e.g., 2:1	nascentes_morimur_finisque_ab_origine_pendet	nanos_gigantum_humeris_insidentes	scientiae_et_patriae	NONE	nanos_gigantum_humeris_insidentes	Obedientia_civium_urbis_felicitas	damnant_quod_non_intellegunt
NonDICOMCTimages	CDS-IMAGE-954755	CDS-NonDICOMCTimages-682093	id_quod_plerumque_accidit	e_causa_ignota	barba_crescit_caput_nescit	e.g., 2:1	nascentes_morimur_finisque_ab_origine_pendet	scientia_et_labor	barba_crescit_caput_nescit	LONGITUDINAL	sapiens_qui_prospicit	pace_tua	Obedientia_civium_urbis_felicitas
NonDICOMCTimages	CDS-IMAGE-755166	CDS-NonDICOMCTimages-264376	nanos_gigantum_humeris_insidentes	labor_ipse_voluptas	O_Tite_tute_Tati_tibi_tanta_tyranne_tulisti	e.g., 2:1	scientia,_aere_perennius	Obedientia_civium_urbis_felicitas	scientia_imperii_decus_et_tutamen	ORGAN-BASED	haec_olim_meminisse_iuvabit	Obedientia_civium_urbis_felicitas	Gallia_est_omnis_divisa_in_partes_tres
NonDICOMCTimages	CDS-IMAGE-163383	CDS-NonDICOMCTimages-469135	O_Tite_tute_Tati_tibi_tanta_tyranne_tulisti	a_bene_placito	Gallia_est_omnis_divisa_in_partes_tres	e.g., 2:1	pace_tua	damnant_quod_non_intellegunt	O_Tite_tute_Tati_tibi_tanta_tyranne_tulisti	ECG-BASED	nanos_gigantum_humeris_insidentes	scientia,_aere_perennius	faber_est_suae_quisque_fortunae
NonDICOMCTimages	CDS-IMAGE-196746	CDS-NonDICOMCTimages-642396	damnant_quod_non_intellegunt	nascentes_morimur_finisque_ab_origine_pendet	barba_crescit_caput_nescit	e.g., 2:1	Gallia_est_omnis_divisa_in_partes_tres	haec_olim_meminisse_iuvabit	nanos_gigantum_humeris_insidentes	NONE	imperium_in_imperio	labor_ipse_voluptas	nascentes_morimur_finisque_ab_origine_pendet
NonDICOMCTimages	CDS-IMAGE-709584	CDS-NonDICOMCTimages-732499	Gallia_est_omnis_divisa_in_partes_tres	labor_ipse_voluptas	scientia,_aere_perennius	e.g., 2:1	faber_est_suae_quisque_fortunae	imperium_in_imperio	Macte_animo_Generose_puer_sic_itur_ad_astra	ORGAN-BASED	damnant_quod_non_intellegunt	saltus_in_demonstrando	Macte_animo_Generose_puer_sic_itur_ad_astra
NonDICOMCTimages	CDS-IMAGE-406466	CDS-NonDICOMCTimages-702460	haec_olim_meminisse_iuvabit	salus_in_arduis	Obedientia_civium_urbis_felicitas	e.g., 2:1	O_Tite_tute_Tati_tibi_tanta_tyranne_tulisti	scientiae_cedit_mare	imperium_in_imperio	ECG-BASED	scientia_et_labor	cacatum_non_est_pictum	Gallia_est_omnis_divisa_in_partes_tres
NonDICOMCTimages	CDS-IMAGE-505131	CDS-NonDICOMCTimages-210927	e_causa_ignota	scientiae_et_patriae	sapiens_qui_prospicit	e.g., 2:1	Macte_animo_Generose_puer_sic_itur_ad_astra	salus_in_arduis	scientia,_aere_perennius	LONGITUDINAL	sapiens_qui_prospicit	haec_olim_meminisse_iuvabit	pace_tua
NonDICOMCTimages	CDS-IMAGE-744195	CDS-NonDICOMCTimages-759011	saltus_in_demonstrando	nanos_gigantum_humeris_insidentes	scientia,_aere_perennius	e.g., 2:1	nascentes_morimur_finisque_ab_origine_pendet	pace_tua	scientiae_cedit_mare	ECG-BASED	haec_olim_meminisse_iuvabit	pace_tua	pace_tua
NonDICOMCTimages	CDS-IMAGE-406860	CDS-NonDICOMCTimages-801156	e_causa_ignota	sapiens_qui_prospicit	e_causa_ignota	e.g., 2:1	saltus_in_demonstrando	haec_olim_meminisse_iuvabit	scientia,_aere_perennius	ORGAN-BASED	faber_est_suae_quisque_fortunae	haec_olim_meminisse_iuvabit	O_Tite_tute_Tati_tibi_tanta_tyranne_tulisti
NonDICOMCTimages	CDS-IMAGE-226988	CDS-NonDICOMCTimages-841398	faber_est_suae_quisque_fortunae	Gallia_est_omnis_divisa_in_partes_tres	scientia_et_labor	e.g., 2:1	saltus_in_demonstrando	haec_olim_meminisse_iuvabit	Gallia_est_omnis_divisa_in_partes_tres	NONE	scientia_et_labor	O_Tite_tute_Tati_tibi_tanta_tyranne_tulisti	saltus_in_demonstrando
NonDICOMCTimages	CDS-IMAGE-673537	CDS-NonDICOMCTimages-531880	Gallia_est_omnis_divisa_in_partes_tres	haec_olim_meminisse_iuvabit	Gallia_est_omnis_divisa_in_partes_tres	e.g., 2:1	faber_est_suae_quisque_fortunae	nanos_gigantum_humeris_insidentes	faber_est_suae_quisque_fortunae	ECG-BASED	nanos_gigantum_humeris_insidentes	damnant_quod_non_intellegunt	cacatum_non_est_pictum
NonDICOMCTimages	CDS-IMAGE-371060	CDS-NonDICOMCTimages-223282	scientia_et_sapientia	barba_crescit_caput_nescit	scientia,_aere_perennius	e.g., 2:1	scientiae_et_patriae	scientiae_et_patriae	labor_ipse_voluptas	ORGAN-BASED	cacatum_non_est_pictum	Macte_animo_Generose_puer_sic_itur_ad_astra	Obedientia_civium_urbis_felicitas
NonDICOMCTimages	CDS-IMAGE-367636	CDS-NonDICOMCTimages-936658	imperium_in_imperio	cacatum_non_est_pictum	id_quod_plerumque_accidit	e.g., 2:1	id_quod_plerumque_accidit	scientia_et_sapientia	scientia_et_sapientia	ANGULAR	barba_crescit_caput_nescit	pace_tua	scientia,_aere_perennius
NonDICOMCTimages	CDS-IMAGE-247763	CDS-NonDICOMCTimages-517201	saltus_in_demonstrando	scientia_imperii_decus_et_tutamen	barba_crescit_caput_nescit	e.g., 2:1	Obedientia_civium_urbis_felicitas	scientiae_cedit_mare	imperium_in_imperio	ANGULAR	salus_in_arduis	scientia_imperii_decus_et_tutamen	haec_olim_meminisse_iuvabit
NonDICOMCTimages	CDS-IMAGE-426140	CDS-NonDICOMCTimages-190780	scientiae_et_patriae	scientiae_cedit_mare	nascentes_morimur_finisque_ab_origine_pendet	e.g., 2:1	pace_tua	saltus_in_demonstrando	nanos_gigantum_humeris_insidentes	LONGITUDINAL	barba_crescit_caput_nescit	barba_crescit_caput_nescit	nascentes_morimur_finisque_ab_origine_pendet
NonDICOMCTimages	CDS-IMAGE-930742	CDS-NonDICOMCTimages-756513	scientia_imperii_decus_et_tutamen	saltus_in_demonstrando	sapiens_qui_prospicit	e.g., 2:1	e_causa_ignota	labor_ipse_voluptas	Gallia_est_omnis_divisa_in_partes_tres	ANGULAR	id_quod_plerumque_accidit	scientiae_et_patriae	scientiae_et_patriae
NonDICOMCTimages	CDS-IMAGE-986291	CDS-NonDICOMCTimages-635276	Gallia_est_omnis_divisa_in_partes_tres	scientia,_aere_perennius	scientia,_aere_perennius	e.g., 2:1	a_bene_placito	nanos_gigantum_humeris_insidentes	scientiae_et_patriae	LONGITUDINAL	scientia,_aere_perennius	Obedientia_civium_urbis_felicitas	scientiae_cedit_mare
NonDICOMCTimages	CDS-IMAGE-571177	CDS-NonDICOMCTimages-504393	scientia,_aere_perennius	sapiens_qui_prospicit	damnant_quod_non_intellegunt	e.g., 2:1	pace_tua	scientia_et_labor	a_bene_placito	LONGITUDINAL	pace_tua	e_causa_ignota	O_Tite_tute_Tati_tibi_tanta_tyranne_tulisti
NonDICOMCTimages	CDS-IMAGE-549804	CDS-NonDICOMCTimages-814649	nanos_gigantum_humeris_insidentes	faber_est_suae_quisque_fortunae	scientia,_aere_perennius	e.g., 2:1	O_Tite_tute_Tati_tibi_tanta_tyranne_tulisti	a_bene_placito	a_bene_placito	ANGULAR	e_causa_ignota	nanos_gigantum_humeris_insidentes	haec_olim_meminisse_iuvabit
NonDICOMCTimages	CDS-IMAGE-746226	CDS-NonDICOMCTimages-696233	Macte_animo_Generose_puer_sic_itur_ad_astra	scientiae_et_patriae	pace_tua	e.g., 2:1	salus_in_arduis	cacatum_non_est_pictum	labor_ipse_voluptas	NONE	imperium_in_imperio	cacatum_non_est_pictum	pace_tua
NonDICOMCTimages	CDS-IMAGE-535291	CDS-NonDICOMCTimages-391731	imperium_in_imperio	salus_in_arduis	sapiens_qui_prospicit	e.g., 2:1	Gallia_est_omnis_divisa_in_partes_tres	labor_ipse_voluptas	faber_est_suae_quisque_fortunae	NONE	saltus_in_demonstrando	haec_olim_meminisse_iuvabit	O_Tite_tute_Tati_tibi_tanta_tyranne_tulisti
NonDICOMCTimages	CDS-IMAGE-671035	CDS-NonDICOMCTimages-765586	damnant_quod_non_intellegunt	nascentes_morimur_finisque_ab_origine_pendet	scientiae_cedit_mare	e.g., 2:1	saltus_in_demonstrando	Gallia_est_omnis_divisa_in_partes_tres	labor_ipse_voluptas	LONGITUDINAL	saltus_in_demonstrando	scientia,_aere_perennius	damnant_quod_non_intellegunt
NonDICOMCTimages	CDS-IMAGE-580142	CDS-NonDICOMCTimages-406325	O_Tite_tute_Tati_tibi_tanta_tyranne_tulisti	labor_ipse_voluptas	scientiae_cedit_mare	e.g., 2:1	scientia_et_sapientia	Gallia_est_omnis_divisa_in_partes_tres	barba_crescit_caput_nescit	ANGULAR	Macte_animo_Generose_puer_sic_itur_ad_astra	nascentes_morimur_finisque_ab_origine_pendet	labor_ipse_voluptas
NonDICOMCTimages	CDS-IMAGE-232356	CDS-NonDICOMCTimages-864796	Macte_animo_Generose_puer_sic_itur_ad_astra	scientia_et_sapientia	haec_olim_meminisse_iuvabit	e.g., 2:1	saltus_in_demonstrando	scientia,_aere_perennius	scientia_imperii_decus_et_tutamen	NONE	pace_tua	scientia_et_labor	scientia_et_labor
NonDICOMCTimages	CDS-IMAGE-544672	CDS-NonDICOMCTimages-695355	scientiae_cedit_mare	e_causa_ignota	scientia,_aere_perennius	e.g., 2:1	damnant_quod_non_intellegunt	labor_ipse_voluptas	faber_est_suae_quisque_fortunae	LONGITUDINAL	nanos_gigantum_humeris_insidentes	Gallia_est_omnis_divisa_in_partes_tres	scientiae_et_patriae
NonDICOMCTimages	CDS-IMAGE-800786	CDS-NonDICOMCTimages-211777	barba_crescit_caput_nescit	scientia_imperii_decus_et_tutamen	scientia_imperii_decus_et_tutamen	e.g., 2:1	pace_tua	Gallia_est_omnis_divisa_in_partes_tres	labor_ipse_voluptas	LONGITUDINAL	Gallia_est_omnis_divisa_in_partes_tres	cacatum_non_est_pictum	saltus_in_demonstrando
NonDICOMCTimages	CDS-IMAGE-731707	CDS-NonDICOMCTimages-859167	imperium_in_imperio	pace_tua	saltus_in_demonstrando	e.g., 2:1	salus_in_arduis	labor_ipse_voluptas	Obedientia_civium_urbis_felicitas	NONE	imperium_in_imperio	barba_crescit_caput_nescit	scientia,_aere_perennius
NonDICOMCTimages	CDS-IMAGE-481655	CDS-NonDICOMCTimages-547075	id_quod_plerumque_accidit	sapiens_qui_prospicit	Macte_animo_Generose_puer_sic_itur_ad_astra	e.g., 2:1	Obedientia_civium_urbis_felicitas	scientiae_cedit_mare	id_quod_plerumque_accidit	ECG-BASED	scientia_et_sapientia	scientia_et_sapientia	Obedientia_civium_urbis_felicitas
NonDICOMCTimages	CDS-IMAGE-134309	CDS-NonDICOMCTimages-989662	a_bene_placito	damnant_quod_non_intellegunt	Obedientia_civium_urbis_felicitas	e.g., 2:1	faber_est_suae_quisque_fortunae	a_bene_placito	e_causa_ignota	LONGITUDINAL	nascentes_morimur_finisque_ab_origine_pendet	damnant_quod_non_intellegunt	saltus_in_demonstrando
NonDICOMCTimages	CDS-IMAGE-672509	CDS-NonDICOMCTimages-668646	scientiae_cedit_mare	labor_ipse_voluptas	Macte_animo_Generose_puer_sic_itur_ad_astra	e.g., 2:1	nascentes_morimur_finisque_ab_origine_pendet	saltus_in_demonstrando	Obedientia_civium_urbis_felicitas	LONGITUDINAL	barba_crescit_caput_nescit	O_Tite_tute_Tati_tibi_tanta_tyranne_tulisti	cacatum_non_est_pictum
NonDICOMCTimages	CDS-IMAGE-403940	CDS-NonDICOMCTimages-881100	scientiae_cedit_mare	faber_est_suae_quisque_fortunae	scientiae_et_patriae	e.g., 2:1	O_Tite_tute_Tati_tibi_tanta_tyranne_tulisti	scientiae_et_patriae	scientia_et_labor	ANGULAR	faber_est_suae_quisque_fortunae	imperium_in_imperio	O_Tite_tute_Tati_tibi_tanta_tyranne_tulisti
NonDICOMCTimages	CDS-IMAGE-166818	CDS-NonDICOMCTimages-341008	scientiae_cedit_mare	scientiae_et_patriae	saltus_in_demonstrando	e.g., 2:1	a_bene_placito	scientia_imperii_decus_et_tutamen	salus_in_arduis	ANGULAR	Gallia_est_omnis_divisa_in_partes_tres	nanos_gigantum_humeris_insidentes	Obedientia_civium_urbis_felicitas
NonDICOMCTimages	CDS-IMAGE-422364	CDS-NonDICOMCTimages-382003	saltus_in_demonstrando	a_bene_placito	Macte_animo_Generose_puer_sic_itur_ad_astra	e.g., 2:1	faber_est_suae_quisque_fortunae	salus_in_arduis	saltus_in_demonstrando	ANGULAR	nanos_gigantum_humeris_insidentes	scientia_et_sapientia	imperium_in_imperio
NonDICOMCTimages	CDS-IMAGE-810094	CDS-NonDICOMCTimages-832246	scientiae_et_patriae	salus_in_arduis	salus_in_arduis	e.g., 2:1	Macte_animo_Generose_puer_sic_itur_ad_astra	scientiae_et_patriae	Macte_animo_Generose_puer_sic_itur_ad_astra	NONE	faber_est_suae_quisque_fortunae	scientia_et_sapientia	haec_olim_meminisse_iuvabit
NonDICOMCTimages	CDS-IMAGE-583028	CDS-NonDICOMCTimages-684581	pace_tua	scientiae_cedit_mare	barba_crescit_caput_nescit	e.g., 2:1	a_bene_placito	faber_est_suae_quisque_fortunae	scientia_et_labor	LONGITUDINAL	pace_tua	pace_tua	Macte_animo_Generose_puer_sic_itur_ad_astra
NonDICOMCTimages	CDS-IMAGE-564444	CDS-NonDICOMCTimages-619639	nanos_gigantum_humeris_insidentes	Obedientia_civium_urbis_felicitas	nanos_gigantum_humeris_insidentes	e.g., 2:1	scientia_et_sapientia	sapiens_qui_prospicit	scientia_et_sapientia	ANGULAR	Obedientia_civium_urbis_felicitas	scientiae_et_patriae	haec_olim_meminisse_iuvabit
NonDICOMCTimages	CDS-IMAGE-889846	CDS-NonDICOMCTimages-886794	damnant_quod_non_intellegunt	faber_est_suae_quisque_fortunae	Obedientia_civium_urbis_felicitas	e.g., 2:1	nanos_gigantum_humeris_insidentes	id_quod_plerumque_accidit	damnant_quod_non_intellegunt	ECG-BASED	Gallia_est_omnis_divisa_in_partes_tres	Macte_animo_Generose_puer_sic_itur_ad_astra	pace_tua
NonDICOMCTimages	CDS-IMAGE-958997	CDS-NonDICOMCTimages-569619	labor_ipse_voluptas	scientia_et_labor	cacatum_non_est_pictum	e.g., 2:1	cacatum_non_est_pictum	O_Tite_tute_Tati_tibi_tanta_tyranne_tulisti	id_quod_plerumque_accidit	ORGAN-BASED	barba_crescit_caput_nescit	nanos_gigantum_humeris_insidentes	scientia_et_sapientia
NonDICOMCTimages	CDS-IMAGE-527367	CDS-NonDICOMCTimages-151235	labor_ipse_voluptas	scientia_imperii_decus_et_tutamen	scientia_et_labor	e.g., 2:1	sapiens_qui_prospicit	salus_in_arduis	a_bene_placito	LONGITUDINAL	salus_in_arduis	sapiens_qui_prospicit	cacatum_non_est_pictum
NonDICOMCTimages	CDS-IMAGE-217217	CDS-NonDICOMCTimages-978257	scientia,_aere_perennius	imperium_in_imperio	barba_crescit_caput_nescit	e.g., 2:1	id_quod_plerumque_accidit	scientia_et_sapientia	scientia,_aere_perennius	ORGAN-BASED	nanos_gigantum_humeris_insidentes	Gallia_est_omnis_divisa_in_partes_tres	labor_ipse_voluptas
NonDICOMCTimages	CDS-IMAGE-757635	CDS-NonDICOMCTimages-229018	id_quod_plerumque_accidit	damnant_quod_non_intellegunt	scientia,_aere_perennius	e.g., 2:1	scientia,_aere_perennius	scientia_imperii_decus_et_tutamen	O_Tite_tute_Tati_tibi_tanta_tyranne_tulisti	ORGAN-BASED	scientia_imperii_decus_et_tutamen	salus_in_arduis	e_causa_ignota
NonDICOMCTimages	CDS-IMAGE-111204	CDS-NonDICOMCTimages-957126	e_causa_ignota	barba_crescit_caput_nescit	scientia_et_sapientia	e.g., 2:1	labor_ipse_voluptas	pace_tua	a_bene_placito	ECG-BASED	nanos_gigantum_humeris_insidentes	id_quod_plerumque_accidit	id_quod_plerumque_accidit
NonDICOMCTimages	CDS-IMAGE-209381	CDS-NonDICOMCTimages-498448	scientia_imperii_decus_et_tutamen	scientiae_cedit_mare	a_bene_placito	e.g., 2:1	pace_tua	sapiens_qui_prospicit	cacatum_non_est_pictum	ANGULAR	scientia_imperii_decus_et_tutamen	haec_olim_meminisse_iuvabit	salus_in_arduis
NonDICOMCTimages	CDS-IMAGE-407524	CDS-NonDICOMCTimages-455253	damnant_quod_non_intellegunt	salus_in_arduis	nascentes_morimur_finisque_ab_origine_pendet	e.g., 2:1	scientia_imperii_decus_et_tutamen	scientia_et_sapientia	scientia_et_labor	ECG-BASED	labor_ipse_voluptas	nascentes_morimur_finisque_ab_origine_pendet	scientiae_cedit_mare
NonDICOMCTimages	CDS-IMAGE-484900	CDS-NonDICOMCTimages-189947	cacatum_non_est_pictum	scientia_et_labor	saltus_in_demonstrando	e.g., 2:1	scientiae_et_patriae	Macte_animo_Generose_puer_sic_itur_ad_astra	scientia_imperii_decus_et_tutamen	ECG-BASED	scientiae_et_patriae	a_bene_placito	Obedientia_civium_urbis_felicitas
NonDICOMCTimages	CDS-IMAGE-635180	CDS-NonDICOMCTimages-833231	sapiens_qui_prospicit	Gallia_est_omnis_divisa_in_partes_tres	O_Tite_tute_Tati_tibi_tanta_tyranne_tulisti	e.g., 2:1	O_Tite_tute_Tati_tibi_tanta_tyranne_tulisti	scientiae_et_patriae	haec_olim_meminisse_iuvabit	NONE	scientiae_et_patriae	Obedientia_civium_urbis_felicitas	faber_est_suae_quisque_fortunae
NonDICOMCTimages	CDS-IMAGE-936414	CDS-NonDICOMCTimages-187701	Obedientia_civium_urbis_felicitas	imperium_in_imperio	id_quod_plerumque_accidit	e.g., 2:1	scientia_et_sapientia	id_quod_plerumque_accidit	haec_olim_meminisse_iuvabit	NONE	scientia,_aere_perennius	Gallia_est_omnis_divisa_in_partes_tres	salus_in_arduis
NonDICOMCTimages	CDS-IMAGE-176784	CDS-NonDICOMCTimages-620503	e_causa_ignota	scientia,_aere_perennius	scientiae_et_patriae	e.g., 2:1	faber_est_suae_quisque_fortunae	scientia_imperii_decus_et_tutamen	scientia_et_sapientia	ANGULAR	saltus_in_demonstrando	cacatum_non_est_pictum	imperium_in_imperio
NonDICOMCTimages	CDS-IMAGE-877145	CDS-NonDICOMCTimages-393312	nascentes_morimur_finisque_ab_origine_pendet	faber_est_suae_quisque_fortunae	nascentes_morimur_finisque_ab_origine_pendet	e.g., 2:1	scientiae_et_patriae	labor_ipse_voluptas	pace_tua	NONE	scientia_imperii_decus_et_tutamen	scientia_et_sapientia	faber_est_suae_quisque_fortunae
NonDICOMCTimages	CDS-IMAGE-148186	CDS-NonDICOMCTimages-748978	scientiae_cedit_mare	salus_in_arduis	Macte_animo_Generose_puer_sic_itur_ad_astra	e.g., 2:1	labor_ipse_voluptas	cacatum_non_est_pictum	sapiens_qui_prospicit	ECG-BASED	labor_ipse_voluptas	scientiae_cedit_mare	scientiae_et_patriae
NonDICOMCTimages	CDS-IMAGE-787181	CDS-NonDICOMCTimages-677340	faber_est_suae_quisque_fortunae	salus_in_arduis	saltus_in_demonstrando	e.g., 2:1	damnant_quod_non_intellegunt	scientia_et_sapientia	scientiae_et_patriae	NONE	Gallia_est_omnis_divisa_in_partes_tres	Macte_animo_Generose_puer_sic_itur_ad_astra	Gallia_est_omnis_divisa_in_partes_tres
NonDICOMCTimages	CDS-IMAGE-551130	CDS-NonDICOMCTimages-642558	scientiae_cedit_mare	Macte_animo_Generose_puer_sic_itur_ad_astra	faber_est_suae_quisque_fortunae	e.g., 2:1	Obedientia_civium_urbis_felicitas	salus_in_arduis	scientia_imperii_decus_et_tutamen	LONGITUDINAL	barba_crescit_caput_nescit	saltus_in_demonstrando	scientia_et_labor
NonDICOMCTimages	CDS-IMAGE-883403	CDS-NonDICOMCTimages-786238	faber_est_suae_quisque_fortunae	faber_est_suae_quisque_fortunae	damnant_quod_non_intellegunt	e.g., 2:1	damnant_quod_non_intellegunt	id_quod_plerumque_accidit	imperium_in_imperio	ECG-BASED	saltus_in_demonstrando	scientia_et_labor	cacatum_non_est_pictum
NonDICOMCTimages	CDS-IMAGE-177859	CDS-NonDICOMCTimages-542666	O_Tite_tute_Tati_tibi_tanta_tyranne_tulisti	haec_olim_meminisse_iuvabit	scientia_et_labor	e.g., 2:1	scientia_et_sapientia	faber_est_suae_quisque_fortunae	faber_est_suae_quisque_fortunae	ECG-BASED	id_quod_plerumque_accidit	O_Tite_tute_Tati_tibi_tanta_tyranne_tulisti	salus_in_arduis
NonDICOMCTimages	CDS-IMAGE-805569	CDS-NonDICOMCTimages-709254	faber_est_suae_quisque_fortunae	scientia_imperii_decus_et_tutamen	scientia_et_labor	e.g., 2:1	sapiens_qui_prospicit	Macte_animo_Generose_puer_sic_itur_ad_astra	nanos_gigantum_humeris_insidentes	ANGULAR	haec_olim_meminisse_iuvabit	scientia,_aere_perennius	Gallia_est_omnis_divisa_in_partes_tres
NonDICOMCTimages	CDS-IMAGE-139288	CDS-NonDICOMCTimages-179932	saltus_in_demonstrando	cacatum_non_est_pictum	saltus_in_demonstrando	e.g., 2:1	labor_ipse_voluptas	haec_olim_meminisse_iuvabit	faber_est_suae_quisque_fortunae	ANGULAR	scientia_imperii_decus_et_tutamen	barba_crescit_caput_nescit	Gallia_est_omnis_divisa_in_partes_tres
NonDICOMCTimages	CDS-IMAGE-287082	CDS-NonDICOMCTimages-426064	salus_in_arduis	e_causa_ignota	labor_ipse_voluptas	e.g., 2:1	scientia_et_labor	saltus_in_demonstrando	a_bene_placito	LONGITUDINAL	pace_tua	pace_tua	id_quod_plerumque_accidit
NonDICOMCTimages	CDS-IMAGE-656577	CDS-NonDICOMCTimages-478447	saltus_in_demonstrando	e_causa_ignota	cacatum_non_est_pictum	e.g., 2:1	scientiae_et_patriae	haec_olim_meminisse_iuvabit	barba_crescit_caput_nescit	NONE	pace_tua	scientiae_cedit_mare	Obedientia_civium_urbis_felicitas
NonDICOMCTimages	CDS-IMAGE-324082	CDS-NonDICOMCTimages-298002	salus_in_arduis	faber_est_suae_quisque_fortunae	labor_ipse_voluptas	e.g., 2:1	scientiae_cedit_mare	labor_ipse_voluptas	sapiens_qui_prospicit	ECG-BASED	Macte_animo_Generose_puer_sic_itur_ad_astra	a_bene_placito	barba_crescit_caput_nescit
NonDICOMCTimages	CDS-IMAGE-418549	CDS-NonDICOMCTimages-344166	Obedientia_civium_urbis_felicitas	barba_crescit_caput_nescit	nascentes_morimur_finisque_ab_origine_pendet	e.g., 2:1	cacatum_non_est_pictum	e_causa_ignota	scientiae_cedit_mare	NONE	salus_in_arduis	haec_olim_meminisse_iuvabit	damnant_quod_non_intellegunt
NonDICOMCTimages	CDS-IMAGE-634650	CDS-NonDICOMCTimages-270444	pace_tua	a_bene_placito	Obedientia_civium_urbis_felicitas	e.g., 2:1	saltus_in_demonstrando	sapiens_qui_prospicit	salus_in_arduis	ECG-BASED	faber_est_suae_quisque_fortunae	a_bene_placito	id_quod_plerumque_accidit
NonDICOMCTimages	CDS-IMAGE-132962	CDS-NonDICOMCTimages-667946	nascentes_morimur_finisque_ab_origine_pendet	scientia,_aere_perennius	pace_tua	e.g., 2:1	scientia_imperii_decus_et_tutamen	scientiae_et_patriae	nanos_gigantum_humeris_insidentes	NONE	pace_tua	Gallia_est_omnis_divisa_in_partes_tres	labor_ipse_voluptas
NonDICOMCTimages	CDS-IMAGE-910624	CDS-NonDICOMCTimages-527939	pace_tua	labor_ipse_voluptas	haec_olim_meminisse_iuvabit	e.g., 2:1	salus_in_arduis	haec_olim_meminisse_iuvabit	e_causa_ignota	LONGITUDINAL	scientia_et_sapientia	scientia_et_sapientia	damnant_quod_non_intellegunt
NonDICOMCTimages	CDS-IMAGE-569303	CDS-NonDICOMCTimages-706896	id_quod_plerumque_accidit	damnant_quod_non_intellegunt	e_causa_ignota	e.g., 2:1	salus_in_arduis	e_causa_ignota	damnant_quod_non_intellegunt	ECG-BASED	scientia_et_sapientia	scientiae_cedit_mare	scientia_et_labor
NonDICOMCTimages	CDS-IMAGE-986164	CDS-NonDICOMCTimages-511353	id_quod_plerumque_accidit	haec_olim_meminisse_iuvabit	a_bene_placito	e.g., 2:1	Obedientia_civium_urbis_felicitas	scientia,_aere_perennius	Obedientia_civium_urbis_felicitas	LONGITUDINAL	imperium_in_imperio	scientia_imperii_decus_et_tutamen	saltus_in_demonstrando
NonDICOMCTimages	CDS-IMAGE-170433	CDS-NonDICOMCTimages-686399	nascentes_morimur_finisque_ab_origine_pendet	sapiens_qui_prospicit	labor_ipse_voluptas	e.g., 2:1	faber_est_suae_quisque_fortunae	Obedientia_civium_urbis_felicitas	sapiens_qui_prospicit	LONGITUDINAL	salus_in_arduis	scientiae_cedit_mare	pace_tua
NonDICOMCTimages	CDS-IMAGE-264351	CDS-NonDICOMCTimages-528521	barba_crescit_caput_nescit	nascentes_morimur_finisque_ab_origine_pendet	labor_ipse_voluptas	e.g., 2:1	nanos_gigantum_humeris_insidentes	Macte_animo_Generose_puer_sic_itur_ad_astra	haec_olim_meminisse_iuvabit	ANGULAR	Gallia_est_omnis_divisa_in_partes_tres	scientiae_cedit_mare	O_Tite_tute_Tati_tibi_tanta_tyranne_tulisti
NonDICOMCTimages	CDS-IMAGE-574849	CDS-NonDICOMCTimages-727682	barba_crescit_caput_nescit	cacatum_non_est_pictum	faber_est_suae_quisque_fortunae	e.g., 2:1	scientia_et_sapientia	nascentes_morimur_finisque_ab_origine_pendet	id_quod_plerumque_accidit	NONE	scientia_et_labor	cacatum_non_est_pictum	nanos_gigantum_humeris_insidentes
NonDICOMCTimages	CDS-IMAGE-692016	CDS-NonDICOMCTimages-799531	imperium_in_imperio	Obedientia_civium_urbis_felicitas	cacatum_non_est_pictum	e.g., 2:1	O_Tite_tute_Tati_tibi_tanta_tyranne_tulisti	imperium_in_imperio	id_quod_plerumque_accidit	ORGAN-BASED	nanos_gigantum_humeris_insidentes	Obedientia_civium_urbis_felicitas	scientia_et_labor
NonDICOMCTimages	CDS-IMAGE-488170	CDS-NonDICOMCTimages-651489	faber_est_suae_quisque_fortunae	scientiae_cedit_mare	barba_crescit_caput_nescit	e.g., 2:1	imperium_in_imperio	scientiae_et_patriae	scientia_et_sapientia	ANGULAR	damnant_quod_non_intellegunt	labor_ipse_voluptas	id_quod_plerumque_accidit
NonDICOMCTimages	CDS-IMAGE-795490	CDS-NonDICOMCTimages-479919	a_bene_placito	nanos_gigantum_humeris_insidentes	scientiae_cedit_mare	e.g., 2:1	a_bene_placito	scientiae_et_patriae	a_bene_placito	ANGULAR	Gallia_est_omnis_divisa_in_partes_tres	scientia_et_sapientia	saltus_in_demonstrando
NonDICOMCTimages	CDS-IMAGE-837766	CDS-NonDICOMCTimages-388929	barba_crescit_caput_nescit	haec_olim_meminisse_iuvabit	id_quod_plerumque_accidit	e.g., 2:1	sapiens_qui_prospicit	scientia,_aere_perennius	id_quod_plerumque_accidit	ORGAN-BASED	damnant_quod_non_intellegunt	faber_est_suae_quisque_fortunae	a_bene_placito
NonDICOMCTimages	CDS-IMAGE-527834	CDS-NonDICOMCTimages-972396	a_bene_placito	O_Tite_tute_Tati_tibi_tanta_tyranne_tulisti	scientia_et_sapientia	e.g., 2:1	a_bene_placito	haec_olim_meminisse_iuvabit	scientia,_aere_perennius	ORGAN-BASED	nascentes_morimur_finisque_ab_origine_pendet	sapiens_qui_prospicit	labor_ipse_voluptas
NonDICOMCTimages	CDS-IMAGE-485357	CDS-NonDICOMCTimages-141724	scientia_et_sapientia	cacatum_non_est_pictum	cacatum_non_est_pictum	e.g., 2:1	e_causa_ignota	damnant_quod_non_intellegunt	barba_crescit_caput_nescit	LONGITUDINAL	saltus_in_demonstrando	faber_est_suae_quisque_fortunae	haec_olim_meminisse_iuvabit
NonDICOMCTimages	CDS-IMAGE-207834	CDS-NonDICOMCTimages-404488	sapiens_qui_prospicit	scientia_imperii_decus_et_tutamen	labor_ipse_voluptas	e.g., 2:1	cacatum_non_est_pictum	salus_in_arduis	cacatum_non_est_pictum	LONGITUDINAL	scientia_et_labor	O_Tite_tute_Tati_tibi_tanta_tyranne_tulisti	saltus_in_demonstrando
NonDICOMCTimages	CDS-IMAGE-238046	CDS-NonDICOMCTimages-354350	barba_crescit_caput_nescit	saltus_in_demonstrando	saltus_in_demonstrando	e.g., 2:1	scientia_et_sapientia	haec_olim_meminisse_iuvabit	Gallia_est_omnis_divisa_in_partes_tres	NONE	a_bene_placito	scientia,_aere_perennius	haec_olim_meminisse_iuvabit
NonDICOMCTimages	CDS-IMAGE-209935	CDS-NonDICOMCTimages-306109	O_Tite_tute_Tati_tibi_tanta_tyranne_tulisti	scientiae_et_patriae	nascentes_morimur_finisque_ab_origine_pendet	e.g., 2:1	Obedientia_civium_urbis_felicitas	Obedientia_civium_urbis_felicitas	nanos_gigantum_humeris_insidentes	NONE	scientia_et_labor	scientia_imperii_decus_et_tutamen	barba_crescit_caput_nescit
NonDICOMCTimages	CDS-IMAGE-913261	CDS-NonDICOMCTimages-907078	haec_olim_meminisse_iuvabit	imperium_in_imperio	a_bene_placito	e.g., 2:1	scientiae_et_patriae	scientia_et_sapientia	saltus_in_demonstrando	LONGITUDINAL	scientiae_cedit_mare	id_quod_plerumque_accidit	Obedientia_civium_urbis_felicitas
NonDICOMCTimages	CDS-IMAGE-322706	CDS-NonDICOMCTimages-610534	haec_olim_meminisse_iuvabit	pace_tua	salus_in_arduis	e.g., 2:1	e_causa_ignota	scientia_et_sapientia	Obedientia_civium_urbis_felicitas	ECG-BASED	scientia_et_labor	e_causa_ignota	Gallia_est_omnis_divisa_in_partes_tres
NonDICOMCTimages	CDS-IMAGE-913451	CDS-NonDICOMCTimages-618645	scientia_et_sapientia	nanos_gigantum_humeris_insidentes	Obedientia_civium_urbis_felicitas	e.g., 2:1	Gallia_est_omnis_divisa_in_partes_tres	Obedientia_civium_urbis_felicitas	scientiae_et_patriae	ANGULAR	scientia_imperii_decus_et_tutamen	O_Tite_tute_Tati_tibi_tanta_tyranne_tulisti	scientia_et_labor
NonDICOMCTimages	CDS-IMAGE-241598	CDS-NonDICOMCTimages-669264	haec_olim_meminisse_iuvabit	cacatum_non_est_pictum	nanos_gigantum_humeris_insidentes	e.g., 2:1	barba_crescit_caput_nescit	saltus_in_demonstrando	e_causa_ignota	NONE	cacatum_non_est_pictum	barba_crescit_caput_nescit	nascentes_morimur_finisque_ab_origine_pendet
NonDICOMCTimages	CDS-IMAGE-127701	CDS-NonDICOMCTimages-443646	id_quod_plerumque_accidit	Obedientia_civium_urbis_felicitas	scientia_imperii_decus_et_tutamen	e.g., 2:1	a_bene_placito	pace_tua	scientiae_cedit_mare	LONGITUDINAL	scientia_imperii_decus_et_tutamen	a_bene_placito	scientiae_cedit_mare
NonDICOMCTimages	CDS-IMAGE-116342	CDS-NonDICOMCTimages-315634	e_causa_ignota	cacatum_non_est_pictum	saltus_in_demonstrando	e.g., 2:1	pace_tua	barba_crescit_caput_nescit	a_bene_placito	ANGULAR	Macte_animo_Generose_puer_sic_itur_ad_astra	cacatum_non_est_pictum	scientia_et_sapientia
NonDICOMCTimages	CDS-IMAGE-179525	CDS-NonDICOMCTimages-891383	Obedientia_civium_urbis_felicitas	imperium_in_imperio	faber_est_suae_quisque_fortunae	e.g., 2:1	scientia_et_sapientia	Macte_animo_Generose_puer_sic_itur_ad_astra	barba_crescit_caput_nescit	ANGULAR	salus_in_arduis	scientia_et_labor	Macte_animo_Generose_puer_sic_itur_ad_astra
