type	image.study_link_id	NonDICOMPETimages_id	PETImagingAcquisitionProtocolElement_gantryDetectorTilt	Radiopharmaceutical_radionuclideCode	crdc_id
NonDICOMPETimages	GC-IMAGE-849032	GC-NonDICOMPETimages-905506	id_quod_plerumque_accidit	salus_in_arduis	sapiens_qui_prospicit
NonDICOMPETimages	GC-IMAGE-727455	GC-NonDICOMPETimages-623262	scientiae_cedit_mare	Macte_animo_Generose_puer_sic_itur_ad_astra	scientiae_et_patriae
NonDICOMPETimages	GC-IMAGE-482106	GC-NonDICOMPETimages-392190	saltus_in_demonstrando	a_bene_placito	scientiae_cedit_mare
NonDICOMPETimages	GC-IMAGE-276469	GC-NonDICOMPETimages-797752	haec_olim_meminisse_iuvabit	a_bene_placito	scientia_et_labor
NonDICOMPETimages	GC-IMAGE-101747	GC-NonDICOMPETimages-556540	nascentes_morimur_finisque_ab_origine_pendet	imperium_in_imperio	salus_in_arduis
NonDICOMPETimages	GC-IMAGE-428735	GC-NonDICOMPETimages-206937	salus_in_arduis	scientiae_cedit_mare	haec_olim_meminisse_iuvabit
NonDICOMPETimages	GC-IMAGE-630889	GC-NonDICOMPETimages-697206	Obedientia_civium_urbis_felicitas	nascentes_morimur_finisque_ab_origine_pendet	haec_olim_meminisse_iuvabit
NonDICOMPETimages	GC-IMAGE-417924	GC-NonDICOMPETimages-768730	e_causa_ignota	scientiae_cedit_mare	nascentes_morimur_finisque_ab_origine_pendet
NonDICOMPETimages	GC-IMAGE-426884	GC-NonDICOMPETimages-965653	a_bene_placito	Obedientia_civium_urbis_felicitas	faber_est_suae_quisque_fortunae
NonDICOMPETimages	GC-IMAGE-877856	GC-NonDICOMPETimages-138325	barba_crescit_caput_nescit	damnant_quod_non_intellegunt	scientiae_cedit_mare
NonDICOMPETimages	GC-IMAGE-313483	GC-NonDICOMPETimages-755202	imperium_in_imperio	scientiae_et_patriae	pace_tua
NonDICOMPETimages	GC-IMAGE-552157	GC-NonDICOMPETimages-725706	scientia_imperii_decus_et_tutamen	barba_crescit_caput_nescit	scientia_et_sapientia
NonDICOMPETimages	GC-IMAGE-850011	GC-NonDICOMPETimages-916367	id_quod_plerumque_accidit	scientiae_cedit_mare	pace_tua
NonDICOMPETimages	GC-IMAGE-944073	GC-NonDICOMPETimages-240831	e_causa_ignota	faber_est_suae_quisque_fortunae	scientiae_et_patriae
NonDICOMPETimages	GC-IMAGE-199634	GC-NonDICOMPETimages-592196	pace_tua	Gallia_est_omnis_divisa_in_partes_tres	scientia_et_labor
NonDICOMPETimages	GC-IMAGE-718924	GC-NonDICOMPETimages-966352	scientia_imperii_decus_et_tutamen	scientia_et_labor	scientia_et_sapientia
NonDICOMPETimages	GC-IMAGE-156589	GC-NonDICOMPETimages-838898	a_bene_placito	haec_olim_meminisse_iuvabit	damnant_quod_non_intellegunt
NonDICOMPETimages	GC-IMAGE-938507	GC-NonDICOMPETimages-839815	a_bene_placito	faber_est_suae_quisque_fortunae	imperium_in_imperio
NonDICOMPETimages	GC-IMAGE-747176	GC-NonDICOMPETimages-825175	Gallia_est_omnis_divisa_in_partes_tres	labor_ipse_voluptas	id_quod_plerumque_accidit
NonDICOMPETimages	GC-IMAGE-133730	GC-NonDICOMPETimages-144256	O_Tite_tute_Tati_tibi_tanta_tyranne_tulisti	e_causa_ignota	barba_crescit_caput_nescit
NonDICOMPETimages	GC-IMAGE-344028	GC-NonDICOMPETimages-744386	scientiae_et_patriae	sapiens_qui_prospicit	nascentes_morimur_finisque_ab_origine_pendet
NonDICOMPETimages	GC-IMAGE-355068	GC-NonDICOMPETimages-297007	faber_est_suae_quisque_fortunae	salus_in_arduis	imperium_in_imperio
NonDICOMPETimages	GC-IMAGE-235944	GC-NonDICOMPETimages-587443	labor_ipse_voluptas	Gallia_est_omnis_divisa_in_partes_tres	imperium_in_imperio
NonDICOMPETimages	GC-IMAGE-383112	GC-NonDICOMPETimages-699668	id_quod_plerumque_accidit	a_bene_placito	scientia_et_sapientia
NonDICOMPETimages	GC-IMAGE-944583	GC-NonDICOMPETimages-632422	Macte_animo_Generose_puer_sic_itur_ad_astra	scientia_imperii_decus_et_tutamen	O_Tite_tute_Tati_tibi_tanta_tyranne_tulisti
NonDICOMPETimages	GC-IMAGE-102896	GC-NonDICOMPETimages-450129	scientia_et_labor	salus_in_arduis	Gallia_est_omnis_divisa_in_partes_tres
NonDICOMPETimages	GC-IMAGE-732014	GC-NonDICOMPETimages-331991	cacatum_non_est_pictum	scientia,_aere_perennius	sapiens_qui_prospicit
NonDICOMPETimages	GC-IMAGE-138046	GC-NonDICOMPETimages-751870	damnant_quod_non_intellegunt	nanos_gigantum_humeris_insidentes	Obedientia_civium_urbis_felicitas
NonDICOMPETimages	GC-IMAGE-212260	GC-NonDICOMPETimages-863541	Macte_animo_Generose_puer_sic_itur_ad_astra	Macte_animo_Generose_puer_sic_itur_ad_astra	cacatum_non_est_pictum
NonDICOMPETimages	GC-IMAGE-201501	GC-NonDICOMPETimages-116597	scientia_et_sapientia	Obedientia_civium_urbis_felicitas	pace_tua
NonDICOMPETimages	GC-IMAGE-291157	GC-NonDICOMPETimages-936515	id_quod_plerumque_accidit	imperium_in_imperio	Obedientia_civium_urbis_felicitas
NonDICOMPETimages	GC-IMAGE-163251	GC-NonDICOMPETimages-861326	salus_in_arduis	Obedientia_civium_urbis_felicitas	damnant_quod_non_intellegunt
NonDICOMPETimages	GC-IMAGE-426737	GC-NonDICOMPETimages-396980	faber_est_suae_quisque_fortunae	sapiens_qui_prospicit	O_Tite_tute_Tati_tibi_tanta_tyranne_tulisti
NonDICOMPETimages	GC-IMAGE-146012	GC-NonDICOMPETimages-188364	scientiae_cedit_mare	saltus_in_demonstrando	haec_olim_meminisse_iuvabit
NonDICOMPETimages	GC-IMAGE-622419	GC-NonDICOMPETimages-519020	faber_est_suae_quisque_fortunae	scientiae_cedit_mare	Macte_animo_Generose_puer_sic_itur_ad_astra
NonDICOMPETimages	GC-IMAGE-253169	GC-NonDICOMPETimages-323653	damnant_quod_non_intellegunt	nanos_gigantum_humeris_insidentes	saltus_in_demonstrando
NonDICOMPETimages	GC-IMAGE-105342	GC-NonDICOMPETimages-378377	scientia_et_sapientia	salus_in_arduis	salus_in_arduis
NonDICOMPETimages	GC-IMAGE-770122	GC-NonDICOMPETimages-437526	saltus_in_demonstrando	scientia_et_sapientia	O_Tite_tute_Tati_tibi_tanta_tyranne_tulisti
NonDICOMPETimages	GC-IMAGE-467947	GC-NonDICOMPETimages-739954	scientia_imperii_decus_et_tutamen	id_quod_plerumque_accidit	saltus_in_demonstrando
NonDICOMPETimages	GC-IMAGE-643009	GC-NonDICOMPETimages-154255	O_Tite_tute_Tati_tibi_tanta_tyranne_tulisti	faber_est_suae_quisque_fortunae	scientiae_et_patriae
NonDICOMPETimages	GC-IMAGE-914167	GC-NonDICOMPETimages-225864	Macte_animo_Generose_puer_sic_itur_ad_astra	imperium_in_imperio	scientia,_aere_perennius
NonDICOMPETimages	GC-IMAGE-682687	GC-NonDICOMPETimages-931141	e_causa_ignota	scientiae_cedit_mare	nascentes_morimur_finisque_ab_origine_pendet
NonDICOMPETimages	GC-IMAGE-755887	GC-NonDICOMPETimages-220541	scientia_et_sapientia	a_bene_placito	scientia_et_labor
NonDICOMPETimages	GC-IMAGE-237895	GC-NonDICOMPETimages-254244	e_causa_ignota	imperium_in_imperio	barba_crescit_caput_nescit
NonDICOMPETimages	GC-IMAGE-331114	GC-NonDICOMPETimages-414284	scientia_et_sapientia	barba_crescit_caput_nescit	scientia,_aere_perennius
NonDICOMPETimages	GC-IMAGE-900367	GC-NonDICOMPETimages-794988	imperium_in_imperio	labor_ipse_voluptas	cacatum_non_est_pictum
NonDICOMPETimages	GC-IMAGE-541884	GC-NonDICOMPETimages-580910	pace_tua	scientiae_et_patriae	O_Tite_tute_Tati_tibi_tanta_tyranne_tulisti
NonDICOMPETimages	GC-IMAGE-637715	GC-NonDICOMPETimages-930617	e_causa_ignota	nascentes_morimur_finisque_ab_origine_pendet	sapiens_qui_prospicit
NonDICOMPETimages	GC-IMAGE-493993	GC-NonDICOMPETimages-717421	saltus_in_demonstrando	faber_est_suae_quisque_fortunae	scientiae_cedit_mare
NonDICOMPETimages	GC-IMAGE-879088	GC-NonDICOMPETimages-889711	labor_ipse_voluptas	O_Tite_tute_Tati_tibi_tanta_tyranne_tulisti	e_causa_ignota
NonDICOMPETimages	GC-IMAGE-367642	GC-NonDICOMPETimages-304091	Gallia_est_omnis_divisa_in_partes_tres	scientiae_cedit_mare	imperium_in_imperio
NonDICOMPETimages	GC-IMAGE-784422	GC-NonDICOMPETimages-196757	saltus_in_demonstrando	scientia_et_sapientia	O_Tite_tute_Tati_tibi_tanta_tyranne_tulisti
NonDICOMPETimages	GC-IMAGE-920592	GC-NonDICOMPETimages-839418	scientia_et_sapientia	labor_ipse_voluptas	scientiae_et_patriae
NonDICOMPETimages	GC-IMAGE-730124	GC-NonDICOMPETimages-985079	scientia,_aere_perennius	scientiae_et_patriae	scientiae_cedit_mare
NonDICOMPETimages	GC-IMAGE-451229	GC-NonDICOMPETimages-781559	pace_tua	O_Tite_tute_Tati_tibi_tanta_tyranne_tulisti	cacatum_non_est_pictum
NonDICOMPETimages	GC-IMAGE-948139	GC-NonDICOMPETimages-475224	damnant_quod_non_intellegunt	scientia_et_labor	labor_ipse_voluptas
NonDICOMPETimages	GC-IMAGE-555989	GC-NonDICOMPETimages-913361	scientiae_et_patriae	scientia_et_sapientia	labor_ipse_voluptas
NonDICOMPETimages	GC-IMAGE-984702	GC-NonDICOMPETimages-522424	haec_olim_meminisse_iuvabit	Obedientia_civium_urbis_felicitas	imperium_in_imperio
NonDICOMPETimages	GC-IMAGE-489576	GC-NonDICOMPETimages-866325	haec_olim_meminisse_iuvabit	a_bene_placito	faber_est_suae_quisque_fortunae
NonDICOMPETimages	GC-IMAGE-787867	GC-NonDICOMPETimages-977207	sapiens_qui_prospicit	nanos_gigantum_humeris_insidentes	barba_crescit_caput_nescit
NonDICOMPETimages	GC-IMAGE-216661	GC-NonDICOMPETimages-706096	imperium_in_imperio	scientia_imperii_decus_et_tutamen	salus_in_arduis
NonDICOMPETimages	GC-IMAGE-393890	GC-NonDICOMPETimages-965069	faber_est_suae_quisque_fortunae	scientiae_et_patriae	labor_ipse_voluptas
NonDICOMPETimages	GC-IMAGE-155028	GC-NonDICOMPETimages-223618	sapiens_qui_prospicit	nascentes_morimur_finisque_ab_origine_pendet	saltus_in_demonstrando
NonDICOMPETimages	GC-IMAGE-489838	GC-NonDICOMPETimages-983620	salus_in_arduis	salus_in_arduis	O_Tite_tute_Tati_tibi_tanta_tyranne_tulisti
NonDICOMPETimages	GC-IMAGE-662453	GC-NonDICOMPETimages-990487	saltus_in_demonstrando	labor_ipse_voluptas	a_bene_placito
NonDICOMPETimages	GC-IMAGE-738163	GC-NonDICOMPETimages-664369	scientia_et_sapientia	labor_ipse_voluptas	labor_ipse_voluptas
NonDICOMPETimages	GC-IMAGE-278929	GC-NonDICOMPETimages-578143	nanos_gigantum_humeris_insidentes	scientia_imperii_decus_et_tutamen	scientiae_cedit_mare
NonDICOMPETimages	GC-IMAGE-616304	GC-NonDICOMPETimages-465046	Obedientia_civium_urbis_felicitas	haec_olim_meminisse_iuvabit	Gallia_est_omnis_divisa_in_partes_tres
NonDICOMPETimages	GC-IMAGE-659694	GC-NonDICOMPETimages-800115	damnant_quod_non_intellegunt	Obedientia_civium_urbis_felicitas	labor_ipse_voluptas
NonDICOMPETimages	GC-IMAGE-756215	GC-NonDICOMPETimages-459913	a_bene_placito	barba_crescit_caput_nescit	Macte_animo_Generose_puer_sic_itur_ad_astra
NonDICOMPETimages	GC-IMAGE-683187	GC-NonDICOMPETimages-727758	saltus_in_demonstrando	damnant_quod_non_intellegunt	scientia_et_sapientia
NonDICOMPETimages	GC-IMAGE-890086	GC-NonDICOMPETimages-928907	scientia_et_labor	e_causa_ignota	barba_crescit_caput_nescit
NonDICOMPETimages	GC-IMAGE-973982	GC-NonDICOMPETimages-828498	pace_tua	haec_olim_meminisse_iuvabit	Macte_animo_Generose_puer_sic_itur_ad_astra
NonDICOMPETimages	GC-IMAGE-261601	GC-NonDICOMPETimages-196977	id_quod_plerumque_accidit	nanos_gigantum_humeris_insidentes	e_causa_ignota
NonDICOMPETimages	GC-IMAGE-118348	GC-NonDICOMPETimages-254158	O_Tite_tute_Tati_tibi_tanta_tyranne_tulisti	scientiae_cedit_mare	Gallia_est_omnis_divisa_in_partes_tres
NonDICOMPETimages	GC-IMAGE-527665	GC-NonDICOMPETimages-963332	scientia_imperii_decus_et_tutamen	Obedientia_civium_urbis_felicitas	cacatum_non_est_pictum
NonDICOMPETimages	GC-IMAGE-948450	GC-NonDICOMPETimages-145152	damnant_quod_non_intellegunt	scientia,_aere_perennius	scientia_imperii_decus_et_tutamen
NonDICOMPETimages	GC-IMAGE-462482	GC-NonDICOMPETimages-645413	nascentes_morimur_finisque_ab_origine_pendet	scientia_et_sapientia	Obedientia_civium_urbis_felicitas
NonDICOMPETimages	GC-IMAGE-773014	GC-NonDICOMPETimages-454429	scientia,_aere_perennius	Macte_animo_Generose_puer_sic_itur_ad_astra	damnant_quod_non_intellegunt
NonDICOMPETimages	GC-IMAGE-594803	GC-NonDICOMPETimages-873952	nascentes_morimur_finisque_ab_origine_pendet	saltus_in_demonstrando	imperium_in_imperio
NonDICOMPETimages	GC-IMAGE-395158	GC-NonDICOMPETimages-527245	scientia_et_sapientia	O_Tite_tute_Tati_tibi_tanta_tyranne_tulisti	Obedientia_civium_urbis_felicitas
NonDICOMPETimages	GC-IMAGE-243672	GC-NonDICOMPETimages-768430	barba_crescit_caput_nescit	cacatum_non_est_pictum	labor_ipse_voluptas
NonDICOMPETimages	GC-IMAGE-135175	GC-NonDICOMPETimages-612519	imperium_in_imperio	saltus_in_demonstrando	damnant_quod_non_intellegunt
NonDICOMPETimages	GC-IMAGE-976139	GC-NonDICOMPETimages-186769	barba_crescit_caput_nescit	barba_crescit_caput_nescit	faber_est_suae_quisque_fortunae
NonDICOMPETimages	GC-IMAGE-893329	GC-NonDICOMPETimages-357468	scientia,_aere_perennius	nascentes_morimur_finisque_ab_origine_pendet	scientiae_et_patriae
NonDICOMPETimages	GC-IMAGE-203894	GC-NonDICOMPETimages-863610	scientia_imperii_decus_et_tutamen	nascentes_morimur_finisque_ab_origine_pendet	scientia,_aere_perennius
NonDICOMPETimages	GC-IMAGE-332253	GC-NonDICOMPETimages-906919	scientiae_cedit_mare	scientiae_cedit_mare	scientiae_et_patriae
NonDICOMPETimages	GC-IMAGE-644764	GC-NonDICOMPETimages-777405	scientia_et_labor	faber_est_suae_quisque_fortunae	scientiae_et_patriae
NonDICOMPETimages	GC-IMAGE-446807	GC-NonDICOMPETimages-903375	salus_in_arduis	nascentes_morimur_finisque_ab_origine_pendet	nascentes_morimur_finisque_ab_origine_pendet
NonDICOMPETimages	GC-IMAGE-308468	GC-NonDICOMPETimages-376475	id_quod_plerumque_accidit	labor_ipse_voluptas	scientia_imperii_decus_et_tutamen
NonDICOMPETimages	GC-IMAGE-448488	GC-NonDICOMPETimages-356014	labor_ipse_voluptas	nanos_gigantum_humeris_insidentes	barba_crescit_caput_nescit
NonDICOMPETimages	GC-IMAGE-379284	GC-NonDICOMPETimages-687842	scientia_imperii_decus_et_tutamen	O_Tite_tute_Tati_tibi_tanta_tyranne_tulisti	damnant_quod_non_intellegunt
NonDICOMPETimages	GC-IMAGE-737883	GC-NonDICOMPETimages-434530	imperium_in_imperio	imperium_in_imperio	nascentes_morimur_finisque_ab_origine_pendet
NonDICOMPETimages	GC-IMAGE-581479	GC-NonDICOMPETimages-980196	Obedientia_civium_urbis_felicitas	sapiens_qui_prospicit	Macte_animo_Generose_puer_sic_itur_ad_astra
NonDICOMPETimages	GC-IMAGE-943076	GC-NonDICOMPETimages-844404	saltus_in_demonstrando	nanos_gigantum_humeris_insidentes	cacatum_non_est_pictum
NonDICOMPETimages	GC-IMAGE-282794	GC-NonDICOMPETimages-762380	imperium_in_imperio	a_bene_placito	scientiae_cedit_mare
NonDICOMPETimages	GC-IMAGE-230246	GC-NonDICOMPETimages-761039	haec_olim_meminisse_iuvabit	e_causa_ignota	imperium_in_imperio
NonDICOMPETimages	GC-IMAGE-371539	GC-NonDICOMPETimages-347889	nanos_gigantum_humeris_insidentes	O_Tite_tute_Tati_tibi_tanta_tyranne_tulisti	cacatum_non_est_pictum
NonDICOMPETimages	GC-IMAGE-129157	GC-NonDICOMPETimages-335125	sapiens_qui_prospicit	scientiae_et_patriae	saltus_in_demonstrando
NonDICOMPETimages	GC-IMAGE-264224	GC-NonDICOMPETimages-500542	Obedientia_civium_urbis_felicitas	scientiae_cedit_mare	Macte_animo_Generose_puer_sic_itur_ad_astra
NonDICOMPETimages	GC-IMAGE-212748	GC-NonDICOMPETimages-901616	id_quod_plerumque_accidit	scientia_imperii_decus_et_tutamen	e_causa_ignota
NonDICOMPETimages	GC-IMAGE-949856	GC-NonDICOMPETimages-620143	scientiae_cedit_mare	nanos_gigantum_humeris_insidentes	e_causa_ignota
NonDICOMPETimages	GC-IMAGE-822922	GC-NonDICOMPETimages-789166	Obedientia_civium_urbis_felicitas	labor_ipse_voluptas	scientiae_cedit_mare
NonDICOMPETimages	GC-IMAGE-915516	GC-NonDICOMPETimages-491008	scientia_et_labor	e_causa_ignota	Gallia_est_omnis_divisa_in_partes_tres
NonDICOMPETimages	GC-IMAGE-318684	GC-NonDICOMPETimages-428554	saltus_in_demonstrando	scientia_et_labor	labor_ipse_voluptas
NonDICOMPETimages	GC-IMAGE-694561	GC-NonDICOMPETimages-580133	pace_tua	scientia_imperii_decus_et_tutamen	scientia_et_sapientia
NonDICOMPETimages	GC-IMAGE-284177	GC-NonDICOMPETimages-511962	sapiens_qui_prospicit	Obedientia_civium_urbis_felicitas	scientiae_cedit_mare
NonDICOMPETimages	GC-IMAGE-307967	GC-NonDICOMPETimages-141579	scientiae_cedit_mare	scientiae_et_patriae	e_causa_ignota
NonDICOMPETimages	GC-IMAGE-991314	GC-NonDICOMPETimages-143930	damnant_quod_non_intellegunt	imperium_in_imperio	nanos_gigantum_humeris_insidentes
NonDICOMPETimages	GC-IMAGE-113418	GC-NonDICOMPETimages-306616	faber_est_suae_quisque_fortunae	id_quod_plerumque_accidit	scientia_imperii_decus_et_tutamen
NonDICOMPETimages	GC-IMAGE-583716	GC-NonDICOMPETimages-677878	saltus_in_demonstrando	imperium_in_imperio	barba_crescit_caput_nescit
NonDICOMPETimages	GC-IMAGE-851067	GC-NonDICOMPETimages-556493	cacatum_non_est_pictum	nascentes_morimur_finisque_ab_origine_pendet	id_quod_plerumque_accidit
NonDICOMPETimages	GC-IMAGE-354796	GC-NonDICOMPETimages-642031	nanos_gigantum_humeris_insidentes	barba_crescit_caput_nescit	sapiens_qui_prospicit
NonDICOMPETimages	GC-IMAGE-844942	GC-NonDICOMPETimages-318239	a_bene_placito	scientia_et_sapientia	faber_est_suae_quisque_fortunae
NonDICOMPETimages	GC-IMAGE-534135	GC-NonDICOMPETimages-697145	salus_in_arduis	imperium_in_imperio	scientiae_cedit_mare
NonDICOMPETimages	GC-IMAGE-269217	GC-NonDICOMPETimages-190353	scientia_et_sapientia	nanos_gigantum_humeris_insidentes	imperium_in_imperio
NonDICOMPETimages	GC-IMAGE-830752	GC-NonDICOMPETimages-382302	faber_est_suae_quisque_fortunae	Gallia_est_omnis_divisa_in_partes_tres	salus_in_arduis
NonDICOMPETimages	GC-IMAGE-603512	GC-NonDICOMPETimages-237032	Obedientia_civium_urbis_felicitas	nanos_gigantum_humeris_insidentes	scientiae_cedit_mare
NonDICOMPETimages	GC-IMAGE-594062	GC-NonDICOMPETimages-497561	sapiens_qui_prospicit	nanos_gigantum_humeris_insidentes	barba_crescit_caput_nescit
NonDICOMPETimages	GC-IMAGE-373651	GC-NonDICOMPETimages-738554	sapiens_qui_prospicit	pace_tua	nascentes_morimur_finisque_ab_origine_pendet
NonDICOMPETimages	GC-IMAGE-707907	GC-NonDICOMPETimages-701421	e_causa_ignota	barba_crescit_caput_nescit	imperium_in_imperio
NonDICOMPETimages	GC-IMAGE-833738	GC-NonDICOMPETimages-241731	scientia_et_labor	cacatum_non_est_pictum	labor_ipse_voluptas
NonDICOMPETimages	GC-IMAGE-988268	GC-NonDICOMPETimages-591916	Macte_animo_Generose_puer_sic_itur_ad_astra	damnant_quod_non_intellegunt	saltus_in_demonstrando
NonDICOMPETimages	GC-IMAGE-714313	GC-NonDICOMPETimages-289658	e_causa_ignota	O_Tite_tute_Tati_tibi_tanta_tyranne_tulisti	scientia,_aere_perennius
NonDICOMPETimages	GC-IMAGE-992478	GC-NonDICOMPETimages-115989	scientia_et_sapientia	scientia_et_sapientia	scientiae_et_patriae
NonDICOMPETimages	GC-IMAGE-383518	GC-NonDICOMPETimages-351615	cacatum_non_est_pictum	Macte_animo_Generose_puer_sic_itur_ad_astra	saltus_in_demonstrando
NonDICOMPETimages	GC-IMAGE-903513	GC-NonDICOMPETimages-364718	Gallia_est_omnis_divisa_in_partes_tres	nanos_gigantum_humeris_insidentes	nascentes_morimur_finisque_ab_origine_pendet
NonDICOMPETimages	GC-IMAGE-503001	GC-NonDICOMPETimages-436918	imperium_in_imperio	nascentes_morimur_finisque_ab_origine_pendet	scientia_et_sapientia
NonDICOMPETimages	GC-IMAGE-609777	GC-NonDICOMPETimages-172194	nascentes_morimur_finisque_ab_origine_pendet	nascentes_morimur_finisque_ab_origine_pendet	cacatum_non_est_pictum
NonDICOMPETimages	GC-IMAGE-864831	GC-NonDICOMPETimages-583842	saltus_in_demonstrando	sapiens_qui_prospicit	scientiae_cedit_mare
NonDICOMPETimages	GC-IMAGE-154268	GC-NonDICOMPETimages-811560	nanos_gigantum_humeris_insidentes	id_quod_plerumque_accidit	Macte_animo_Generose_puer_sic_itur_ad_astra
NonDICOMPETimages	GC-IMAGE-547713	GC-NonDICOMPETimages-959685	barba_crescit_caput_nescit	a_bene_placito	e_causa_ignota
NonDICOMPETimages	GC-IMAGE-425138	GC-NonDICOMPETimages-457101	damnant_quod_non_intellegunt	scientia_imperii_decus_et_tutamen	nanos_gigantum_humeris_insidentes
NonDICOMPETimages	GC-IMAGE-146098	GC-NonDICOMPETimages-205378	a_bene_placito	labor_ipse_voluptas	scientiae_cedit_mare
NonDICOMPETimages	GC-IMAGE-640207	GC-NonDICOMPETimages-276572	damnant_quod_non_intellegunt	haec_olim_meminisse_iuvabit	scientiae_et_patriae
NonDICOMPETimages	GC-IMAGE-921730	GC-NonDICOMPETimages-766118	scientia_et_sapientia	O_Tite_tute_Tati_tibi_tanta_tyranne_tulisti	scientiae_et_patriae
NonDICOMPETimages	GC-IMAGE-768390	GC-NonDICOMPETimages-132133	scientia_et_labor	id_quod_plerumque_accidit	O_Tite_tute_Tati_tibi_tanta_tyranne_tulisti
NonDICOMPETimages	GC-IMAGE-988467	GC-NonDICOMPETimages-489386	scientiae_cedit_mare	a_bene_placito	barba_crescit_caput_nescit
NonDICOMPETimages	GC-IMAGE-245095	GC-NonDICOMPETimages-253248	a_bene_placito	faber_est_suae_quisque_fortunae	cacatum_non_est_pictum
NonDICOMPETimages	GC-IMAGE-873425	GC-NonDICOMPETimages-463294	Gallia_est_omnis_divisa_in_partes_tres	scientia_et_sapientia	saltus_in_demonstrando
NonDICOMPETimages	GC-IMAGE-975697	GC-NonDICOMPETimages-446328	saltus_in_demonstrando	faber_est_suae_quisque_fortunae	O_Tite_tute_Tati_tibi_tanta_tyranne_tulisti
NonDICOMPETimages	GC-IMAGE-812555	GC-NonDICOMPETimages-332940	salus_in_arduis	O_Tite_tute_Tati_tibi_tanta_tyranne_tulisti	nanos_gigantum_humeris_insidentes
NonDICOMPETimages	GC-IMAGE-951168	GC-NonDICOMPETimages-520189	haec_olim_meminisse_iuvabit	scientiae_cedit_mare	Obedientia_civium_urbis_felicitas
NonDICOMPETimages	GC-IMAGE-695350	GC-NonDICOMPETimages-502841	Macte_animo_Generose_puer_sic_itur_ad_astra	nascentes_morimur_finisque_ab_origine_pendet	cacatum_non_est_pictum
NonDICOMPETimages	GC-IMAGE-713494	GC-NonDICOMPETimages-688272	nanos_gigantum_humeris_insidentes	faber_est_suae_quisque_fortunae	barba_crescit_caput_nescit
NonDICOMPETimages	GC-IMAGE-896848	GC-NonDICOMPETimages-276893	pace_tua	scientiae_et_patriae	labor_ipse_voluptas
NonDICOMPETimages	GC-IMAGE-858474	GC-NonDICOMPETimages-440891	sapiens_qui_prospicit	scientia_et_labor	id_quod_plerumque_accidit
NonDICOMPETimages	GC-IMAGE-960183	GC-NonDICOMPETimages-298171	scientia_et_sapientia	scientia_et_labor	nascentes_morimur_finisque_ab_origine_pendet
NonDICOMPETimages	GC-IMAGE-640796	GC-NonDICOMPETimages-269262	scientiae_et_patriae	nanos_gigantum_humeris_insidentes	a_bene_placito
NonDICOMPETimages	GC-IMAGE-279540	GC-NonDICOMPETimages-935344	scientia_imperii_decus_et_tutamen	Gallia_est_omnis_divisa_in_partes_tres	scientia_et_labor
NonDICOMPETimages	GC-IMAGE-457197	GC-NonDICOMPETimages-691294	labor_ipse_voluptas	haec_olim_meminisse_iuvabit	scientia_et_sapientia
NonDICOMPETimages	GC-IMAGE-663567	GC-NonDICOMPETimages-731053	sapiens_qui_prospicit	barba_crescit_caput_nescit	Gallia_est_omnis_divisa_in_partes_tres
NonDICOMPETimages	GC-IMAGE-639976	GC-NonDICOMPETimages-204445	salus_in_arduis	scientia,_aere_perennius	O_Tite_tute_Tati_tibi_tanta_tyranne_tulisti
NonDICOMPETimages	GC-IMAGE-351285	GC-NonDICOMPETimages-837138	sapiens_qui_prospicit	scientiae_et_patriae	haec_olim_meminisse_iuvabit
NonDICOMPETimages	GC-IMAGE-169521	GC-NonDICOMPETimages-463388	barba_crescit_caput_nescit	damnant_quod_non_intellegunt	scientiae_cedit_mare
NonDICOMPETimages	GC-IMAGE-570324	GC-NonDICOMPETimages-938936	id_quod_plerumque_accidit	Obedientia_civium_urbis_felicitas	haec_olim_meminisse_iuvabit
NonDICOMPETimages	GC-IMAGE-773194	GC-NonDICOMPETimages-421772	damnant_quod_non_intellegunt	Obedientia_civium_urbis_felicitas	saltus_in_demonstrando
NonDICOMPETimages	GC-IMAGE-206846	GC-NonDICOMPETimages-626853	imperium_in_imperio	nanos_gigantum_humeris_insidentes	Macte_animo_Generose_puer_sic_itur_ad_astra
NonDICOMPETimages	GC-IMAGE-517217	GC-NonDICOMPETimages-955167	scientiae_et_patriae	faber_est_suae_quisque_fortunae	cacatum_non_est_pictum
NonDICOMPETimages	GC-IMAGE-849738	GC-NonDICOMPETimages-464432	pace_tua	cacatum_non_est_pictum	scientiae_cedit_mare
NonDICOMPETimages	GC-IMAGE-103699	GC-NonDICOMPETimages-291558	salus_in_arduis	faber_est_suae_quisque_fortunae	saltus_in_demonstrando
NonDICOMPETimages	GC-IMAGE-513528	GC-NonDICOMPETimages-690803	barba_crescit_caput_nescit	a_bene_placito	haec_olim_meminisse_iuvabit
NonDICOMPETimages	GC-IMAGE-607581	GC-NonDICOMPETimages-257865	Obedientia_civium_urbis_felicitas	saltus_in_demonstrando	O_Tite_tute_Tati_tibi_tanta_tyranne_tulisti
NonDICOMPETimages	GC-IMAGE-970322	GC-NonDICOMPETimages-310824	scientiae_cedit_mare	a_bene_placito	saltus_in_demonstrando
NonDICOMPETimages	GC-IMAGE-774464	GC-NonDICOMPETimages-958999	haec_olim_meminisse_iuvabit	scientia_et_sapientia	Macte_animo_Generose_puer_sic_itur_ad_astra
NonDICOMPETimages	GC-IMAGE-365292	GC-NonDICOMPETimages-773675	damnant_quod_non_intellegunt	scientia_et_sapientia	imperium_in_imperio
NonDICOMPETimages	GC-IMAGE-634968	GC-NonDICOMPETimages-956561	scientia_imperii_decus_et_tutamen	scientia_et_sapientia	pace_tua
NonDICOMPETimages	GC-IMAGE-930650	GC-NonDICOMPETimages-274866	scientiae_cedit_mare	scientia_et_labor	Obedientia_civium_urbis_felicitas
NonDICOMPETimages	GC-IMAGE-895238	GC-NonDICOMPETimages-289930	nanos_gigantum_humeris_insidentes	scientiae_cedit_mare	scientia_et_labor
NonDICOMPETimages	GC-IMAGE-883062	GC-NonDICOMPETimages-211401	Obedientia_civium_urbis_felicitas	Obedientia_civium_urbis_felicitas	scientia,_aere_perennius
NonDICOMPETimages	GC-IMAGE-875022	GC-NonDICOMPETimages-147737	saltus_in_demonstrando	Macte_animo_Generose_puer_sic_itur_ad_astra	nanos_gigantum_humeris_insidentes
NonDICOMPETimages	GC-IMAGE-562106	GC-NonDICOMPETimages-674637	scientiae_cedit_mare	Gallia_est_omnis_divisa_in_partes_tres	scientiae_et_patriae
NonDICOMPETimages	GC-IMAGE-472245	GC-NonDICOMPETimages-521970	damnant_quod_non_intellegunt	scientiae_cedit_mare	Gallia_est_omnis_divisa_in_partes_tres
NonDICOMPETimages	GC-IMAGE-706867	GC-NonDICOMPETimages-301523	salus_in_arduis	scientiae_et_patriae	saltus_in_demonstrando
NonDICOMPETimages	GC-IMAGE-968798	GC-NonDICOMPETimages-839485	scientia,_aere_perennius	Gallia_est_omnis_divisa_in_partes_tres	cacatum_non_est_pictum
NonDICOMPETimages	GC-IMAGE-380997	GC-NonDICOMPETimages-463040	nanos_gigantum_humeris_insidentes	scientia_et_sapientia	nanos_gigantum_humeris_insidentes
NonDICOMPETimages	GC-IMAGE-811459	GC-NonDICOMPETimages-408943	nanos_gigantum_humeris_insidentes	nascentes_morimur_finisque_ab_origine_pendet	Obedientia_civium_urbis_felicitas
NonDICOMPETimages	GC-IMAGE-321023	GC-NonDICOMPETimages-791604	scientia_et_labor	cacatum_non_est_pictum	Macte_animo_Generose_puer_sic_itur_ad_astra
NonDICOMPETimages	GC-IMAGE-829972	GC-NonDICOMPETimages-421488	barba_crescit_caput_nescit	haec_olim_meminisse_iuvabit	e_causa_ignota
NonDICOMPETimages	GC-IMAGE-300113	GC-NonDICOMPETimages-851930	O_Tite_tute_Tati_tibi_tanta_tyranne_tulisti	a_bene_placito	O_Tite_tute_Tati_tibi_tanta_tyranne_tulisti
NonDICOMPETimages	GC-IMAGE-877083	GC-NonDICOMPETimages-615646	scientia_et_sapientia	scientia,_aere_perennius	O_Tite_tute_Tati_tibi_tanta_tyranne_tulisti
NonDICOMPETimages	GC-IMAGE-205373	GC-NonDICOMPETimages-221962	scientiae_et_patriae	damnant_quod_non_intellegunt	cacatum_non_est_pictum
NonDICOMPETimages	GC-IMAGE-516231	GC-NonDICOMPETimages-195013	e_causa_ignota	haec_olim_meminisse_iuvabit	e_causa_ignota
NonDICOMPETimages	GC-IMAGE-897692	GC-NonDICOMPETimages-839138	saltus_in_demonstrando	imperium_in_imperio	e_causa_ignota
NonDICOMPETimages	GC-IMAGE-688799	GC-NonDICOMPETimages-533190	cacatum_non_est_pictum	haec_olim_meminisse_iuvabit	Obedientia_civium_urbis_felicitas
NonDICOMPETimages	GC-IMAGE-262420	GC-NonDICOMPETimages-524811	scientia_et_sapientia	nascentes_morimur_finisque_ab_origine_pendet	O_Tite_tute_Tati_tibi_tanta_tyranne_tulisti
NonDICOMPETimages	GC-IMAGE-740095	GC-NonDICOMPETimages-981359	damnant_quod_non_intellegunt	sapiens_qui_prospicit	scientia_imperii_decus_et_tutamen
NonDICOMPETimages	GC-IMAGE-867023	GC-NonDICOMPETimages-785749	scientia_et_labor	O_Tite_tute_Tati_tibi_tanta_tyranne_tulisti	faber_est_suae_quisque_fortunae
NonDICOMPETimages	GC-IMAGE-258047	GC-NonDICOMPETimages-836376	faber_est_suae_quisque_fortunae	nascentes_morimur_finisque_ab_origine_pendet	scientia,_aere_perennius
NonDICOMPETimages	GC-IMAGE-225272	GC-NonDICOMPETimages-900633	scientia,_aere_perennius	barba_crescit_caput_nescit	faber_est_suae_quisque_fortunae
NonDICOMPETimages	GC-IMAGE-283552	GC-NonDICOMPETimages-111275	faber_est_suae_quisque_fortunae	barba_crescit_caput_nescit	scientiae_et_patriae
NonDICOMPETimages	GC-IMAGE-946375	GC-NonDICOMPETimages-343599	sapiens_qui_prospicit	salus_in_arduis	O_Tite_tute_Tati_tibi_tanta_tyranne_tulisti
NonDICOMPETimages	GC-IMAGE-423283	GC-NonDICOMPETimages-193498	pace_tua	haec_olim_meminisse_iuvabit	cacatum_non_est_pictum
NonDICOMPETimages	GC-IMAGE-880532	GC-NonDICOMPETimages-679505	O_Tite_tute_Tati_tibi_tanta_tyranne_tulisti	scientia_et_labor	a_bene_placito
NonDICOMPETimages	GC-IMAGE-908985	GC-NonDICOMPETimages-565966	a_bene_placito	nanos_gigantum_humeris_insidentes	scientiae_cedit_mare
NonDICOMPETimages	GC-IMAGE-166257	GC-NonDICOMPETimages-986110	nanos_gigantum_humeris_insidentes	scientia_et_labor	cacatum_non_est_pictum
NonDICOMPETimages	GC-IMAGE-509954	GC-NonDICOMPETimages-126838	e_causa_ignota	cacatum_non_est_pictum	salus_in_arduis
NonDICOMPETimages	GC-IMAGE-240189	GC-NonDICOMPETimages-212329	scientia_et_labor	nascentes_morimur_finisque_ab_origine_pendet	saltus_in_demonstrando
NonDICOMPETimages	GC-IMAGE-235643	GC-NonDICOMPETimages-485688	scientiae_cedit_mare	faber_est_suae_quisque_fortunae	imperium_in_imperio
NonDICOMPETimages	GC-IMAGE-755729	GC-NonDICOMPETimages-298189	salus_in_arduis	saltus_in_demonstrando	id_quod_plerumque_accidit
