type	image.study_link_id	NonDICOMMRimages_id	MRImageAcquisitionProtocolElement_echoPulseSequenceCategoryCode	MRImageAcquisitionProtocolElement_diffusionBValue	MRImageAcquisitionProtocolElement_diffusionDirectionalityCode	MRImageAcquisitionProtocolElement_magneticFieldStrength	MRImageAcquisitionProtocolElement_resonantNucleusCode	MRImageAcquisitionProtocolElement_acquisitionContrastCode	MRImageAcquisitionProtocolElement_inversionRecoveryIndicator	MRImageAcquisitionProtocolElement_pulseSequenceName	MRImageAcquisitionProtocolElement_multipleSpinEchoIndicator	MRImageAcquisitionProtocolElement_phaseContrastIndicator	MRImageAcquisitionProtocolElement_timeOfFlightContrastIndicator	MRImageAcquisitionProtocolElement_arterialSpinLabelingContrastCode	MRImageAcquisitionProtocolElement_steadyStatePulseSequenceCode	MRImageAcquisitionProtocolElement_echoPlanarPulseSequenceIndicator	MRImageAcquisitionProtocolElement_saturationRecoveryIndicator	MRImageAcquisitionProtocolElement_spectrallySelectedSuppressionCode	MRImageReconstructionProtocolElement_complexImageComponentCode	crdc_id
NonDICOMMRimages	CDS-IMAGE-451544	CDS-NonDICOMMRimages-350478	GRADIENT	Obedientia_civium_urbis_felicitas	BMATRIX	labor_ipse_voluptas	31P	T2_T2 weighted contrast	Yes	Obedientia_civium_urbis_felicitas	No	No	No	nanos_gigantum_humeris_insidentes	TRANSVERSE	Yes	No	SILICON GEL	IMAGINARY	barba_crescit_caput_nescit
NonDICOMMRimages	CDS-IMAGE-808335	CDS-NonDICOMMRimages-533394	SPIN	sapiens_qui_prospicit	DIRECTIONAL	scientia_et_labor	13C	TAGGING_Superposition of thin saturation bands onto image	Yes	pace_tua	No	Yes	Yes	faber_est_suae_quisque_fortunae	TIME REVERSED	No	Yes	SILICON GEL	REAL	id_quod_plerumque_accidit
NonDICOMMRimages	CDS-IMAGE-231997	CDS-NonDICOMMRimages-162099	BOTH	nanos_gigantum_humeris_insidentes	DIRECTIONAL	scientia_et_labor	23NA	TOF_Time Of Flight weighted contrast	Yes	scientia_et_labor	Yes	No	No	Gallia_est_omnis_divisa_in_partes_tres	LONGITUDINAL	No	No	NONE	REAL	pace_tua
NonDICOMMRimages	CDS-IMAGE-602407	CDS-NonDICOMMRimages-443464	SPIN	id_quod_plerumque_accidit	ISOTROPIC	pace_tua	13C	FLUID_ATTENUATED_Fluid Attenuated T2 weighted contrast	Yes	pace_tua	Yes	No	No	Macte_animo_Generose_puer_sic_itur_ad_astra	NONE	Yes	Yes	SILICON GEL	MAGNITUDE	a_bene_placito
NonDICOMMRimages	CDS-IMAGE-188862	CDS-NonDICOMMRimages-735866	BOTH	sapiens_qui_prospicit	NONE	saltus_in_demonstrando	1H	PERFUSION_Perfusion weighted contrast	Yes	imperium_in_imperio	No	No	Yes	id_quod_plerumque_accidit	TRANSVERSE	No	Yes	NONE	IMAGINARY	e_causa_ignota
NonDICOMMRimages	CDS-IMAGE-101542	CDS-NonDICOMMRimages-788161	SPIN	barba_crescit_caput_nescit	BMATRIX	scientia_et_sapientia	31P	T2_T2 weighted contrast	Yes	id_quod_plerumque_accidit	Yes	No	Yes	cacatum_non_est_pictum	FREE PRECESSION	No	Yes	FAT	PHASE	faber_est_suae_quisque_fortunae
NonDICOMMRimages	CDS-IMAGE-197359	CDS-NonDICOMMRimages-868936	SPIN	Macte_animo_Generose_puer_sic_itur_ad_astra	ISOTROPIC	damnant_quod_non_intellegunt	7LI	PROTON_DENSITY_Proton Density weighted contrast	No	pace_tua	No	Yes	No	nanos_gigantum_humeris_insidentes	TIME REVERSED	Yes	No	SILICON GEL	REAL	damnant_quod_non_intellegunt
NonDICOMMRimages	CDS-IMAGE-208970	CDS-NonDICOMMRimages-400356	GRADIENT	pace_tua	ISOTROPIC	faber_est_suae_quisque_fortunae	13C	DIFFUSION	No	sapiens_qui_prospicit	No	Yes	No	nanos_gigantum_humeris_insidentes	TIME REVERSED	Yes	No	SILICON GEL	MAGNITUDE	scientiae_et_patriae
NonDICOMMRimages	CDS-IMAGE-224630	CDS-NonDICOMMRimages-183005	SPIN	pace_tua	NONE	pace_tua	19F	STIR_Short Tau Inversion Recovery	Yes	scientia_imperii_decus_et_tutamen	No	Yes	No	scientiae_cedit_mare	TRANSVERSE	No	No	FAT	IMAGINARY	scientia,_aere_perennius
NonDICOMMRimages	CDS-IMAGE-545212	CDS-NonDICOMMRimages-350699	BOTH	a_bene_placito	BMATRIX	damnant_quod_non_intellegunt	13C	PROTON_DENSITY_Proton Density weighted contrast	Yes	scientiae_cedit_mare	No	No	Yes	labor_ipse_voluptas	TIME REVERSED	No	Yes	WATER	PHASE	id_quod_plerumque_accidit
NonDICOMMRimages	CDS-IMAGE-768683	CDS-NonDICOMMRimages-366767	GRADIENT	e_causa_ignota	DIRECTIONAL	barba_crescit_caput_nescit	13C	T2_STAR_T2* weighted contrast	No	Gallia_est_omnis_divisa_in_partes_tres	No	No	No	Gallia_est_omnis_divisa_in_partes_tres	NONE	Yes	Yes	NONE	MAGNITUDE	nanos_gigantum_humeris_insidentes
NonDICOMMRimages	CDS-IMAGE-180830	CDS-NonDICOMMRimages-906588	BOTH	scientiae_et_patriae	BMATRIX	barba_crescit_caput_nescit	3HE	FLUID_ATTENUATED_Fluid Attenuated T2 weighted contrast	No	scientia,_aere_perennius	Yes	No	Yes	e_causa_ignota	FREE PRECESSION	No	Yes	WATER	MAGNITUDE	barba_crescit_caput_nescit
NonDICOMMRimages	CDS-IMAGE-621216	CDS-NonDICOMMRimages-830058	GRADIENT	sapiens_qui_prospicit	ISOTROPIC	scientia,_aere_perennius	1H	PERFUSION_Perfusion weighted contrast	No	scientia_et_sapientia	No	Yes	No	sapiens_qui_prospicit	LONGITUDINAL	Yes	No	NONE	PHASE	O_Tite_tute_Tati_tibi_tanta_tyranne_tulisti
NonDICOMMRimages	CDS-IMAGE-775811	CDS-NonDICOMMRimages-947813	GRADIENT	sapiens_qui_prospicit	BMATRIX	labor_ipse_voluptas	31P	T2_STAR_T2* weighted contrast	No	scientia_et_sapientia	Yes	No	Yes	scientia,_aere_perennius	FREE PRECESSION	Yes	No	SILICON GEL	MAGNITUDE	Obedientia_civium_urbis_felicitas
NonDICOMMRimages	CDS-IMAGE-769171	CDS-NonDICOMMRimages-334676	GRADIENT	Macte_animo_Generose_puer_sic_itur_ad_astra	DIRECTIONAL	scientia_imperii_decus_et_tutamen	23NA	PROTON_DENSITY_Proton Density weighted contrast	Yes	Macte_animo_Generose_puer_sic_itur_ad_astra	Yes	No	No	Macte_animo_Generose_puer_sic_itur_ad_astra	LONGITUDINAL	Yes	Yes	FAT AND WATER	REAL	scientia_et_sapientia
NonDICOMMRimages	CDS-IMAGE-106062	CDS-NonDICOMMRimages-623518	SPIN	scientiae_et_patriae	BMATRIX	nanos_gigantum_humeris_insidentes	13C	T2_T2 weighted contrast	Yes	scientia,_aere_perennius	Yes	No	Yes	damnant_quod_non_intellegunt	NONE	Yes	Yes	FAT	MAGNITUDE	O_Tite_tute_Tati_tibi_tanta_tyranne_tulisti
NonDICOMMRimages	CDS-IMAGE-690498	CDS-NonDICOMMRimages-989211	SPIN	cacatum_non_est_pictum	ISOTROPIC	nanos_gigantum_humeris_insidentes	19F	T2_T2 weighted contrast	Yes	scientia,_aere_perennius	Yes	No	No	imperium_in_imperio	FREE PRECESSION	Yes	No	WATER	IMAGINARY	pace_tua
NonDICOMMRimages	CDS-IMAGE-609452	CDS-NonDICOMMRimages-479410	BOTH	e_causa_ignota	DIRECTIONAL	faber_est_suae_quisque_fortunae	1H	FLOW_ENCODED_Flow Encoded contrast	No	id_quod_plerumque_accidit	No	Yes	Yes	saltus_in_demonstrando	NONE	No	No	FAT AND WATER	IMAGINARY	scientiae_cedit_mare
NonDICOMMRimages	CDS-IMAGE-646481	CDS-NonDICOMMRimages-771517	BOTH	imperium_in_imperio	ISOTROPIC	imperium_in_imperio	1H	TAGGING_Superposition of thin saturation bands onto image	No	scientiae_et_patriae	No	No	Yes	a_bene_placito	FREE PRECESSION	Yes	Yes	NONE	IMAGINARY	id_quod_plerumque_accidit
NonDICOMMRimages	CDS-IMAGE-434854	CDS-NonDICOMMRimages-637585	GRADIENT	scientiae_et_patriae	ISOTROPIC	scientia,_aere_perennius	23NA	T2_STAR_T2* weighted contrast	No	scientia_et_sapientia	Yes	Yes	No	e_causa_ignota	TRANSVERSE	No	No	FAT AND WATER	IMAGINARY	imperium_in_imperio
NonDICOMMRimages	CDS-IMAGE-390008	CDS-NonDICOMMRimages-117071	BOTH	a_bene_placito	ISOTROPIC	pace_tua	13C	T2_STAR_T2* weighted contrast	No	barba_crescit_caput_nescit	No	No	No	faber_est_suae_quisque_fortunae	TRANSVERSE	Yes	Yes	NONE	REAL	saltus_in_demonstrando
NonDICOMMRimages	CDS-IMAGE-330119	CDS-NonDICOMMRimages-997059	GRADIENT	Obedientia_civium_urbis_felicitas	NONE	Obedientia_civium_urbis_felicitas	31P	PERFUSION_Perfusion weighted contrast	Yes	labor_ipse_voluptas	No	No	No	scientiae_cedit_mare	TRANSVERSE	Yes	Yes	WATER	PHASE	haec_olim_meminisse_iuvabit
NonDICOMMRimages	CDS-IMAGE-593529	CDS-NonDICOMMRimages-340265	SPIN	labor_ipse_voluptas	DIRECTIONAL	imperium_in_imperio	19F	T2_T2 weighted contrast	Yes	faber_est_suae_quisque_fortunae	No	No	Yes	a_bene_placito	TRANSVERSE	Yes	Yes	FAT	MAGNITUDE	haec_olim_meminisse_iuvabit
NonDICOMMRimages	CDS-IMAGE-415640	CDS-NonDICOMMRimages-597746	GRADIENT	nanos_gigantum_humeris_insidentes	ISOTROPIC	Macte_animo_Generose_puer_sic_itur_ad_astra	7LI	PERFUSION_Perfusion weighted contrast	Yes	faber_est_suae_quisque_fortunae	No	No	No	id_quod_plerumque_accidit	LONGITUDINAL	Yes	No	FAT	PHASE	e_causa_ignota
NonDICOMMRimages	CDS-IMAGE-961733	CDS-NonDICOMMRimages-275751	GRADIENT	Obedientia_civium_urbis_felicitas	NONE	nanos_gigantum_humeris_insidentes	31P	FLOW_ENCODED_Flow Encoded contrast	Yes	imperium_in_imperio	No	No	Yes	Gallia_est_omnis_divisa_in_partes_tres	NONE	Yes	Yes	SILICON GEL	REAL	haec_olim_meminisse_iuvabit
NonDICOMMRimages	CDS-IMAGE-489653	CDS-NonDICOMMRimages-736461	BOTH	labor_ipse_voluptas	NONE	a_bene_placito	1H	PROTON_DENSITY_Proton Density weighted contrast	No	pace_tua	Yes	No	Yes	nanos_gigantum_humeris_insidentes	TIME REVERSED	Yes	Yes	FAT AND WATER	MAGNITUDE	Macte_animo_Generose_puer_sic_itur_ad_astra
NonDICOMMRimages	CDS-IMAGE-627015	CDS-NonDICOMMRimages-413610	SPIN	scientiae_cedit_mare	ISOTROPIC	Macte_animo_Generose_puer_sic_itur_ad_astra	129XE	PERFUSION_Perfusion weighted contrast	Yes	scientiae_et_patriae	No	Yes	No	saltus_in_demonstrando	LONGITUDINAL	Yes	Yes	NONE	REAL	pace_tua
NonDICOMMRimages	CDS-IMAGE-406087	CDS-NonDICOMMRimages-315022	BOTH	e_causa_ignota	ISOTROPIC	scientia,_aere_perennius	23NA	PERFUSION_Perfusion weighted contrast	No	a_bene_placito	No	No	No	scientia_et_sapientia	TRANSVERSE	Yes	Yes	FAT AND WATER	PHASE	Obedientia_civium_urbis_felicitas
NonDICOMMRimages	CDS-IMAGE-759445	CDS-NonDICOMMRimages-799219	BOTH	faber_est_suae_quisque_fortunae	DIRECTIONAL	a_bene_placito	129XE	PERFUSION_Perfusion weighted contrast	No	nascentes_morimur_finisque_ab_origine_pendet	No	No	Yes	imperium_in_imperio	NONE	No	No	WATER	IMAGINARY	imperium_in_imperio
NonDICOMMRimages	CDS-IMAGE-107281	CDS-NonDICOMMRimages-796770	GRADIENT	faber_est_suae_quisque_fortunae	BMATRIX	haec_olim_meminisse_iuvabit	23NA	TOF_Time Of Flight weighted contrast	No	scientiae_cedit_mare	No	Yes	No	scientiae_cedit_mare	TIME REVERSED	Yes	No	WATER	PHASE	scientiae_et_patriae
NonDICOMMRimages	CDS-IMAGE-221977	CDS-NonDICOMMRimages-156107	BOTH	a_bene_placito	BMATRIX	imperium_in_imperio	3HE	FLUID_ATTENUATED_Fluid Attenuated T2 weighted contrast	Yes	Gallia_est_omnis_divisa_in_partes_tres	No	No	Yes	haec_olim_meminisse_iuvabit	LONGITUDINAL	Yes	No	SILICON GEL	REAL	faber_est_suae_quisque_fortunae
NonDICOMMRimages	CDS-IMAGE-510885	CDS-NonDICOMMRimages-679568	SPIN	e_causa_ignota	ISOTROPIC	barba_crescit_caput_nescit	3HE	T2_STAR_T2* weighted contrast	No	scientia,_aere_perennius	No	Yes	Yes	a_bene_placito	TIME REVERSED	No	No	FAT	PHASE	e_causa_ignota
NonDICOMMRimages	CDS-IMAGE-553694	CDS-NonDICOMMRimages-313660	SPIN	pace_tua	NONE	labor_ipse_voluptas	7LI	FLUID_ATTENUATED_Fluid Attenuated T2 weighted contrast	No	scientia_imperii_decus_et_tutamen	Yes	No	Yes	barba_crescit_caput_nescit	NONE	Yes	Yes	SILICON GEL	PHASE	id_quod_plerumque_accidit
NonDICOMMRimages	CDS-IMAGE-371560	CDS-NonDICOMMRimages-217408	BOTH	id_quod_plerumque_accidit	NONE	nascentes_morimur_finisque_ab_origine_pendet	7LI	PERFUSION_Perfusion weighted contrast	Yes	damnant_quod_non_intellegunt	Yes	No	Yes	faber_est_suae_quisque_fortunae	LONGITUDINAL	No	Yes	SILICON GEL	PHASE	e_causa_ignota
NonDICOMMRimages	CDS-IMAGE-130130	CDS-NonDICOMMRimages-774973	SPIN	saltus_in_demonstrando	NONE	imperium_in_imperio	13C	PROTON_DENSITY_Proton Density weighted contrast	No	Macte_animo_Generose_puer_sic_itur_ad_astra	Yes	Yes	No	saltus_in_demonstrando	LONGITUDINAL	Yes	No	WATER	REAL	faber_est_suae_quisque_fortunae
NonDICOMMRimages	CDS-IMAGE-472479	CDS-NonDICOMMRimages-148259	GRADIENT	scientiae_cedit_mare	ISOTROPIC	sapiens_qui_prospicit	19F	STIR_Short Tau Inversion Recovery	Yes	scientia,_aere_perennius	Yes	Yes	No	cacatum_non_est_pictum	NONE	Yes	Yes	FAT AND WATER	IMAGINARY	nascentes_morimur_finisque_ab_origine_pendet
NonDICOMMRimages	CDS-IMAGE-515700	CDS-NonDICOMMRimages-101852	BOTH	O_Tite_tute_Tati_tibi_tanta_tyranne_tulisti	ISOTROPIC	scientiae_et_patriae	19F	DIFFUSION	No	scientia_et_labor	No	No	No	cacatum_non_est_pictum	LONGITUDINAL	Yes	No	WATER	MAGNITUDE	scientia,_aere_perennius
NonDICOMMRimages	CDS-IMAGE-911456	CDS-NonDICOMMRimages-628676	GRADIENT	nascentes_morimur_finisque_ab_origine_pendet	BMATRIX	faber_est_suae_quisque_fortunae	19F	FLOW_ENCODED_Flow Encoded contrast	Yes	id_quod_plerumque_accidit	No	Yes	Yes	O_Tite_tute_Tati_tibi_tanta_tyranne_tulisti	LONGITUDINAL	Yes	No	WATER	PHASE	saltus_in_demonstrando
NonDICOMMRimages	CDS-IMAGE-179893	CDS-NonDICOMMRimages-195273	GRADIENT	salus_in_arduis	BMATRIX	id_quod_plerumque_accidit	31P	FLUID_ATTENUATED_Fluid Attenuated T2 weighted contrast	Yes	scientia,_aere_perennius	No	No	No	a_bene_placito	TRANSVERSE	No	No	FAT	PHASE	nanos_gigantum_humeris_insidentes
NonDICOMMRimages	CDS-IMAGE-399133	CDS-NonDICOMMRimages-845635	BOTH	pace_tua	ISOTROPIC	scientia_imperii_decus_et_tutamen	7LI	T1_T1 weighted contrast	Yes	pace_tua	No	No	No	imperium_in_imperio	NONE	No	No	SILICON GEL	IMAGINARY	haec_olim_meminisse_iuvabit
NonDICOMMRimages	CDS-IMAGE-782338	CDS-NonDICOMMRimages-458943	GRADIENT	saltus_in_demonstrando	BMATRIX	nanos_gigantum_humeris_insidentes	31P	FLOW_ENCODED_Flow Encoded contrast	Yes	scientia_imperii_decus_et_tutamen	Yes	No	No	barba_crescit_caput_nescit	NONE	Yes	No	FAT	PHASE	scientia_imperii_decus_et_tutamen
NonDICOMMRimages	CDS-IMAGE-385918	CDS-NonDICOMMRimages-316673	SPIN	scientia_imperii_decus_et_tutamen	NONE	nascentes_morimur_finisque_ab_origine_pendet	7LI	DIFFUSION	No	Gallia_est_omnis_divisa_in_partes_tres	Yes	No	Yes	Gallia_est_omnis_divisa_in_partes_tres	TRANSVERSE	No	No	FAT AND WATER	REAL	scientia_imperii_decus_et_tutamen
NonDICOMMRimages	CDS-IMAGE-664615	CDS-NonDICOMMRimages-820553	BOTH	damnant_quod_non_intellegunt	DIRECTIONAL	scientia_imperii_decus_et_tutamen	3HE	TAGGING_Superposition of thin saturation bands onto image	No	id_quod_plerumque_accidit	Yes	No	No	scientia_et_labor	FREE PRECESSION	Yes	No	FAT AND WATER	MAGNITUDE	cacatum_non_est_pictum
NonDICOMMRimages	CDS-IMAGE-357672	CDS-NonDICOMMRimages-235647	GRADIENT	barba_crescit_caput_nescit	DIRECTIONAL	Obedientia_civium_urbis_felicitas	3HE	FLOW_ENCODED_Flow Encoded contrast	Yes	labor_ipse_voluptas	Yes	No	No	id_quod_plerumque_accidit	TIME REVERSED	No	Yes	FAT	IMAGINARY	scientia_et_sapientia
NonDICOMMRimages	CDS-IMAGE-924507	CDS-NonDICOMMRimages-973456	BOTH	scientia_imperii_decus_et_tutamen	BMATRIX	id_quod_plerumque_accidit	31P	FLUID_ATTENUATED_Fluid Attenuated T2 weighted contrast	No	haec_olim_meminisse_iuvabit	Yes	Yes	No	cacatum_non_est_pictum	TRANSVERSE	Yes	Yes	WATER	IMAGINARY	haec_olim_meminisse_iuvabit
NonDICOMMRimages	CDS-IMAGE-228272	CDS-NonDICOMMRimages-483937	BOTH	damnant_quod_non_intellegunt	BMATRIX	Obedientia_civium_urbis_felicitas	7LI	PROTON_DENSITY_Proton Density weighted contrast	Yes	damnant_quod_non_intellegunt	No	Yes	Yes	scientiae_cedit_mare	TRANSVERSE	Yes	No	NONE	IMAGINARY	scientia_et_sapientia
NonDICOMMRimages	CDS-IMAGE-444108	CDS-NonDICOMMRimages-325869	GRADIENT	nascentes_morimur_finisque_ab_origine_pendet	ISOTROPIC	faber_est_suae_quisque_fortunae	7LI	T1_T1 weighted contrast	Yes	scientia_imperii_decus_et_tutamen	Yes	No	Yes	sapiens_qui_prospicit	FREE PRECESSION	No	Yes	SILICON GEL	PHASE	labor_ipse_voluptas
NonDICOMMRimages	CDS-IMAGE-659737	CDS-NonDICOMMRimages-193504	GRADIENT	pace_tua	DIRECTIONAL	labor_ipse_voluptas	1H	STIR_Short Tau Inversion Recovery	Yes	scientiae_et_patriae	Yes	No	No	a_bene_placito	FREE PRECESSION	Yes	Yes	WATER	IMAGINARY	scientia_et_labor
NonDICOMMRimages	CDS-IMAGE-140484	CDS-NonDICOMMRimages-773679	GRADIENT	O_Tite_tute_Tati_tibi_tanta_tyranne_tulisti	NONE	scientiae_cedit_mare	23NA	DIFFUSION	Yes	barba_crescit_caput_nescit	No	Yes	No	id_quod_plerumque_accidit	FREE PRECESSION	Yes	No	WATER	MAGNITUDE	haec_olim_meminisse_iuvabit
NonDICOMMRimages	CDS-IMAGE-641659	CDS-NonDICOMMRimages-975809	SPIN	damnant_quod_non_intellegunt	ISOTROPIC	damnant_quod_non_intellegunt	23NA	FLOW_ENCODED_Flow Encoded contrast	Yes	scientia_et_sapientia	Yes	Yes	No	id_quod_plerumque_accidit	TRANSVERSE	Yes	Yes	NONE	REAL	damnant_quod_non_intellegunt
NonDICOMMRimages	CDS-IMAGE-660450	CDS-NonDICOMMRimages-503870	SPIN	scientiae_cedit_mare	ISOTROPIC	scientia_et_labor	31P	DIFFUSION	Yes	nanos_gigantum_humeris_insidentes	Yes	Yes	No	scientiae_et_patriae	FREE PRECESSION	Yes	No	FAT	IMAGINARY	scientia_imperii_decus_et_tutamen
NonDICOMMRimages	CDS-IMAGE-239841	CDS-NonDICOMMRimages-351420	GRADIENT	sapiens_qui_prospicit	DIRECTIONAL	nascentes_morimur_finisque_ab_origine_pendet	3HE	DIFFUSION	No	nanos_gigantum_humeris_insidentes	No	No	No	scientia,_aere_perennius	TIME REVERSED	No	Yes	FAT AND WATER	IMAGINARY	damnant_quod_non_intellegunt
NonDICOMMRimages	CDS-IMAGE-645266	CDS-NonDICOMMRimages-311410	BOTH	labor_ipse_voluptas	ISOTROPIC	id_quod_plerumque_accidit	3HE	T1_T1 weighted contrast	No	saltus_in_demonstrando	No	Yes	Yes	haec_olim_meminisse_iuvabit	NONE	No	Yes	WATER	IMAGINARY	damnant_quod_non_intellegunt
NonDICOMMRimages	CDS-IMAGE-698026	CDS-NonDICOMMRimages-314589	GRADIENT	nanos_gigantum_humeris_insidentes	ISOTROPIC	salus_in_arduis	7LI	FLUID_ATTENUATED_Fluid Attenuated T2 weighted contrast	Yes	a_bene_placito	Yes	No	Yes	scientiae_et_patriae	LONGITUDINAL	Yes	Yes	SILICON GEL	MAGNITUDE	barba_crescit_caput_nescit
NonDICOMMRimages	CDS-IMAGE-365574	CDS-NonDICOMMRimages-576562	SPIN	scientia,_aere_perennius	NONE	scientia_et_labor	7LI	T2_STAR_T2* weighted contrast	No	scientia_et_sapientia	No	Yes	Yes	scientia,_aere_perennius	TIME REVERSED	Yes	No	FAT	PHASE	scientia_et_labor
NonDICOMMRimages	CDS-IMAGE-359935	CDS-NonDICOMMRimages-521395	BOTH	scientia,_aere_perennius	NONE	O_Tite_tute_Tati_tibi_tanta_tyranne_tulisti	13C	STIR_Short Tau Inversion Recovery	Yes	damnant_quod_non_intellegunt	No	Yes	Yes	O_Tite_tute_Tati_tibi_tanta_tyranne_tulisti	FREE PRECESSION	Yes	Yes	WATER	IMAGINARY	scientiae_cedit_mare
NonDICOMMRimages	CDS-IMAGE-174765	CDS-NonDICOMMRimages-625105	SPIN	damnant_quod_non_intellegunt	DIRECTIONAL	barba_crescit_caput_nescit	19F	PROTON_DENSITY_Proton Density weighted contrast	No	salus_in_arduis	No	Yes	No	salus_in_arduis	LONGITUDINAL	No	No	FAT AND WATER	IMAGINARY	labor_ipse_voluptas
NonDICOMMRimages	CDS-IMAGE-779986	CDS-NonDICOMMRimages-125607	BOTH	labor_ipse_voluptas	NONE	imperium_in_imperio	129XE	T1_T1 weighted contrast	No	scientia,_aere_perennius	No	No	No	scientia_imperii_decus_et_tutamen	NONE	No	No	FAT AND WATER	MAGNITUDE	a_bene_placito
NonDICOMMRimages	CDS-IMAGE-242849	CDS-NonDICOMMRimages-998651	GRADIENT	a_bene_placito	ISOTROPIC	O_Tite_tute_Tati_tibi_tanta_tyranne_tulisti	19F	PERFUSION_Perfusion weighted contrast	No	cacatum_non_est_pictum	Yes	No	No	saltus_in_demonstrando	TRANSVERSE	No	Yes	NONE	PHASE	id_quod_plerumque_accidit
NonDICOMMRimages	CDS-IMAGE-794735	CDS-NonDICOMMRimages-789193	SPIN	cacatum_non_est_pictum	DIRECTIONAL	Obedientia_civium_urbis_felicitas	129XE	FLOW_ENCODED_Flow Encoded contrast	Yes	damnant_quod_non_intellegunt	Yes	Yes	No	O_Tite_tute_Tati_tibi_tanta_tyranne_tulisti	LONGITUDINAL	Yes	No	FAT	REAL	Macte_animo_Generose_puer_sic_itur_ad_astra
NonDICOMMRimages	CDS-IMAGE-666637	CDS-NonDICOMMRimages-999971	SPIN	scientia_imperii_decus_et_tutamen	BMATRIX	scientiae_cedit_mare	1H	FLOW_ENCODED_Flow Encoded contrast	No	saltus_in_demonstrando	No	Yes	No	scientia_imperii_decus_et_tutamen	NONE	Yes	No	WATER	IMAGINARY	scientia,_aere_perennius
NonDICOMMRimages	CDS-IMAGE-738286	CDS-NonDICOMMRimages-214750	BOTH	Macte_animo_Generose_puer_sic_itur_ad_astra	DIRECTIONAL	scientia,_aere_perennius	1H	FLUID_ATTENUATED_Fluid Attenuated T2 weighted contrast	Yes	cacatum_non_est_pictum	Yes	No	No	nanos_gigantum_humeris_insidentes	NONE	No	Yes	NONE	IMAGINARY	scientia_et_labor
NonDICOMMRimages	CDS-IMAGE-476848	CDS-NonDICOMMRimages-282863	BOTH	labor_ipse_voluptas	BMATRIX	scientia_et_labor	7LI	T2_STAR_T2* weighted contrast	Yes	damnant_quod_non_intellegunt	No	No	Yes	scientia_et_labor	TRANSVERSE	No	Yes	FAT AND WATER	PHASE	scientia,_aere_perennius
NonDICOMMRimages	CDS-IMAGE-827233	CDS-NonDICOMMRimages-387207	SPIN	a_bene_placito	BMATRIX	scientia,_aere_perennius	13C	T1_T1 weighted contrast	Yes	Macte_animo_Generose_puer_sic_itur_ad_astra	No	Yes	Yes	scientiae_et_patriae	NONE	No	Yes	SILICON GEL	IMAGINARY	imperium_in_imperio
NonDICOMMRimages	CDS-IMAGE-726610	CDS-NonDICOMMRimages-503037	GRADIENT	scientia,_aere_perennius	ISOTROPIC	scientia,_aere_perennius	31P	STIR_Short Tau Inversion Recovery	No	imperium_in_imperio	No	Yes	Yes	scientia,_aere_perennius	TIME REVERSED	No	No	WATER	REAL	scientia,_aere_perennius
NonDICOMMRimages	CDS-IMAGE-696443	CDS-NonDICOMMRimages-138866	BOTH	nascentes_morimur_finisque_ab_origine_pendet	BMATRIX	barba_crescit_caput_nescit	23NA	PROTON_DENSITY_Proton Density weighted contrast	No	labor_ipse_voluptas	No	No	No	saltus_in_demonstrando	FREE PRECESSION	Yes	No	WATER	REAL	nascentes_morimur_finisque_ab_origine_pendet
NonDICOMMRimages	CDS-IMAGE-263008	CDS-NonDICOMMRimages-344385	BOTH	scientia_imperii_decus_et_tutamen	BMATRIX	scientia_et_labor	19F	PERFUSION_Perfusion weighted contrast	No	saltus_in_demonstrando	Yes	No	No	scientiae_cedit_mare	LONGITUDINAL	No	Yes	SILICON GEL	PHASE	e_causa_ignota
NonDICOMMRimages	CDS-IMAGE-435780	CDS-NonDICOMMRimages-162384	GRADIENT	a_bene_placito	ISOTROPIC	scientia_et_sapientia	31P	TAGGING_Superposition of thin saturation bands onto image	Yes	nanos_gigantum_humeris_insidentes	No	No	Yes	Macte_animo_Generose_puer_sic_itur_ad_astra	FREE PRECESSION	Yes	Yes	NONE	PHASE	O_Tite_tute_Tati_tibi_tanta_tyranne_tulisti
NonDICOMMRimages	CDS-IMAGE-921704	CDS-NonDICOMMRimages-343759	SPIN	imperium_in_imperio	DIRECTIONAL	imperium_in_imperio	19F	PROTON_DENSITY_Proton Density weighted contrast	No	damnant_quod_non_intellegunt	No	No	No	scientia_imperii_decus_et_tutamen	TRANSVERSE	Yes	No	FAT	MAGNITUDE	cacatum_non_est_pictum
NonDICOMMRimages	CDS-IMAGE-597871	CDS-NonDICOMMRimages-177329	SPIN	id_quod_plerumque_accidit	NONE	damnant_quod_non_intellegunt	129XE	T2_STAR_T2* weighted contrast	No	haec_olim_meminisse_iuvabit	Yes	No	No	Gallia_est_omnis_divisa_in_partes_tres	NONE	No	Yes	FAT AND WATER	REAL	scientiae_cedit_mare
NonDICOMMRimages	CDS-IMAGE-604984	CDS-NonDICOMMRimages-857965	GRADIENT	scientia_et_labor	BMATRIX	e_causa_ignota	31P	TOF_Time Of Flight weighted contrast	Yes	barba_crescit_caput_nescit	No	Yes	Yes	pace_tua	LONGITUDINAL	Yes	No	SILICON GEL	MAGNITUDE	Obedientia_civium_urbis_felicitas
NonDICOMMRimages	CDS-IMAGE-973579	CDS-NonDICOMMRimages-458856	BOTH	haec_olim_meminisse_iuvabit	ISOTROPIC	scientia_et_labor	13C	PROTON_DENSITY_Proton Density weighted contrast	No	sapiens_qui_prospicit	Yes	Yes	Yes	id_quod_plerumque_accidit	NONE	No	Yes	FAT AND WATER	PHASE	scientia_et_labor
NonDICOMMRimages	CDS-IMAGE-354844	CDS-NonDICOMMRimages-293609	BOTH	haec_olim_meminisse_iuvabit	BMATRIX	nascentes_morimur_finisque_ab_origine_pendet	3HE	STIR_Short Tau Inversion Recovery	Yes	damnant_quod_non_intellegunt	Yes	No	Yes	scientia_imperii_decus_et_tutamen	FREE PRECESSION	Yes	No	NONE	REAL	scientia_et_sapientia
NonDICOMMRimages	CDS-IMAGE-705989	CDS-NonDICOMMRimages-966359	BOTH	a_bene_placito	NONE	scientia_et_labor	3HE	STIR_Short Tau Inversion Recovery	Yes	nanos_gigantum_humeris_insidentes	Yes	No	Yes	O_Tite_tute_Tati_tibi_tanta_tyranne_tulisti	FREE PRECESSION	No	No	FAT	MAGNITUDE	Macte_animo_Generose_puer_sic_itur_ad_astra
NonDICOMMRimages	CDS-IMAGE-735756	CDS-NonDICOMMRimages-684164	GRADIENT	nascentes_morimur_finisque_ab_origine_pendet	NONE	faber_est_suae_quisque_fortunae	1H	FLUID_ATTENUATED_Fluid Attenuated T2 weighted contrast	No	id_quod_plerumque_accidit	No	Yes	No	salus_in_arduis	TRANSVERSE	No	Yes	WATER	REAL	scientia_et_sapientia
NonDICOMMRimages	CDS-IMAGE-594697	CDS-NonDICOMMRimages-623311	BOTH	Macte_animo_Generose_puer_sic_itur_ad_astra	NONE	cacatum_non_est_pictum	3HE	FLOW_ENCODED_Flow Encoded contrast	No	nascentes_morimur_finisque_ab_origine_pendet	Yes	No	Yes	scientia_et_sapientia	TRANSVERSE	Yes	No	SILICON GEL	PHASE	scientiae_cedit_mare
NonDICOMMRimages	CDS-IMAGE-285777	CDS-NonDICOMMRimages-832817	BOTH	Obedientia_civium_urbis_felicitas	NONE	scientia_et_sapientia	31P	DIFFUSION	No	O_Tite_tute_Tati_tibi_tanta_tyranne_tulisti	Yes	No	No	saltus_in_demonstrando	TIME REVERSED	No	Yes	FAT AND WATER	PHASE	imperium_in_imperio
NonDICOMMRimages	CDS-IMAGE-360406	CDS-NonDICOMMRimages-603574	SPIN	barba_crescit_caput_nescit	ISOTROPIC	a_bene_placito	129XE	STIR_Short Tau Inversion Recovery	Yes	scientia_imperii_decus_et_tutamen	No	No	No	imperium_in_imperio	TRANSVERSE	Yes	No	WATER	PHASE	nanos_gigantum_humeris_insidentes
NonDICOMMRimages	CDS-IMAGE-933876	CDS-NonDICOMMRimages-868018	GRADIENT	O_Tite_tute_Tati_tibi_tanta_tyranne_tulisti	BMATRIX	sapiens_qui_prospicit	3HE	STIR_Short Tau Inversion Recovery	No	nascentes_morimur_finisque_ab_origine_pendet	Yes	Yes	No	sapiens_qui_prospicit	TRANSVERSE	No	Yes	SILICON GEL	MAGNITUDE	labor_ipse_voluptas
NonDICOMMRimages	CDS-IMAGE-335125	CDS-NonDICOMMRimages-171722	GRADIENT	nascentes_morimur_finisque_ab_origine_pendet	NONE	Gallia_est_omnis_divisa_in_partes_tres	3HE	TOF_Time Of Flight weighted contrast	Yes	saltus_in_demonstrando	Yes	Yes	No	a_bene_placito	TRANSVERSE	No	No	FAT	REAL	Gallia_est_omnis_divisa_in_partes_tres
NonDICOMMRimages	CDS-IMAGE-611108	CDS-NonDICOMMRimages-372506	BOTH	Obedientia_civium_urbis_felicitas	BMATRIX	scientiae_cedit_mare	13C	TAGGING_Superposition of thin saturation bands onto image	No	scientia_imperii_decus_et_tutamen	No	No	Yes	scientia,_aere_perennius	LONGITUDINAL	No	No	FAT	MAGNITUDE	scientia_et_labor
NonDICOMMRimages	CDS-IMAGE-338442	CDS-NonDICOMMRimages-165431	BOTH	scientia_imperii_decus_et_tutamen	BMATRIX	salus_in_arduis	3HE	FLOW_ENCODED_Flow Encoded contrast	Yes	Obedientia_civium_urbis_felicitas	No	Yes	Yes	scientiae_et_patriae	FREE PRECESSION	Yes	No	NONE	IMAGINARY	scientia_imperii_decus_et_tutamen
NonDICOMMRimages	CDS-IMAGE-957973	CDS-NonDICOMMRimages-474284	SPIN	pace_tua	BMATRIX	damnant_quod_non_intellegunt	23NA	FLOW_ENCODED_Flow Encoded contrast	No	scientiae_cedit_mare	No	No	No	scientia_imperii_decus_et_tutamen	NONE	No	No	FAT AND WATER	IMAGINARY	imperium_in_imperio
NonDICOMMRimages	CDS-IMAGE-335554	CDS-NonDICOMMRimages-134679	BOTH	pace_tua	ISOTROPIC	nanos_gigantum_humeris_insidentes	13C	FLUID_ATTENUATED_Fluid Attenuated T2 weighted contrast	Yes	faber_est_suae_quisque_fortunae	Yes	Yes	Yes	scientiae_cedit_mare	LONGITUDINAL	Yes	No	FAT AND WATER	REAL	damnant_quod_non_intellegunt
NonDICOMMRimages	CDS-IMAGE-295222	CDS-NonDICOMMRimages-153108	SPIN	Obedientia_civium_urbis_felicitas	NONE	scientia_imperii_decus_et_tutamen	1H	FLUID_ATTENUATED_Fluid Attenuated T2 weighted contrast	Yes	scientia_et_sapientia	Yes	Yes	No	O_Tite_tute_Tati_tibi_tanta_tyranne_tulisti	FREE PRECESSION	Yes	No	FAT AND WATER	IMAGINARY	cacatum_non_est_pictum
NonDICOMMRimages	CDS-IMAGE-997271	CDS-NonDICOMMRimages-277400	BOTH	nanos_gigantum_humeris_insidentes	DIRECTIONAL	Macte_animo_Generose_puer_sic_itur_ad_astra	3HE	PROTON_DENSITY_Proton Density weighted contrast	Yes	Macte_animo_Generose_puer_sic_itur_ad_astra	Yes	No	No	scientia_et_labor	NONE	No	No	FAT AND WATER	PHASE	scientiae_cedit_mare
NonDICOMMRimages	CDS-IMAGE-223964	CDS-NonDICOMMRimages-575392	BOTH	damnant_quod_non_intellegunt	NONE	id_quod_plerumque_accidit	129XE	T2_STAR_T2* weighted contrast	Yes	scientiae_cedit_mare	Yes	No	No	imperium_in_imperio	TRANSVERSE	Yes	No	SILICON GEL	REAL	barba_crescit_caput_nescit
NonDICOMMRimages	CDS-IMAGE-992175	CDS-NonDICOMMRimages-695357	BOTH	Macte_animo_Generose_puer_sic_itur_ad_astra	DIRECTIONAL	scientiae_et_patriae	31P	FLOW_ENCODED_Flow Encoded contrast	No	nanos_gigantum_humeris_insidentes	Yes	Yes	Yes	scientia,_aere_perennius	NONE	Yes	No	FAT	REAL	Macte_animo_Generose_puer_sic_itur_ad_astra
NonDICOMMRimages	CDS-IMAGE-138520	CDS-NonDICOMMRimages-811576	BOTH	damnant_quod_non_intellegunt	NONE	scientia_et_labor	13C	FLOW_ENCODED_Flow Encoded contrast	No	e_causa_ignota	No	Yes	Yes	salus_in_arduis	TIME REVERSED	Yes	No	FAT	IMAGINARY	nascentes_morimur_finisque_ab_origine_pendet
NonDICOMMRimages	CDS-IMAGE-678948	CDS-NonDICOMMRimages-948145	GRADIENT	faber_est_suae_quisque_fortunae	ISOTROPIC	scientia_et_labor	1H	FLOW_ENCODED_Flow Encoded contrast	No	saltus_in_demonstrando	No	No	No	Obedientia_civium_urbis_felicitas	LONGITUDINAL	No	No	FAT AND WATER	IMAGINARY	scientiae_et_patriae
NonDICOMMRimages	CDS-IMAGE-794791	CDS-NonDICOMMRimages-164022	BOTH	salus_in_arduis	ISOTROPIC	barba_crescit_caput_nescit	129XE	FLOW_ENCODED_Flow Encoded contrast	Yes	scientiae_cedit_mare	Yes	No	No	id_quod_plerumque_accidit	LONGITUDINAL	No	Yes	SILICON GEL	PHASE	cacatum_non_est_pictum
NonDICOMMRimages	CDS-IMAGE-995392	CDS-NonDICOMMRimages-866333	GRADIENT	scientiae_cedit_mare	ISOTROPIC	a_bene_placito	3HE	T1_T1 weighted contrast	Yes	saltus_in_demonstrando	No	Yes	Yes	scientia_et_sapientia	TRANSVERSE	No	Yes	NONE	MAGNITUDE	faber_est_suae_quisque_fortunae
NonDICOMMRimages	CDS-IMAGE-901042	CDS-NonDICOMMRimages-114283	SPIN	nanos_gigantum_humeris_insidentes	NONE	scientiae_cedit_mare	13C	DIFFUSION	No	sapiens_qui_prospicit	No	No	No	scientiae_cedit_mare	FREE PRECESSION	Yes	Yes	FAT AND WATER	PHASE	salus_in_arduis
NonDICOMMRimages	CDS-IMAGE-564242	CDS-NonDICOMMRimages-146284	GRADIENT	sapiens_qui_prospicit	NONE	scientia_et_sapientia	23NA	TAGGING_Superposition of thin saturation bands onto image	Yes	scientia_et_sapientia	No	No	Yes	nanos_gigantum_humeris_insidentes	FREE PRECESSION	Yes	Yes	FAT AND WATER	IMAGINARY	labor_ipse_voluptas
NonDICOMMRimages	CDS-IMAGE-506809	CDS-NonDICOMMRimages-573294	GRADIENT	scientiae_et_patriae	BMATRIX	Macte_animo_Generose_puer_sic_itur_ad_astra	7LI	FLOW_ENCODED_Flow Encoded contrast	No	nanos_gigantum_humeris_insidentes	Yes	No	No	a_bene_placito	FREE PRECESSION	No	Yes	FAT AND WATER	REAL	Macte_animo_Generose_puer_sic_itur_ad_astra
NonDICOMMRimages	CDS-IMAGE-798558	CDS-NonDICOMMRimages-603243	BOTH	damnant_quod_non_intellegunt	DIRECTIONAL	salus_in_arduis	3HE	T1_T1 weighted contrast	Yes	damnant_quod_non_intellegunt	No	No	Yes	id_quod_plerumque_accidit	TRANSVERSE	Yes	No	SILICON GEL	MAGNITUDE	scientia_imperii_decus_et_tutamen
NonDICOMMRimages	CDS-IMAGE-677615	CDS-NonDICOMMRimages-664454	SPIN	labor_ipse_voluptas	BMATRIX	barba_crescit_caput_nescit	7LI	STIR_Short Tau Inversion Recovery	Yes	pace_tua	Yes	No	No	saltus_in_demonstrando	TIME REVERSED	Yes	Yes	FAT AND WATER	REAL	scientia_et_labor
NonDICOMMRimages	CDS-IMAGE-234902	CDS-NonDICOMMRimages-397552	BOTH	sapiens_qui_prospicit	DIRECTIONAL	Gallia_est_omnis_divisa_in_partes_tres	129XE	PERFUSION_Perfusion weighted contrast	Yes	Obedientia_civium_urbis_felicitas	Yes	No	Yes	salus_in_arduis	NONE	No	No	SILICON GEL	IMAGINARY	scientiae_cedit_mare
NonDICOMMRimages	CDS-IMAGE-114012	CDS-NonDICOMMRimages-882022	BOTH	cacatum_non_est_pictum	ISOTROPIC	nanos_gigantum_humeris_insidentes	129XE	STIR_Short Tau Inversion Recovery	Yes	salus_in_arduis	Yes	Yes	No	faber_est_suae_quisque_fortunae	LONGITUDINAL	Yes	Yes	NONE	IMAGINARY	pace_tua
NonDICOMMRimages	CDS-IMAGE-854741	CDS-NonDICOMMRimages-571870	BOTH	damnant_quod_non_intellegunt	ISOTROPIC	scientia_et_labor	31P	T1_T1 weighted contrast	Yes	barba_crescit_caput_nescit	Yes	No	Yes	saltus_in_demonstrando	NONE	Yes	Yes	SILICON GEL	PHASE	salus_in_arduis
NonDICOMMRimages	CDS-IMAGE-830039	CDS-NonDICOMMRimages-296548	GRADIENT	faber_est_suae_quisque_fortunae	ISOTROPIC	barba_crescit_caput_nescit	1H	T2_T2 weighted contrast	No	nanos_gigantum_humeris_insidentes	Yes	Yes	No	cacatum_non_est_pictum	TRANSVERSE	No	No	FAT AND WATER	REAL	damnant_quod_non_intellegunt
NonDICOMMRimages	CDS-IMAGE-624733	CDS-NonDICOMMRimages-533381	SPIN	haec_olim_meminisse_iuvabit	BMATRIX	cacatum_non_est_pictum	3HE	T1_T1 weighted contrast	No	sapiens_qui_prospicit	No	Yes	Yes	id_quod_plerumque_accidit	TRANSVERSE	Yes	Yes	WATER	MAGNITUDE	barba_crescit_caput_nescit
NonDICOMMRimages	CDS-IMAGE-807529	CDS-NonDICOMMRimages-370712	GRADIENT	saltus_in_demonstrando	DIRECTIONAL	scientia_et_sapientia	3HE	T1_T1 weighted contrast	No	scientiae_cedit_mare	Yes	Yes	No	cacatum_non_est_pictum	NONE	No	Yes	FAT AND WATER	REAL	scientia_et_sapientia
NonDICOMMRimages	CDS-IMAGE-455416	CDS-NonDICOMMRimages-606862	GRADIENT	scientia,_aere_perennius	ISOTROPIC	haec_olim_meminisse_iuvabit	23NA	T2_STAR_T2* weighted contrast	No	scientia,_aere_perennius	No	No	No	nanos_gigantum_humeris_insidentes	LONGITUDINAL	No	No	SILICON GEL	MAGNITUDE	faber_est_suae_quisque_fortunae
NonDICOMMRimages	CDS-IMAGE-740845	CDS-NonDICOMMRimages-506135	SPIN	labor_ipse_voluptas	DIRECTIONAL	barba_crescit_caput_nescit	7LI	STIR_Short Tau Inversion Recovery	No	faber_est_suae_quisque_fortunae	No	No	No	Macte_animo_Generose_puer_sic_itur_ad_astra	TRANSVERSE	Yes	Yes	NONE	REAL	salus_in_arduis
NonDICOMMRimages	CDS-IMAGE-679391	CDS-NonDICOMMRimages-496147	GRADIENT	scientia_et_sapientia	NONE	pace_tua	129XE	TAGGING_Superposition of thin saturation bands onto image	No	a_bene_placito	Yes	No	Yes	scientia_et_labor	NONE	Yes	Yes	SILICON GEL	REAL	scientia,_aere_perennius
NonDICOMMRimages	CDS-IMAGE-506949	CDS-NonDICOMMRimages-294378	SPIN	barba_crescit_caput_nescit	DIRECTIONAL	Obedientia_civium_urbis_felicitas	31P	PROTON_DENSITY_Proton Density weighted contrast	No	labor_ipse_voluptas	No	Yes	Yes	labor_ipse_voluptas	FREE PRECESSION	No	Yes	FAT	IMAGINARY	scientia_et_labor
NonDICOMMRimages	CDS-IMAGE-214821	CDS-NonDICOMMRimages-916202	GRADIENT	haec_olim_meminisse_iuvabit	NONE	nascentes_morimur_finisque_ab_origine_pendet	7LI	PERFUSION_Perfusion weighted contrast	No	haec_olim_meminisse_iuvabit	Yes	No	No	sapiens_qui_prospicit	NONE	No	Yes	NONE	IMAGINARY	Obedientia_civium_urbis_felicitas
NonDICOMMRimages	CDS-IMAGE-998707	CDS-NonDICOMMRimages-153299	SPIN	Obedientia_civium_urbis_felicitas	NONE	nascentes_morimur_finisque_ab_origine_pendet	129XE	T1_T1 weighted contrast	Yes	cacatum_non_est_pictum	Yes	No	No	nanos_gigantum_humeris_insidentes	TRANSVERSE	No	Yes	NONE	IMAGINARY	cacatum_non_est_pictum
NonDICOMMRimages	CDS-IMAGE-131443	CDS-NonDICOMMRimages-409912	SPIN	id_quod_plerumque_accidit	ISOTROPIC	scientia_et_sapientia	3HE	PERFUSION_Perfusion weighted contrast	No	scientia_et_sapientia	No	Yes	Yes	pace_tua	NONE	Yes	Yes	FAT	PHASE	barba_crescit_caput_nescit
NonDICOMMRimages	CDS-IMAGE-273046	CDS-NonDICOMMRimages-564332	BOTH	scientiae_cedit_mare	BMATRIX	pace_tua	7LI	TOF_Time Of Flight weighted contrast	Yes	damnant_quod_non_intellegunt	Yes	Yes	Yes	Obedientia_civium_urbis_felicitas	TIME REVERSED	Yes	Yes	WATER	IMAGINARY	id_quod_plerumque_accidit
NonDICOMMRimages	CDS-IMAGE-744755	CDS-NonDICOMMRimages-505402	SPIN	damnant_quod_non_intellegunt	ISOTROPIC	salus_in_arduis	129XE	T1_T1 weighted contrast	No	faber_est_suae_quisque_fortunae	Yes	No	Yes	a_bene_placito	LONGITUDINAL	Yes	No	FAT AND WATER	MAGNITUDE	salus_in_arduis
NonDICOMMRimages	CDS-IMAGE-653580	CDS-NonDICOMMRimages-975677	GRADIENT	Obedientia_civium_urbis_felicitas	NONE	scientiae_et_patriae	1H	TOF_Time Of Flight weighted contrast	Yes	sapiens_qui_prospicit	Yes	Yes	No	O_Tite_tute_Tati_tibi_tanta_tyranne_tulisti	NONE	No	Yes	SILICON GEL	PHASE	scientiae_cedit_mare
NonDICOMMRimages	CDS-IMAGE-842807	CDS-NonDICOMMRimages-923692	GRADIENT	scientia_et_sapientia	DIRECTIONAL	Gallia_est_omnis_divisa_in_partes_tres	1H	DIFFUSION	Yes	Gallia_est_omnis_divisa_in_partes_tres	No	Yes	No	faber_est_suae_quisque_fortunae	LONGITUDINAL	Yes	No	FAT AND WATER	MAGNITUDE	salus_in_arduis
NonDICOMMRimages	CDS-IMAGE-642228	CDS-NonDICOMMRimages-806872	BOTH	scientiae_cedit_mare	ISOTROPIC	scientia,_aere_perennius	13C	PERFUSION_Perfusion weighted contrast	Yes	scientiae_cedit_mare	Yes	No	Yes	Gallia_est_omnis_divisa_in_partes_tres	NONE	Yes	Yes	WATER	MAGNITUDE	saltus_in_demonstrando
NonDICOMMRimages	CDS-IMAGE-169188	CDS-NonDICOMMRimages-512043	GRADIENT	e_causa_ignota	DIRECTIONAL	id_quod_plerumque_accidit	3HE	PROTON_DENSITY_Proton Density weighted contrast	No	Macte_animo_Generose_puer_sic_itur_ad_astra	Yes	No	No	damnant_quod_non_intellegunt	TIME REVERSED	No	No	SILICON GEL	MAGNITUDE	faber_est_suae_quisque_fortunae
NonDICOMMRimages	CDS-IMAGE-280105	CDS-NonDICOMMRimages-665823	BOTH	faber_est_suae_quisque_fortunae	NONE	pace_tua	1H	T1_T1 weighted contrast	No	scientiae_et_patriae	Yes	Yes	Yes	sapiens_qui_prospicit	TRANSVERSE	No	No	SILICON GEL	IMAGINARY	scientia_et_sapientia
NonDICOMMRimages	CDS-IMAGE-464262	CDS-NonDICOMMRimages-745560	GRADIENT	Macte_animo_Generose_puer_sic_itur_ad_astra	ISOTROPIC	scientiae_cedit_mare	129XE	TAGGING_Superposition of thin saturation bands onto image	No	labor_ipse_voluptas	No	No	Yes	pace_tua	TRANSVERSE	No	No	SILICON GEL	PHASE	O_Tite_tute_Tati_tibi_tanta_tyranne_tulisti
NonDICOMMRimages	CDS-IMAGE-369886	CDS-NonDICOMMRimages-661381	BOTH	e_causa_ignota	BMATRIX	labor_ipse_voluptas	31P	T2_STAR_T2* weighted contrast	Yes	Macte_animo_Generose_puer_sic_itur_ad_astra	No	Yes	Yes	scientia_imperii_decus_et_tutamen	NONE	No	No	FAT AND WATER	REAL	e_causa_ignota
NonDICOMMRimages	CDS-IMAGE-283244	CDS-NonDICOMMRimages-470953	GRADIENT	faber_est_suae_quisque_fortunae	BMATRIX	Gallia_est_omnis_divisa_in_partes_tres	31P	T2_STAR_T2* weighted contrast	No	nascentes_morimur_finisque_ab_origine_pendet	No	No	No	scientia_imperii_decus_et_tutamen	LONGITUDINAL	Yes	Yes	SILICON GEL	MAGNITUDE	haec_olim_meminisse_iuvabit
NonDICOMMRimages	CDS-IMAGE-844835	CDS-NonDICOMMRimages-510210	SPIN	scientia_et_labor	BMATRIX	sapiens_qui_prospicit	31P	FLOW_ENCODED_Flow Encoded contrast	Yes	faber_est_suae_quisque_fortunae	No	Yes	No	haec_olim_meminisse_iuvabit	TIME REVERSED	Yes	Yes	NONE	IMAGINARY	scientia_imperii_decus_et_tutamen
NonDICOMMRimages	CDS-IMAGE-694041	CDS-NonDICOMMRimages-160693	SPIN	pace_tua	BMATRIX	scientia,_aere_perennius	3HE	PERFUSION_Perfusion weighted contrast	Yes	a_bene_placito	No	No	No	Macte_animo_Generose_puer_sic_itur_ad_astra	LONGITUDINAL	Yes	No	SILICON GEL	IMAGINARY	scientia_imperii_decus_et_tutamen
NonDICOMMRimages	CDS-IMAGE-689905	CDS-NonDICOMMRimages-171100	BOTH	barba_crescit_caput_nescit	NONE	O_Tite_tute_Tati_tibi_tanta_tyranne_tulisti	1H	DIFFUSION	No	a_bene_placito	No	No	Yes	scientiae_et_patriae	TRANSVERSE	Yes	Yes	SILICON GEL	REAL	scientiae_cedit_mare
NonDICOMMRimages	CDS-IMAGE-526007	CDS-NonDICOMMRimages-440845	SPIN	Gallia_est_omnis_divisa_in_partes_tres	DIRECTIONAL	labor_ipse_voluptas	1H	T2_STAR_T2* weighted contrast	Yes	Obedientia_civium_urbis_felicitas	Yes	Yes	No	damnant_quod_non_intellegunt	FREE PRECESSION	Yes	Yes	SILICON GEL	PHASE	nascentes_morimur_finisque_ab_origine_pendet
NonDICOMMRimages	CDS-IMAGE-488316	CDS-NonDICOMMRimages-619452	SPIN	id_quod_plerumque_accidit	DIRECTIONAL	nanos_gigantum_humeris_insidentes	19F	T2_STAR_T2* weighted contrast	No	haec_olim_meminisse_iuvabit	Yes	No	Yes	scientia_et_labor	TRANSVERSE	Yes	Yes	NONE	REAL	scientia_et_labor
NonDICOMMRimages	CDS-IMAGE-336280	CDS-NonDICOMMRimages-443998	BOTH	sapiens_qui_prospicit	BMATRIX	id_quod_plerumque_accidit	1H	FLUID_ATTENUATED_Fluid Attenuated T2 weighted contrast	No	scientiae_et_patriae	Yes	No	No	pace_tua	TRANSVERSE	Yes	No	FAT	PHASE	scientia_et_labor
NonDICOMMRimages	CDS-IMAGE-509933	CDS-NonDICOMMRimages-189119	SPIN	scientia_imperii_decus_et_tutamen	BMATRIX	sapiens_qui_prospicit	3HE	FLUID_ATTENUATED_Fluid Attenuated T2 weighted contrast	No	cacatum_non_est_pictum	No	Yes	No	a_bene_placito	TRANSVERSE	No	Yes	WATER	REAL	scientia_et_labor
NonDICOMMRimages	CDS-IMAGE-182794	CDS-NonDICOMMRimages-938406	BOTH	cacatum_non_est_pictum	NONE	scientia_et_sapientia	1H	PROTON_DENSITY_Proton Density weighted contrast	No	e_causa_ignota	No	No	No	haec_olim_meminisse_iuvabit	LONGITUDINAL	Yes	Yes	WATER	IMAGINARY	haec_olim_meminisse_iuvabit
NonDICOMMRimages	CDS-IMAGE-104968	CDS-NonDICOMMRimages-829284	GRADIENT	saltus_in_demonstrando	BMATRIX	sapiens_qui_prospicit	23NA	TOF_Time Of Flight weighted contrast	Yes	barba_crescit_caput_nescit	No	No	No	cacatum_non_est_pictum	TRANSVERSE	No	Yes	NONE	IMAGINARY	Obedientia_civium_urbis_felicitas
NonDICOMMRimages	CDS-IMAGE-690557	CDS-NonDICOMMRimages-869231	GRADIENT	O_Tite_tute_Tati_tibi_tanta_tyranne_tulisti	DIRECTIONAL	scientia_et_sapientia	7LI	T2_T2 weighted contrast	Yes	faber_est_suae_quisque_fortunae	Yes	Yes	Yes	scientia_et_sapientia	LONGITUDINAL	No	No	NONE	IMAGINARY	cacatum_non_est_pictum
NonDICOMMRimages	CDS-IMAGE-865143	CDS-NonDICOMMRimages-675836	GRADIENT	pace_tua	ISOTROPIC	scientiae_cedit_mare	23NA	DIFFUSION	No	scientiae_cedit_mare	No	No	No	nanos_gigantum_humeris_insidentes	LONGITUDINAL	Yes	No	SILICON GEL	IMAGINARY	salus_in_arduis
NonDICOMMRimages	CDS-IMAGE-705810	CDS-NonDICOMMRimages-201443	BOTH	salus_in_arduis	DIRECTIONAL	pace_tua	1H	PROTON_DENSITY_Proton Density weighted contrast	No	cacatum_non_est_pictum	No	No	Yes	nanos_gigantum_humeris_insidentes	TIME REVERSED	No	No	NONE	IMAGINARY	scientia_et_labor
NonDICOMMRimages	CDS-IMAGE-999547	CDS-NonDICOMMRimages-859151	GRADIENT	sapiens_qui_prospicit	NONE	nascentes_morimur_finisque_ab_origine_pendet	1H	PROTON_DENSITY_Proton Density weighted contrast	No	scientia_imperii_decus_et_tutamen	No	No	Yes	a_bene_placito	FREE PRECESSION	No	Yes	SILICON GEL	REAL	labor_ipse_voluptas
NonDICOMMRimages	CDS-IMAGE-433230	CDS-NonDICOMMRimages-405558	GRADIENT	nanos_gigantum_humeris_insidentes	DIRECTIONAL	scientiae_cedit_mare	1H	T2_T2 weighted contrast	No	scientiae_et_patriae	No	No	Yes	scientia_imperii_decus_et_tutamen	LONGITUDINAL	Yes	No	WATER	REAL	scientiae_cedit_mare
NonDICOMMRimages	CDS-IMAGE-646852	CDS-NonDICOMMRimages-402105	BOTH	scientia_et_sapientia	BMATRIX	nascentes_morimur_finisque_ab_origine_pendet	23NA	PERFUSION_Perfusion weighted contrast	Yes	a_bene_placito	Yes	Yes	No	damnant_quod_non_intellegunt	LONGITUDINAL	No	Yes	SILICON GEL	REAL	e_causa_ignota
NonDICOMMRimages	CDS-IMAGE-959793	CDS-NonDICOMMRimages-142338	SPIN	id_quod_plerumque_accidit	BMATRIX	barba_crescit_caput_nescit	23NA	T1_T1 weighted contrast	Yes	salus_in_arduis	No	Yes	No	labor_ipse_voluptas	TIME REVERSED	No	Yes	FAT AND WATER	IMAGINARY	id_quod_plerumque_accidit
NonDICOMMRimages	CDS-IMAGE-497095	CDS-NonDICOMMRimages-122457	BOTH	scientia,_aere_perennius	DIRECTIONAL	Gallia_est_omnis_divisa_in_partes_tres	19F	TAGGING_Superposition of thin saturation bands onto image	No	scientia,_aere_perennius	Yes	No	Yes	O_Tite_tute_Tati_tibi_tanta_tyranne_tulisti	TIME REVERSED	No	No	FAT AND WATER	IMAGINARY	scientia_et_sapientia
NonDICOMMRimages	CDS-IMAGE-578594	CDS-NonDICOMMRimages-617285	SPIN	barba_crescit_caput_nescit	NONE	barba_crescit_caput_nescit	1H	STIR_Short Tau Inversion Recovery	No	O_Tite_tute_Tati_tibi_tanta_tyranne_tulisti	No	No	Yes	Obedientia_civium_urbis_felicitas	TIME REVERSED	No	No	SILICON GEL	MAGNITUDE	scientia_imperii_decus_et_tutamen
NonDICOMMRimages	CDS-IMAGE-580804	CDS-NonDICOMMRimages-552222	BOTH	salus_in_arduis	DIRECTIONAL	Gallia_est_omnis_divisa_in_partes_tres	1H	T1_T1 weighted contrast	Yes	scientia_et_labor	Yes	Yes	No	pace_tua	NONE	No	Yes	WATER	IMAGINARY	saltus_in_demonstrando
NonDICOMMRimages	CDS-IMAGE-430658	CDS-NonDICOMMRimages-353250	BOTH	scientia_et_sapientia	BMATRIX	faber_est_suae_quisque_fortunae	19F	FLUID_ATTENUATED_Fluid Attenuated T2 weighted contrast	No	pace_tua	No	No	Yes	scientia_et_labor	LONGITUDINAL	No	Yes	WATER	IMAGINARY	sapiens_qui_prospicit
NonDICOMMRimages	CDS-IMAGE-483717	CDS-NonDICOMMRimages-583969	GRADIENT	nanos_gigantum_humeris_insidentes	DIRECTIONAL	Gallia_est_omnis_divisa_in_partes_tres	129XE	STIR_Short Tau Inversion Recovery	Yes	haec_olim_meminisse_iuvabit	No	Yes	Yes	pace_tua	FREE PRECESSION	No	Yes	NONE	PHASE	Gallia_est_omnis_divisa_in_partes_tres
NonDICOMMRimages	CDS-IMAGE-976671	CDS-NonDICOMMRimages-175233	GRADIENT	e_causa_ignota	DIRECTIONAL	scientia,_aere_perennius	7LI	PROTON_DENSITY_Proton Density weighted contrast	Yes	faber_est_suae_quisque_fortunae	Yes	No	Yes	cacatum_non_est_pictum	TIME REVERSED	Yes	No	FAT AND WATER	PHASE	sapiens_qui_prospicit
NonDICOMMRimages	CDS-IMAGE-211966	CDS-NonDICOMMRimages-110261	GRADIENT	salus_in_arduis	NONE	saltus_in_demonstrando	1H	FLUID_ATTENUATED_Fluid Attenuated T2 weighted contrast	Yes	labor_ipse_voluptas	No	No	No	cacatum_non_est_pictum	TRANSVERSE	No	Yes	WATER	PHASE	nascentes_morimur_finisque_ab_origine_pendet
NonDICOMMRimages	CDS-IMAGE-418366	CDS-NonDICOMMRimages-406445	GRADIENT	scientia_et_labor	NONE	a_bene_placito	19F	T1_T1 weighted contrast	Yes	barba_crescit_caput_nescit	No	No	Yes	barba_crescit_caput_nescit	FREE PRECESSION	No	Yes	WATER	IMAGINARY	scientia_et_sapientia
NonDICOMMRimages	CDS-IMAGE-204910	CDS-NonDICOMMRimages-843292	BOTH	nanos_gigantum_humeris_insidentes	BMATRIX	labor_ipse_voluptas	13C	T2_STAR_T2* weighted contrast	No	barba_crescit_caput_nescit	Yes	No	Yes	Obedientia_civium_urbis_felicitas	LONGITUDINAL	No	Yes	WATER	IMAGINARY	scientia,_aere_perennius
NonDICOMMRimages	CDS-IMAGE-613946	CDS-NonDICOMMRimages-356306	SPIN	O_Tite_tute_Tati_tibi_tanta_tyranne_tulisti	NONE	scientia,_aere_perennius	31P	FLOW_ENCODED_Flow Encoded contrast	No	damnant_quod_non_intellegunt	No	No	No	Gallia_est_omnis_divisa_in_partes_tres	TRANSVERSE	Yes	Yes	SILICON GEL	REAL	barba_crescit_caput_nescit
NonDICOMMRimages	CDS-IMAGE-915844	CDS-NonDICOMMRimages-845831	SPIN	imperium_in_imperio	DIRECTIONAL	scientiae_et_patriae	31P	FLUID_ATTENUATED_Fluid Attenuated T2 weighted contrast	No	faber_est_suae_quisque_fortunae	Yes	No	Yes	scientia,_aere_perennius	FREE PRECESSION	No	No	FAT	MAGNITUDE	a_bene_placito
NonDICOMMRimages	CDS-IMAGE-493332	CDS-NonDICOMMRimages-416841	BOTH	faber_est_suae_quisque_fortunae	ISOTROPIC	scientia_et_labor	3HE	TAGGING_Superposition of thin saturation bands onto image	Yes	id_quod_plerumque_accidit	Yes	Yes	No	id_quod_plerumque_accidit	LONGITUDINAL	Yes	No	NONE	REAL	nascentes_morimur_finisque_ab_origine_pendet
NonDICOMMRimages	CDS-IMAGE-508779	CDS-NonDICOMMRimages-888099	SPIN	Gallia_est_omnis_divisa_in_partes_tres	BMATRIX	saltus_in_demonstrando	1H	TAGGING_Superposition of thin saturation bands onto image	No	scientia_imperii_decus_et_tutamen	No	Yes	Yes	scientia_et_sapientia	TIME REVERSED	No	No	FAT AND WATER	PHASE	O_Tite_tute_Tati_tibi_tanta_tyranne_tulisti
NonDICOMMRimages	CDS-IMAGE-336262	CDS-NonDICOMMRimages-290851	GRADIENT	scientiae_et_patriae	BMATRIX	e_causa_ignota	7LI	TOF_Time Of Flight weighted contrast	No	nascentes_morimur_finisque_ab_origine_pendet	No	No	Yes	cacatum_non_est_pictum	NONE	No	Yes	FAT	IMAGINARY	Obedientia_civium_urbis_felicitas
NonDICOMMRimages	CDS-IMAGE-998718	CDS-NonDICOMMRimages-349400	BOTH	e_causa_ignota	ISOTROPIC	sapiens_qui_prospicit	13C	FLOW_ENCODED_Flow Encoded contrast	Yes	barba_crescit_caput_nescit	Yes	No	Yes	faber_est_suae_quisque_fortunae	LONGITUDINAL	Yes	No	FAT	IMAGINARY	cacatum_non_est_pictum
NonDICOMMRimages	CDS-IMAGE-989668	CDS-NonDICOMMRimages-676871	BOTH	Macte_animo_Generose_puer_sic_itur_ad_astra	ISOTROPIC	scientia_et_labor	3HE	T2_T2 weighted contrast	Yes	Macte_animo_Generose_puer_sic_itur_ad_astra	Yes	Yes	No	scientiae_cedit_mare	NONE	No	Yes	SILICON GEL	MAGNITUDE	nascentes_morimur_finisque_ab_origine_pendet
NonDICOMMRimages	CDS-IMAGE-705494	CDS-NonDICOMMRimages-330874	GRADIENT	nascentes_morimur_finisque_ab_origine_pendet	NONE	imperium_in_imperio	129XE	PERFUSION_Perfusion weighted contrast	No	e_causa_ignota	No	No	Yes	cacatum_non_est_pictum	NONE	No	Yes	SILICON GEL	PHASE	scientiae_et_patriae
NonDICOMMRimages	CDS-IMAGE-483946	CDS-NonDICOMMRimages-418230	GRADIENT	O_Tite_tute_Tati_tibi_tanta_tyranne_tulisti	NONE	nascentes_morimur_finisque_ab_origine_pendet	3HE	FLUID_ATTENUATED_Fluid Attenuated T2 weighted contrast	Yes	pace_tua	No	No	Yes	id_quod_plerumque_accidit	NONE	Yes	No	WATER	MAGNITUDE	pace_tua
NonDICOMMRimages	CDS-IMAGE-800565	CDS-NonDICOMMRimages-159108	SPIN	Macte_animo_Generose_puer_sic_itur_ad_astra	NONE	Gallia_est_omnis_divisa_in_partes_tres	23NA	DIFFUSION	No	nanos_gigantum_humeris_insidentes	No	Yes	No	Gallia_est_omnis_divisa_in_partes_tres	TRANSVERSE	Yes	Yes	NONE	REAL	scientiae_cedit_mare
NonDICOMMRimages	CDS-IMAGE-204439	CDS-NonDICOMMRimages-219594	SPIN	saltus_in_demonstrando	NONE	scientia_et_sapientia	19F	FLOW_ENCODED_Flow Encoded contrast	No	Gallia_est_omnis_divisa_in_partes_tres	Yes	Yes	Yes	cacatum_non_est_pictum	LONGITUDINAL	Yes	No	FAT AND WATER	IMAGINARY	cacatum_non_est_pictum
NonDICOMMRimages	CDS-IMAGE-707630	CDS-NonDICOMMRimages-563008	SPIN	scientiae_cedit_mare	DIRECTIONAL	imperium_in_imperio	7LI	T1_T1 weighted contrast	No	scientia_et_sapientia	Yes	No	No	a_bene_placito	NONE	Yes	No	FAT AND WATER	REAL	barba_crescit_caput_nescit
NonDICOMMRimages	CDS-IMAGE-911207	CDS-NonDICOMMRimages-658509	SPIN	e_causa_ignota	ISOTROPIC	nanos_gigantum_humeris_insidentes	7LI	T1_T1 weighted contrast	Yes	haec_olim_meminisse_iuvabit	No	No	Yes	pace_tua	TIME REVERSED	No	No	FAT	IMAGINARY	barba_crescit_caput_nescit
NonDICOMMRimages	CDS-IMAGE-876995	CDS-NonDICOMMRimages-714578	BOTH	salus_in_arduis	BMATRIX	Macte_animo_Generose_puer_sic_itur_ad_astra	1H	FLUID_ATTENUATED_Fluid Attenuated T2 weighted contrast	Yes	a_bene_placito	No	Yes	Yes	saltus_in_demonstrando	LONGITUDINAL	Yes	No	FAT	PHASE	scientia_et_sapientia
NonDICOMMRimages	CDS-IMAGE-532011	CDS-NonDICOMMRimages-756174	SPIN	cacatum_non_est_pictum	DIRECTIONAL	Macte_animo_Generose_puer_sic_itur_ad_astra	19F	T1_T1 weighted contrast	No	scientia_imperii_decus_et_tutamen	Yes	Yes	Yes	saltus_in_demonstrando	LONGITUDINAL	No	No	SILICON GEL	REAL	Macte_animo_Generose_puer_sic_itur_ad_astra
NonDICOMMRimages	CDS-IMAGE-575011	CDS-NonDICOMMRimages-971812	GRADIENT	barba_crescit_caput_nescit	ISOTROPIC	scientia_imperii_decus_et_tutamen	129XE	T2_T2 weighted contrast	No	scientia_et_labor	No	Yes	No	haec_olim_meminisse_iuvabit	TIME REVERSED	No	Yes	SILICON GEL	IMAGINARY	e_causa_ignota
NonDICOMMRimages	CDS-IMAGE-977087	CDS-NonDICOMMRimages-271984	GRADIENT	Macte_animo_Generose_puer_sic_itur_ad_astra	DIRECTIONAL	scientiae_cedit_mare	31P	T1_T1 weighted contrast	No	scientia,_aere_perennius	No	Yes	No	imperium_in_imperio	FREE PRECESSION	Yes	No	SILICON GEL	IMAGINARY	sapiens_qui_prospicit
NonDICOMMRimages	CDS-IMAGE-542414	CDS-NonDICOMMRimages-745872	GRADIENT	faber_est_suae_quisque_fortunae	NONE	sapiens_qui_prospicit	129XE	FLUID_ATTENUATED_Fluid Attenuated T2 weighted contrast	Yes	O_Tite_tute_Tati_tibi_tanta_tyranne_tulisti	No	No	No	scientiae_et_patriae	TRANSVERSE	Yes	Yes	FAT AND WATER	IMAGINARY	damnant_quod_non_intellegunt
NonDICOMMRimages	CDS-IMAGE-451859	CDS-NonDICOMMRimages-801144	BOTH	scientia_et_sapientia	BMATRIX	Gallia_est_omnis_divisa_in_partes_tres	23NA	T1_T1 weighted contrast	No	scientia,_aere_perennius	No	No	Yes	damnant_quod_non_intellegunt	TIME REVERSED	Yes	No	FAT AND WATER	REAL	O_Tite_tute_Tati_tibi_tanta_tyranne_tulisti
NonDICOMMRimages	CDS-IMAGE-859522	CDS-NonDICOMMRimages-104795	BOTH	a_bene_placito	NONE	barba_crescit_caput_nescit	7LI	PERFUSION_Perfusion weighted contrast	Yes	scientia,_aere_perennius	Yes	No	No	scientiae_et_patriae	NONE	No	Yes	SILICON GEL	IMAGINARY	nanos_gigantum_humeris_insidentes
NonDICOMMRimages	CDS-IMAGE-423935	CDS-NonDICOMMRimages-146842	BOTH	nascentes_morimur_finisque_ab_origine_pendet	ISOTROPIC	e_causa_ignota	13C	TOF_Time Of Flight weighted contrast	No	labor_ipse_voluptas	No	Yes	No	scientiae_et_patriae	TRANSVERSE	No	Yes	SILICON GEL	PHASE	haec_olim_meminisse_iuvabit
NonDICOMMRimages	CDS-IMAGE-119908	CDS-NonDICOMMRimages-624020	SPIN	scientiae_cedit_mare	NONE	scientia,_aere_perennius	23NA	TAGGING_Superposition of thin saturation bands onto image	No	O_Tite_tute_Tati_tibi_tanta_tyranne_tulisti	No	No	No	id_quod_plerumque_accidit	TRANSVERSE	No	No	WATER	MAGNITUDE	scientiae_et_patriae
NonDICOMMRimages	CDS-IMAGE-415334	CDS-NonDICOMMRimages-778056	SPIN	sapiens_qui_prospicit	ISOTROPIC	labor_ipse_voluptas	7LI	T1_T1 weighted contrast	No	Obedientia_civium_urbis_felicitas	Yes	Yes	No	salus_in_arduis	TIME REVERSED	Yes	Yes	FAT AND WATER	IMAGINARY	barba_crescit_caput_nescit
NonDICOMMRimages	CDS-IMAGE-700211	CDS-NonDICOMMRimages-431099	BOTH	pace_tua	BMATRIX	e_causa_ignota	3HE	PROTON_DENSITY_Proton Density weighted contrast	Yes	Macte_animo_Generose_puer_sic_itur_ad_astra	No	No	No	faber_est_suae_quisque_fortunae	FREE PRECESSION	Yes	No	FAT AND WATER	REAL	haec_olim_meminisse_iuvabit
NonDICOMMRimages	CDS-IMAGE-528193	CDS-NonDICOMMRimages-926816	SPIN	imperium_in_imperio	ISOTROPIC	nascentes_morimur_finisque_ab_origine_pendet	23NA	T2_T2 weighted contrast	No	O_Tite_tute_Tati_tibi_tanta_tyranne_tulisti	No	No	No	scientia_et_labor	LONGITUDINAL	No	No	WATER	MAGNITUDE	scientia_imperii_decus_et_tutamen
NonDICOMMRimages	CDS-IMAGE-244090	CDS-NonDICOMMRimages-255444	SPIN	Macte_animo_Generose_puer_sic_itur_ad_astra	NONE	labor_ipse_voluptas	13C	T2_T2 weighted contrast	No	cacatum_non_est_pictum	No	Yes	Yes	scientiae_cedit_mare	NONE	No	No	SILICON GEL	PHASE	Macte_animo_Generose_puer_sic_itur_ad_astra
NonDICOMMRimages	CDS-IMAGE-146042	CDS-NonDICOMMRimages-787228	GRADIENT	faber_est_suae_quisque_fortunae	BMATRIX	O_Tite_tute_Tati_tibi_tanta_tyranne_tulisti	1H	TAGGING_Superposition of thin saturation bands onto image	Yes	Gallia_est_omnis_divisa_in_partes_tres	Yes	No	No	scientiae_cedit_mare	NONE	No	No	SILICON GEL	PHASE	labor_ipse_voluptas
NonDICOMMRimages	CDS-IMAGE-714275	CDS-NonDICOMMRimages-621019	SPIN	haec_olim_meminisse_iuvabit	DIRECTIONAL	nanos_gigantum_humeris_insidentes	31P	T2_T2 weighted contrast	No	id_quod_plerumque_accidit	Yes	No	Yes	scientia_et_labor	FREE PRECESSION	Yes	Yes	FAT AND WATER	IMAGINARY	pace_tua
NonDICOMMRimages	CDS-IMAGE-581296	CDS-NonDICOMMRimages-674802	BOTH	labor_ipse_voluptas	BMATRIX	Obedientia_civium_urbis_felicitas	13C	PERFUSION_Perfusion weighted contrast	No	faber_est_suae_quisque_fortunae	Yes	Yes	No	nanos_gigantum_humeris_insidentes	NONE	No	No	FAT	IMAGINARY	O_Tite_tute_Tati_tibi_tanta_tyranne_tulisti
NonDICOMMRimages	CDS-IMAGE-169775	CDS-NonDICOMMRimages-187247	SPIN	e_causa_ignota	DIRECTIONAL	Macte_animo_Generose_puer_sic_itur_ad_astra	3HE	T2_STAR_T2* weighted contrast	No	e_causa_ignota	No	No	No	saltus_in_demonstrando	NONE	Yes	No	FAT	REAL	sapiens_qui_prospicit
NonDICOMMRimages	CDS-IMAGE-206235	CDS-NonDICOMMRimages-387344	SPIN	damnant_quod_non_intellegunt	ISOTROPIC	pace_tua	1H	PROTON_DENSITY_Proton Density weighted contrast	No	Gallia_est_omnis_divisa_in_partes_tres	No	No	Yes	labor_ipse_voluptas	NONE	Yes	Yes	SILICON GEL	IMAGINARY	id_quod_plerumque_accidit
NonDICOMMRimages	CDS-IMAGE-787556	CDS-NonDICOMMRimages-866435	SPIN	saltus_in_demonstrando	NONE	pace_tua	23NA	PERFUSION_Perfusion weighted contrast	No	a_bene_placito	No	Yes	Yes	labor_ipse_voluptas	NONE	Yes	Yes	FAT AND WATER	REAL	salus_in_arduis
NonDICOMMRimages	CDS-IMAGE-183746	CDS-NonDICOMMRimages-805853	GRADIENT	scientiae_et_patriae	NONE	sapiens_qui_prospicit	23NA	T1_T1 weighted contrast	Yes	faber_est_suae_quisque_fortunae	Yes	Yes	Yes	scientiae_et_patriae	FREE PRECESSION	Yes	No	NONE	MAGNITUDE	e_causa_ignota
NonDICOMMRimages	CDS-IMAGE-179905	CDS-NonDICOMMRimages-371980	BOTH	haec_olim_meminisse_iuvabit	ISOTROPIC	e_causa_ignota	23NA	FLOW_ENCODED_Flow Encoded contrast	No	scientia_et_labor	Yes	No	Yes	scientia_et_sapientia	LONGITUDINAL	No	No	FAT AND WATER	IMAGINARY	e_causa_ignota
NonDICOMMRimages	CDS-IMAGE-996040	CDS-NonDICOMMRimages-502687	SPIN	scientia_et_labor	DIRECTIONAL	nanos_gigantum_humeris_insidentes	13C	PROTON_DENSITY_Proton Density weighted contrast	Yes	haec_olim_meminisse_iuvabit	No	No	No	scientia_et_sapientia	NONE	Yes	No	SILICON GEL	IMAGINARY	Gallia_est_omnis_divisa_in_partes_tres
NonDICOMMRimages	CDS-IMAGE-573930	CDS-NonDICOMMRimages-645503	BOTH	cacatum_non_est_pictum	NONE	pace_tua	31P	STIR_Short Tau Inversion Recovery	No	scientia,_aere_perennius	Yes	No	Yes	scientiae_cedit_mare	TIME REVERSED	Yes	Yes	NONE	REAL	id_quod_plerumque_accidit
NonDICOMMRimages	CDS-IMAGE-574997	CDS-NonDICOMMRimages-787577	GRADIENT	nascentes_morimur_finisque_ab_origine_pendet	DIRECTIONAL	O_Tite_tute_Tati_tibi_tanta_tyranne_tulisti	1H	FLUID_ATTENUATED_Fluid Attenuated T2 weighted contrast	Yes	scientiae_et_patriae	Yes	Yes	No	O_Tite_tute_Tati_tibi_tanta_tyranne_tulisti	TRANSVERSE	Yes	Yes	FAT	REAL	scientia_imperii_decus_et_tutamen
NonDICOMMRimages	CDS-IMAGE-811509	CDS-NonDICOMMRimages-134480	BOTH	scientiae_et_patriae	NONE	pace_tua	31P	STIR_Short Tau Inversion Recovery	Yes	faber_est_suae_quisque_fortunae	Yes	No	Yes	saltus_in_demonstrando	FREE PRECESSION	Yes	Yes	SILICON GEL	PHASE	pace_tua
NonDICOMMRimages	CDS-IMAGE-410223	CDS-NonDICOMMRimages-499043	GRADIENT	Macte_animo_Generose_puer_sic_itur_ad_astra	BMATRIX	barba_crescit_caput_nescit	3HE	TAGGING_Superposition of thin saturation bands onto image	No	Macte_animo_Generose_puer_sic_itur_ad_astra	Yes	Yes	No	Obedientia_civium_urbis_felicitas	TIME REVERSED	Yes	Yes	SILICON GEL	MAGNITUDE	scientia_et_sapientia
NonDICOMMRimages	CDS-IMAGE-224546	CDS-NonDICOMMRimages-588345	GRADIENT	Gallia_est_omnis_divisa_in_partes_tres	ISOTROPIC	faber_est_suae_quisque_fortunae	3HE	PERFUSION_Perfusion weighted contrast	No	scientiae_et_patriae	No	Yes	Yes	labor_ipse_voluptas	TRANSVERSE	Yes	No	FAT AND WATER	IMAGINARY	nascentes_morimur_finisque_ab_origine_pendet
NonDICOMMRimages	CDS-IMAGE-484442	CDS-NonDICOMMRimages-144768	SPIN	saltus_in_demonstrando	BMATRIX	damnant_quod_non_intellegunt	23NA	T2_T2 weighted contrast	Yes	pace_tua	No	No	Yes	saltus_in_demonstrando	FREE PRECESSION	No	Yes	WATER	IMAGINARY	Gallia_est_omnis_divisa_in_partes_tres
NonDICOMMRimages	CDS-IMAGE-975691	CDS-NonDICOMMRimages-659780	SPIN	scientia_et_labor	ISOTROPIC	scientiae_cedit_mare	7LI	PERFUSION_Perfusion weighted contrast	Yes	nascentes_morimur_finisque_ab_origine_pendet	Yes	No	No	id_quod_plerumque_accidit	TIME REVERSED	No	No	FAT AND WATER	REAL	scientiae_cedit_mare
NonDICOMMRimages	CDS-IMAGE-745497	CDS-NonDICOMMRimages-741813	SPIN	pace_tua	DIRECTIONAL	id_quod_plerumque_accidit	31P	FLOW_ENCODED_Flow Encoded contrast	Yes	sapiens_qui_prospicit	No	No	No	a_bene_placito	TRANSVERSE	No	No	FAT	IMAGINARY	barba_crescit_caput_nescit
NonDICOMMRimages	CDS-IMAGE-751187	CDS-NonDICOMMRimages-759927	SPIN	e_causa_ignota	NONE	Macte_animo_Generose_puer_sic_itur_ad_astra	7LI	TAGGING_Superposition of thin saturation bands onto image	No	labor_ipse_voluptas	No	Yes	No	Macte_animo_Generose_puer_sic_itur_ad_astra	FREE PRECESSION	No	Yes	FAT AND WATER	MAGNITUDE	pace_tua
NonDICOMMRimages	CDS-IMAGE-260886	CDS-NonDICOMMRimages-873748	GRADIENT	scientia_et_sapientia	NONE	O_Tite_tute_Tati_tibi_tanta_tyranne_tulisti	23NA	T2_STAR_T2* weighted contrast	Yes	faber_est_suae_quisque_fortunae	No	No	Yes	cacatum_non_est_pictum	FREE PRECESSION	Yes	Yes	FAT	MAGNITUDE	sapiens_qui_prospicit
NonDICOMMRimages	CDS-IMAGE-718034	CDS-NonDICOMMRimages-538232	SPIN	damnant_quod_non_intellegunt	DIRECTIONAL	scientia_et_sapientia	1H	FLUID_ATTENUATED_Fluid Attenuated T2 weighted contrast	Yes	barba_crescit_caput_nescit	Yes	Yes	No	scientia_imperii_decus_et_tutamen	TRANSVERSE	No	Yes	NONE	MAGNITUDE	nascentes_morimur_finisque_ab_origine_pendet
NonDICOMMRimages	CDS-IMAGE-891235	CDS-NonDICOMMRimages-594554	SPIN	scientia,_aere_perennius	ISOTROPIC	nanos_gigantum_humeris_insidentes	3HE	PROTON_DENSITY_Proton Density weighted contrast	No	scientiae_et_patriae	No	Yes	Yes	Macte_animo_Generose_puer_sic_itur_ad_astra	LONGITUDINAL	No	Yes	WATER	MAGNITUDE	O_Tite_tute_Tati_tibi_tanta_tyranne_tulisti
NonDICOMMRimages	CDS-IMAGE-861288	CDS-NonDICOMMRimages-325876	GRADIENT	Gallia_est_omnis_divisa_in_partes_tres	NONE	barba_crescit_caput_nescit	19F	TOF_Time Of Flight weighted contrast	No	imperium_in_imperio	Yes	Yes	Yes	a_bene_placito	TRANSVERSE	Yes	No	WATER	REAL	nascentes_morimur_finisque_ab_origine_pendet
NonDICOMMRimages	CDS-IMAGE-681719	CDS-NonDICOMMRimages-782082	GRADIENT	Gallia_est_omnis_divisa_in_partes_tres	NONE	imperium_in_imperio	7LI	FLOW_ENCODED_Flow Encoded contrast	No	nascentes_morimur_finisque_ab_origine_pendet	No	Yes	No	scientia,_aere_perennius	NONE	Yes	No	FAT	PHASE	pace_tua
NonDICOMMRimages	CDS-IMAGE-882990	CDS-NonDICOMMRimages-315021	SPIN	Obedientia_civium_urbis_felicitas	BMATRIX	a_bene_placito	31P	PROTON_DENSITY_Proton Density weighted contrast	Yes	scientiae_cedit_mare	Yes	No	No	nascentes_morimur_finisque_ab_origine_pendet	TIME REVERSED	No	No	FAT	REAL	nascentes_morimur_finisque_ab_origine_pendet
NonDICOMMRimages	CDS-IMAGE-620410	CDS-NonDICOMMRimages-486421	GRADIENT	sapiens_qui_prospicit	NONE	pace_tua	129XE	PERFUSION_Perfusion weighted contrast	Yes	e_causa_ignota	No	Yes	Yes	nascentes_morimur_finisque_ab_origine_pendet	TIME REVERSED	No	No	FAT	IMAGINARY	nanos_gigantum_humeris_insidentes
NonDICOMMRimages	CDS-IMAGE-188641	CDS-NonDICOMMRimages-356613	GRADIENT	nanos_gigantum_humeris_insidentes	ISOTROPIC	saltus_in_demonstrando	19F	T1_T1 weighted contrast	Yes	O_Tite_tute_Tati_tibi_tanta_tyranne_tulisti	Yes	Yes	No	scientiae_et_patriae	LONGITUDINAL	No	Yes	FAT AND WATER	REAL	salus_in_arduis
NonDICOMMRimages	CDS-IMAGE-302946	CDS-NonDICOMMRimages-387953	GRADIENT	damnant_quod_non_intellegunt	DIRECTIONAL	e_causa_ignota	31P	PROTON_DENSITY_Proton Density weighted contrast	No	scientiae_cedit_mare	Yes	Yes	Yes	Obedientia_civium_urbis_felicitas	LONGITUDINAL	No	No	NONE	MAGNITUDE	scientia_imperii_decus_et_tutamen
NonDICOMMRimages	CDS-IMAGE-545680	CDS-NonDICOMMRimages-633831	GRADIENT	pace_tua	NONE	salus_in_arduis	19F	T2_T2 weighted contrast	No	haec_olim_meminisse_iuvabit	No	No	No	scientiae_et_patriae	NONE	Yes	No	WATER	MAGNITUDE	faber_est_suae_quisque_fortunae
NonDICOMMRimages	CDS-IMAGE-696888	CDS-NonDICOMMRimages-949273	SPIN	damnant_quod_non_intellegunt	BMATRIX	sapiens_qui_prospicit	13C	TAGGING_Superposition of thin saturation bands onto image	No	saltus_in_demonstrando	Yes	No	Yes	saltus_in_demonstrando	TIME REVERSED	No	Yes	SILICON GEL	IMAGINARY	saltus_in_demonstrando
