type	image.study_link_id	NonDICOMPETimages_id	PETImagingAcquisitionProtocolElement_gantryDetectorTilt	Radiopharmaceutical_radionuclideCode	crdc_id
NonDICOMPETimages	CDS-IMAGE-477404	CDS-NonDICOMPETimages-827502	haec_olim_meminisse_iuvabit	nanos_gigantum_humeris_insidentes	haec_olim_meminisse_iuvabit
NonDICOMPETimages	CDS-IMAGE-264447	CDS-NonDICOMPETimages-113494	a_bene_placito	cacatum_non_est_pictum	pace_tua
NonDICOMPETimages	CDS-IMAGE-456822	CDS-NonDICOMPETimages-535027	haec_olim_meminisse_iuvabit	imperium_in_imperio	nanos_gigantum_humeris_insidentes
NonDICOMPETimages	CDS-IMAGE-258661	CDS-NonDICOMPETimages-742077	a_bene_placito	salus_in_arduis	scientia_et_labor
NonDICOMPETimages	CDS-IMAGE-820789	CDS-NonDICOMPETimages-240390	e_causa_ignota	scientiae_cedit_mare	scientia_imperii_decus_et_tutamen
NonDICOMPETimages	CDS-IMAGE-492694	CDS-NonDICOMPETimages-885998	barba_crescit_caput_nescit	imperium_in_imperio	scientia_et_labor
NonDICOMPETimages	CDS-IMAGE-865072	CDS-NonDICOMPETimages-383224	scientiae_cedit_mare	cacatum_non_est_pictum	faber_est_suae_quisque_fortunae
NonDICOMPETimages	CDS-IMAGE-932048	CDS-NonDICOMPETimages-563406	O_Tite_tute_Tati_tibi_tanta_tyranne_tulisti	scientia_et_labor	id_quod_plerumque_accidit
NonDICOMPETimages	CDS-IMAGE-675635	CDS-NonDICOMPETimages-394870	sapiens_qui_prospicit	labor_ipse_voluptas	nascentes_morimur_finisque_ab_origine_pendet
NonDICOMPETimages	CDS-IMAGE-991213	CDS-NonDICOMPETimages-320293	haec_olim_meminisse_iuvabit	imperium_in_imperio	scientia_et_labor
NonDICOMPETimages	CDS-IMAGE-405235	CDS-NonDICOMPETimages-852932	scientiae_cedit_mare	nascentes_morimur_finisque_ab_origine_pendet	scientia_et_labor
NonDICOMPETimages	CDS-IMAGE-388586	CDS-NonDICOMPETimages-664019	scientiae_et_patriae	imperium_in_imperio	damnant_quod_non_intellegunt
NonDICOMPETimages	CDS-IMAGE-811512	CDS-NonDICOMPETimages-797294	nascentes_morimur_finisque_ab_origine_pendet	scientia_imperii_decus_et_tutamen	faber_est_suae_quisque_fortunae
NonDICOMPETimages	CDS-IMAGE-157300	CDS-NonDICOMPETimages-210467	salus_in_arduis	saltus_in_demonstrando	damnant_quod_non_intellegunt
NonDICOMPETimages	CDS-IMAGE-257799	CDS-NonDICOMPETimages-335881	Macte_animo_Generose_puer_sic_itur_ad_astra	saltus_in_demonstrando	nascentes_morimur_finisque_ab_origine_pendet
NonDICOMPETimages	CDS-IMAGE-241503	CDS-NonDICOMPETimages-799081	damnant_quod_non_intellegunt	nascentes_morimur_finisque_ab_origine_pendet	pace_tua
NonDICOMPETimages	CDS-IMAGE-289865	CDS-NonDICOMPETimages-220242	scientia_et_sapientia	barba_crescit_caput_nescit	sapiens_qui_prospicit
NonDICOMPETimages	CDS-IMAGE-964911	CDS-NonDICOMPETimages-769341	scientia_et_labor	faber_est_suae_quisque_fortunae	nascentes_morimur_finisque_ab_origine_pendet
NonDICOMPETimages	CDS-IMAGE-448652	CDS-NonDICOMPETimages-767473	scientia_imperii_decus_et_tutamen	e_causa_ignota	id_quod_plerumque_accidit
NonDICOMPETimages	CDS-IMAGE-193615	CDS-NonDICOMPETimages-942813	scientia_imperii_decus_et_tutamen	sapiens_qui_prospicit	imperium_in_imperio
NonDICOMPETimages	CDS-IMAGE-162893	CDS-NonDICOMPETimages-272145	Gallia_est_omnis_divisa_in_partes_tres	O_Tite_tute_Tati_tibi_tanta_tyranne_tulisti	Obedientia_civium_urbis_felicitas
NonDICOMPETimages	CDS-IMAGE-927868	CDS-NonDICOMPETimages-394627	e_causa_ignota	imperium_in_imperio	Macte_animo_Generose_puer_sic_itur_ad_astra
NonDICOMPETimages	CDS-IMAGE-684119	CDS-NonDICOMPETimages-269974	cacatum_non_est_pictum	labor_ipse_voluptas	Obedientia_civium_urbis_felicitas
NonDICOMPETimages	CDS-IMAGE-323593	CDS-NonDICOMPETimages-634376	O_Tite_tute_Tati_tibi_tanta_tyranne_tulisti	scientia_imperii_decus_et_tutamen	barba_crescit_caput_nescit
NonDICOMPETimages	CDS-IMAGE-347391	CDS-NonDICOMPETimages-285253	scientia_et_labor	nanos_gigantum_humeris_insidentes	e_causa_ignota
NonDICOMPETimages	CDS-IMAGE-221862	CDS-NonDICOMPETimages-294679	nanos_gigantum_humeris_insidentes	cacatum_non_est_pictum	scientia,_aere_perennius
NonDICOMPETimages	CDS-IMAGE-480852	CDS-NonDICOMPETimages-668539	cacatum_non_est_pictum	haec_olim_meminisse_iuvabit	Obedientia_civium_urbis_felicitas
NonDICOMPETimages	CDS-IMAGE-701933	CDS-NonDICOMPETimages-413855	scientia_imperii_decus_et_tutamen	imperium_in_imperio	salus_in_arduis
NonDICOMPETimages	CDS-IMAGE-647561	CDS-NonDICOMPETimages-687213	imperium_in_imperio	damnant_quod_non_intellegunt	e_causa_ignota
NonDICOMPETimages	CDS-IMAGE-201642	CDS-NonDICOMPETimages-527629	scientiae_et_patriae	Obedientia_civium_urbis_felicitas	pace_tua
NonDICOMPETimages	CDS-IMAGE-789473	CDS-NonDICOMPETimages-975633	sapiens_qui_prospicit	pace_tua	cacatum_non_est_pictum
NonDICOMPETimages	CDS-IMAGE-833379	CDS-NonDICOMPETimages-478015	labor_ipse_voluptas	nanos_gigantum_humeris_insidentes	scientiae_cedit_mare
NonDICOMPETimages	CDS-IMAGE-706009	CDS-NonDICOMPETimages-796301	Macte_animo_Generose_puer_sic_itur_ad_astra	scientiae_et_patriae	scientia_et_sapientia
NonDICOMPETimages	CDS-IMAGE-916622	CDS-NonDICOMPETimages-873768	faber_est_suae_quisque_fortunae	salus_in_arduis	a_bene_placito
NonDICOMPETimages	CDS-IMAGE-301791	CDS-NonDICOMPETimages-121235	nascentes_morimur_finisque_ab_origine_pendet	Macte_animo_Generose_puer_sic_itur_ad_astra	e_causa_ignota
NonDICOMPETimages	CDS-IMAGE-307810	CDS-NonDICOMPETimages-303719	scientia_et_sapientia	pace_tua	scientia,_aere_perennius
NonDICOMPETimages	CDS-IMAGE-355149	CDS-NonDICOMPETimages-163448	Obedientia_civium_urbis_felicitas	damnant_quod_non_intellegunt	damnant_quod_non_intellegunt
NonDICOMPETimages	CDS-IMAGE-144549	CDS-NonDICOMPETimages-555735	saltus_in_demonstrando	saltus_in_demonstrando	saltus_in_demonstrando
NonDICOMPETimages	CDS-IMAGE-758660	CDS-NonDICOMPETimages-397635	haec_olim_meminisse_iuvabit	scientia_imperii_decus_et_tutamen	id_quod_plerumque_accidit
NonDICOMPETimages	CDS-IMAGE-428450	CDS-NonDICOMPETimages-756939	nanos_gigantum_humeris_insidentes	nanos_gigantum_humeris_insidentes	damnant_quod_non_intellegunt
NonDICOMPETimages	CDS-IMAGE-386927	CDS-NonDICOMPETimages-368068	scientia,_aere_perennius	Obedientia_civium_urbis_felicitas	scientia_imperii_decus_et_tutamen
NonDICOMPETimages	CDS-IMAGE-127115	CDS-NonDICOMPETimages-746408	scientiae_et_patriae	nascentes_morimur_finisque_ab_origine_pendet	Gallia_est_omnis_divisa_in_partes_tres
NonDICOMPETimages	CDS-IMAGE-723573	CDS-NonDICOMPETimages-512546	Gallia_est_omnis_divisa_in_partes_tres	nascentes_morimur_finisque_ab_origine_pendet	nanos_gigantum_humeris_insidentes
NonDICOMPETimages	CDS-IMAGE-308106	CDS-NonDICOMPETimages-866054	sapiens_qui_prospicit	haec_olim_meminisse_iuvabit	id_quod_plerumque_accidit
NonDICOMPETimages	CDS-IMAGE-315466	CDS-NonDICOMPETimages-169051	barba_crescit_caput_nescit	sapiens_qui_prospicit	pace_tua
NonDICOMPETimages	CDS-IMAGE-259996	CDS-NonDICOMPETimages-136836	haec_olim_meminisse_iuvabit	Gallia_est_omnis_divisa_in_partes_tres	Gallia_est_omnis_divisa_in_partes_tres
NonDICOMPETimages	CDS-IMAGE-155385	CDS-NonDICOMPETimages-869361	id_quod_plerumque_accidit	scientia_et_sapientia	a_bene_placito
NonDICOMPETimages	CDS-IMAGE-644125	CDS-NonDICOMPETimages-501782	nascentes_morimur_finisque_ab_origine_pendet	haec_olim_meminisse_iuvabit	scientia_et_labor
NonDICOMPETimages	CDS-IMAGE-163842	CDS-NonDICOMPETimages-503787	nanos_gigantum_humeris_insidentes	pace_tua	scientia_et_labor
NonDICOMPETimages	CDS-IMAGE-715529	CDS-NonDICOMPETimages-143070	e_causa_ignota	sapiens_qui_prospicit	damnant_quod_non_intellegunt
NonDICOMPETimages	CDS-IMAGE-105578	CDS-NonDICOMPETimages-449348	sapiens_qui_prospicit	Gallia_est_omnis_divisa_in_partes_tres	scientiae_cedit_mare
NonDICOMPETimages	CDS-IMAGE-996260	CDS-NonDICOMPETimages-641990	Obedientia_civium_urbis_felicitas	salus_in_arduis	scientiae_cedit_mare
NonDICOMPETimages	CDS-IMAGE-295661	CDS-NonDICOMPETimages-424741	damnant_quod_non_intellegunt	pace_tua	scientiae_cedit_mare
NonDICOMPETimages	CDS-IMAGE-356687	CDS-NonDICOMPETimages-244738	salus_in_arduis	labor_ipse_voluptas	Obedientia_civium_urbis_felicitas
NonDICOMPETimages	CDS-IMAGE-672672	CDS-NonDICOMPETimages-293228	scientiae_et_patriae	faber_est_suae_quisque_fortunae	damnant_quod_non_intellegunt
NonDICOMPETimages	CDS-IMAGE-760745	CDS-NonDICOMPETimages-570021	imperium_in_imperio	scientia_et_sapientia	nascentes_morimur_finisque_ab_origine_pendet
NonDICOMPETimages	CDS-IMAGE-447835	CDS-NonDICOMPETimages-220394	salus_in_arduis	id_quod_plerumque_accidit	scientia_et_sapientia
NonDICOMPETimages	CDS-IMAGE-449047	CDS-NonDICOMPETimages-446207	scientiae_et_patriae	labor_ipse_voluptas	scientia_imperii_decus_et_tutamen
NonDICOMPETimages	CDS-IMAGE-502829	CDS-NonDICOMPETimages-794769	e_causa_ignota	labor_ipse_voluptas	nanos_gigantum_humeris_insidentes
NonDICOMPETimages	CDS-IMAGE-517058	CDS-NonDICOMPETimages-775365	sapiens_qui_prospicit	scientia_et_sapientia	a_bene_placito
NonDICOMPETimages	CDS-IMAGE-313975	CDS-NonDICOMPETimages-334479	haec_olim_meminisse_iuvabit	sapiens_qui_prospicit	haec_olim_meminisse_iuvabit
NonDICOMPETimages	CDS-IMAGE-969559	CDS-NonDICOMPETimages-394437	Obedientia_civium_urbis_felicitas	scientiae_cedit_mare	nascentes_morimur_finisque_ab_origine_pendet
NonDICOMPETimages	CDS-IMAGE-960776	CDS-NonDICOMPETimages-232152	faber_est_suae_quisque_fortunae	scientia_et_labor	scientia_imperii_decus_et_tutamen
NonDICOMPETimages	CDS-IMAGE-275645	CDS-NonDICOMPETimages-561487	haec_olim_meminisse_iuvabit	scientia_et_sapientia	barba_crescit_caput_nescit
NonDICOMPETimages	CDS-IMAGE-294393	CDS-NonDICOMPETimages-121930	damnant_quod_non_intellegunt	haec_olim_meminisse_iuvabit	id_quod_plerumque_accidit
NonDICOMPETimages	CDS-IMAGE-716232	CDS-NonDICOMPETimages-202515	damnant_quod_non_intellegunt	scientia,_aere_perennius	O_Tite_tute_Tati_tibi_tanta_tyranne_tulisti
NonDICOMPETimages	CDS-IMAGE-581730	CDS-NonDICOMPETimages-584506	labor_ipse_voluptas	cacatum_non_est_pictum	sapiens_qui_prospicit
NonDICOMPETimages	CDS-IMAGE-895263	CDS-NonDICOMPETimages-672173	a_bene_placito	damnant_quod_non_intellegunt	Obedientia_civium_urbis_felicitas
NonDICOMPETimages	CDS-IMAGE-252406	CDS-NonDICOMPETimages-746033	haec_olim_meminisse_iuvabit	scientiae_cedit_mare	sapiens_qui_prospicit
NonDICOMPETimages	CDS-IMAGE-801798	CDS-NonDICOMPETimages-788954	Obedientia_civium_urbis_felicitas	scientia,_aere_perennius	cacatum_non_est_pictum
NonDICOMPETimages	CDS-IMAGE-831938	CDS-NonDICOMPETimages-801129	saltus_in_demonstrando	Gallia_est_omnis_divisa_in_partes_tres	scientia_imperii_decus_et_tutamen
NonDICOMPETimages	CDS-IMAGE-232205	CDS-NonDICOMPETimages-163330	id_quod_plerumque_accidit	labor_ipse_voluptas	salus_in_arduis
NonDICOMPETimages	CDS-IMAGE-976532	CDS-NonDICOMPETimages-219738	scientiae_et_patriae	Obedientia_civium_urbis_felicitas	salus_in_arduis
NonDICOMPETimages	CDS-IMAGE-437110	CDS-NonDICOMPETimages-275448	Macte_animo_Generose_puer_sic_itur_ad_astra	scientiae_cedit_mare	haec_olim_meminisse_iuvabit
NonDICOMPETimages	CDS-IMAGE-487436	CDS-NonDICOMPETimages-239172	sapiens_qui_prospicit	a_bene_placito	salus_in_arduis
NonDICOMPETimages	CDS-IMAGE-744923	CDS-NonDICOMPETimages-187871	barba_crescit_caput_nescit	damnant_quod_non_intellegunt	cacatum_non_est_pictum
NonDICOMPETimages	CDS-IMAGE-305132	CDS-NonDICOMPETimages-204254	e_causa_ignota	a_bene_placito	id_quod_plerumque_accidit
NonDICOMPETimages	CDS-IMAGE-324996	CDS-NonDICOMPETimages-914913	pace_tua	id_quod_plerumque_accidit	saltus_in_demonstrando
NonDICOMPETimages	CDS-IMAGE-986376	CDS-NonDICOMPETimages-257528	saltus_in_demonstrando	salus_in_arduis	haec_olim_meminisse_iuvabit
NonDICOMPETimages	CDS-IMAGE-532724	CDS-NonDICOMPETimages-718556	nascentes_morimur_finisque_ab_origine_pendet	scientia,_aere_perennius	haec_olim_meminisse_iuvabit
NonDICOMPETimages	CDS-IMAGE-221504	CDS-NonDICOMPETimages-466906	scientiae_cedit_mare	a_bene_placito	scientia_et_labor
NonDICOMPETimages	CDS-IMAGE-594689	CDS-NonDICOMPETimages-475066	barba_crescit_caput_nescit	e_causa_ignota	Macte_animo_Generose_puer_sic_itur_ad_astra
NonDICOMPETimages	CDS-IMAGE-817027	CDS-NonDICOMPETimages-377646	pace_tua	scientia_et_sapientia	scientia_imperii_decus_et_tutamen
NonDICOMPETimages	CDS-IMAGE-139555	CDS-NonDICOMPETimages-557804	scientia_et_sapientia	salus_in_arduis	scientia_et_sapientia
NonDICOMPETimages	CDS-IMAGE-815029	CDS-NonDICOMPETimages-934863	Obedientia_civium_urbis_felicitas	scientia,_aere_perennius	imperium_in_imperio
NonDICOMPETimages	CDS-IMAGE-179349	CDS-NonDICOMPETimages-591839	nascentes_morimur_finisque_ab_origine_pendet	Gallia_est_omnis_divisa_in_partes_tres	damnant_quod_non_intellegunt
NonDICOMPETimages	CDS-IMAGE-432538	CDS-NonDICOMPETimages-610469	nanos_gigantum_humeris_insidentes	salus_in_arduis	salus_in_arduis
NonDICOMPETimages	CDS-IMAGE-207611	CDS-NonDICOMPETimages-757840	cacatum_non_est_pictum	scientiae_et_patriae	damnant_quod_non_intellegunt
NonDICOMPETimages	CDS-IMAGE-284302	CDS-NonDICOMPETimages-213960	scientiae_cedit_mare	O_Tite_tute_Tati_tibi_tanta_tyranne_tulisti	labor_ipse_voluptas
NonDICOMPETimages	CDS-IMAGE-937522	CDS-NonDICOMPETimages-782593	nanos_gigantum_humeris_insidentes	haec_olim_meminisse_iuvabit	O_Tite_tute_Tati_tibi_tanta_tyranne_tulisti
NonDICOMPETimages	CDS-IMAGE-357602	CDS-NonDICOMPETimages-430845	Obedientia_civium_urbis_felicitas	nanos_gigantum_humeris_insidentes	salus_in_arduis
NonDICOMPETimages	CDS-IMAGE-174662	CDS-NonDICOMPETimages-385474	Gallia_est_omnis_divisa_in_partes_tres	scientiae_et_patriae	scientiae_et_patriae
NonDICOMPETimages	CDS-IMAGE-348665	CDS-NonDICOMPETimages-771891	scientiae_cedit_mare	damnant_quod_non_intellegunt	scientiae_et_patriae
NonDICOMPETimages	CDS-IMAGE-584133	CDS-NonDICOMPETimages-683202	id_quod_plerumque_accidit	O_Tite_tute_Tati_tibi_tanta_tyranne_tulisti	imperium_in_imperio
NonDICOMPETimages	CDS-IMAGE-704340	CDS-NonDICOMPETimages-970222	nascentes_morimur_finisque_ab_origine_pendet	Obedientia_civium_urbis_felicitas	scientia_et_sapientia
NonDICOMPETimages	CDS-IMAGE-370010	CDS-NonDICOMPETimages-886658	Obedientia_civium_urbis_felicitas	e_causa_ignota	salus_in_arduis
NonDICOMPETimages	CDS-IMAGE-328203	CDS-NonDICOMPETimages-375365	scientia,_aere_perennius	nanos_gigantum_humeris_insidentes	Gallia_est_omnis_divisa_in_partes_tres
NonDICOMPETimages	CDS-IMAGE-449145	CDS-NonDICOMPETimages-644879	imperium_in_imperio	nanos_gigantum_humeris_insidentes	scientiae_et_patriae
NonDICOMPETimages	CDS-IMAGE-233274	CDS-NonDICOMPETimages-854421	O_Tite_tute_Tati_tibi_tanta_tyranne_tulisti	faber_est_suae_quisque_fortunae	sapiens_qui_prospicit
NonDICOMPETimages	CDS-IMAGE-248757	CDS-NonDICOMPETimages-650881	sapiens_qui_prospicit	saltus_in_demonstrando	Obedientia_civium_urbis_felicitas
NonDICOMPETimages	CDS-IMAGE-678258	CDS-NonDICOMPETimages-200772	scientia,_aere_perennius	labor_ipse_voluptas	imperium_in_imperio
NonDICOMPETimages	CDS-IMAGE-848824	CDS-NonDICOMPETimages-138294	scientiae_cedit_mare	labor_ipse_voluptas	Gallia_est_omnis_divisa_in_partes_tres
NonDICOMPETimages	CDS-IMAGE-338352	CDS-NonDICOMPETimages-714641	Gallia_est_omnis_divisa_in_partes_tres	salus_in_arduis	nascentes_morimur_finisque_ab_origine_pendet
NonDICOMPETimages	CDS-IMAGE-630235	CDS-NonDICOMPETimages-624261	nascentes_morimur_finisque_ab_origine_pendet	scientia_et_sapientia	scientiae_cedit_mare
NonDICOMPETimages	CDS-IMAGE-367090	CDS-NonDICOMPETimages-315297	scientiae_cedit_mare	salus_in_arduis	id_quod_plerumque_accidit
NonDICOMPETimages	CDS-IMAGE-531593	CDS-NonDICOMPETimages-123958	cacatum_non_est_pictum	scientiae_et_patriae	scientia,_aere_perennius
NonDICOMPETimages	CDS-IMAGE-529404	CDS-NonDICOMPETimages-403787	nanos_gigantum_humeris_insidentes	scientia_et_sapientia	cacatum_non_est_pictum
NonDICOMPETimages	CDS-IMAGE-171301	CDS-NonDICOMPETimages-611931	scientia_et_labor	labor_ipse_voluptas	Obedientia_civium_urbis_felicitas
NonDICOMPETimages	CDS-IMAGE-544663	CDS-NonDICOMPETimages-561546	O_Tite_tute_Tati_tibi_tanta_tyranne_tulisti	haec_olim_meminisse_iuvabit	damnant_quod_non_intellegunt
NonDICOMPETimages	CDS-IMAGE-296419	CDS-NonDICOMPETimages-447961	salus_in_arduis	labor_ipse_voluptas	sapiens_qui_prospicit
NonDICOMPETimages	CDS-IMAGE-452418	CDS-NonDICOMPETimages-351139	saltus_in_demonstrando	scientia_et_labor	cacatum_non_est_pictum
NonDICOMPETimages	CDS-IMAGE-155821	CDS-NonDICOMPETimages-782795	a_bene_placito	e_causa_ignota	salus_in_arduis
NonDICOMPETimages	CDS-IMAGE-365753	CDS-NonDICOMPETimages-327021	haec_olim_meminisse_iuvabit	damnant_quod_non_intellegunt	barba_crescit_caput_nescit
NonDICOMPETimages	CDS-IMAGE-766020	CDS-NonDICOMPETimages-470336	e_causa_ignota	barba_crescit_caput_nescit	a_bene_placito
NonDICOMPETimages	CDS-IMAGE-106515	CDS-NonDICOMPETimages-357458	Macte_animo_Generose_puer_sic_itur_ad_astra	imperium_in_imperio	imperium_in_imperio
NonDICOMPETimages	CDS-IMAGE-886901	CDS-NonDICOMPETimages-419423	damnant_quod_non_intellegunt	saltus_in_demonstrando	nanos_gigantum_humeris_insidentes
NonDICOMPETimages	CDS-IMAGE-127885	CDS-NonDICOMPETimages-118461	haec_olim_meminisse_iuvabit	scientia_et_sapientia	Macte_animo_Generose_puer_sic_itur_ad_astra
NonDICOMPETimages	CDS-IMAGE-429419	CDS-NonDICOMPETimages-364607	pace_tua	scientia,_aere_perennius	salus_in_arduis
NonDICOMPETimages	CDS-IMAGE-961332	CDS-NonDICOMPETimages-870721	labor_ipse_voluptas	e_causa_ignota	nascentes_morimur_finisque_ab_origine_pendet
NonDICOMPETimages	CDS-IMAGE-830300	CDS-NonDICOMPETimages-981201	barba_crescit_caput_nescit	salus_in_arduis	saltus_in_demonstrando
NonDICOMPETimages	CDS-IMAGE-498012	CDS-NonDICOMPETimages-850145	nanos_gigantum_humeris_insidentes	Gallia_est_omnis_divisa_in_partes_tres	nanos_gigantum_humeris_insidentes
NonDICOMPETimages	CDS-IMAGE-646939	CDS-NonDICOMPETimages-325429	damnant_quod_non_intellegunt	salus_in_arduis	imperium_in_imperio
NonDICOMPETimages	CDS-IMAGE-458878	CDS-NonDICOMPETimages-553685	scientia_imperii_decus_et_tutamen	scientiae_et_patriae	cacatum_non_est_pictum
NonDICOMPETimages	CDS-IMAGE-558875	CDS-NonDICOMPETimages-563300	id_quod_plerumque_accidit	damnant_quod_non_intellegunt	salus_in_arduis
NonDICOMPETimages	CDS-IMAGE-929624	CDS-NonDICOMPETimages-846856	haec_olim_meminisse_iuvabit	salus_in_arduis	pace_tua
NonDICOMPETimages	CDS-IMAGE-163523	CDS-NonDICOMPETimages-523406	a_bene_placito	scientia,_aere_perennius	Gallia_est_omnis_divisa_in_partes_tres
NonDICOMPETimages	CDS-IMAGE-457372	CDS-NonDICOMPETimages-795912	nanos_gigantum_humeris_insidentes	damnant_quod_non_intellegunt	sapiens_qui_prospicit
NonDICOMPETimages	CDS-IMAGE-795234	CDS-NonDICOMPETimages-778611	nanos_gigantum_humeris_insidentes	scientiae_et_patriae	imperium_in_imperio
NonDICOMPETimages	CDS-IMAGE-828166	CDS-NonDICOMPETimages-466219	scientia_et_labor	scientia_imperii_decus_et_tutamen	barba_crescit_caput_nescit
NonDICOMPETimages	CDS-IMAGE-377448	CDS-NonDICOMPETimages-734241	scientia_imperii_decus_et_tutamen	e_causa_ignota	imperium_in_imperio
NonDICOMPETimages	CDS-IMAGE-434147	CDS-NonDICOMPETimages-646784	Obedientia_civium_urbis_felicitas	Gallia_est_omnis_divisa_in_partes_tres	pace_tua
NonDICOMPETimages	CDS-IMAGE-421875	CDS-NonDICOMPETimages-954235	saltus_in_demonstrando	pace_tua	damnant_quod_non_intellegunt
NonDICOMPETimages	CDS-IMAGE-962520	CDS-NonDICOMPETimages-352969	damnant_quod_non_intellegunt	salus_in_arduis	id_quod_plerumque_accidit
NonDICOMPETimages	CDS-IMAGE-199747	CDS-NonDICOMPETimages-902842	saltus_in_demonstrando	barba_crescit_caput_nescit	scientiae_et_patriae
NonDICOMPETimages	CDS-IMAGE-962627	CDS-NonDICOMPETimages-299617	cacatum_non_est_pictum	Gallia_est_omnis_divisa_in_partes_tres	Macte_animo_Generose_puer_sic_itur_ad_astra
NonDICOMPETimages	CDS-IMAGE-576855	CDS-NonDICOMPETimages-614575	Gallia_est_omnis_divisa_in_partes_tres	O_Tite_tute_Tati_tibi_tanta_tyranne_tulisti	scientia_imperii_decus_et_tutamen
NonDICOMPETimages	CDS-IMAGE-367154	CDS-NonDICOMPETimages-239310	Obedientia_civium_urbis_felicitas	cacatum_non_est_pictum	a_bene_placito
NonDICOMPETimages	CDS-IMAGE-135878	CDS-NonDICOMPETimages-546711	nascentes_morimur_finisque_ab_origine_pendet	scientia_imperii_decus_et_tutamen	scientia,_aere_perennius
NonDICOMPETimages	CDS-IMAGE-311050	CDS-NonDICOMPETimages-134879	scientiae_cedit_mare	scientia,_aere_perennius	scientia_et_labor
NonDICOMPETimages	CDS-IMAGE-167243	CDS-NonDICOMPETimages-877877	scientiae_cedit_mare	a_bene_placito	nascentes_morimur_finisque_ab_origine_pendet
NonDICOMPETimages	CDS-IMAGE-391906	CDS-NonDICOMPETimages-191020	cacatum_non_est_pictum	nascentes_morimur_finisque_ab_origine_pendet	Macte_animo_Generose_puer_sic_itur_ad_astra
NonDICOMPETimages	CDS-IMAGE-164743	CDS-NonDICOMPETimages-908782	O_Tite_tute_Tati_tibi_tanta_tyranne_tulisti	barba_crescit_caput_nescit	saltus_in_demonstrando
NonDICOMPETimages	CDS-IMAGE-123468	CDS-NonDICOMPETimages-189295	nascentes_morimur_finisque_ab_origine_pendet	pace_tua	imperium_in_imperio
NonDICOMPETimages	CDS-IMAGE-254404	CDS-NonDICOMPETimages-732631	sapiens_qui_prospicit	a_bene_placito	nanos_gigantum_humeris_insidentes
NonDICOMPETimages	CDS-IMAGE-961445	CDS-NonDICOMPETimages-343230	imperium_in_imperio	scientia_imperii_decus_et_tutamen	nanos_gigantum_humeris_insidentes
NonDICOMPETimages	CDS-IMAGE-302109	CDS-NonDICOMPETimages-305366	faber_est_suae_quisque_fortunae	a_bene_placito	scientia,_aere_perennius
NonDICOMPETimages	CDS-IMAGE-105707	CDS-NonDICOMPETimages-545750	salus_in_arduis	Obedientia_civium_urbis_felicitas	scientia_imperii_decus_et_tutamen
NonDICOMPETimages	CDS-IMAGE-903517	CDS-NonDICOMPETimages-623452	Obedientia_civium_urbis_felicitas	imperium_in_imperio	haec_olim_meminisse_iuvabit
NonDICOMPETimages	CDS-IMAGE-163544	CDS-NonDICOMPETimages-844041	scientia_et_labor	scientiae_et_patriae	nanos_gigantum_humeris_insidentes
NonDICOMPETimages	CDS-IMAGE-513415	CDS-NonDICOMPETimages-209944	scientiae_cedit_mare	Obedientia_civium_urbis_felicitas	id_quod_plerumque_accidit
NonDICOMPETimages	CDS-IMAGE-598380	CDS-NonDICOMPETimages-518441	imperium_in_imperio	imperium_in_imperio	haec_olim_meminisse_iuvabit
NonDICOMPETimages	CDS-IMAGE-939598	CDS-NonDICOMPETimages-858811	Obedientia_civium_urbis_felicitas	scientia_et_sapientia	scientia,_aere_perennius
NonDICOMPETimages	CDS-IMAGE-573997	CDS-NonDICOMPETimages-514613	Macte_animo_Generose_puer_sic_itur_ad_astra	sapiens_qui_prospicit	haec_olim_meminisse_iuvabit
NonDICOMPETimages	CDS-IMAGE-647453	CDS-NonDICOMPETimages-626915	salus_in_arduis	scientiae_et_patriae	cacatum_non_est_pictum
NonDICOMPETimages	CDS-IMAGE-261602	CDS-NonDICOMPETimages-103544	Macte_animo_Generose_puer_sic_itur_ad_astra	scientia_et_sapientia	haec_olim_meminisse_iuvabit
NonDICOMPETimages	CDS-IMAGE-389585	CDS-NonDICOMPETimages-541119	scientia,_aere_perennius	nascentes_morimur_finisque_ab_origine_pendet	scientia_imperii_decus_et_tutamen
NonDICOMPETimages	CDS-IMAGE-961457	CDS-NonDICOMPETimages-626126	nascentes_morimur_finisque_ab_origine_pendet	scientia_et_sapientia	scientiae_cedit_mare
NonDICOMPETimages	CDS-IMAGE-987570	CDS-NonDICOMPETimages-344046	haec_olim_meminisse_iuvabit	O_Tite_tute_Tati_tibi_tanta_tyranne_tulisti	scientia,_aere_perennius
NonDICOMPETimages	CDS-IMAGE-949585	CDS-NonDICOMPETimages-816284	Gallia_est_omnis_divisa_in_partes_tres	saltus_in_demonstrando	faber_est_suae_quisque_fortunae
NonDICOMPETimages	CDS-IMAGE-566085	CDS-NonDICOMPETimages-857403	sapiens_qui_prospicit	pace_tua	O_Tite_tute_Tati_tibi_tanta_tyranne_tulisti
NonDICOMPETimages	CDS-IMAGE-987129	CDS-NonDICOMPETimages-517480	a_bene_placito	sapiens_qui_prospicit	scientiae_et_patriae
NonDICOMPETimages	CDS-IMAGE-822062	CDS-NonDICOMPETimages-259678	nascentes_morimur_finisque_ab_origine_pendet	a_bene_placito	e_causa_ignota
NonDICOMPETimages	CDS-IMAGE-312065	CDS-NonDICOMPETimages-429149	faber_est_suae_quisque_fortunae	salus_in_arduis	nanos_gigantum_humeris_insidentes
NonDICOMPETimages	CDS-IMAGE-756498	CDS-NonDICOMPETimages-672218	pace_tua	e_causa_ignota	scientia_et_labor
NonDICOMPETimages	CDS-IMAGE-251080	CDS-NonDICOMPETimages-848481	scientia,_aere_perennius	cacatum_non_est_pictum	nanos_gigantum_humeris_insidentes
NonDICOMPETimages	CDS-IMAGE-145197	CDS-NonDICOMPETimages-834730	labor_ipse_voluptas	scientia_et_labor	Macte_animo_Generose_puer_sic_itur_ad_astra
NonDICOMPETimages	CDS-IMAGE-534799	CDS-NonDICOMPETimages-422278	imperium_in_imperio	scientia_et_sapientia	damnant_quod_non_intellegunt
NonDICOMPETimages	CDS-IMAGE-937046	CDS-NonDICOMPETimages-737844	faber_est_suae_quisque_fortunae	saltus_in_demonstrando	Gallia_est_omnis_divisa_in_partes_tres
NonDICOMPETimages	CDS-IMAGE-326443	CDS-NonDICOMPETimages-134227	nanos_gigantum_humeris_insidentes	e_causa_ignota	barba_crescit_caput_nescit
NonDICOMPETimages	CDS-IMAGE-984368	CDS-NonDICOMPETimages-236950	salus_in_arduis	a_bene_placito	Obedientia_civium_urbis_felicitas
NonDICOMPETimages	CDS-IMAGE-590957	CDS-NonDICOMPETimages-548447	saltus_in_demonstrando	scientia,_aere_perennius	saltus_in_demonstrando
NonDICOMPETimages	CDS-IMAGE-109551	CDS-NonDICOMPETimages-416989	haec_olim_meminisse_iuvabit	Macte_animo_Generose_puer_sic_itur_ad_astra	Macte_animo_Generose_puer_sic_itur_ad_astra
NonDICOMPETimages	CDS-IMAGE-850176	CDS-NonDICOMPETimages-565013	faber_est_suae_quisque_fortunae	nanos_gigantum_humeris_insidentes	Macte_animo_Generose_puer_sic_itur_ad_astra
NonDICOMPETimages	CDS-IMAGE-271093	CDS-NonDICOMPETimages-187518	O_Tite_tute_Tati_tibi_tanta_tyranne_tulisti	scientiae_cedit_mare	pace_tua
NonDICOMPETimages	CDS-IMAGE-261242	CDS-NonDICOMPETimages-695892	saltus_in_demonstrando	imperium_in_imperio	barba_crescit_caput_nescit
NonDICOMPETimages	CDS-IMAGE-220292	CDS-NonDICOMPETimages-111462	salus_in_arduis	damnant_quod_non_intellegunt	scientiae_et_patriae
NonDICOMPETimages	CDS-IMAGE-566132	CDS-NonDICOMPETimages-489082	scientiae_cedit_mare	scientia,_aere_perennius	O_Tite_tute_Tati_tibi_tanta_tyranne_tulisti
NonDICOMPETimages	CDS-IMAGE-232518	CDS-NonDICOMPETimages-655690	scientia_et_sapientia	scientiae_cedit_mare	a_bene_placito
NonDICOMPETimages	CDS-IMAGE-295636	CDS-NonDICOMPETimages-342833	imperium_in_imperio	scientiae_cedit_mare	e_causa_ignota
NonDICOMPETimages	CDS-IMAGE-808470	CDS-NonDICOMPETimages-231982	scientia_et_sapientia	O_Tite_tute_Tati_tibi_tanta_tyranne_tulisti	e_causa_ignota
NonDICOMPETimages	CDS-IMAGE-527323	CDS-NonDICOMPETimages-182391	damnant_quod_non_intellegunt	Gallia_est_omnis_divisa_in_partes_tres	damnant_quod_non_intellegunt
NonDICOMPETimages	CDS-IMAGE-571044	CDS-NonDICOMPETimages-127461	scientia,_aere_perennius	faber_est_suae_quisque_fortunae	Macte_animo_Generose_puer_sic_itur_ad_astra
NonDICOMPETimages	CDS-IMAGE-502085	CDS-NonDICOMPETimages-688023	Obedientia_civium_urbis_felicitas	haec_olim_meminisse_iuvabit	barba_crescit_caput_nescit
NonDICOMPETimages	CDS-IMAGE-344943	CDS-NonDICOMPETimages-362134	scientiae_et_patriae	scientia_imperii_decus_et_tutamen	a_bene_placito
NonDICOMPETimages	CDS-IMAGE-778598	CDS-NonDICOMPETimages-511241	Gallia_est_omnis_divisa_in_partes_tres	sapiens_qui_prospicit	Macte_animo_Generose_puer_sic_itur_ad_astra
NonDICOMPETimages	CDS-IMAGE-199149	CDS-NonDICOMPETimages-541287	scientia_et_labor	scientia_et_sapientia	salus_in_arduis
NonDICOMPETimages	CDS-IMAGE-573047	CDS-NonDICOMPETimages-129330	scientia_et_labor	cacatum_non_est_pictum	imperium_in_imperio
NonDICOMPETimages	CDS-IMAGE-898351	CDS-NonDICOMPETimages-885027	e_causa_ignota	scientiae_cedit_mare	barba_crescit_caput_nescit
NonDICOMPETimages	CDS-IMAGE-684245	CDS-NonDICOMPETimages-463427	a_bene_placito	scientia,_aere_perennius	pace_tua
NonDICOMPETimages	CDS-IMAGE-320603	CDS-NonDICOMPETimages-925397	scientia_imperii_decus_et_tutamen	cacatum_non_est_pictum	Gallia_est_omnis_divisa_in_partes_tres
NonDICOMPETimages	CDS-IMAGE-352944	CDS-NonDICOMPETimages-123600	imperium_in_imperio	scientiae_cedit_mare	scientia_imperii_decus_et_tutamen
NonDICOMPETimages	CDS-IMAGE-774475	CDS-NonDICOMPETimages-557071	scientia,_aere_perennius	damnant_quod_non_intellegunt	cacatum_non_est_pictum
NonDICOMPETimages	CDS-IMAGE-530015	CDS-NonDICOMPETimages-759126	scientia_imperii_decus_et_tutamen	salus_in_arduis	id_quod_plerumque_accidit
NonDICOMPETimages	CDS-IMAGE-170445	CDS-NonDICOMPETimages-474271	salus_in_arduis	scientia_imperii_decus_et_tutamen	haec_olim_meminisse_iuvabit
NonDICOMPETimages	CDS-IMAGE-627727	CDS-NonDICOMPETimages-237315	scientia_et_labor	barba_crescit_caput_nescit	Obedientia_civium_urbis_felicitas
NonDICOMPETimages	CDS-IMAGE-583161	CDS-NonDICOMPETimages-274819	haec_olim_meminisse_iuvabit	barba_crescit_caput_nescit	pace_tua
NonDICOMPETimages	CDS-IMAGE-519071	CDS-NonDICOMPETimages-379815	O_Tite_tute_Tati_tibi_tanta_tyranne_tulisti	sapiens_qui_prospicit	haec_olim_meminisse_iuvabit
NonDICOMPETimages	CDS-IMAGE-553167	CDS-NonDICOMPETimages-439041	imperium_in_imperio	scientiae_et_patriae	sapiens_qui_prospicit
NonDICOMPETimages	CDS-IMAGE-841997	CDS-NonDICOMPETimages-727281	Macte_animo_Generose_puer_sic_itur_ad_astra	Obedientia_civium_urbis_felicitas	scientia_imperii_decus_et_tutamen
NonDICOMPETimages	CDS-IMAGE-324696	CDS-NonDICOMPETimages-672178	damnant_quod_non_intellegunt	scientia_et_labor	damnant_quod_non_intellegunt
