type	image.study_link_id	NonDICOMMRimages_id	MRImageAcquisitionProtocolElement_echoPulseSequenceCategoryCode	MRImageAcquisitionProtocolElement_diffusionBValue	MRImageAcquisitionProtocolElement_diffusionDirectionalityCode	MRImageAcquisitionProtocolElement_magneticFieldStrength	MRImageAcquisitionProtocolElement_resonantNucleusCode	MRImageAcquisitionProtocolElement_acquisitionContrastCode	MRImageAcquisitionProtocolElement_inversionRecoveryIndicator	MRImageAcquisitionProtocolElement_pulseSequenceName	MRImageAcquisitionProtocolElement_multipleSpinEchoIndicator	MRImageAcquisitionProtocolElement_phaseContrastIndicator	MRImageAcquisitionProtocolElement_timeOfFlightContrastIndicator	MRImageAcquisitionProtocolElement_arterialSpinLabelingContrastCode	MRImageAcquisitionProtocolElement_steadyStatePulseSequenceCode	MRImageAcquisitionProtocolElement_echoPlanarPulseSequenceIndicator	MRImageAcquisitionProtocolElement_saturationRecoveryIndicator	MRImageAcquisitionProtocolElement_spectrallySelectedSuppressionCode	MRImageReconstructionProtocolElement_complexImageComponentCode	crdc_id
NonDICOMMRimages	GC-IMAGE-715541	GC-NonDICOMMRimages-479979	BOTH	scientiae_et_patriae	BMATRIX	scientia_imperii_decus_et_tutamen	19F	TOF_Time Of Flight weighted contrast	No	Gallia_est_omnis_divisa_in_partes_tres	Yes	Yes	No	sapiens_qui_prospicit	FREE PRECESSION	No	No	FAT AND WATER	MAGNITUDE	id_quod_plerumque_accidit
NonDICOMMRimages	GC-IMAGE-666518	GC-NonDICOMMRimages-907816	SPIN	scientiae_cedit_mare	ISOTROPIC	nascentes_morimur_finisque_ab_origine_pendet	13C	PERFUSION_Perfusion weighted contrast	No	salus_in_arduis	Yes	Yes	Yes	pace_tua	NONE	No	Yes	SILICON GEL	IMAGINARY	barba_crescit_caput_nescit
NonDICOMMRimages	GC-IMAGE-409894	GC-NonDICOMMRimages-386786	GRADIENT	damnant_quod_non_intellegunt	DIRECTIONAL	Macte_animo_Generose_puer_sic_itur_ad_astra	19F	PROTON_DENSITY_Proton Density weighted contrast	Yes	scientia_et_labor	Yes	No	Yes	sapiens_qui_prospicit	NONE	Yes	No	WATER	IMAGINARY	haec_olim_meminisse_iuvabit
NonDICOMMRimages	GC-IMAGE-237542	GC-NonDICOMMRimages-984556	SPIN	scientiae_cedit_mare	NONE	scientiae_cedit_mare	129XE	T2_T2 weighted contrast	No	e_causa_ignota	No	Yes	Yes	nanos_gigantum_humeris_insidentes	LONGITUDINAL	No	No	FAT	REAL	scientiae_et_patriae
NonDICOMMRimages	GC-IMAGE-820437	GC-NonDICOMMRimages-142581	GRADIENT	scientia_imperii_decus_et_tutamen	ISOTROPIC	scientia_et_labor	129XE	FLOW_ENCODED_Flow Encoded contrast	No	sapiens_qui_prospicit	No	No	Yes	e_causa_ignota	NONE	No	Yes	FAT AND WATER	REAL	scientia_imperii_decus_et_tutamen
NonDICOMMRimages	GC-IMAGE-616441	GC-NonDICOMMRimages-512316	SPIN	cacatum_non_est_pictum	DIRECTIONAL	sapiens_qui_prospicit	13C	STIR_Short Tau Inversion Recovery	No	labor_ipse_voluptas	No	No	No	damnant_quod_non_intellegunt	TRANSVERSE	Yes	No	FAT AND WATER	REAL	scientiae_cedit_mare
NonDICOMMRimages	GC-IMAGE-204998	GC-NonDICOMMRimages-500104	GRADIENT	damnant_quod_non_intellegunt	BMATRIX	imperium_in_imperio	3HE	PROTON_DENSITY_Proton Density weighted contrast	No	scientiae_et_patriae	No	No	No	O_Tite_tute_Tati_tibi_tanta_tyranne_tulisti	LONGITUDINAL	No	Yes	FAT	MAGNITUDE	scientia_et_labor
NonDICOMMRimages	GC-IMAGE-140528	GC-NonDICOMMRimages-551227	BOTH	saltus_in_demonstrando	NONE	labor_ipse_voluptas	13C	TOF_Time Of Flight weighted contrast	Yes	salus_in_arduis	Yes	No	No	scientia_et_sapientia	LONGITUDINAL	Yes	Yes	FAT AND WATER	MAGNITUDE	salus_in_arduis
NonDICOMMRimages	GC-IMAGE-738853	GC-NonDICOMMRimages-294345	SPIN	Gallia_est_omnis_divisa_in_partes_tres	DIRECTIONAL	scientia_et_sapientia	19F	TAGGING_Superposition of thin saturation bands onto image	Yes	cacatum_non_est_pictum	Yes	No	Yes	haec_olim_meminisse_iuvabit	TRANSVERSE	No	No	SILICON GEL	PHASE	saltus_in_demonstrando
NonDICOMMRimages	GC-IMAGE-676883	GC-NonDICOMMRimages-965688	GRADIENT	O_Tite_tute_Tati_tibi_tanta_tyranne_tulisti	BMATRIX	labor_ipse_voluptas	19F	PROTON_DENSITY_Proton Density weighted contrast	No	labor_ipse_voluptas	Yes	No	Yes	scientiae_cedit_mare	FREE PRECESSION	Yes	Yes	NONE	IMAGINARY	Gallia_est_omnis_divisa_in_partes_tres
NonDICOMMRimages	GC-IMAGE-968678	GC-NonDICOMMRimages-738875	GRADIENT	Macte_animo_Generose_puer_sic_itur_ad_astra	NONE	cacatum_non_est_pictum	129XE	FLOW_ENCODED_Flow Encoded contrast	No	scientia,_aere_perennius	No	No	Yes	Macte_animo_Generose_puer_sic_itur_ad_astra	LONGITUDINAL	Yes	Yes	FAT AND WATER	REAL	O_Tite_tute_Tati_tibi_tanta_tyranne_tulisti
NonDICOMMRimages	GC-IMAGE-367953	GC-NonDICOMMRimages-932598	GRADIENT	haec_olim_meminisse_iuvabit	NONE	nanos_gigantum_humeris_insidentes	31P	FLOW_ENCODED_Flow Encoded contrast	Yes	scientia_imperii_decus_et_tutamen	Yes	Yes	Yes	scientia_et_labor	TIME REVERSED	Yes	No	FAT AND WATER	IMAGINARY	nascentes_morimur_finisque_ab_origine_pendet
NonDICOMMRimages	GC-IMAGE-387067	GC-NonDICOMMRimages-272903	GRADIENT	faber_est_suae_quisque_fortunae	ISOTROPIC	saltus_in_demonstrando	31P	PERFUSION_Perfusion weighted contrast	Yes	salus_in_arduis	No	Yes	Yes	labor_ipse_voluptas	TRANSVERSE	Yes	No	NONE	MAGNITUDE	scientiae_et_patriae
NonDICOMMRimages	GC-IMAGE-932467	GC-NonDICOMMRimages-834098	GRADIENT	O_Tite_tute_Tati_tibi_tanta_tyranne_tulisti	ISOTROPIC	scientia_imperii_decus_et_tutamen	129XE	TAGGING_Superposition of thin saturation bands onto image	Yes	scientiae_et_patriae	Yes	Yes	No	scientia_et_sapientia	FREE PRECESSION	Yes	No	WATER	IMAGINARY	e_causa_ignota
NonDICOMMRimages	GC-IMAGE-240899	GC-NonDICOMMRimages-242975	SPIN	id_quod_plerumque_accidit	ISOTROPIC	id_quod_plerumque_accidit	19F	PROTON_DENSITY_Proton Density weighted contrast	Yes	sapiens_qui_prospicit	No	No	No	imperium_in_imperio	TRANSVERSE	Yes	No	FAT AND WATER	REAL	scientiae_cedit_mare
NonDICOMMRimages	GC-IMAGE-752203	GC-NonDICOMMRimages-371035	GRADIENT	pace_tua	BMATRIX	Macte_animo_Generose_puer_sic_itur_ad_astra	13C	DIFFUSION	No	scientia_et_sapientia	Yes	Yes	Yes	haec_olim_meminisse_iuvabit	LONGITUDINAL	No	No	WATER	PHASE	scientiae_cedit_mare
NonDICOMMRimages	GC-IMAGE-680344	GC-NonDICOMMRimages-559017	SPIN	a_bene_placito	ISOTROPIC	cacatum_non_est_pictum	19F	T2_STAR_T2* weighted contrast	Yes	damnant_quod_non_intellegunt	Yes	No	No	scientia_et_labor	TIME REVERSED	No	No	NONE	PHASE	Gallia_est_omnis_divisa_in_partes_tres
NonDICOMMRimages	GC-IMAGE-641660	GC-NonDICOMMRimages-190145	BOTH	id_quod_plerumque_accidit	ISOTROPIC	Gallia_est_omnis_divisa_in_partes_tres	31P	PERFUSION_Perfusion weighted contrast	No	damnant_quod_non_intellegunt	Yes	Yes	Yes	imperium_in_imperio	FREE PRECESSION	Yes	Yes	SILICON GEL	MAGNITUDE	e_causa_ignota
NonDICOMMRimages	GC-IMAGE-558324	GC-NonDICOMMRimages-772038	GRADIENT	Gallia_est_omnis_divisa_in_partes_tres	BMATRIX	id_quod_plerumque_accidit	129XE	STIR_Short Tau Inversion Recovery	Yes	O_Tite_tute_Tati_tibi_tanta_tyranne_tulisti	No	No	No	faber_est_suae_quisque_fortunae	NONE	No	No	FAT	MAGNITUDE	sapiens_qui_prospicit
NonDICOMMRimages	GC-IMAGE-306003	GC-NonDICOMMRimages-441970	SPIN	scientia_et_labor	ISOTROPIC	Macte_animo_Generose_puer_sic_itur_ad_astra	13C	STIR_Short Tau Inversion Recovery	No	saltus_in_demonstrando	Yes	Yes	Yes	imperium_in_imperio	NONE	No	No	NONE	MAGNITUDE	Macte_animo_Generose_puer_sic_itur_ad_astra
NonDICOMMRimages	GC-IMAGE-987848	GC-NonDICOMMRimages-539957	SPIN	a_bene_placito	BMATRIX	Macte_animo_Generose_puer_sic_itur_ad_astra	13C	T1_T1 weighted contrast	No	pace_tua	Yes	No	No	scientiae_et_patriae	NONE	Yes	Yes	FAT	PHASE	Obedientia_civium_urbis_felicitas
NonDICOMMRimages	GC-IMAGE-280829	GC-NonDICOMMRimages-405670	GRADIENT	saltus_in_demonstrando	BMATRIX	scientiae_et_patriae	3HE	T1_T1 weighted contrast	No	e_causa_ignota	No	No	No	damnant_quod_non_intellegunt	TRANSVERSE	Yes	Yes	FAT	PHASE	salus_in_arduis
NonDICOMMRimages	GC-IMAGE-521537	GC-NonDICOMMRimages-447700	BOTH	imperium_in_imperio	NONE	saltus_in_demonstrando	23NA	FLOW_ENCODED_Flow Encoded contrast	Yes	scientia_imperii_decus_et_tutamen	Yes	Yes	Yes	imperium_in_imperio	FREE PRECESSION	No	No	FAT	MAGNITUDE	scientia_et_sapientia
NonDICOMMRimages	GC-IMAGE-931056	GC-NonDICOMMRimages-669552	BOTH	faber_est_suae_quisque_fortunae	DIRECTIONAL	nanos_gigantum_humeris_insidentes	23NA	T2_T2 weighted contrast	Yes	barba_crescit_caput_nescit	Yes	No	No	scientiae_et_patriae	NONE	Yes	Yes	SILICON GEL	PHASE	a_bene_placito
NonDICOMMRimages	GC-IMAGE-371111	GC-NonDICOMMRimages-877397	BOTH	Macte_animo_Generose_puer_sic_itur_ad_astra	NONE	Macte_animo_Generose_puer_sic_itur_ad_astra	7LI	FLOW_ENCODED_Flow Encoded contrast	No	Obedientia_civium_urbis_felicitas	No	Yes	No	O_Tite_tute_Tati_tibi_tanta_tyranne_tulisti	TIME REVERSED	No	Yes	NONE	PHASE	saltus_in_demonstrando
NonDICOMMRimages	GC-IMAGE-355412	GC-NonDICOMMRimages-738490	SPIN	scientia,_aere_perennius	BMATRIX	scientia_et_labor	1H	PROTON_DENSITY_Proton Density weighted contrast	Yes	scientia_imperii_decus_et_tutamen	Yes	No	No	scientia,_aere_perennius	TRANSVERSE	No	No	WATER	IMAGINARY	haec_olim_meminisse_iuvabit
NonDICOMMRimages	GC-IMAGE-753897	GC-NonDICOMMRimages-876299	SPIN	cacatum_non_est_pictum	ISOTROPIC	pace_tua	1H	PERFUSION_Perfusion weighted contrast	Yes	faber_est_suae_quisque_fortunae	No	Yes	No	haec_olim_meminisse_iuvabit	TRANSVERSE	Yes	Yes	SILICON GEL	MAGNITUDE	scientia_imperii_decus_et_tutamen
NonDICOMMRimages	GC-IMAGE-207422	GC-NonDICOMMRimages-947940	BOTH	nanos_gigantum_humeris_insidentes	BMATRIX	nascentes_morimur_finisque_ab_origine_pendet	1H	PERFUSION_Perfusion weighted contrast	No	labor_ipse_voluptas	Yes	Yes	No	Gallia_est_omnis_divisa_in_partes_tres	LONGITUDINAL	No	No	WATER	IMAGINARY	Macte_animo_Generose_puer_sic_itur_ad_astra
NonDICOMMRimages	GC-IMAGE-537948	GC-NonDICOMMRimages-677466	SPIN	salus_in_arduis	BMATRIX	pace_tua	1H	T1_T1 weighted contrast	No	Obedientia_civium_urbis_felicitas	No	Yes	Yes	labor_ipse_voluptas	TRANSVERSE	Yes	No	FAT AND WATER	MAGNITUDE	e_causa_ignota
NonDICOMMRimages	GC-IMAGE-955713	GC-NonDICOMMRimages-137497	GRADIENT	Macte_animo_Generose_puer_sic_itur_ad_astra	DIRECTIONAL	Obedientia_civium_urbis_felicitas	31P	FLUID_ATTENUATED_Fluid Attenuated T2 weighted contrast	No	scientia,_aere_perennius	Yes	No	Yes	saltus_in_demonstrando	LONGITUDINAL	No	No	FAT AND WATER	MAGNITUDE	damnant_quod_non_intellegunt
NonDICOMMRimages	GC-IMAGE-296540	GC-NonDICOMMRimages-673771	GRADIENT	labor_ipse_voluptas	NONE	saltus_in_demonstrando	23NA	T2_T2 weighted contrast	No	O_Tite_tute_Tati_tibi_tanta_tyranne_tulisti	Yes	Yes	Yes	id_quod_plerumque_accidit	TIME REVERSED	Yes	Yes	WATER	PHASE	imperium_in_imperio
NonDICOMMRimages	GC-IMAGE-754304	GC-NonDICOMMRimages-873648	SPIN	barba_crescit_caput_nescit	DIRECTIONAL	scientiae_et_patriae	19F	T2_T2 weighted contrast	No	cacatum_non_est_pictum	No	No	No	barba_crescit_caput_nescit	TIME REVERSED	No	No	FAT AND WATER	REAL	damnant_quod_non_intellegunt
NonDICOMMRimages	GC-IMAGE-507203	GC-NonDICOMMRimages-570594	SPIN	sapiens_qui_prospicit	ISOTROPIC	nanos_gigantum_humeris_insidentes	7LI	FLOW_ENCODED_Flow Encoded contrast	Yes	saltus_in_demonstrando	Yes	Yes	No	scientia,_aere_perennius	FREE PRECESSION	Yes	No	FAT AND WATER	IMAGINARY	scientia_et_sapientia
NonDICOMMRimages	GC-IMAGE-211147	GC-NonDICOMMRimages-105236	BOTH	cacatum_non_est_pictum	BMATRIX	scientia_et_sapientia	7LI	TAGGING_Superposition of thin saturation bands onto image	Yes	id_quod_plerumque_accidit	No	Yes	Yes	pace_tua	TIME REVERSED	No	Yes	SILICON GEL	IMAGINARY	scientia_et_labor
NonDICOMMRimages	GC-IMAGE-682715	GC-NonDICOMMRimages-489363	GRADIENT	scientia_et_labor	NONE	scientia_et_sapientia	7LI	T2_T2 weighted contrast	No	Obedientia_civium_urbis_felicitas	Yes	Yes	No	nascentes_morimur_finisque_ab_origine_pendet	TIME REVERSED	Yes	Yes	SILICON GEL	IMAGINARY	imperium_in_imperio
NonDICOMMRimages	GC-IMAGE-474042	GC-NonDICOMMRimages-376469	SPIN	Obedientia_civium_urbis_felicitas	ISOTROPIC	scientia_imperii_decus_et_tutamen	129XE	T1_T1 weighted contrast	Yes	scientia_et_labor	Yes	No	Yes	faber_est_suae_quisque_fortunae	FREE PRECESSION	Yes	No	FAT	REAL	id_quod_plerumque_accidit
NonDICOMMRimages	GC-IMAGE-857001	GC-NonDICOMMRimages-742924	GRADIENT	damnant_quod_non_intellegunt	ISOTROPIC	e_causa_ignota	19F	STIR_Short Tau Inversion Recovery	Yes	sapiens_qui_prospicit	No	Yes	Yes	damnant_quod_non_intellegunt	NONE	Yes	No	WATER	MAGNITUDE	e_causa_ignota
NonDICOMMRimages	GC-IMAGE-238937	GC-NonDICOMMRimages-225194	SPIN	damnant_quod_non_intellegunt	BMATRIX	saltus_in_demonstrando	13C	FLUID_ATTENUATED_Fluid Attenuated T2 weighted contrast	Yes	saltus_in_demonstrando	No	No	Yes	pace_tua	TRANSVERSE	No	No	FAT	IMAGINARY	salus_in_arduis
NonDICOMMRimages	GC-IMAGE-592325	GC-NonDICOMMRimages-206331	GRADIENT	imperium_in_imperio	DIRECTIONAL	barba_crescit_caput_nescit	1H	PROTON_DENSITY_Proton Density weighted contrast	No	salus_in_arduis	No	No	Yes	cacatum_non_est_pictum	LONGITUDINAL	Yes	Yes	FAT AND WATER	IMAGINARY	damnant_quod_non_intellegunt
NonDICOMMRimages	GC-IMAGE-999982	GC-NonDICOMMRimages-751650	GRADIENT	scientia_et_sapientia	DIRECTIONAL	cacatum_non_est_pictum	3HE	FLUID_ATTENUATED_Fluid Attenuated T2 weighted contrast	Yes	cacatum_non_est_pictum	No	Yes	No	scientia_et_sapientia	TIME REVERSED	No	No	FAT	MAGNITUDE	scientia_et_sapientia
NonDICOMMRimages	GC-IMAGE-907787	GC-NonDICOMMRimages-238076	SPIN	labor_ipse_voluptas	NONE	scientia_et_labor	3HE	PROTON_DENSITY_Proton Density weighted contrast	No	Macte_animo_Generose_puer_sic_itur_ad_astra	Yes	Yes	No	labor_ipse_voluptas	LONGITUDINAL	No	Yes	SILICON GEL	REAL	id_quod_plerumque_accidit
NonDICOMMRimages	GC-IMAGE-667282	GC-NonDICOMMRimages-281535	SPIN	salus_in_arduis	ISOTROPIC	cacatum_non_est_pictum	3HE	FLUID_ATTENUATED_Fluid Attenuated T2 weighted contrast	No	scientiae_cedit_mare	No	Yes	Yes	a_bene_placito	LONGITUDINAL	Yes	Yes	FAT AND WATER	MAGNITUDE	Gallia_est_omnis_divisa_in_partes_tres
NonDICOMMRimages	GC-IMAGE-414044	GC-NonDICOMMRimages-957743	BOTH	scientia,_aere_perennius	BMATRIX	scientia,_aere_perennius	23NA	T1_T1 weighted contrast	No	scientiae_cedit_mare	No	Yes	Yes	pace_tua	FREE PRECESSION	No	Yes	FAT	REAL	faber_est_suae_quisque_fortunae
NonDICOMMRimages	GC-IMAGE-338685	GC-NonDICOMMRimages-318738	BOTH	scientia_et_sapientia	DIRECTIONAL	scientia_imperii_decus_et_tutamen	31P	STIR_Short Tau Inversion Recovery	No	O_Tite_tute_Tati_tibi_tanta_tyranne_tulisti	Yes	No	Yes	sapiens_qui_prospicit	TIME REVERSED	Yes	No	FAT	MAGNITUDE	scientia_imperii_decus_et_tutamen
NonDICOMMRimages	GC-IMAGE-145983	GC-NonDICOMMRimages-924251	BOTH	haec_olim_meminisse_iuvabit	ISOTROPIC	Macte_animo_Generose_puer_sic_itur_ad_astra	13C	T2_STAR_T2* weighted contrast	Yes	O_Tite_tute_Tati_tibi_tanta_tyranne_tulisti	Yes	Yes	Yes	e_causa_ignota	TRANSVERSE	Yes	Yes	WATER	MAGNITUDE	scientia_imperii_decus_et_tutamen
NonDICOMMRimages	GC-IMAGE-758110	GC-NonDICOMMRimages-825848	SPIN	Macte_animo_Generose_puer_sic_itur_ad_astra	NONE	faber_est_suae_quisque_fortunae	23NA	TAGGING_Superposition of thin saturation bands onto image	Yes	O_Tite_tute_Tati_tibi_tanta_tyranne_tulisti	Yes	No	Yes	scientia_imperii_decus_et_tutamen	TIME REVERSED	Yes	Yes	SILICON GEL	REAL	Gallia_est_omnis_divisa_in_partes_tres
NonDICOMMRimages	GC-IMAGE-379861	GC-NonDICOMMRimages-335773	SPIN	scientiae_et_patriae	BMATRIX	labor_ipse_voluptas	3HE	PROTON_DENSITY_Proton Density weighted contrast	Yes	scientia_imperii_decus_et_tutamen	No	No	Yes	a_bene_placito	TRANSVERSE	No	Yes	FAT AND WATER	MAGNITUDE	e_causa_ignota
NonDICOMMRimages	GC-IMAGE-184586	GC-NonDICOMMRimages-932961	SPIN	scientia_et_labor	NONE	scientia_et_sapientia	129XE	DIFFUSION	Yes	faber_est_suae_quisque_fortunae	Yes	Yes	No	faber_est_suae_quisque_fortunae	FREE PRECESSION	Yes	Yes	FAT	PHASE	O_Tite_tute_Tati_tibi_tanta_tyranne_tulisti
NonDICOMMRimages	GC-IMAGE-628355	GC-NonDICOMMRimages-765762	SPIN	scientiae_et_patriae	NONE	labor_ipse_voluptas	7LI	T1_T1 weighted contrast	Yes	faber_est_suae_quisque_fortunae	No	No	Yes	scientia,_aere_perennius	LONGITUDINAL	Yes	Yes	NONE	IMAGINARY	faber_est_suae_quisque_fortunae
NonDICOMMRimages	GC-IMAGE-878559	GC-NonDICOMMRimages-617115	BOTH	cacatum_non_est_pictum	ISOTROPIC	salus_in_arduis	23NA	STIR_Short Tau Inversion Recovery	No	damnant_quod_non_intellegunt	No	No	Yes	scientia,_aere_perennius	NONE	Yes	No	FAT	REAL	scientia_imperii_decus_et_tutamen
NonDICOMMRimages	GC-IMAGE-877291	GC-NonDICOMMRimages-432714	SPIN	salus_in_arduis	DIRECTIONAL	damnant_quod_non_intellegunt	7LI	T1_T1 weighted contrast	Yes	scientiae_cedit_mare	Yes	Yes	Yes	scientia_imperii_decus_et_tutamen	FREE PRECESSION	No	No	FAT AND WATER	REAL	nascentes_morimur_finisque_ab_origine_pendet
NonDICOMMRimages	GC-IMAGE-524006	GC-NonDICOMMRimages-276431	SPIN	scientia,_aere_perennius	NONE	O_Tite_tute_Tati_tibi_tanta_tyranne_tulisti	3HE	PERFUSION_Perfusion weighted contrast	No	saltus_in_demonstrando	Yes	No	No	salus_in_arduis	NONE	No	No	SILICON GEL	IMAGINARY	imperium_in_imperio
NonDICOMMRimages	GC-IMAGE-150262	GC-NonDICOMMRimages-450588	GRADIENT	nanos_gigantum_humeris_insidentes	BMATRIX	nanos_gigantum_humeris_insidentes	1H	T2_T2 weighted contrast	Yes	faber_est_suae_quisque_fortunae	Yes	No	No	scientia_imperii_decus_et_tutamen	NONE	No	No	SILICON GEL	IMAGINARY	salus_in_arduis
NonDICOMMRimages	GC-IMAGE-125933	GC-NonDICOMMRimages-218791	SPIN	Gallia_est_omnis_divisa_in_partes_tres	DIRECTIONAL	e_causa_ignota	129XE	FLUID_ATTENUATED_Fluid Attenuated T2 weighted contrast	No	damnant_quod_non_intellegunt	Yes	No	Yes	Obedientia_civium_urbis_felicitas	TRANSVERSE	Yes	No	WATER	MAGNITUDE	O_Tite_tute_Tati_tibi_tanta_tyranne_tulisti
NonDICOMMRimages	GC-IMAGE-836709	GC-NonDICOMMRimages-644046	SPIN	scientia_imperii_decus_et_tutamen	ISOTROPIC	faber_est_suae_quisque_fortunae	19F	FLOW_ENCODED_Flow Encoded contrast	Yes	e_causa_ignota	Yes	Yes	No	id_quod_plerumque_accidit	TRANSVERSE	No	Yes	FAT	REAL	labor_ipse_voluptas
NonDICOMMRimages	GC-IMAGE-791304	GC-NonDICOMMRimages-270245	BOTH	damnant_quod_non_intellegunt	ISOTROPIC	scientia_et_sapientia	3HE	FLOW_ENCODED_Flow Encoded contrast	Yes	nanos_gigantum_humeris_insidentes	No	Yes	No	imperium_in_imperio	NONE	Yes	Yes	FAT	MAGNITUDE	scientia,_aere_perennius
NonDICOMMRimages	GC-IMAGE-231619	GC-NonDICOMMRimages-610038	BOTH	scientia_et_sapientia	DIRECTIONAL	e_causa_ignota	19F	PROTON_DENSITY_Proton Density weighted contrast	Yes	e_causa_ignota	No	Yes	Yes	salus_in_arduis	FREE PRECESSION	Yes	No	SILICON GEL	PHASE	nanos_gigantum_humeris_insidentes
NonDICOMMRimages	GC-IMAGE-790438	GC-NonDICOMMRimages-310148	SPIN	scientiae_cedit_mare	BMATRIX	cacatum_non_est_pictum	7LI	FLUID_ATTENUATED_Fluid Attenuated T2 weighted contrast	No	pace_tua	Yes	No	Yes	scientia_imperii_decus_et_tutamen	TRANSVERSE	Yes	No	FAT	MAGNITUDE	scientia,_aere_perennius
NonDICOMMRimages	GC-IMAGE-488971	GC-NonDICOMMRimages-690349	GRADIENT	haec_olim_meminisse_iuvabit	ISOTROPIC	saltus_in_demonstrando	3HE	DIFFUSION	No	haec_olim_meminisse_iuvabit	Yes	No	Yes	scientiae_cedit_mare	NONE	Yes	Yes	NONE	PHASE	barba_crescit_caput_nescit
NonDICOMMRimages	GC-IMAGE-387448	GC-NonDICOMMRimages-883795	BOTH	Obedientia_civium_urbis_felicitas	NONE	haec_olim_meminisse_iuvabit	129XE	FLOW_ENCODED_Flow Encoded contrast	No	a_bene_placito	No	Yes	Yes	nanos_gigantum_humeris_insidentes	NONE	Yes	Yes	NONE	PHASE	e_causa_ignota
NonDICOMMRimages	GC-IMAGE-269992	GC-NonDICOMMRimages-149399	SPIN	Gallia_est_omnis_divisa_in_partes_tres	NONE	scientia,_aere_perennius	13C	STIR_Short Tau Inversion Recovery	Yes	labor_ipse_voluptas	No	No	Yes	nascentes_morimur_finisque_ab_origine_pendet	LONGITUDINAL	No	No	SILICON GEL	IMAGINARY	labor_ipse_voluptas
NonDICOMMRimages	GC-IMAGE-155232	GC-NonDICOMMRimages-562967	BOTH	cacatum_non_est_pictum	ISOTROPIC	scientia_et_labor	7LI	T2_T2 weighted contrast	Yes	barba_crescit_caput_nescit	No	Yes	Yes	imperium_in_imperio	TIME REVERSED	Yes	Yes	SILICON GEL	REAL	id_quod_plerumque_accidit
NonDICOMMRimages	GC-IMAGE-160311	GC-NonDICOMMRimages-239839	SPIN	scientiae_et_patriae	NONE	labor_ipse_voluptas	23NA	PERFUSION_Perfusion weighted contrast	Yes	salus_in_arduis	Yes	No	No	O_Tite_tute_Tati_tibi_tanta_tyranne_tulisti	LONGITUDINAL	Yes	Yes	NONE	REAL	haec_olim_meminisse_iuvabit
NonDICOMMRimages	GC-IMAGE-194130	GC-NonDICOMMRimages-306945	GRADIENT	scientia_et_sapientia	NONE	haec_olim_meminisse_iuvabit	31P	TAGGING_Superposition of thin saturation bands onto image	Yes	id_quod_plerumque_accidit	Yes	Yes	No	faber_est_suae_quisque_fortunae	NONE	No	Yes	WATER	PHASE	O_Tite_tute_Tati_tibi_tanta_tyranne_tulisti
NonDICOMMRimages	GC-IMAGE-283567	GC-NonDICOMMRimages-383019	BOTH	sapiens_qui_prospicit	BMATRIX	Macte_animo_Generose_puer_sic_itur_ad_astra	1H	T2_T2 weighted contrast	No	damnant_quod_non_intellegunt	No	No	Yes	scientia_et_sapientia	TRANSVERSE	Yes	No	WATER	PHASE	scientia_et_sapientia
NonDICOMMRimages	GC-IMAGE-939893	GC-NonDICOMMRimages-715652	SPIN	Macte_animo_Generose_puer_sic_itur_ad_astra	DIRECTIONAL	sapiens_qui_prospicit	7LI	PROTON_DENSITY_Proton Density weighted contrast	Yes	nanos_gigantum_humeris_insidentes	Yes	No	No	pace_tua	NONE	No	Yes	FAT AND WATER	IMAGINARY	faber_est_suae_quisque_fortunae
NonDICOMMRimages	GC-IMAGE-774321	GC-NonDICOMMRimages-303713	BOTH	scientiae_et_patriae	DIRECTIONAL	e_causa_ignota	1H	T1_T1 weighted contrast	Yes	O_Tite_tute_Tati_tibi_tanta_tyranne_tulisti	Yes	Yes	Yes	scientiae_cedit_mare	FREE PRECESSION	Yes	No	FAT	MAGNITUDE	salus_in_arduis
NonDICOMMRimages	GC-IMAGE-963552	GC-NonDICOMMRimages-177053	GRADIENT	O_Tite_tute_Tati_tibi_tanta_tyranne_tulisti	NONE	barba_crescit_caput_nescit	3HE	STIR_Short Tau Inversion Recovery	No	scientia_imperii_decus_et_tutamen	Yes	No	No	barba_crescit_caput_nescit	NONE	No	Yes	FAT	IMAGINARY	labor_ipse_voluptas
NonDICOMMRimages	GC-IMAGE-856592	GC-NonDICOMMRimages-335342	GRADIENT	scientiae_cedit_mare	ISOTROPIC	scientia_et_labor	129XE	T1_T1 weighted contrast	No	damnant_quod_non_intellegunt	Yes	No	Yes	cacatum_non_est_pictum	FREE PRECESSION	Yes	Yes	FAT AND WATER	PHASE	sapiens_qui_prospicit
NonDICOMMRimages	GC-IMAGE-495802	GC-NonDICOMMRimages-284400	SPIN	haec_olim_meminisse_iuvabit	NONE	imperium_in_imperio	19F	PERFUSION_Perfusion weighted contrast	No	sapiens_qui_prospicit	Yes	No	No	scientia_et_labor	FREE PRECESSION	No	No	SILICON GEL	REAL	imperium_in_imperio
NonDICOMMRimages	GC-IMAGE-732352	GC-NonDICOMMRimages-658804	GRADIENT	Gallia_est_omnis_divisa_in_partes_tres	BMATRIX	scientia_imperii_decus_et_tutamen	13C	TOF_Time Of Flight weighted contrast	No	scientiae_cedit_mare	Yes	No	No	Obedientia_civium_urbis_felicitas	LONGITUDINAL	No	No	FAT	MAGNITUDE	barba_crescit_caput_nescit
NonDICOMMRimages	GC-IMAGE-806907	GC-NonDICOMMRimages-408335	GRADIENT	a_bene_placito	BMATRIX	nanos_gigantum_humeris_insidentes	1H	STIR_Short Tau Inversion Recovery	No	damnant_quod_non_intellegunt	No	Yes	Yes	pace_tua	TIME REVERSED	Yes	No	WATER	IMAGINARY	imperium_in_imperio
NonDICOMMRimages	GC-IMAGE-682093	GC-NonDICOMMRimages-183520	SPIN	nanos_gigantum_humeris_insidentes	DIRECTIONAL	nanos_gigantum_humeris_insidentes	13C	DIFFUSION	No	Gallia_est_omnis_divisa_in_partes_tres	No	Yes	No	cacatum_non_est_pictum	NONE	No	Yes	SILICON GEL	IMAGINARY	scientiae_cedit_mare
NonDICOMMRimages	GC-IMAGE-101927	GC-NonDICOMMRimages-707523	SPIN	scientia_et_sapientia	BMATRIX	id_quod_plerumque_accidit	3HE	TOF_Time Of Flight weighted contrast	No	scientiae_et_patriae	Yes	No	No	sapiens_qui_prospicit	TIME REVERSED	No	No	FAT	REAL	cacatum_non_est_pictum
NonDICOMMRimages	GC-IMAGE-656990	GC-NonDICOMMRimages-319795	GRADIENT	nascentes_morimur_finisque_ab_origine_pendet	NONE	e_causa_ignota	31P	T2_STAR_T2* weighted contrast	Yes	scientiae_et_patriae	Yes	No	Yes	Obedientia_civium_urbis_felicitas	NONE	Yes	Yes	FAT AND WATER	PHASE	Macte_animo_Generose_puer_sic_itur_ad_astra
NonDICOMMRimages	GC-IMAGE-216621	GC-NonDICOMMRimages-625022	BOTH	cacatum_non_est_pictum	ISOTROPIC	scientia,_aere_perennius	3HE	T2_T2 weighted contrast	Yes	id_quod_plerumque_accidit	No	Yes	Yes	nascentes_morimur_finisque_ab_origine_pendet	FREE PRECESSION	No	Yes	FAT	REAL	barba_crescit_caput_nescit
NonDICOMMRimages	GC-IMAGE-955347	GC-NonDICOMMRimages-164605	SPIN	imperium_in_imperio	ISOTROPIC	Gallia_est_omnis_divisa_in_partes_tres	7LI	FLOW_ENCODED_Flow Encoded contrast	No	nanos_gigantum_humeris_insidentes	No	No	Yes	e_causa_ignota	NONE	Yes	Yes	SILICON GEL	MAGNITUDE	barba_crescit_caput_nescit
NonDICOMMRimages	GC-IMAGE-885492	GC-NonDICOMMRimages-210565	BOTH	scientia_et_sapientia	BMATRIX	scientia_et_labor	129XE	T2_T2 weighted contrast	Yes	saltus_in_demonstrando	No	No	Yes	scientiae_cedit_mare	TIME REVERSED	No	No	FAT	PHASE	Obedientia_civium_urbis_felicitas
NonDICOMMRimages	GC-IMAGE-607295	GC-NonDICOMMRimages-436990	SPIN	sapiens_qui_prospicit	BMATRIX	barba_crescit_caput_nescit	31P	TOF_Time Of Flight weighted contrast	Yes	cacatum_non_est_pictum	Yes	No	No	scientia,_aere_perennius	LONGITUDINAL	No	Yes	FAT	MAGNITUDE	nanos_gigantum_humeris_insidentes
NonDICOMMRimages	GC-IMAGE-959786	GC-NonDICOMMRimages-200071	SPIN	nanos_gigantum_humeris_insidentes	NONE	salus_in_arduis	129XE	FLUID_ATTENUATED_Fluid Attenuated T2 weighted contrast	Yes	scientia,_aere_perennius	No	Yes	Yes	scientiae_et_patriae	TIME REVERSED	Yes	Yes	SILICON GEL	REAL	e_causa_ignota
NonDICOMMRimages	GC-IMAGE-313270	GC-NonDICOMMRimages-864497	SPIN	damnant_quod_non_intellegunt	NONE	a_bene_placito	31P	T2_T2 weighted contrast	No	scientia_imperii_decus_et_tutamen	Yes	No	Yes	imperium_in_imperio	NONE	Yes	No	NONE	MAGNITUDE	salus_in_arduis
NonDICOMMRimages	GC-IMAGE-303437	GC-NonDICOMMRimages-778401	GRADIENT	scientia_et_labor	DIRECTIONAL	saltus_in_demonstrando	1H	T2_T2 weighted contrast	No	faber_est_suae_quisque_fortunae	Yes	No	No	labor_ipse_voluptas	LONGITUDINAL	No	Yes	FAT AND WATER	MAGNITUDE	O_Tite_tute_Tati_tibi_tanta_tyranne_tulisti
NonDICOMMRimages	GC-IMAGE-448173	GC-NonDICOMMRimages-537539	BOTH	Gallia_est_omnis_divisa_in_partes_tres	ISOTROPIC	saltus_in_demonstrando	13C	TAGGING_Superposition of thin saturation bands onto image	No	salus_in_arduis	Yes	Yes	No	barba_crescit_caput_nescit	NONE	No	No	FAT AND WATER	REAL	scientiae_et_patriae
NonDICOMMRimages	GC-IMAGE-307534	GC-NonDICOMMRimages-292671	BOTH	barba_crescit_caput_nescit	DIRECTIONAL	damnant_quod_non_intellegunt	1H	FLUID_ATTENUATED_Fluid Attenuated T2 weighted contrast	Yes	scientia_et_sapientia	Yes	Yes	Yes	barba_crescit_caput_nescit	TRANSVERSE	Yes	Yes	WATER	MAGNITUDE	scientia_imperii_decus_et_tutamen
NonDICOMMRimages	GC-IMAGE-953803	GC-NonDICOMMRimages-603923	BOTH	faber_est_suae_quisque_fortunae	NONE	cacatum_non_est_pictum	129XE	PERFUSION_Perfusion weighted contrast	No	haec_olim_meminisse_iuvabit	No	No	Yes	saltus_in_demonstrando	LONGITUDINAL	Yes	No	NONE	MAGNITUDE	sapiens_qui_prospicit
NonDICOMMRimages	GC-IMAGE-290655	GC-NonDICOMMRimages-160593	GRADIENT	labor_ipse_voluptas	ISOTROPIC	salus_in_arduis	19F	T2_STAR_T2* weighted contrast	No	scientia_et_sapientia	Yes	Yes	Yes	nascentes_morimur_finisque_ab_origine_pendet	TRANSVERSE	No	No	FAT	MAGNITUDE	haec_olim_meminisse_iuvabit
NonDICOMMRimages	GC-IMAGE-812088	GC-NonDICOMMRimages-606559	SPIN	pace_tua	BMATRIX	saltus_in_demonstrando	7LI	FLOW_ENCODED_Flow Encoded contrast	No	scientia_et_sapientia	Yes	Yes	Yes	a_bene_placito	LONGITUDINAL	No	Yes	FAT AND WATER	IMAGINARY	id_quod_plerumque_accidit
NonDICOMMRimages	GC-IMAGE-675731	GC-NonDICOMMRimages-448728	SPIN	saltus_in_demonstrando	NONE	Gallia_est_omnis_divisa_in_partes_tres	1H	DIFFUSION	No	scientiae_et_patriae	No	No	No	scientia_imperii_decus_et_tutamen	NONE	Yes	No	WATER	MAGNITUDE	scientia_imperii_decus_et_tutamen
NonDICOMMRimages	GC-IMAGE-761519	GC-NonDICOMMRimages-492103	BOTH	labor_ipse_voluptas	DIRECTIONAL	scientiae_et_patriae	19F	TOF_Time Of Flight weighted contrast	Yes	scientia_imperii_decus_et_tutamen	Yes	Yes	No	imperium_in_imperio	FREE PRECESSION	Yes	No	SILICON GEL	PHASE	saltus_in_demonstrando
NonDICOMMRimages	GC-IMAGE-421920	GC-NonDICOMMRimages-795471	GRADIENT	id_quod_plerumque_accidit	NONE	nanos_gigantum_humeris_insidentes	3HE	FLUID_ATTENUATED_Fluid Attenuated T2 weighted contrast	Yes	scientia_et_labor	No	Yes	No	Macte_animo_Generose_puer_sic_itur_ad_astra	TIME REVERSED	Yes	No	NONE	PHASE	Macte_animo_Generose_puer_sic_itur_ad_astra
NonDICOMMRimages	GC-IMAGE-832354	GC-NonDICOMMRimages-879089	GRADIENT	damnant_quod_non_intellegunt	NONE	nascentes_morimur_finisque_ab_origine_pendet	23NA	FLUID_ATTENUATED_Fluid Attenuated T2 weighted contrast	Yes	saltus_in_demonstrando	No	No	Yes	Gallia_est_omnis_divisa_in_partes_tres	FREE PRECESSION	Yes	No	WATER	IMAGINARY	id_quod_plerumque_accidit
NonDICOMMRimages	GC-IMAGE-591054	GC-NonDICOMMRimages-923514	SPIN	Macte_animo_Generose_puer_sic_itur_ad_astra	DIRECTIONAL	labor_ipse_voluptas	7LI	FLUID_ATTENUATED_Fluid Attenuated T2 weighted contrast	No	scientia_et_labor	No	Yes	Yes	Macte_animo_Generose_puer_sic_itur_ad_astra	FREE PRECESSION	No	No	FAT	MAGNITUDE	scientia_et_sapientia
NonDICOMMRimages	GC-IMAGE-377076	GC-NonDICOMMRimages-688916	BOTH	id_quod_plerumque_accidit	NONE	Macte_animo_Generose_puer_sic_itur_ad_astra	3HE	FLUID_ATTENUATED_Fluid Attenuated T2 weighted contrast	Yes	pace_tua	No	No	Yes	scientia_imperii_decus_et_tutamen	NONE	No	No	WATER	MAGNITUDE	id_quod_plerumque_accidit
NonDICOMMRimages	GC-IMAGE-689110	GC-NonDICOMMRimages-337777	BOTH	saltus_in_demonstrando	BMATRIX	Obedientia_civium_urbis_felicitas	129XE	T2_STAR_T2* weighted contrast	No	faber_est_suae_quisque_fortunae	Yes	Yes	No	cacatum_non_est_pictum	FREE PRECESSION	Yes	Yes	NONE	MAGNITUDE	imperium_in_imperio
NonDICOMMRimages	GC-IMAGE-200697	GC-NonDICOMMRimages-586045	SPIN	e_causa_ignota	DIRECTIONAL	scientiae_et_patriae	31P	FLUID_ATTENUATED_Fluid Attenuated T2 weighted contrast	Yes	scientiae_et_patriae	No	Yes	Yes	Obedientia_civium_urbis_felicitas	TRANSVERSE	No	No	FAT	REAL	barba_crescit_caput_nescit
NonDICOMMRimages	GC-IMAGE-444720	GC-NonDICOMMRimages-565189	GRADIENT	sapiens_qui_prospicit	ISOTROPIC	id_quod_plerumque_accidit	23NA	TAGGING_Superposition of thin saturation bands onto image	Yes	scientiae_cedit_mare	Yes	No	No	labor_ipse_voluptas	FREE PRECESSION	No	No	NONE	PHASE	nanos_gigantum_humeris_insidentes
NonDICOMMRimages	GC-IMAGE-893042	GC-NonDICOMMRimages-175786	BOTH	faber_est_suae_quisque_fortunae	DIRECTIONAL	salus_in_arduis	19F	PERFUSION_Perfusion weighted contrast	No	labor_ipse_voluptas	Yes	Yes	Yes	e_causa_ignota	TRANSVERSE	Yes	No	FAT AND WATER	REAL	nascentes_morimur_finisque_ab_origine_pendet
NonDICOMMRimages	GC-IMAGE-312849	GC-NonDICOMMRimages-603858	BOTH	scientiae_cedit_mare	ISOTROPIC	e_causa_ignota	129XE	PERFUSION_Perfusion weighted contrast	Yes	faber_est_suae_quisque_fortunae	Yes	No	Yes	a_bene_placito	LONGITUDINAL	Yes	No	SILICON GEL	MAGNITUDE	sapiens_qui_prospicit
NonDICOMMRimages	GC-IMAGE-274503	GC-NonDICOMMRimages-730064	BOTH	Macte_animo_Generose_puer_sic_itur_ad_astra	ISOTROPIC	faber_est_suae_quisque_fortunae	3HE	T2_T2 weighted contrast	No	cacatum_non_est_pictum	No	No	Yes	a_bene_placito	LONGITUDINAL	No	Yes	FAT AND WATER	PHASE	e_causa_ignota
NonDICOMMRimages	GC-IMAGE-281156	GC-NonDICOMMRimages-814036	GRADIENT	labor_ipse_voluptas	BMATRIX	nascentes_morimur_finisque_ab_origine_pendet	1H	T2_STAR_T2* weighted contrast	No	haec_olim_meminisse_iuvabit	Yes	No	No	barba_crescit_caput_nescit	FREE PRECESSION	No	No	SILICON GEL	IMAGINARY	Obedientia_civium_urbis_felicitas
NonDICOMMRimages	GC-IMAGE-411056	GC-NonDICOMMRimages-111527	GRADIENT	damnant_quod_non_intellegunt	BMATRIX	scientia_imperii_decus_et_tutamen	129XE	FLUID_ATTENUATED_Fluid Attenuated T2 weighted contrast	No	sapiens_qui_prospicit	Yes	No	Yes	scientia,_aere_perennius	NONE	Yes	No	FAT	MAGNITUDE	pace_tua
NonDICOMMRimages	GC-IMAGE-212995	GC-NonDICOMMRimages-233496	SPIN	a_bene_placito	BMATRIX	id_quod_plerumque_accidit	7LI	TOF_Time Of Flight weighted contrast	Yes	barba_crescit_caput_nescit	Yes	No	Yes	e_causa_ignota	TRANSVERSE	No	Yes	WATER	PHASE	id_quod_plerumque_accidit
NonDICOMMRimages	GC-IMAGE-461122	GC-NonDICOMMRimages-859399	GRADIENT	salus_in_arduis	NONE	scientia,_aere_perennius	31P	DIFFUSION	No	cacatum_non_est_pictum	Yes	No	No	scientia_et_sapientia	LONGITUDINAL	No	No	FAT AND WATER	MAGNITUDE	sapiens_qui_prospicit
NonDICOMMRimages	GC-IMAGE-737436	GC-NonDICOMMRimages-964912	SPIN	a_bene_placito	BMATRIX	pace_tua	7LI	PERFUSION_Perfusion weighted contrast	Yes	a_bene_placito	No	Yes	Yes	faber_est_suae_quisque_fortunae	LONGITUDINAL	Yes	No	NONE	IMAGINARY	barba_crescit_caput_nescit
NonDICOMMRimages	GC-IMAGE-357367	GC-NonDICOMMRimages-806871	SPIN	barba_crescit_caput_nescit	ISOTROPIC	scientiae_cedit_mare	129XE	STIR_Short Tau Inversion Recovery	Yes	saltus_in_demonstrando	No	No	Yes	scientia,_aere_perennius	LONGITUDINAL	No	No	SILICON GEL	MAGNITUDE	cacatum_non_est_pictum
NonDICOMMRimages	GC-IMAGE-333829	GC-NonDICOMMRimages-838050	SPIN	scientia_et_labor	NONE	Obedientia_civium_urbis_felicitas	3HE	STIR_Short Tau Inversion Recovery	Yes	sapiens_qui_prospicit	No	Yes	Yes	scientia,_aere_perennius	TIME REVERSED	No	No	WATER	REAL	salus_in_arduis
NonDICOMMRimages	GC-IMAGE-340439	GC-NonDICOMMRimages-723715	GRADIENT	nascentes_morimur_finisque_ab_origine_pendet	NONE	Obedientia_civium_urbis_felicitas	1H	FLOW_ENCODED_Flow Encoded contrast	No	scientiae_et_patriae	Yes	No	No	scientia_et_labor	NONE	No	Yes	NONE	REAL	sapiens_qui_prospicit
NonDICOMMRimages	GC-IMAGE-886769	GC-NonDICOMMRimages-772963	BOTH	e_causa_ignota	NONE	scientia_et_labor	23NA	DIFFUSION	Yes	scientiae_cedit_mare	No	No	Yes	Macte_animo_Generose_puer_sic_itur_ad_astra	TIME REVERSED	Yes	No	FAT	MAGNITUDE	scientiae_et_patriae
NonDICOMMRimages	GC-IMAGE-804138	GC-NonDICOMMRimages-479518	GRADIENT	damnant_quod_non_intellegunt	DIRECTIONAL	damnant_quod_non_intellegunt	1H	PROTON_DENSITY_Proton Density weighted contrast	No	damnant_quod_non_intellegunt	Yes	No	Yes	barba_crescit_caput_nescit	FREE PRECESSION	Yes	No	WATER	REAL	Obedientia_civium_urbis_felicitas
NonDICOMMRimages	GC-IMAGE-572740	GC-NonDICOMMRimages-550149	SPIN	O_Tite_tute_Tati_tibi_tanta_tyranne_tulisti	DIRECTIONAL	labor_ipse_voluptas	13C	PROTON_DENSITY_Proton Density weighted contrast	Yes	barba_crescit_caput_nescit	No	No	Yes	Obedientia_civium_urbis_felicitas	TRANSVERSE	No	No	SILICON GEL	IMAGINARY	salus_in_arduis
NonDICOMMRimages	GC-IMAGE-727598	GC-NonDICOMMRimages-465032	SPIN	damnant_quod_non_intellegunt	ISOTROPIC	Gallia_est_omnis_divisa_in_partes_tres	23NA	STIR_Short Tau Inversion Recovery	No	Obedientia_civium_urbis_felicitas	No	No	Yes	scientiae_cedit_mare	TRANSVERSE	Yes	Yes	SILICON GEL	PHASE	imperium_in_imperio
NonDICOMMRimages	GC-IMAGE-669713	GC-NonDICOMMRimages-674125	SPIN	O_Tite_tute_Tati_tibi_tanta_tyranne_tulisti	ISOTROPIC	faber_est_suae_quisque_fortunae	129XE	T1_T1 weighted contrast	Yes	labor_ipse_voluptas	No	Yes	No	Gallia_est_omnis_divisa_in_partes_tres	TRANSVERSE	Yes	Yes	SILICON GEL	REAL	Gallia_est_omnis_divisa_in_partes_tres
NonDICOMMRimages	GC-IMAGE-169642	GC-NonDICOMMRimages-303457	BOTH	faber_est_suae_quisque_fortunae	DIRECTIONAL	Gallia_est_omnis_divisa_in_partes_tres	7LI	FLUID_ATTENUATED_Fluid Attenuated T2 weighted contrast	No	haec_olim_meminisse_iuvabit	No	No	No	salus_in_arduis	NONE	Yes	Yes	SILICON GEL	REAL	labor_ipse_voluptas
NonDICOMMRimages	GC-IMAGE-671832	GC-NonDICOMMRimages-993307	BOTH	haec_olim_meminisse_iuvabit	BMATRIX	damnant_quod_non_intellegunt	19F	TAGGING_Superposition of thin saturation bands onto image	No	salus_in_arduis	Yes	Yes	No	saltus_in_demonstrando	LONGITUDINAL	Yes	No	FAT AND WATER	REAL	haec_olim_meminisse_iuvabit
NonDICOMMRimages	GC-IMAGE-331839	GC-NonDICOMMRimages-762597	SPIN	scientia,_aere_perennius	BMATRIX	Macte_animo_Generose_puer_sic_itur_ad_astra	19F	DIFFUSION	Yes	salus_in_arduis	No	No	No	scientia_et_sapientia	NONE	Yes	No	SILICON GEL	MAGNITUDE	labor_ipse_voluptas
NonDICOMMRimages	GC-IMAGE-827698	GC-NonDICOMMRimages-434718	GRADIENT	scientiae_et_patriae	ISOTROPIC	scientia_et_sapientia	19F	FLOW_ENCODED_Flow Encoded contrast	No	scientia_et_sapientia	Yes	No	No	scientia,_aere_perennius	TIME REVERSED	Yes	Yes	FAT AND WATER	IMAGINARY	labor_ipse_voluptas
NonDICOMMRimages	GC-IMAGE-680559	GC-NonDICOMMRimages-293614	GRADIENT	barba_crescit_caput_nescit	ISOTROPIC	faber_est_suae_quisque_fortunae	7LI	FLOW_ENCODED_Flow Encoded contrast	Yes	e_causa_ignota	No	Yes	No	Macte_animo_Generose_puer_sic_itur_ad_astra	LONGITUDINAL	Yes	No	WATER	IMAGINARY	scientia_et_sapientia
NonDICOMMRimages	GC-IMAGE-500485	GC-NonDICOMMRimages-102087	BOTH	saltus_in_demonstrando	BMATRIX	salus_in_arduis	23NA	PROTON_DENSITY_Proton Density weighted contrast	No	Macte_animo_Generose_puer_sic_itur_ad_astra	No	No	Yes	Gallia_est_omnis_divisa_in_partes_tres	TRANSVERSE	Yes	No	NONE	IMAGINARY	scientiae_et_patriae
NonDICOMMRimages	GC-IMAGE-403333	GC-NonDICOMMRimages-216315	SPIN	Macte_animo_Generose_puer_sic_itur_ad_astra	DIRECTIONAL	faber_est_suae_quisque_fortunae	23NA	TAGGING_Superposition of thin saturation bands onto image	Yes	pace_tua	Yes	Yes	Yes	scientia_et_labor	LONGITUDINAL	No	Yes	NONE	IMAGINARY	labor_ipse_voluptas
NonDICOMMRimages	GC-IMAGE-754360	GC-NonDICOMMRimages-469472	SPIN	Macte_animo_Generose_puer_sic_itur_ad_astra	DIRECTIONAL	nanos_gigantum_humeris_insidentes	31P	T1_T1 weighted contrast	Yes	labor_ipse_voluptas	Yes	No	Yes	labor_ipse_voluptas	TIME REVERSED	No	No	SILICON GEL	IMAGINARY	scientia,_aere_perennius
NonDICOMMRimages	GC-IMAGE-736357	GC-NonDICOMMRimages-269710	SPIN	scientia,_aere_perennius	BMATRIX	cacatum_non_est_pictum	31P	FLUID_ATTENUATED_Fluid Attenuated T2 weighted contrast	No	scientiae_cedit_mare	Yes	Yes	Yes	id_quod_plerumque_accidit	LONGITUDINAL	No	No	SILICON GEL	IMAGINARY	haec_olim_meminisse_iuvabit
NonDICOMMRimages	GC-IMAGE-511521	GC-NonDICOMMRimages-716469	SPIN	Gallia_est_omnis_divisa_in_partes_tres	ISOTROPIC	faber_est_suae_quisque_fortunae	31P	FLOW_ENCODED_Flow Encoded contrast	Yes	salus_in_arduis	No	No	No	scientiae_et_patriae	NONE	No	No	NONE	MAGNITUDE	sapiens_qui_prospicit
NonDICOMMRimages	GC-IMAGE-319549	GC-NonDICOMMRimages-177869	BOTH	Macte_animo_Generose_puer_sic_itur_ad_astra	DIRECTIONAL	cacatum_non_est_pictum	1H	FLUID_ATTENUATED_Fluid Attenuated T2 weighted contrast	No	salus_in_arduis	No	No	Yes	a_bene_placito	TIME REVERSED	Yes	No	NONE	MAGNITUDE	nascentes_morimur_finisque_ab_origine_pendet
NonDICOMMRimages	GC-IMAGE-226792	GC-NonDICOMMRimages-431232	GRADIENT	e_causa_ignota	BMATRIX	Obedientia_civium_urbis_felicitas	1H	T1_T1 weighted contrast	No	e_causa_ignota	Yes	Yes	Yes	a_bene_placito	TRANSVERSE	No	Yes	FAT	MAGNITUDE	nascentes_morimur_finisque_ab_origine_pendet
NonDICOMMRimages	GC-IMAGE-324509	GC-NonDICOMMRimages-585918	GRADIENT	damnant_quod_non_intellegunt	DIRECTIONAL	sapiens_qui_prospicit	23NA	FLUID_ATTENUATED_Fluid Attenuated T2 weighted contrast	Yes	Obedientia_civium_urbis_felicitas	Yes	Yes	No	scientia_et_labor	FREE PRECESSION	No	Yes	FAT	REAL	scientiae_cedit_mare
NonDICOMMRimages	GC-IMAGE-340518	GC-NonDICOMMRimages-441175	BOTH	scientia,_aere_perennius	ISOTROPIC	imperium_in_imperio	1H	PERFUSION_Perfusion weighted contrast	No	nanos_gigantum_humeris_insidentes	No	No	Yes	e_causa_ignota	TIME REVERSED	Yes	No	SILICON GEL	MAGNITUDE	Macte_animo_Generose_puer_sic_itur_ad_astra
NonDICOMMRimages	GC-IMAGE-801940	GC-NonDICOMMRimages-749766	SPIN	damnant_quod_non_intellegunt	DIRECTIONAL	nascentes_morimur_finisque_ab_origine_pendet	3HE	FLUID_ATTENUATED_Fluid Attenuated T2 weighted contrast	No	scientia_et_sapientia	No	Yes	Yes	O_Tite_tute_Tati_tibi_tanta_tyranne_tulisti	FREE PRECESSION	No	No	NONE	PHASE	imperium_in_imperio
NonDICOMMRimages	GC-IMAGE-787606	GC-NonDICOMMRimages-534940	GRADIENT	scientia_et_sapientia	DIRECTIONAL	saltus_in_demonstrando	31P	FLOW_ENCODED_Flow Encoded contrast	Yes	scientiae_et_patriae	Yes	Yes	No	a_bene_placito	NONE	No	Yes	SILICON GEL	PHASE	pace_tua
NonDICOMMRimages	GC-IMAGE-431936	GC-NonDICOMMRimages-985662	BOTH	salus_in_arduis	ISOTROPIC	a_bene_placito	23NA	DIFFUSION	Yes	Macte_animo_Generose_puer_sic_itur_ad_astra	Yes	No	Yes	pace_tua	LONGITUDINAL	Yes	Yes	WATER	PHASE	sapiens_qui_prospicit
NonDICOMMRimages	GC-IMAGE-650979	GC-NonDICOMMRimages-978278	SPIN	imperium_in_imperio	BMATRIX	scientia_et_labor	1H	STIR_Short Tau Inversion Recovery	No	sapiens_qui_prospicit	No	Yes	No	scientiae_et_patriae	TRANSVERSE	No	No	NONE	REAL	nanos_gigantum_humeris_insidentes
NonDICOMMRimages	GC-IMAGE-560801	GC-NonDICOMMRimages-486001	SPIN	scientia_et_labor	NONE	scientiae_cedit_mare	7LI	DIFFUSION	Yes	Obedientia_civium_urbis_felicitas	Yes	Yes	No	nanos_gigantum_humeris_insidentes	TRANSVERSE	No	No	SILICON GEL	REAL	scientia,_aere_perennius
NonDICOMMRimages	GC-IMAGE-571375	GC-NonDICOMMRimages-372847	SPIN	Obedientia_civium_urbis_felicitas	DIRECTIONAL	haec_olim_meminisse_iuvabit	129XE	T2_STAR_T2* weighted contrast	Yes	barba_crescit_caput_nescit	Yes	No	Yes	Macte_animo_Generose_puer_sic_itur_ad_astra	TRANSVERSE	Yes	No	FAT	REAL	scientia,_aere_perennius
NonDICOMMRimages	GC-IMAGE-955678	GC-NonDICOMMRimages-778040	GRADIENT	scientia_et_labor	ISOTROPIC	faber_est_suae_quisque_fortunae	1H	PROTON_DENSITY_Proton Density weighted contrast	No	imperium_in_imperio	Yes	No	Yes	imperium_in_imperio	LONGITUDINAL	Yes	Yes	SILICON GEL	REAL	a_bene_placito
NonDICOMMRimages	GC-IMAGE-675900	GC-NonDICOMMRimages-382168	GRADIENT	scientia_et_labor	NONE	scientiae_et_patriae	7LI	PERFUSION_Perfusion weighted contrast	Yes	Gallia_est_omnis_divisa_in_partes_tres	Yes	No	No	scientia,_aere_perennius	LONGITUDINAL	Yes	Yes	NONE	MAGNITUDE	pace_tua
NonDICOMMRimages	GC-IMAGE-130123	GC-NonDICOMMRimages-578314	BOTH	salus_in_arduis	DIRECTIONAL	cacatum_non_est_pictum	23NA	T1_T1 weighted contrast	No	pace_tua	No	Yes	No	barba_crescit_caput_nescit	FREE PRECESSION	No	No	SILICON GEL	REAL	barba_crescit_caput_nescit
NonDICOMMRimages	GC-IMAGE-877756	GC-NonDICOMMRimages-330995	GRADIENT	scientiae_cedit_mare	NONE	Gallia_est_omnis_divisa_in_partes_tres	1H	TOF_Time Of Flight weighted contrast	No	O_Tite_tute_Tati_tibi_tanta_tyranne_tulisti	No	Yes	No	cacatum_non_est_pictum	LONGITUDINAL	No	No	SILICON GEL	MAGNITUDE	pace_tua
NonDICOMMRimages	GC-IMAGE-937560	GC-NonDICOMMRimages-181825	BOTH	Gallia_est_omnis_divisa_in_partes_tres	ISOTROPIC	sapiens_qui_prospicit	129XE	TOF_Time Of Flight weighted contrast	No	labor_ipse_voluptas	Yes	Yes	No	sapiens_qui_prospicit	TIME REVERSED	No	Yes	WATER	MAGNITUDE	id_quod_plerumque_accidit
NonDICOMMRimages	GC-IMAGE-957010	GC-NonDICOMMRimages-934924	BOTH	cacatum_non_est_pictum	BMATRIX	scientia_et_labor	23NA	STIR_Short Tau Inversion Recovery	No	barba_crescit_caput_nescit	No	No	Yes	scientiae_cedit_mare	NONE	Yes	Yes	NONE	IMAGINARY	scientia_et_labor
NonDICOMMRimages	GC-IMAGE-896722	GC-NonDICOMMRimages-848630	BOTH	faber_est_suae_quisque_fortunae	BMATRIX	scientiae_et_patriae	7LI	TOF_Time Of Flight weighted contrast	Yes	id_quod_plerumque_accidit	No	Yes	No	nascentes_morimur_finisque_ab_origine_pendet	FREE PRECESSION	Yes	No	WATER	IMAGINARY	scientiae_et_patriae
NonDICOMMRimages	GC-IMAGE-946312	GC-NonDICOMMRimages-101669	SPIN	imperium_in_imperio	BMATRIX	a_bene_placito	1H	T1_T1 weighted contrast	Yes	scientia_et_sapientia	No	No	No	scientiae_et_patriae	NONE	Yes	Yes	NONE	PHASE	scientia_et_sapientia
NonDICOMMRimages	GC-IMAGE-451498	GC-NonDICOMMRimages-358866	BOTH	scientia_et_labor	DIRECTIONAL	a_bene_placito	1H	FLUID_ATTENUATED_Fluid Attenuated T2 weighted contrast	No	sapiens_qui_prospicit	Yes	No	No	salus_in_arduis	FREE PRECESSION	Yes	Yes	FAT AND WATER	MAGNITUDE	O_Tite_tute_Tati_tibi_tanta_tyranne_tulisti
NonDICOMMRimages	GC-IMAGE-582465	GC-NonDICOMMRimages-249891	SPIN	faber_est_suae_quisque_fortunae	ISOTROPIC	salus_in_arduis	19F	TAGGING_Superposition of thin saturation bands onto image	Yes	scientiae_cedit_mare	No	Yes	Yes	Obedientia_civium_urbis_felicitas	FREE PRECESSION	Yes	Yes	SILICON GEL	IMAGINARY	damnant_quod_non_intellegunt
NonDICOMMRimages	GC-IMAGE-951107	GC-NonDICOMMRimages-852292	BOTH	scientia_et_sapientia	DIRECTIONAL	scientia_imperii_decus_et_tutamen	23NA	T2_T2 weighted contrast	Yes	scientiae_cedit_mare	Yes	No	No	e_causa_ignota	LONGITUDINAL	Yes	Yes	FAT	IMAGINARY	id_quod_plerumque_accidit
NonDICOMMRimages	GC-IMAGE-648707	GC-NonDICOMMRimages-508717	SPIN	pace_tua	NONE	scientia_et_labor	7LI	STIR_Short Tau Inversion Recovery	No	id_quod_plerumque_accidit	Yes	Yes	No	scientiae_cedit_mare	TRANSVERSE	No	No	SILICON GEL	MAGNITUDE	scientia_et_sapientia
NonDICOMMRimages	GC-IMAGE-884475	GC-NonDICOMMRimages-856087	GRADIENT	O_Tite_tute_Tati_tibi_tanta_tyranne_tulisti	NONE	scientia_et_labor	31P	T2_T2 weighted contrast	No	nascentes_morimur_finisque_ab_origine_pendet	Yes	No	Yes	a_bene_placito	NONE	No	Yes	NONE	MAGNITUDE	barba_crescit_caput_nescit
NonDICOMMRimages	GC-IMAGE-549370	GC-NonDICOMMRimages-947728	GRADIENT	scientia,_aere_perennius	BMATRIX	scientia_et_sapientia	23NA	T2_T2 weighted contrast	Yes	scientiae_cedit_mare	Yes	No	Yes	scientia,_aere_perennius	LONGITUDINAL	Yes	Yes	WATER	MAGNITUDE	scientia_et_sapientia
NonDICOMMRimages	GC-IMAGE-156787	GC-NonDICOMMRimages-640283	GRADIENT	scientia_imperii_decus_et_tutamen	DIRECTIONAL	nanos_gigantum_humeris_insidentes	31P	FLUID_ATTENUATED_Fluid Attenuated T2 weighted contrast	Yes	O_Tite_tute_Tati_tibi_tanta_tyranne_tulisti	Yes	No	No	salus_in_arduis	LONGITUDINAL	No	No	SILICON GEL	IMAGINARY	scientiae_et_patriae
NonDICOMMRimages	GC-IMAGE-485729	GC-NonDICOMMRimages-355546	BOTH	barba_crescit_caput_nescit	DIRECTIONAL	haec_olim_meminisse_iuvabit	7LI	TOF_Time Of Flight weighted contrast	Yes	faber_est_suae_quisque_fortunae	No	Yes	Yes	scientiae_cedit_mare	NONE	Yes	Yes	WATER	REAL	nascentes_morimur_finisque_ab_origine_pendet
NonDICOMMRimages	GC-IMAGE-786911	GC-NonDICOMMRimages-267765	SPIN	damnant_quod_non_intellegunt	BMATRIX	O_Tite_tute_Tati_tibi_tanta_tyranne_tulisti	13C	FLUID_ATTENUATED_Fluid Attenuated T2 weighted contrast	No	pace_tua	Yes	Yes	No	scientia,_aere_perennius	NONE	Yes	Yes	WATER	MAGNITUDE	barba_crescit_caput_nescit
NonDICOMMRimages	GC-IMAGE-523165	GC-NonDICOMMRimages-990641	GRADIENT	O_Tite_tute_Tati_tibi_tanta_tyranne_tulisti	BMATRIX	scientiae_cedit_mare	129XE	PROTON_DENSITY_Proton Density weighted contrast	No	Obedientia_civium_urbis_felicitas	No	Yes	No	haec_olim_meminisse_iuvabit	TIME REVERSED	Yes	No	FAT AND WATER	MAGNITUDE	saltus_in_demonstrando
NonDICOMMRimages	GC-IMAGE-700123	GC-NonDICOMMRimages-157274	GRADIENT	damnant_quod_non_intellegunt	BMATRIX	id_quod_plerumque_accidit	31P	T2_STAR_T2* weighted contrast	Yes	scientia,_aere_perennius	No	Yes	No	scientia_et_sapientia	TRANSVERSE	No	Yes	SILICON GEL	PHASE	e_causa_ignota
NonDICOMMRimages	GC-IMAGE-817986	GC-NonDICOMMRimages-425469	BOTH	Macte_animo_Generose_puer_sic_itur_ad_astra	BMATRIX	Macte_animo_Generose_puer_sic_itur_ad_astra	31P	PERFUSION_Perfusion weighted contrast	No	Macte_animo_Generose_puer_sic_itur_ad_astra	No	Yes	No	nascentes_morimur_finisque_ab_origine_pendet	TIME REVERSED	Yes	No	NONE	PHASE	scientia_et_labor
NonDICOMMRimages	GC-IMAGE-972448	GC-NonDICOMMRimages-184594	GRADIENT	Gallia_est_omnis_divisa_in_partes_tres	BMATRIX	sapiens_qui_prospicit	19F	PROTON_DENSITY_Proton Density weighted contrast	No	salus_in_arduis	Yes	No	No	nascentes_morimur_finisque_ab_origine_pendet	TIME REVERSED	Yes	No	WATER	MAGNITUDE	cacatum_non_est_pictum
NonDICOMMRimages	GC-IMAGE-774576	GC-NonDICOMMRimages-372462	BOTH	barba_crescit_caput_nescit	ISOTROPIC	O_Tite_tute_Tati_tibi_tanta_tyranne_tulisti	3HE	FLUID_ATTENUATED_Fluid Attenuated T2 weighted contrast	Yes	scientiae_et_patriae	No	No	Yes	faber_est_suae_quisque_fortunae	FREE PRECESSION	No	Yes	SILICON GEL	IMAGINARY	sapiens_qui_prospicit
NonDICOMMRimages	GC-IMAGE-673715	GC-NonDICOMMRimages-917078	BOTH	sapiens_qui_prospicit	NONE	faber_est_suae_quisque_fortunae	13C	DIFFUSION	Yes	nascentes_morimur_finisque_ab_origine_pendet	No	Yes	Yes	salus_in_arduis	LONGITUDINAL	Yes	No	SILICON GEL	REAL	barba_crescit_caput_nescit
NonDICOMMRimages	GC-IMAGE-928031	GC-NonDICOMMRimages-708635	BOTH	pace_tua	NONE	scientia,_aere_perennius	13C	PROTON_DENSITY_Proton Density weighted contrast	Yes	nanos_gigantum_humeris_insidentes	Yes	Yes	No	e_causa_ignota	FREE PRECESSION	Yes	Yes	SILICON GEL	REAL	Gallia_est_omnis_divisa_in_partes_tres
NonDICOMMRimages	GC-IMAGE-365526	GC-NonDICOMMRimages-565198	GRADIENT	scientia_et_sapientia	NONE	barba_crescit_caput_nescit	23NA	FLOW_ENCODED_Flow Encoded contrast	No	nanos_gigantum_humeris_insidentes	Yes	Yes	Yes	Obedientia_civium_urbis_felicitas	TRANSVERSE	Yes	No	FAT AND WATER	IMAGINARY	scientiae_et_patriae
NonDICOMMRimages	GC-IMAGE-468940	GC-NonDICOMMRimages-913678	BOTH	a_bene_placito	NONE	nanos_gigantum_humeris_insidentes	23NA	TAGGING_Superposition of thin saturation bands onto image	No	scientia_et_labor	No	Yes	Yes	Obedientia_civium_urbis_felicitas	FREE PRECESSION	No	No	NONE	PHASE	scientia_et_labor
NonDICOMMRimages	GC-IMAGE-158610	GC-NonDICOMMRimages-930430	GRADIENT	salus_in_arduis	DIRECTIONAL	Macte_animo_Generose_puer_sic_itur_ad_astra	129XE	T1_T1 weighted contrast	No	id_quod_plerumque_accidit	No	No	Yes	scientiae_et_patriae	FREE PRECESSION	Yes	Yes	FAT AND WATER	IMAGINARY	damnant_quod_non_intellegunt
NonDICOMMRimages	GC-IMAGE-631272	GC-NonDICOMMRimages-636203	GRADIENT	sapiens_qui_prospicit	BMATRIX	sapiens_qui_prospicit	1H	TOF_Time Of Flight weighted contrast	Yes	scientia_imperii_decus_et_tutamen	No	No	No	nascentes_morimur_finisque_ab_origine_pendet	LONGITUDINAL	No	Yes	WATER	IMAGINARY	O_Tite_tute_Tati_tibi_tanta_tyranne_tulisti
NonDICOMMRimages	GC-IMAGE-760648	GC-NonDICOMMRimages-494365	SPIN	imperium_in_imperio	BMATRIX	scientia_et_labor	31P	T2_T2 weighted contrast	No	id_quod_plerumque_accidit	No	No	Yes	O_Tite_tute_Tati_tibi_tanta_tyranne_tulisti	FREE PRECESSION	No	Yes	NONE	IMAGINARY	e_causa_ignota
NonDICOMMRimages	GC-IMAGE-846227	GC-NonDICOMMRimages-564874	BOTH	Macte_animo_Generose_puer_sic_itur_ad_astra	ISOTROPIC	sapiens_qui_prospicit	19F	FLOW_ENCODED_Flow Encoded contrast	No	scientia_et_labor	Yes	Yes	No	Macte_animo_Generose_puer_sic_itur_ad_astra	LONGITUDINAL	No	Yes	SILICON GEL	IMAGINARY	a_bene_placito
NonDICOMMRimages	GC-IMAGE-301048	GC-NonDICOMMRimages-406187	GRADIENT	Macte_animo_Generose_puer_sic_itur_ad_astra	NONE	haec_olim_meminisse_iuvabit	7LI	T2_STAR_T2* weighted contrast	No	Gallia_est_omnis_divisa_in_partes_tres	No	Yes	Yes	nascentes_morimur_finisque_ab_origine_pendet	LONGITUDINAL	Yes	No	FAT	IMAGINARY	scientiae_cedit_mare
NonDICOMMRimages	GC-IMAGE-589053	GC-NonDICOMMRimages-821239	BOTH	nanos_gigantum_humeris_insidentes	NONE	haec_olim_meminisse_iuvabit	3HE	PROTON_DENSITY_Proton Density weighted contrast	Yes	e_causa_ignota	No	Yes	Yes	pace_tua	TIME REVERSED	Yes	Yes	NONE	IMAGINARY	sapiens_qui_prospicit
NonDICOMMRimages	GC-IMAGE-103953	GC-NonDICOMMRimages-877750	SPIN	e_causa_ignota	DIRECTIONAL	scientiae_et_patriae	19F	T1_T1 weighted contrast	Yes	saltus_in_demonstrando	No	Yes	No	scientia,_aere_perennius	NONE	No	No	NONE	REAL	Obedientia_civium_urbis_felicitas
NonDICOMMRimages	GC-IMAGE-913646	GC-NonDICOMMRimages-958476	GRADIENT	haec_olim_meminisse_iuvabit	DIRECTIONAL	scientia_et_labor	129XE	FLUID_ATTENUATED_Fluid Attenuated T2 weighted contrast	Yes	Obedientia_civium_urbis_felicitas	Yes	Yes	No	scientia_imperii_decus_et_tutamen	LONGITUDINAL	Yes	No	WATER	IMAGINARY	e_causa_ignota
NonDICOMMRimages	GC-IMAGE-654204	GC-NonDICOMMRimages-885602	BOTH	Obedientia_civium_urbis_felicitas	NONE	e_causa_ignota	19F	T2_T2 weighted contrast	Yes	Obedientia_civium_urbis_felicitas	No	Yes	Yes	Macte_animo_Generose_puer_sic_itur_ad_astra	LONGITUDINAL	Yes	Yes	FAT AND WATER	REAL	Gallia_est_omnis_divisa_in_partes_tres
NonDICOMMRimages	GC-IMAGE-143131	GC-NonDICOMMRimages-108866	SPIN	scientiae_et_patriae	ISOTROPIC	a_bene_placito	129XE	TAGGING_Superposition of thin saturation bands onto image	No	labor_ipse_voluptas	Yes	Yes	No	nanos_gigantum_humeris_insidentes	LONGITUDINAL	Yes	No	FAT	PHASE	nanos_gigantum_humeris_insidentes
NonDICOMMRimages	GC-IMAGE-226693	GC-NonDICOMMRimages-624666	GRADIENT	scientia_et_labor	NONE	e_causa_ignota	3HE	STIR_Short Tau Inversion Recovery	No	imperium_in_imperio	No	Yes	No	scientia_imperii_decus_et_tutamen	TIME REVERSED	No	Yes	FAT AND WATER	REAL	scientia_et_labor
NonDICOMMRimages	GC-IMAGE-550814	GC-NonDICOMMRimages-636431	BOTH	scientiae_cedit_mare	ISOTROPIC	faber_est_suae_quisque_fortunae	31P	PERFUSION_Perfusion weighted contrast	Yes	damnant_quod_non_intellegunt	Yes	No	Yes	scientia_et_sapientia	FREE PRECESSION	Yes	Yes	SILICON GEL	MAGNITUDE	scientia_et_sapientia
NonDICOMMRimages	GC-IMAGE-732855	GC-NonDICOMMRimages-194428	GRADIENT	O_Tite_tute_Tati_tibi_tanta_tyranne_tulisti	NONE	Gallia_est_omnis_divisa_in_partes_tres	129XE	PERFUSION_Perfusion weighted contrast	Yes	scientia_et_labor	Yes	Yes	No	haec_olim_meminisse_iuvabit	FREE PRECESSION	No	No	SILICON GEL	REAL	saltus_in_demonstrando
NonDICOMMRimages	GC-IMAGE-901644	GC-NonDICOMMRimages-144228	SPIN	labor_ipse_voluptas	DIRECTIONAL	barba_crescit_caput_nescit	13C	FLUID_ATTENUATED_Fluid Attenuated T2 weighted contrast	No	scientia,_aere_perennius	No	Yes	Yes	O_Tite_tute_Tati_tibi_tanta_tyranne_tulisti	FREE PRECESSION	No	Yes	FAT AND WATER	PHASE	salus_in_arduis
NonDICOMMRimages	GC-IMAGE-277734	GC-NonDICOMMRimages-143023	BOTH	salus_in_arduis	NONE	cacatum_non_est_pictum	31P	STIR_Short Tau Inversion Recovery	Yes	damnant_quod_non_intellegunt	Yes	Yes	No	id_quod_plerumque_accidit	TIME REVERSED	Yes	Yes	WATER	MAGNITUDE	saltus_in_demonstrando
NonDICOMMRimages	GC-IMAGE-655971	GC-NonDICOMMRimages-825361	BOTH	scientia,_aere_perennius	BMATRIX	nascentes_morimur_finisque_ab_origine_pendet	19F	FLOW_ENCODED_Flow Encoded contrast	No	nascentes_morimur_finisque_ab_origine_pendet	No	Yes	Yes	scientia_et_labor	TRANSVERSE	Yes	No	SILICON GEL	PHASE	e_causa_ignota
NonDICOMMRimages	GC-IMAGE-562977	GC-NonDICOMMRimages-909007	GRADIENT	saltus_in_demonstrando	ISOTROPIC	cacatum_non_est_pictum	1H	PROTON_DENSITY_Proton Density weighted contrast	No	scientia_imperii_decus_et_tutamen	Yes	Yes	Yes	pace_tua	TRANSVERSE	Yes	Yes	FAT AND WATER	REAL	cacatum_non_est_pictum
NonDICOMMRimages	GC-IMAGE-175530	GC-NonDICOMMRimages-159751	GRADIENT	labor_ipse_voluptas	NONE	damnant_quod_non_intellegunt	19F	T2_STAR_T2* weighted contrast	No	scientia_et_sapientia	No	No	Yes	scientiae_cedit_mare	FREE PRECESSION	Yes	Yes	SILICON GEL	PHASE	barba_crescit_caput_nescit
NonDICOMMRimages	GC-IMAGE-130083	GC-NonDICOMMRimages-757289	SPIN	Macte_animo_Generose_puer_sic_itur_ad_astra	NONE	nascentes_morimur_finisque_ab_origine_pendet	31P	PERFUSION_Perfusion weighted contrast	No	sapiens_qui_prospicit	Yes	Yes	Yes	sapiens_qui_prospicit	LONGITUDINAL	Yes	Yes	FAT	MAGNITUDE	scientiae_cedit_mare
NonDICOMMRimages	GC-IMAGE-248486	GC-NonDICOMMRimages-331589	GRADIENT	salus_in_arduis	DIRECTIONAL	scientia_et_sapientia	23NA	TAGGING_Superposition of thin saturation bands onto image	Yes	haec_olim_meminisse_iuvabit	No	Yes	Yes	scientia_et_labor	TRANSVERSE	No	No	FAT	MAGNITUDE	faber_est_suae_quisque_fortunae
NonDICOMMRimages	GC-IMAGE-314474	GC-NonDICOMMRimages-937821	SPIN	a_bene_placito	DIRECTIONAL	damnant_quod_non_intellegunt	13C	T1_T1 weighted contrast	No	faber_est_suae_quisque_fortunae	No	Yes	No	saltus_in_demonstrando	FREE PRECESSION	No	No	FAT	IMAGINARY	labor_ipse_voluptas
NonDICOMMRimages	GC-IMAGE-307808	GC-NonDICOMMRimages-629898	GRADIENT	salus_in_arduis	BMATRIX	e_causa_ignota	19F	T2_T2 weighted contrast	Yes	labor_ipse_voluptas	No	No	No	Macte_animo_Generose_puer_sic_itur_ad_astra	TIME REVERSED	Yes	No	WATER	REAL	scientiae_cedit_mare
NonDICOMMRimages	GC-IMAGE-964022	GC-NonDICOMMRimages-729853	BOTH	barba_crescit_caput_nescit	NONE	scientiae_et_patriae	19F	TAGGING_Superposition of thin saturation bands onto image	Yes	sapiens_qui_prospicit	Yes	Yes	Yes	saltus_in_demonstrando	FREE PRECESSION	Yes	Yes	WATER	REAL	scientia_et_labor
NonDICOMMRimages	GC-IMAGE-195021	GC-NonDICOMMRimages-321426	BOTH	salus_in_arduis	BMATRIX	sapiens_qui_prospicit	23NA	TAGGING_Superposition of thin saturation bands onto image	No	scientia_et_labor	Yes	No	Yes	labor_ipse_voluptas	LONGITUDINAL	No	Yes	NONE	PHASE	Macte_animo_Generose_puer_sic_itur_ad_astra
NonDICOMMRimages	GC-IMAGE-429686	GC-NonDICOMMRimages-250271	GRADIENT	haec_olim_meminisse_iuvabit	NONE	id_quod_plerumque_accidit	3HE	PROTON_DENSITY_Proton Density weighted contrast	No	a_bene_placito	No	Yes	Yes	sapiens_qui_prospicit	FREE PRECESSION	Yes	No	WATER	MAGNITUDE	damnant_quod_non_intellegunt
NonDICOMMRimages	GC-IMAGE-663233	GC-NonDICOMMRimages-540236	SPIN	haec_olim_meminisse_iuvabit	ISOTROPIC	pace_tua	3HE	TOF_Time Of Flight weighted contrast	Yes	scientiae_et_patriae	Yes	Yes	No	saltus_in_demonstrando	TRANSVERSE	Yes	Yes	WATER	IMAGINARY	e_causa_ignota
NonDICOMMRimages	GC-IMAGE-832367	GC-NonDICOMMRimages-182805	GRADIENT	cacatum_non_est_pictum	ISOTROPIC	nascentes_morimur_finisque_ab_origine_pendet	31P	DIFFUSION	No	scientiae_cedit_mare	No	No	No	Obedientia_civium_urbis_felicitas	FREE PRECESSION	Yes	Yes	WATER	REAL	saltus_in_demonstrando
NonDICOMMRimages	GC-IMAGE-152653	GC-NonDICOMMRimages-185478	SPIN	scientiae_cedit_mare	DIRECTIONAL	pace_tua	3HE	FLUID_ATTENUATED_Fluid Attenuated T2 weighted contrast	No	scientia_imperii_decus_et_tutamen	No	No	Yes	scientia_imperii_decus_et_tutamen	LONGITUDINAL	No	No	FAT	IMAGINARY	a_bene_placito
NonDICOMMRimages	GC-IMAGE-959128	GC-NonDICOMMRimages-196671	GRADIENT	scientiae_cedit_mare	ISOTROPIC	sapiens_qui_prospicit	7LI	T2_STAR_T2* weighted contrast	Yes	Macte_animo_Generose_puer_sic_itur_ad_astra	Yes	No	Yes	labor_ipse_voluptas	NONE	No	No	NONE	REAL	barba_crescit_caput_nescit
NonDICOMMRimages	GC-IMAGE-677074	GC-NonDICOMMRimages-265213	GRADIENT	Obedientia_civium_urbis_felicitas	ISOTROPIC	scientiae_cedit_mare	23NA	DIFFUSION	Yes	scientia_imperii_decus_et_tutamen	Yes	Yes	No	a_bene_placito	TIME REVERSED	Yes	Yes	WATER	MAGNITUDE	pace_tua
NonDICOMMRimages	GC-IMAGE-657733	GC-NonDICOMMRimages-887259	SPIN	a_bene_placito	DIRECTIONAL	haec_olim_meminisse_iuvabit	19F	PROTON_DENSITY_Proton Density weighted contrast	No	nascentes_morimur_finisque_ab_origine_pendet	No	Yes	Yes	id_quod_plerumque_accidit	LONGITUDINAL	Yes	No	WATER	MAGNITUDE	scientia_et_labor
NonDICOMMRimages	GC-IMAGE-202867	GC-NonDICOMMRimages-899952	SPIN	scientia,_aere_perennius	DIRECTIONAL	Obedientia_civium_urbis_felicitas	7LI	PROTON_DENSITY_Proton Density weighted contrast	No	labor_ipse_voluptas	Yes	No	No	Gallia_est_omnis_divisa_in_partes_tres	FREE PRECESSION	Yes	Yes	NONE	MAGNITUDE	imperium_in_imperio
NonDICOMMRimages	GC-IMAGE-990445	GC-NonDICOMMRimages-111443	BOTH	id_quod_plerumque_accidit	ISOTROPIC	scientia_imperii_decus_et_tutamen	7LI	STIR_Short Tau Inversion Recovery	Yes	scientia,_aere_perennius	No	No	No	scientia_imperii_decus_et_tutamen	TRANSVERSE	No	No	FAT	REAL	scientiae_et_patriae
NonDICOMMRimages	GC-IMAGE-164212	GC-NonDICOMMRimages-771554	BOTH	imperium_in_imperio	DIRECTIONAL	labor_ipse_voluptas	1H	T1_T1 weighted contrast	No	scientia_et_labor	Yes	No	No	nanos_gigantum_humeris_insidentes	TRANSVERSE	Yes	Yes	SILICON GEL	MAGNITUDE	sapiens_qui_prospicit
NonDICOMMRimages	GC-IMAGE-759507	GC-NonDICOMMRimages-364053	SPIN	scientia_imperii_decus_et_tutamen	NONE	pace_tua	23NA	TOF_Time Of Flight weighted contrast	Yes	id_quod_plerumque_accidit	Yes	No	No	scientia_et_labor	FREE PRECESSION	No	Yes	FAT	PHASE	scientiae_cedit_mare
NonDICOMMRimages	GC-IMAGE-953405	GC-NonDICOMMRimages-802118	BOTH	pace_tua	DIRECTIONAL	haec_olim_meminisse_iuvabit	23NA	PROTON_DENSITY_Proton Density weighted contrast	No	nanos_gigantum_humeris_insidentes	Yes	Yes	No	O_Tite_tute_Tati_tibi_tanta_tyranne_tulisti	NONE	Yes	Yes	SILICON GEL	REAL	a_bene_placito
NonDICOMMRimages	GC-IMAGE-989377	GC-NonDICOMMRimages-754189	BOTH	Macte_animo_Generose_puer_sic_itur_ad_astra	DIRECTIONAL	haec_olim_meminisse_iuvabit	13C	T1_T1 weighted contrast	No	pace_tua	Yes	No	No	Obedientia_civium_urbis_felicitas	TIME REVERSED	No	No	FAT AND WATER	REAL	a_bene_placito
NonDICOMMRimages	GC-IMAGE-924624	GC-NonDICOMMRimages-892022	BOTH	imperium_in_imperio	BMATRIX	scientiae_cedit_mare	1H	PROTON_DENSITY_Proton Density weighted contrast	Yes	haec_olim_meminisse_iuvabit	Yes	Yes	Yes	scientia_imperii_decus_et_tutamen	TIME REVERSED	No	Yes	SILICON GEL	MAGNITUDE	scientia_et_sapientia
NonDICOMMRimages	GC-IMAGE-473394	GC-NonDICOMMRimages-434949	GRADIENT	nascentes_morimur_finisque_ab_origine_pendet	BMATRIX	nanos_gigantum_humeris_insidentes	3HE	PERFUSION_Perfusion weighted contrast	No	scientia,_aere_perennius	Yes	No	Yes	Obedientia_civium_urbis_felicitas	TIME REVERSED	Yes	Yes	FAT	PHASE	e_causa_ignota
NonDICOMMRimages	GC-IMAGE-202059	GC-NonDICOMMRimages-816064	SPIN	nanos_gigantum_humeris_insidentes	ISOTROPIC	Obedientia_civium_urbis_felicitas	31P	PERFUSION_Perfusion weighted contrast	Yes	salus_in_arduis	Yes	Yes	Yes	sapiens_qui_prospicit	NONE	No	No	WATER	IMAGINARY	labor_ipse_voluptas
NonDICOMMRimages	GC-IMAGE-780776	GC-NonDICOMMRimages-406765	BOTH	a_bene_placito	ISOTROPIC	damnant_quod_non_intellegunt	13C	T2_STAR_T2* weighted contrast	No	salus_in_arduis	No	Yes	No	faber_est_suae_quisque_fortunae	TRANSVERSE	No	No	NONE	REAL	a_bene_placito
NonDICOMMRimages	GC-IMAGE-904526	GC-NonDICOMMRimages-339071	BOTH	nanos_gigantum_humeris_insidentes	ISOTROPIC	a_bene_placito	7LI	FLOW_ENCODED_Flow Encoded contrast	No	pace_tua	Yes	No	No	e_causa_ignota	NONE	Yes	No	FAT	MAGNITUDE	nanos_gigantum_humeris_insidentes
