type	image.study_link_id	NonDICOMCTimages_id	CTAquisitionProtocolElement_singleCollimationWidth	CTAquisitionProtocolElement_totalCollimationWidth	CTAquisitionProtocolElement_gantryDetectorTilt	CTAquisitionProtocolElement_spiralPitchFactor	CTAquisitionProtocolElement_ctdiVol	CTAquisitionProtocolElement_ctdiPhantomTypeCode	CTAquisitionProtocolElement_kVp	CTAquisitionProtocolElement_exposureModulationType_Code	CTImageReconstructionProtocolElement_convolutionKernel	CTImageReconstructionProtocolElement_convolutionKernelGroupCode	crdc_id
NonDICOMCTimages	CDS-IMAGE-477404	CDS-NonDICOMCTimages-185982	scientia_imperii_decus_et_tutamen	cacatum_non_est_pictum	id_quod_plerumque_accidit	e.g., 2:1	Obedientia_civium_urbis_felicitas	Obedientia_civium_urbis_felicitas	sapiens_qui_prospicit	LONGITUDINAL	barba_crescit_caput_nescit	Obedientia_civium_urbis_felicitas	haec_olim_meminisse_iuvabit
NonDICOMCTimages	CDS-IMAGE-264447	CDS-NonDICOMCTimages-993637	scientia_et_labor	scientia_et_labor	nascentes_morimur_finisque_ab_origine_pendet	e.g., 2:1	Macte_animo_Generose_puer_sic_itur_ad_astra	scientiae_et_patriae	Gallia_est_omnis_divisa_in_partes_tres	ECG-BASED	scientia_et_sapientia	salus_in_arduis	salus_in_arduis
NonDICOMCTimages	CDS-IMAGE-456822	CDS-NonDICOMCTimages-352477	scientia_et_sapientia	faber_est_suae_quisque_fortunae	scientia_et_sapientia	e.g., 2:1	damnant_quod_non_intellegunt	nascentes_morimur_finisque_ab_origine_pendet	labor_ipse_voluptas	ECG-BASED	scientiae_cedit_mare	salus_in_arduis	salus_in_arduis
NonDICOMCTimages	CDS-IMAGE-258661	CDS-NonDICOMCTimages-835834	haec_olim_meminisse_iuvabit	damnant_quod_non_intellegunt	saltus_in_demonstrando	e.g., 2:1	imperium_in_imperio	barba_crescit_caput_nescit	sapiens_qui_prospicit	NONE	haec_olim_meminisse_iuvabit	scientiae_et_patriae	id_quod_plerumque_accidit
NonDICOMCTimages	CDS-IMAGE-820789	CDS-NonDICOMCTimages-896502	id_quod_plerumque_accidit	salus_in_arduis	imperium_in_imperio	e.g., 2:1	id_quod_plerumque_accidit	id_quod_plerumque_accidit	scientia_imperii_decus_et_tutamen	NONE	Gallia_est_omnis_divisa_in_partes_tres	scientia_et_sapientia	scientia_et_labor
NonDICOMCTimages	CDS-IMAGE-492694	CDS-NonDICOMCTimages-258245	imperium_in_imperio	id_quod_plerumque_accidit	nanos_gigantum_humeris_insidentes	e.g., 2:1	a_bene_placito	haec_olim_meminisse_iuvabit	e_causa_ignota	LONGITUDINAL	salus_in_arduis	scientia_imperii_decus_et_tutamen	e_causa_ignota
NonDICOMCTimages	CDS-IMAGE-865072	CDS-NonDICOMCTimages-243280	O_Tite_tute_Tati_tibi_tanta_tyranne_tulisti	Macte_animo_Generose_puer_sic_itur_ad_astra	scientia_et_labor	e.g., 2:1	faber_est_suae_quisque_fortunae	damnant_quod_non_intellegunt	nascentes_morimur_finisque_ab_origine_pendet	ORGAN-BASED	id_quod_plerumque_accidit	scientia_imperii_decus_et_tutamen	damnant_quod_non_intellegunt
NonDICOMCTimages	CDS-IMAGE-932048	CDS-NonDICOMCTimages-342788	e_causa_ignota	labor_ipse_voluptas	pace_tua	e.g., 2:1	id_quod_plerumque_accidit	barba_crescit_caput_nescit	scientia_et_labor	ORGAN-BASED	imperium_in_imperio	imperium_in_imperio	scientia_et_sapientia
NonDICOMCTimages	CDS-IMAGE-675635	CDS-NonDICOMCTimages-450341	O_Tite_tute_Tati_tibi_tanta_tyranne_tulisti	Macte_animo_Generose_puer_sic_itur_ad_astra	nascentes_morimur_finisque_ab_origine_pendet	e.g., 2:1	O_Tite_tute_Tati_tibi_tanta_tyranne_tulisti	saltus_in_demonstrando	barba_crescit_caput_nescit	ANGULAR	saltus_in_demonstrando	Gallia_est_omnis_divisa_in_partes_tres	scientia_et_labor
NonDICOMCTimages	CDS-IMAGE-991213	CDS-NonDICOMCTimages-367452	scientiae_et_patriae	Gallia_est_omnis_divisa_in_partes_tres	nanos_gigantum_humeris_insidentes	e.g., 2:1	scientiae_cedit_mare	nascentes_morimur_finisque_ab_origine_pendet	Obedientia_civium_urbis_felicitas	LONGITUDINAL	nanos_gigantum_humeris_insidentes	damnant_quod_non_intellegunt	scientia_et_sapientia
NonDICOMCTimages	CDS-IMAGE-405235	CDS-NonDICOMCTimages-313147	barba_crescit_caput_nescit	labor_ipse_voluptas	haec_olim_meminisse_iuvabit	e.g., 2:1	scientia,_aere_perennius	haec_olim_meminisse_iuvabit	salus_in_arduis	ECG-BASED	salus_in_arduis	haec_olim_meminisse_iuvabit	imperium_in_imperio
NonDICOMCTimages	CDS-IMAGE-388586	CDS-NonDICOMCTimages-356609	Macte_animo_Generose_puer_sic_itur_ad_astra	damnant_quod_non_intellegunt	cacatum_non_est_pictum	e.g., 2:1	scientiae_cedit_mare	saltus_in_demonstrando	scientiae_cedit_mare	ECG-BASED	barba_crescit_caput_nescit	Obedientia_civium_urbis_felicitas	O_Tite_tute_Tati_tibi_tanta_tyranne_tulisti
NonDICOMCTimages	CDS-IMAGE-811512	CDS-NonDICOMCTimages-425706	scientiae_et_patriae	e_causa_ignota	saltus_in_demonstrando	e.g., 2:1	pace_tua	labor_ipse_voluptas	scientia,_aere_perennius	LONGITUDINAL	labor_ipse_voluptas	O_Tite_tute_Tati_tibi_tanta_tyranne_tulisti	scientiae_cedit_mare
NonDICOMCTimages	CDS-IMAGE-157300	CDS-NonDICOMCTimages-203425	imperium_in_imperio	faber_est_suae_quisque_fortunae	scientia_imperii_decus_et_tutamen	e.g., 2:1	scientia,_aere_perennius	saltus_in_demonstrando	barba_crescit_caput_nescit	ANGULAR	damnant_quod_non_intellegunt	salus_in_arduis	scientiae_cedit_mare
NonDICOMCTimages	CDS-IMAGE-257799	CDS-NonDICOMCTimages-252982	scientia_imperii_decus_et_tutamen	saltus_in_demonstrando	id_quod_plerumque_accidit	e.g., 2:1	scientia,_aere_perennius	Gallia_est_omnis_divisa_in_partes_tres	cacatum_non_est_pictum	NONE	scientiae_et_patriae	id_quod_plerumque_accidit	scientia_imperii_decus_et_tutamen
NonDICOMCTimages	CDS-IMAGE-241503	CDS-NonDICOMCTimages-599014	barba_crescit_caput_nescit	pace_tua	e_causa_ignota	e.g., 2:1	saltus_in_demonstrando	O_Tite_tute_Tati_tibi_tanta_tyranne_tulisti	Macte_animo_Generose_puer_sic_itur_ad_astra	ANGULAR	scientiae_cedit_mare	Obedientia_civium_urbis_felicitas	e_causa_ignota
NonDICOMCTimages	CDS-IMAGE-289865	CDS-NonDICOMCTimages-266028	saltus_in_demonstrando	barba_crescit_caput_nescit	pace_tua	e.g., 2:1	scientia,_aere_perennius	haec_olim_meminisse_iuvabit	pace_tua	ANGULAR	damnant_quod_non_intellegunt	id_quod_plerumque_accidit	damnant_quod_non_intellegunt
NonDICOMCTimages	CDS-IMAGE-964911	CDS-NonDICOMCTimages-984756	salus_in_arduis	sapiens_qui_prospicit	scientiae_et_patriae	e.g., 2:1	e_causa_ignota	Obedientia_civium_urbis_felicitas	scientia,_aere_perennius	LONGITUDINAL	Macte_animo_Generose_puer_sic_itur_ad_astra	nanos_gigantum_humeris_insidentes	scientia,_aere_perennius
NonDICOMCTimages	CDS-IMAGE-448652	CDS-NonDICOMCTimages-232224	pace_tua	scientiae_et_patriae	Gallia_est_omnis_divisa_in_partes_tres	e.g., 2:1	nascentes_morimur_finisque_ab_origine_pendet	scientia_et_sapientia	salus_in_arduis	LONGITUDINAL	O_Tite_tute_Tati_tibi_tanta_tyranne_tulisti	faber_est_suae_quisque_fortunae	labor_ipse_voluptas
NonDICOMCTimages	CDS-IMAGE-193615	CDS-NonDICOMCTimages-735569	scientia_et_labor	sapiens_qui_prospicit	barba_crescit_caput_nescit	e.g., 2:1	scientiae_et_patriae	O_Tite_tute_Tati_tibi_tanta_tyranne_tulisti	scientia_et_sapientia	ANGULAR	id_quod_plerumque_accidit	nanos_gigantum_humeris_insidentes	scientia_imperii_decus_et_tutamen
NonDICOMCTimages	CDS-IMAGE-162893	CDS-NonDICOMCTimages-736495	Obedientia_civium_urbis_felicitas	scientiae_et_patriae	Gallia_est_omnis_divisa_in_partes_tres	e.g., 2:1	O_Tite_tute_Tati_tibi_tanta_tyranne_tulisti	haec_olim_meminisse_iuvabit	scientia_et_labor	ORGAN-BASED	pace_tua	Obedientia_civium_urbis_felicitas	id_quod_plerumque_accidit
NonDICOMCTimages	CDS-IMAGE-927868	CDS-NonDICOMCTimages-620068	faber_est_suae_quisque_fortunae	labor_ipse_voluptas	scientia_et_sapientia	e.g., 2:1	scientiae_et_patriae	faber_est_suae_quisque_fortunae	scientia_et_labor	ECG-BASED	labor_ipse_voluptas	scientia,_aere_perennius	pace_tua
NonDICOMCTimages	CDS-IMAGE-684119	CDS-NonDICOMCTimages-712769	sapiens_qui_prospicit	labor_ipse_voluptas	O_Tite_tute_Tati_tibi_tanta_tyranne_tulisti	e.g., 2:1	e_causa_ignota	nanos_gigantum_humeris_insidentes	faber_est_suae_quisque_fortunae	NONE	damnant_quod_non_intellegunt	O_Tite_tute_Tati_tibi_tanta_tyranne_tulisti	e_causa_ignota
NonDICOMCTimages	CDS-IMAGE-323593	CDS-NonDICOMCTimages-457975	nascentes_morimur_finisque_ab_origine_pendet	e_causa_ignota	e_causa_ignota	e.g., 2:1	e_causa_ignota	e_causa_ignota	Gallia_est_omnis_divisa_in_partes_tres	LONGITUDINAL	labor_ipse_voluptas	scientia,_aere_perennius	nanos_gigantum_humeris_insidentes
NonDICOMCTimages	CDS-IMAGE-347391	CDS-NonDICOMCTimages-709075	imperium_in_imperio	salus_in_arduis	Gallia_est_omnis_divisa_in_partes_tres	e.g., 2:1	faber_est_suae_quisque_fortunae	sapiens_qui_prospicit	salus_in_arduis	LONGITUDINAL	nascentes_morimur_finisque_ab_origine_pendet	id_quod_plerumque_accidit	Obedientia_civium_urbis_felicitas
NonDICOMCTimages	CDS-IMAGE-221862	CDS-NonDICOMCTimages-718329	a_bene_placito	saltus_in_demonstrando	Macte_animo_Generose_puer_sic_itur_ad_astra	e.g., 2:1	scientia_et_labor	imperium_in_imperio	scientiae_et_patriae	ANGULAR	Gallia_est_omnis_divisa_in_partes_tres	haec_olim_meminisse_iuvabit	labor_ipse_voluptas
NonDICOMCTimages	CDS-IMAGE-480852	CDS-NonDICOMCTimages-400275	nascentes_morimur_finisque_ab_origine_pendet	labor_ipse_voluptas	saltus_in_demonstrando	e.g., 2:1	pace_tua	salus_in_arduis	damnant_quod_non_intellegunt	ANGULAR	saltus_in_demonstrando	a_bene_placito	scientia_et_sapientia
NonDICOMCTimages	CDS-IMAGE-701933	CDS-NonDICOMCTimages-486327	nascentes_morimur_finisque_ab_origine_pendet	O_Tite_tute_Tati_tibi_tanta_tyranne_tulisti	a_bene_placito	e.g., 2:1	O_Tite_tute_Tati_tibi_tanta_tyranne_tulisti	Obedientia_civium_urbis_felicitas	scientiae_cedit_mare	ANGULAR	imperium_in_imperio	sapiens_qui_prospicit	imperium_in_imperio
NonDICOMCTimages	CDS-IMAGE-647561	CDS-NonDICOMCTimages-229741	saltus_in_demonstrando	salus_in_arduis	nanos_gigantum_humeris_insidentes	e.g., 2:1	scientia,_aere_perennius	sapiens_qui_prospicit	a_bene_placito	ORGAN-BASED	cacatum_non_est_pictum	sapiens_qui_prospicit	nascentes_morimur_finisque_ab_origine_pendet
NonDICOMCTimages	CDS-IMAGE-201642	CDS-NonDICOMCTimages-316029	e_causa_ignota	scientiae_et_patriae	saltus_in_demonstrando	e.g., 2:1	scientia_imperii_decus_et_tutamen	saltus_in_demonstrando	scientia_imperii_decus_et_tutamen	LONGITUDINAL	faber_est_suae_quisque_fortunae	scientia,_aere_perennius	barba_crescit_caput_nescit
NonDICOMCTimages	CDS-IMAGE-789473	CDS-NonDICOMCTimages-968606	sapiens_qui_prospicit	faber_est_suae_quisque_fortunae	Obedientia_civium_urbis_felicitas	e.g., 2:1	a_bene_placito	nanos_gigantum_humeris_insidentes	sapiens_qui_prospicit	ECG-BASED	scientiae_cedit_mare	cacatum_non_est_pictum	scientiae_et_patriae
NonDICOMCTimages	CDS-IMAGE-833379	CDS-NonDICOMCTimages-526793	barba_crescit_caput_nescit	scientia,_aere_perennius	Macte_animo_Generose_puer_sic_itur_ad_astra	e.g., 2:1	scientiae_cedit_mare	salus_in_arduis	haec_olim_meminisse_iuvabit	NONE	imperium_in_imperio	a_bene_placito	Gallia_est_omnis_divisa_in_partes_tres
NonDICOMCTimages	CDS-IMAGE-706009	CDS-NonDICOMCTimages-850407	nanos_gigantum_humeris_insidentes	scientia_imperii_decus_et_tutamen	O_Tite_tute_Tati_tibi_tanta_tyranne_tulisti	e.g., 2:1	scientia,_aere_perennius	damnant_quod_non_intellegunt	O_Tite_tute_Tati_tibi_tanta_tyranne_tulisti	ANGULAR	nanos_gigantum_humeris_insidentes	a_bene_placito	nanos_gigantum_humeris_insidentes
NonDICOMCTimages	CDS-IMAGE-916622	CDS-NonDICOMCTimages-328647	haec_olim_meminisse_iuvabit	sapiens_qui_prospicit	haec_olim_meminisse_iuvabit	e.g., 2:1	e_causa_ignota	scientia_et_sapientia	faber_est_suae_quisque_fortunae	ECG-BASED	saltus_in_demonstrando	pace_tua	scientia,_aere_perennius
NonDICOMCTimages	CDS-IMAGE-301791	CDS-NonDICOMCTimages-321037	scientia_et_labor	scientia,_aere_perennius	labor_ipse_voluptas	e.g., 2:1	scientia,_aere_perennius	pace_tua	salus_in_arduis	ANGULAR	salus_in_arduis	pace_tua	cacatum_non_est_pictum
NonDICOMCTimages	CDS-IMAGE-307810	CDS-NonDICOMCTimages-371433	scientia,_aere_perennius	scientia,_aere_perennius	haec_olim_meminisse_iuvabit	e.g., 2:1	scientiae_cedit_mare	imperium_in_imperio	damnant_quod_non_intellegunt	NONE	scientiae_cedit_mare	Obedientia_civium_urbis_felicitas	sapiens_qui_prospicit
NonDICOMCTimages	CDS-IMAGE-355149	CDS-NonDICOMCTimages-427385	Obedientia_civium_urbis_felicitas	scientia_imperii_decus_et_tutamen	a_bene_placito	e.g., 2:1	labor_ipse_voluptas	damnant_quod_non_intellegunt	scientia_imperii_decus_et_tutamen	NONE	damnant_quod_non_intellegunt	e_causa_ignota	sapiens_qui_prospicit
NonDICOMCTimages	CDS-IMAGE-144549	CDS-NonDICOMCTimages-284069	O_Tite_tute_Tati_tibi_tanta_tyranne_tulisti	nascentes_morimur_finisque_ab_origine_pendet	Macte_animo_Generose_puer_sic_itur_ad_astra	e.g., 2:1	scientia_imperii_decus_et_tutamen	haec_olim_meminisse_iuvabit	scientiae_cedit_mare	LONGITUDINAL	nanos_gigantum_humeris_insidentes	scientiae_cedit_mare	damnant_quod_non_intellegunt
NonDICOMCTimages	CDS-IMAGE-758660	CDS-NonDICOMCTimages-439493	cacatum_non_est_pictum	haec_olim_meminisse_iuvabit	Gallia_est_omnis_divisa_in_partes_tres	e.g., 2:1	scientia,_aere_perennius	scientiae_cedit_mare	O_Tite_tute_Tati_tibi_tanta_tyranne_tulisti	NONE	damnant_quod_non_intellegunt	scientiae_cedit_mare	scientiae_cedit_mare
NonDICOMCTimages	CDS-IMAGE-428450	CDS-NonDICOMCTimages-785512	scientia_et_labor	barba_crescit_caput_nescit	cacatum_non_est_pictum	e.g., 2:1	Obedientia_civium_urbis_felicitas	salus_in_arduis	nascentes_morimur_finisque_ab_origine_pendet	ECG-BASED	labor_ipse_voluptas	salus_in_arduis	labor_ipse_voluptas
NonDICOMCTimages	CDS-IMAGE-386927	CDS-NonDICOMCTimages-759260	Macte_animo_Generose_puer_sic_itur_ad_astra	labor_ipse_voluptas	faber_est_suae_quisque_fortunae	e.g., 2:1	nascentes_morimur_finisque_ab_origine_pendet	scientia_et_labor	saltus_in_demonstrando	ORGAN-BASED	nanos_gigantum_humeris_insidentes	cacatum_non_est_pictum	pace_tua
NonDICOMCTimages	CDS-IMAGE-127115	CDS-NonDICOMCTimages-420933	Gallia_est_omnis_divisa_in_partes_tres	cacatum_non_est_pictum	haec_olim_meminisse_iuvabit	e.g., 2:1	e_causa_ignota	Gallia_est_omnis_divisa_in_partes_tres	e_causa_ignota	NONE	salus_in_arduis	faber_est_suae_quisque_fortunae	scientiae_et_patriae
NonDICOMCTimages	CDS-IMAGE-723573	CDS-NonDICOMCTimages-127565	scientia_et_labor	scientia,_aere_perennius	O_Tite_tute_Tati_tibi_tanta_tyranne_tulisti	e.g., 2:1	damnant_quod_non_intellegunt	saltus_in_demonstrando	faber_est_suae_quisque_fortunae	ANGULAR	Gallia_est_omnis_divisa_in_partes_tres	barba_crescit_caput_nescit	barba_crescit_caput_nescit
NonDICOMCTimages	CDS-IMAGE-308106	CDS-NonDICOMCTimages-792122	pace_tua	scientiae_cedit_mare	Obedientia_civium_urbis_felicitas	e.g., 2:1	barba_crescit_caput_nescit	Obedientia_civium_urbis_felicitas	scientiae_cedit_mare	ECG-BASED	Macte_animo_Generose_puer_sic_itur_ad_astra	e_causa_ignota	labor_ipse_voluptas
NonDICOMCTimages	CDS-IMAGE-315466	CDS-NonDICOMCTimages-126269	pace_tua	Macte_animo_Generose_puer_sic_itur_ad_astra	saltus_in_demonstrando	e.g., 2:1	sapiens_qui_prospicit	haec_olim_meminisse_iuvabit	faber_est_suae_quisque_fortunae	ECG-BASED	imperium_in_imperio	labor_ipse_voluptas	faber_est_suae_quisque_fortunae
NonDICOMCTimages	CDS-IMAGE-259996	CDS-NonDICOMCTimages-591493	O_Tite_tute_Tati_tibi_tanta_tyranne_tulisti	O_Tite_tute_Tati_tibi_tanta_tyranne_tulisti	imperium_in_imperio	e.g., 2:1	faber_est_suae_quisque_fortunae	Gallia_est_omnis_divisa_in_partes_tres	sapiens_qui_prospicit	LONGITUDINAL	scientia_imperii_decus_et_tutamen	scientiae_cedit_mare	O_Tite_tute_Tati_tibi_tanta_tyranne_tulisti
NonDICOMCTimages	CDS-IMAGE-155385	CDS-NonDICOMCTimages-158791	labor_ipse_voluptas	saltus_in_demonstrando	a_bene_placito	e.g., 2:1	scientiae_cedit_mare	Obedientia_civium_urbis_felicitas	faber_est_suae_quisque_fortunae	ANGULAR	id_quod_plerumque_accidit	cacatum_non_est_pictum	saltus_in_demonstrando
NonDICOMCTimages	CDS-IMAGE-644125	CDS-NonDICOMCTimages-262898	nascentes_morimur_finisque_ab_origine_pendet	Obedientia_civium_urbis_felicitas	sapiens_qui_prospicit	e.g., 2:1	scientia_et_sapientia	Macte_animo_Generose_puer_sic_itur_ad_astra	a_bene_placito	ECG-BASED	scientia_et_sapientia	Gallia_est_omnis_divisa_in_partes_tres	scientia_et_sapientia
NonDICOMCTimages	CDS-IMAGE-163842	CDS-NonDICOMCTimages-569101	scientiae_cedit_mare	nanos_gigantum_humeris_insidentes	scientia_et_sapientia	e.g., 2:1	barba_crescit_caput_nescit	scientiae_cedit_mare	Macte_animo_Generose_puer_sic_itur_ad_astra	LONGITUDINAL	haec_olim_meminisse_iuvabit	labor_ipse_voluptas	id_quod_plerumque_accidit
NonDICOMCTimages	CDS-IMAGE-715529	CDS-NonDICOMCTimages-462386	cacatum_non_est_pictum	O_Tite_tute_Tati_tibi_tanta_tyranne_tulisti	scientiae_cedit_mare	e.g., 2:1	faber_est_suae_quisque_fortunae	sapiens_qui_prospicit	pace_tua	LONGITUDINAL	pace_tua	imperium_in_imperio	scientiae_cedit_mare
NonDICOMCTimages	CDS-IMAGE-105578	CDS-NonDICOMCTimages-169598	salus_in_arduis	faber_est_suae_quisque_fortunae	damnant_quod_non_intellegunt	e.g., 2:1	faber_est_suae_quisque_fortunae	barba_crescit_caput_nescit	Obedientia_civium_urbis_felicitas	ORGAN-BASED	e_causa_ignota	labor_ipse_voluptas	haec_olim_meminisse_iuvabit
NonDICOMCTimages	CDS-IMAGE-996260	CDS-NonDICOMCTimages-927766	labor_ipse_voluptas	scientia_et_labor	sapiens_qui_prospicit	e.g., 2:1	nanos_gigantum_humeris_insidentes	faber_est_suae_quisque_fortunae	scientiae_et_patriae	ANGULAR	id_quod_plerumque_accidit	nanos_gigantum_humeris_insidentes	a_bene_placito
NonDICOMCTimages	CDS-IMAGE-295661	CDS-NonDICOMCTimages-665453	labor_ipse_voluptas	sapiens_qui_prospicit	scientia_et_sapientia	e.g., 2:1	labor_ipse_voluptas	a_bene_placito	faber_est_suae_quisque_fortunae	ECG-BASED	e_causa_ignota	scientiae_et_patriae	scientiae_cedit_mare
NonDICOMCTimages	CDS-IMAGE-356687	CDS-NonDICOMCTimages-960427	scientia_et_sapientia	scientia_et_sapientia	labor_ipse_voluptas	e.g., 2:1	scientiae_cedit_mare	scientiae_cedit_mare	imperium_in_imperio	NONE	scientia_et_labor	scientia_imperii_decus_et_tutamen	scientia_et_sapientia
NonDICOMCTimages	CDS-IMAGE-672672	CDS-NonDICOMCTimages-712499	imperium_in_imperio	scientia_et_sapientia	salus_in_arduis	e.g., 2:1	nascentes_morimur_finisque_ab_origine_pendet	Gallia_est_omnis_divisa_in_partes_tres	scientia_et_sapientia	LONGITUDINAL	imperium_in_imperio	nascentes_morimur_finisque_ab_origine_pendet	labor_ipse_voluptas
NonDICOMCTimages	CDS-IMAGE-760745	CDS-NonDICOMCTimages-992450	damnant_quod_non_intellegunt	Macte_animo_Generose_puer_sic_itur_ad_astra	scientia_et_sapientia	e.g., 2:1	O_Tite_tute_Tati_tibi_tanta_tyranne_tulisti	a_bene_placito	Obedientia_civium_urbis_felicitas	ORGAN-BASED	a_bene_placito	scientia,_aere_perennius	scientia_et_sapientia
NonDICOMCTimages	CDS-IMAGE-447835	CDS-NonDICOMCTimages-706857	nascentes_morimur_finisque_ab_origine_pendet	nascentes_morimur_finisque_ab_origine_pendet	e_causa_ignota	e.g., 2:1	scientia_imperii_decus_et_tutamen	saltus_in_demonstrando	saltus_in_demonstrando	ECG-BASED	scientia_et_sapientia	nascentes_morimur_finisque_ab_origine_pendet	saltus_in_demonstrando
NonDICOMCTimages	CDS-IMAGE-449047	CDS-NonDICOMCTimages-130088	scientia,_aere_perennius	cacatum_non_est_pictum	nanos_gigantum_humeris_insidentes	e.g., 2:1	O_Tite_tute_Tati_tibi_tanta_tyranne_tulisti	scientia,_aere_perennius	faber_est_suae_quisque_fortunae	NONE	Macte_animo_Generose_puer_sic_itur_ad_astra	faber_est_suae_quisque_fortunae	scientia_imperii_decus_et_tutamen
NonDICOMCTimages	CDS-IMAGE-502829	CDS-NonDICOMCTimages-844459	saltus_in_demonstrando	scientia_imperii_decus_et_tutamen	a_bene_placito	e.g., 2:1	nascentes_morimur_finisque_ab_origine_pendet	scientia_imperii_decus_et_tutamen	saltus_in_demonstrando	NONE	id_quod_plerumque_accidit	imperium_in_imperio	scientia,_aere_perennius
NonDICOMCTimages	CDS-IMAGE-517058	CDS-NonDICOMCTimages-241709	imperium_in_imperio	Gallia_est_omnis_divisa_in_partes_tres	haec_olim_meminisse_iuvabit	e.g., 2:1	faber_est_suae_quisque_fortunae	salus_in_arduis	scientia_et_labor	ORGAN-BASED	scientia_imperii_decus_et_tutamen	scientiae_et_patriae	imperium_in_imperio
NonDICOMCTimages	CDS-IMAGE-313975	CDS-NonDICOMCTimages-641758	imperium_in_imperio	e_causa_ignota	pace_tua	e.g., 2:1	pace_tua	barba_crescit_caput_nescit	barba_crescit_caput_nescit	LONGITUDINAL	nanos_gigantum_humeris_insidentes	a_bene_placito	faber_est_suae_quisque_fortunae
NonDICOMCTimages	CDS-IMAGE-969559	CDS-NonDICOMCTimages-757502	scientia,_aere_perennius	pace_tua	scientia_et_sapientia	e.g., 2:1	scientia_et_sapientia	Macte_animo_Generose_puer_sic_itur_ad_astra	haec_olim_meminisse_iuvabit	LONGITUDINAL	scientia_et_labor	sapiens_qui_prospicit	barba_crescit_caput_nescit
NonDICOMCTimages	CDS-IMAGE-960776	CDS-NonDICOMCTimages-981936	scientia_et_labor	Macte_animo_Generose_puer_sic_itur_ad_astra	salus_in_arduis	e.g., 2:1	scientia_et_sapientia	id_quod_plerumque_accidit	a_bene_placito	LONGITUDINAL	imperium_in_imperio	faber_est_suae_quisque_fortunae	scientiae_et_patriae
NonDICOMCTimages	CDS-IMAGE-275645	CDS-NonDICOMCTimages-134961	scientiae_et_patriae	scientia_et_sapientia	damnant_quod_non_intellegunt	e.g., 2:1	Gallia_est_omnis_divisa_in_partes_tres	faber_est_suae_quisque_fortunae	Macte_animo_Generose_puer_sic_itur_ad_astra	NONE	cacatum_non_est_pictum	sapiens_qui_prospicit	scientia_et_sapientia
NonDICOMCTimages	CDS-IMAGE-294393	CDS-NonDICOMCTimages-149810	scientiae_cedit_mare	scientia,_aere_perennius	Macte_animo_Generose_puer_sic_itur_ad_astra	e.g., 2:1	scientia,_aere_perennius	id_quod_plerumque_accidit	cacatum_non_est_pictum	LONGITUDINAL	a_bene_placito	sapiens_qui_prospicit	scientia_imperii_decus_et_tutamen
NonDICOMCTimages	CDS-IMAGE-716232	CDS-NonDICOMCTimages-736857	labor_ipse_voluptas	imperium_in_imperio	imperium_in_imperio	e.g., 2:1	barba_crescit_caput_nescit	labor_ipse_voluptas	Obedientia_civium_urbis_felicitas	NONE	barba_crescit_caput_nescit	Obedientia_civium_urbis_felicitas	saltus_in_demonstrando
NonDICOMCTimages	CDS-IMAGE-581730	CDS-NonDICOMCTimages-282805	nascentes_morimur_finisque_ab_origine_pendet	scientia_et_labor	damnant_quod_non_intellegunt	e.g., 2:1	scientiae_cedit_mare	id_quod_plerumque_accidit	id_quod_plerumque_accidit	LONGITUDINAL	cacatum_non_est_pictum	scientiae_et_patriae	cacatum_non_est_pictum
NonDICOMCTimages	CDS-IMAGE-895263	CDS-NonDICOMCTimages-156560	pace_tua	salus_in_arduis	Gallia_est_omnis_divisa_in_partes_tres	e.g., 2:1	scientiae_cedit_mare	haec_olim_meminisse_iuvabit	nanos_gigantum_humeris_insidentes	ECG-BASED	scientiae_et_patriae	saltus_in_demonstrando	Gallia_est_omnis_divisa_in_partes_tres
NonDICOMCTimages	CDS-IMAGE-252406	CDS-NonDICOMCTimages-193853	pace_tua	salus_in_arduis	a_bene_placito	e.g., 2:1	a_bene_placito	id_quod_plerumque_accidit	id_quod_plerumque_accidit	ORGAN-BASED	barba_crescit_caput_nescit	id_quod_plerumque_accidit	scientia,_aere_perennius
NonDICOMCTimages	CDS-IMAGE-801798	CDS-NonDICOMCTimages-839766	damnant_quod_non_intellegunt	saltus_in_demonstrando	faber_est_suae_quisque_fortunae	e.g., 2:1	scientia_et_sapientia	saltus_in_demonstrando	damnant_quod_non_intellegunt	ECG-BASED	O_Tite_tute_Tati_tibi_tanta_tyranne_tulisti	nascentes_morimur_finisque_ab_origine_pendet	scientiae_et_patriae
NonDICOMCTimages	CDS-IMAGE-831938	CDS-NonDICOMCTimages-386922	sapiens_qui_prospicit	haec_olim_meminisse_iuvabit	barba_crescit_caput_nescit	e.g., 2:1	damnant_quod_non_intellegunt	nanos_gigantum_humeris_insidentes	a_bene_placito	NONE	id_quod_plerumque_accidit	pace_tua	imperium_in_imperio
NonDICOMCTimages	CDS-IMAGE-232205	CDS-NonDICOMCTimages-449380	pace_tua	barba_crescit_caput_nescit	Gallia_est_omnis_divisa_in_partes_tres	e.g., 2:1	scientia_et_labor	Macte_animo_Generose_puer_sic_itur_ad_astra	id_quod_plerumque_accidit	ORGAN-BASED	scientia_imperii_decus_et_tutamen	sapiens_qui_prospicit	faber_est_suae_quisque_fortunae
NonDICOMCTimages	CDS-IMAGE-976532	CDS-NonDICOMCTimages-214031	nanos_gigantum_humeris_insidentes	salus_in_arduis	pace_tua	e.g., 2:1	labor_ipse_voluptas	labor_ipse_voluptas	Macte_animo_Generose_puer_sic_itur_ad_astra	ORGAN-BASED	scientia_et_labor	nanos_gigantum_humeris_insidentes	a_bene_placito
NonDICOMCTimages	CDS-IMAGE-437110	CDS-NonDICOMCTimages-586321	Gallia_est_omnis_divisa_in_partes_tres	scientia,_aere_perennius	O_Tite_tute_Tati_tibi_tanta_tyranne_tulisti	e.g., 2:1	barba_crescit_caput_nescit	imperium_in_imperio	Gallia_est_omnis_divisa_in_partes_tres	ORGAN-BASED	id_quod_plerumque_accidit	cacatum_non_est_pictum	O_Tite_tute_Tati_tibi_tanta_tyranne_tulisti
NonDICOMCTimages	CDS-IMAGE-487436	CDS-NonDICOMCTimages-367879	Obedientia_civium_urbis_felicitas	O_Tite_tute_Tati_tibi_tanta_tyranne_tulisti	labor_ipse_voluptas	e.g., 2:1	nascentes_morimur_finisque_ab_origine_pendet	scientiae_et_patriae	e_causa_ignota	ECG-BASED	salus_in_arduis	a_bene_placito	faber_est_suae_quisque_fortunae
NonDICOMCTimages	CDS-IMAGE-744923	CDS-NonDICOMCTimages-552365	salus_in_arduis	faber_est_suae_quisque_fortunae	Obedientia_civium_urbis_felicitas	e.g., 2:1	nascentes_morimur_finisque_ab_origine_pendet	barba_crescit_caput_nescit	faber_est_suae_quisque_fortunae	NONE	scientia_et_sapientia	nanos_gigantum_humeris_insidentes	scientia_imperii_decus_et_tutamen
NonDICOMCTimages	CDS-IMAGE-305132	CDS-NonDICOMCTimages-465737	Macte_animo_Generose_puer_sic_itur_ad_astra	Gallia_est_omnis_divisa_in_partes_tres	scientiae_et_patriae	e.g., 2:1	damnant_quod_non_intellegunt	haec_olim_meminisse_iuvabit	O_Tite_tute_Tati_tibi_tanta_tyranne_tulisti	ORGAN-BASED	saltus_in_demonstrando	pace_tua	pace_tua
NonDICOMCTimages	CDS-IMAGE-324996	CDS-NonDICOMCTimages-370484	scientia_imperii_decus_et_tutamen	scientiae_cedit_mare	Gallia_est_omnis_divisa_in_partes_tres	e.g., 2:1	imperium_in_imperio	saltus_in_demonstrando	cacatum_non_est_pictum	ORGAN-BASED	scientiae_cedit_mare	nanos_gigantum_humeris_insidentes	imperium_in_imperio
NonDICOMCTimages	CDS-IMAGE-986376	CDS-NonDICOMCTimages-336254	scientia_et_labor	imperium_in_imperio	scientiae_cedit_mare	e.g., 2:1	Gallia_est_omnis_divisa_in_partes_tres	cacatum_non_est_pictum	id_quod_plerumque_accidit	ECG-BASED	imperium_in_imperio	nascentes_morimur_finisque_ab_origine_pendet	salus_in_arduis
NonDICOMCTimages	CDS-IMAGE-532724	CDS-NonDICOMCTimages-900016	sapiens_qui_prospicit	id_quod_plerumque_accidit	barba_crescit_caput_nescit	e.g., 2:1	Gallia_est_omnis_divisa_in_partes_tres	scientia_imperii_decus_et_tutamen	scientia,_aere_perennius	LONGITUDINAL	e_causa_ignota	Macte_animo_Generose_puer_sic_itur_ad_astra	scientiae_et_patriae
NonDICOMCTimages	CDS-IMAGE-221504	CDS-NonDICOMCTimages-162212	e_causa_ignota	scientia,_aere_perennius	Macte_animo_Generose_puer_sic_itur_ad_astra	e.g., 2:1	O_Tite_tute_Tati_tibi_tanta_tyranne_tulisti	scientiae_cedit_mare	Obedientia_civium_urbis_felicitas	ANGULAR	a_bene_placito	haec_olim_meminisse_iuvabit	haec_olim_meminisse_iuvabit
NonDICOMCTimages	CDS-IMAGE-594689	CDS-NonDICOMCTimages-130431	labor_ipse_voluptas	nascentes_morimur_finisque_ab_origine_pendet	Gallia_est_omnis_divisa_in_partes_tres	e.g., 2:1	barba_crescit_caput_nescit	pace_tua	Obedientia_civium_urbis_felicitas	LONGITUDINAL	Obedientia_civium_urbis_felicitas	nanos_gigantum_humeris_insidentes	Obedientia_civium_urbis_felicitas
NonDICOMCTimages	CDS-IMAGE-817027	CDS-NonDICOMCTimages-621550	scientia_imperii_decus_et_tutamen	cacatum_non_est_pictum	a_bene_placito	e.g., 2:1	cacatum_non_est_pictum	labor_ipse_voluptas	salus_in_arduis	ORGAN-BASED	scientia_et_labor	sapiens_qui_prospicit	labor_ipse_voluptas
NonDICOMCTimages	CDS-IMAGE-139555	CDS-NonDICOMCTimages-394605	nascentes_morimur_finisque_ab_origine_pendet	e_causa_ignota	nanos_gigantum_humeris_insidentes	e.g., 2:1	salus_in_arduis	pace_tua	Gallia_est_omnis_divisa_in_partes_tres	ECG-BASED	damnant_quod_non_intellegunt	sapiens_qui_prospicit	saltus_in_demonstrando
NonDICOMCTimages	CDS-IMAGE-815029	CDS-NonDICOMCTimages-739715	haec_olim_meminisse_iuvabit	a_bene_placito	damnant_quod_non_intellegunt	e.g., 2:1	Obedientia_civium_urbis_felicitas	cacatum_non_est_pictum	saltus_in_demonstrando	ECG-BASED	haec_olim_meminisse_iuvabit	imperium_in_imperio	pace_tua
NonDICOMCTimages	CDS-IMAGE-179349	CDS-NonDICOMCTimages-896166	scientia_et_sapientia	id_quod_plerumque_accidit	imperium_in_imperio	e.g., 2:1	nascentes_morimur_finisque_ab_origine_pendet	nascentes_morimur_finisque_ab_origine_pendet	a_bene_placito	NONE	O_Tite_tute_Tati_tibi_tanta_tyranne_tulisti	Macte_animo_Generose_puer_sic_itur_ad_astra	labor_ipse_voluptas
NonDICOMCTimages	CDS-IMAGE-432538	CDS-NonDICOMCTimages-514358	O_Tite_tute_Tati_tibi_tanta_tyranne_tulisti	id_quod_plerumque_accidit	Gallia_est_omnis_divisa_in_partes_tres	e.g., 2:1	scientia_et_sapientia	scientia_et_sapientia	salus_in_arduis	ECG-BASED	scientia,_aere_perennius	Obedientia_civium_urbis_felicitas	scientiae_et_patriae
NonDICOMCTimages	CDS-IMAGE-207611	CDS-NonDICOMCTimages-137828	sapiens_qui_prospicit	labor_ipse_voluptas	Obedientia_civium_urbis_felicitas	e.g., 2:1	scientia_imperii_decus_et_tutamen	scientia_imperii_decus_et_tutamen	scientiae_et_patriae	ANGULAR	labor_ipse_voluptas	Macte_animo_Generose_puer_sic_itur_ad_astra	nascentes_morimur_finisque_ab_origine_pendet
NonDICOMCTimages	CDS-IMAGE-284302	CDS-NonDICOMCTimages-146965	scientia,_aere_perennius	nanos_gigantum_humeris_insidentes	damnant_quod_non_intellegunt	e.g., 2:1	scientia_imperii_decus_et_tutamen	imperium_in_imperio	nanos_gigantum_humeris_insidentes	NONE	e_causa_ignota	scientia_et_labor	nascentes_morimur_finisque_ab_origine_pendet
NonDICOMCTimages	CDS-IMAGE-937522	CDS-NonDICOMCTimages-727393	scientia_imperii_decus_et_tutamen	Gallia_est_omnis_divisa_in_partes_tres	cacatum_non_est_pictum	e.g., 2:1	scientia,_aere_perennius	Obedientia_civium_urbis_felicitas	scientia_imperii_decus_et_tutamen	NONE	e_causa_ignota	Macte_animo_Generose_puer_sic_itur_ad_astra	id_quod_plerumque_accidit
NonDICOMCTimages	CDS-IMAGE-357602	CDS-NonDICOMCTimages-788677	faber_est_suae_quisque_fortunae	labor_ipse_voluptas	nascentes_morimur_finisque_ab_origine_pendet	e.g., 2:1	sapiens_qui_prospicit	labor_ipse_voluptas	saltus_in_demonstrando	LONGITUDINAL	id_quod_plerumque_accidit	Gallia_est_omnis_divisa_in_partes_tres	salus_in_arduis
NonDICOMCTimages	CDS-IMAGE-174662	CDS-NonDICOMCTimages-577467	Gallia_est_omnis_divisa_in_partes_tres	scientia_et_labor	scientia_imperii_decus_et_tutamen	e.g., 2:1	damnant_quod_non_intellegunt	faber_est_suae_quisque_fortunae	nascentes_morimur_finisque_ab_origine_pendet	ANGULAR	imperium_in_imperio	scientia_et_sapientia	faber_est_suae_quisque_fortunae
NonDICOMCTimages	CDS-IMAGE-348665	CDS-NonDICOMCTimages-308748	imperium_in_imperio	saltus_in_demonstrando	id_quod_plerumque_accidit	e.g., 2:1	saltus_in_demonstrando	labor_ipse_voluptas	scientiae_cedit_mare	NONE	faber_est_suae_quisque_fortunae	Obedientia_civium_urbis_felicitas	haec_olim_meminisse_iuvabit
NonDICOMCTimages	CDS-IMAGE-584133	CDS-NonDICOMCTimages-792693	id_quod_plerumque_accidit	scientia_et_sapientia	Macte_animo_Generose_puer_sic_itur_ad_astra	e.g., 2:1	Gallia_est_omnis_divisa_in_partes_tres	scientia_et_labor	labor_ipse_voluptas	ANGULAR	labor_ipse_voluptas	Obedientia_civium_urbis_felicitas	barba_crescit_caput_nescit
NonDICOMCTimages	CDS-IMAGE-704340	CDS-NonDICOMCTimages-421233	saltus_in_demonstrando	scientia_et_labor	barba_crescit_caput_nescit	e.g., 2:1	scientia_imperii_decus_et_tutamen	pace_tua	scientia_et_sapientia	LONGITUDINAL	Macte_animo_Generose_puer_sic_itur_ad_astra	faber_est_suae_quisque_fortunae	Gallia_est_omnis_divisa_in_partes_tres
NonDICOMCTimages	CDS-IMAGE-370010	CDS-NonDICOMCTimages-769203	pace_tua	saltus_in_demonstrando	Obedientia_civium_urbis_felicitas	e.g., 2:1	labor_ipse_voluptas	scientia,_aere_perennius	damnant_quod_non_intellegunt	LONGITUDINAL	e_causa_ignota	Macte_animo_Generose_puer_sic_itur_ad_astra	nanos_gigantum_humeris_insidentes
NonDICOMCTimages	CDS-IMAGE-328203	CDS-NonDICOMCTimages-125291	nascentes_morimur_finisque_ab_origine_pendet	barba_crescit_caput_nescit	damnant_quod_non_intellegunt	e.g., 2:1	Obedientia_civium_urbis_felicitas	nascentes_morimur_finisque_ab_origine_pendet	scientiae_cedit_mare	NONE	faber_est_suae_quisque_fortunae	nascentes_morimur_finisque_ab_origine_pendet	haec_olim_meminisse_iuvabit
NonDICOMCTimages	CDS-IMAGE-449145	CDS-NonDICOMCTimages-611993	salus_in_arduis	scientia,_aere_perennius	nascentes_morimur_finisque_ab_origine_pendet	e.g., 2:1	scientia,_aere_perennius	scientia_et_labor	sapiens_qui_prospicit	LONGITUDINAL	cacatum_non_est_pictum	O_Tite_tute_Tati_tibi_tanta_tyranne_tulisti	O_Tite_tute_Tati_tibi_tanta_tyranne_tulisti
NonDICOMCTimages	CDS-IMAGE-233274	CDS-NonDICOMCTimages-896480	e_causa_ignota	scientiae_et_patriae	faber_est_suae_quisque_fortunae	e.g., 2:1	scientiae_et_patriae	scientia_et_labor	barba_crescit_caput_nescit	NONE	Obedientia_civium_urbis_felicitas	scientiae_cedit_mare	damnant_quod_non_intellegunt
NonDICOMCTimages	CDS-IMAGE-248757	CDS-NonDICOMCTimages-230272	a_bene_placito	barba_crescit_caput_nescit	a_bene_placito	e.g., 2:1	haec_olim_meminisse_iuvabit	Gallia_est_omnis_divisa_in_partes_tres	Gallia_est_omnis_divisa_in_partes_tres	NONE	Obedientia_civium_urbis_felicitas	scientia,_aere_perennius	Macte_animo_Generose_puer_sic_itur_ad_astra
NonDICOMCTimages	CDS-IMAGE-678258	CDS-NonDICOMCTimages-930583	e_causa_ignota	scientia_et_sapientia	id_quod_plerumque_accidit	e.g., 2:1	id_quod_plerumque_accidit	a_bene_placito	Gallia_est_omnis_divisa_in_partes_tres	LONGITUDINAL	scientia_et_sapientia	haec_olim_meminisse_iuvabit	haec_olim_meminisse_iuvabit
NonDICOMCTimages	CDS-IMAGE-848824	CDS-NonDICOMCTimages-563715	haec_olim_meminisse_iuvabit	imperium_in_imperio	nascentes_morimur_finisque_ab_origine_pendet	e.g., 2:1	Gallia_est_omnis_divisa_in_partes_tres	damnant_quod_non_intellegunt	scientia_et_sapientia	ECG-BASED	a_bene_placito	scientia_et_sapientia	labor_ipse_voluptas
NonDICOMCTimages	CDS-IMAGE-338352	CDS-NonDICOMCTimages-767731	scientia_et_labor	Obedientia_civium_urbis_felicitas	Obedientia_civium_urbis_felicitas	e.g., 2:1	id_quod_plerumque_accidit	imperium_in_imperio	pace_tua	ORGAN-BASED	Obedientia_civium_urbis_felicitas	damnant_quod_non_intellegunt	e_causa_ignota
NonDICOMCTimages	CDS-IMAGE-630235	CDS-NonDICOMCTimages-150705	pace_tua	barba_crescit_caput_nescit	scientia_imperii_decus_et_tutamen	e.g., 2:1	saltus_in_demonstrando	id_quod_plerumque_accidit	a_bene_placito	ECG-BASED	imperium_in_imperio	imperium_in_imperio	scientia,_aere_perennius
NonDICOMCTimages	CDS-IMAGE-367090	CDS-NonDICOMCTimages-655359	Obedientia_civium_urbis_felicitas	e_causa_ignota	haec_olim_meminisse_iuvabit	e.g., 2:1	imperium_in_imperio	faber_est_suae_quisque_fortunae	nanos_gigantum_humeris_insidentes	ANGULAR	scientia_et_labor	scientia_et_sapientia	scientia_et_labor
NonDICOMCTimages	CDS-IMAGE-531593	CDS-NonDICOMCTimages-350323	scientia_imperii_decus_et_tutamen	salus_in_arduis	imperium_in_imperio	e.g., 2:1	scientia_et_labor	Macte_animo_Generose_puer_sic_itur_ad_astra	a_bene_placito	ANGULAR	imperium_in_imperio	barba_crescit_caput_nescit	scientiae_et_patriae
NonDICOMCTimages	CDS-IMAGE-529404	CDS-NonDICOMCTimages-964642	imperium_in_imperio	saltus_in_demonstrando	sapiens_qui_prospicit	e.g., 2:1	salus_in_arduis	nanos_gigantum_humeris_insidentes	scientia_et_sapientia	ANGULAR	nascentes_morimur_finisque_ab_origine_pendet	O_Tite_tute_Tati_tibi_tanta_tyranne_tulisti	labor_ipse_voluptas
NonDICOMCTimages	CDS-IMAGE-171301	CDS-NonDICOMCTimages-921297	Macte_animo_Generose_puer_sic_itur_ad_astra	scientia,_aere_perennius	faber_est_suae_quisque_fortunae	e.g., 2:1	pace_tua	pace_tua	scientia_et_labor	ORGAN-BASED	scientia,_aere_perennius	scientiae_cedit_mare	e_causa_ignota
NonDICOMCTimages	CDS-IMAGE-544663	CDS-NonDICOMCTimages-449973	imperium_in_imperio	scientia,_aere_perennius	scientia,_aere_perennius	e.g., 2:1	faber_est_suae_quisque_fortunae	pace_tua	scientiae_et_patriae	ORGAN-BASED	imperium_in_imperio	id_quod_plerumque_accidit	a_bene_placito
NonDICOMCTimages	CDS-IMAGE-296419	CDS-NonDICOMCTimages-151367	labor_ipse_voluptas	scientia_imperii_decus_et_tutamen	scientia_et_sapientia	e.g., 2:1	scientia_et_labor	scientia_et_labor	a_bene_placito	ORGAN-BASED	haec_olim_meminisse_iuvabit	scientiae_cedit_mare	Obedientia_civium_urbis_felicitas
NonDICOMCTimages	CDS-IMAGE-452418	CDS-NonDICOMCTimages-401407	scientiae_et_patriae	labor_ipse_voluptas	e_causa_ignota	e.g., 2:1	cacatum_non_est_pictum	cacatum_non_est_pictum	scientia_et_labor	ORGAN-BASED	cacatum_non_est_pictum	damnant_quod_non_intellegunt	damnant_quod_non_intellegunt
NonDICOMCTimages	CDS-IMAGE-155821	CDS-NonDICOMCTimages-884054	nascentes_morimur_finisque_ab_origine_pendet	nanos_gigantum_humeris_insidentes	e_causa_ignota	e.g., 2:1	nascentes_morimur_finisque_ab_origine_pendet	barba_crescit_caput_nescit	scientia_imperii_decus_et_tutamen	LONGITUDINAL	Obedientia_civium_urbis_felicitas	Gallia_est_omnis_divisa_in_partes_tres	id_quod_plerumque_accidit
NonDICOMCTimages	CDS-IMAGE-365753	CDS-NonDICOMCTimages-398330	damnant_quod_non_intellegunt	scientia_imperii_decus_et_tutamen	scientia_et_labor	e.g., 2:1	saltus_in_demonstrando	Gallia_est_omnis_divisa_in_partes_tres	scientia_et_labor	NONE	barba_crescit_caput_nescit	e_causa_ignota	damnant_quod_non_intellegunt
NonDICOMCTimages	CDS-IMAGE-766020	CDS-NonDICOMCTimages-562419	a_bene_placito	scientia_et_sapientia	e_causa_ignota	e.g., 2:1	id_quod_plerumque_accidit	Gallia_est_omnis_divisa_in_partes_tres	salus_in_arduis	ORGAN-BASED	Gallia_est_omnis_divisa_in_partes_tres	scientiae_cedit_mare	Obedientia_civium_urbis_felicitas
NonDICOMCTimages	CDS-IMAGE-106515	CDS-NonDICOMCTimages-264442	imperium_in_imperio	haec_olim_meminisse_iuvabit	haec_olim_meminisse_iuvabit	e.g., 2:1	scientia_et_labor	barba_crescit_caput_nescit	labor_ipse_voluptas	NONE	salus_in_arduis	nanos_gigantum_humeris_insidentes	faber_est_suae_quisque_fortunae
NonDICOMCTimages	CDS-IMAGE-886901	CDS-NonDICOMCTimages-821371	labor_ipse_voluptas	salus_in_arduis	salus_in_arduis	e.g., 2:1	haec_olim_meminisse_iuvabit	Obedientia_civium_urbis_felicitas	salus_in_arduis	LONGITUDINAL	saltus_in_demonstrando	sapiens_qui_prospicit	salus_in_arduis
NonDICOMCTimages	CDS-IMAGE-127885	CDS-NonDICOMCTimages-737113	a_bene_placito	cacatum_non_est_pictum	Macte_animo_Generose_puer_sic_itur_ad_astra	e.g., 2:1	scientiae_et_patriae	scientiae_et_patriae	damnant_quod_non_intellegunt	LONGITUDINAL	scientia_imperii_decus_et_tutamen	salus_in_arduis	sapiens_qui_prospicit
NonDICOMCTimages	CDS-IMAGE-429419	CDS-NonDICOMCTimages-931275	Macte_animo_Generose_puer_sic_itur_ad_astra	scientia,_aere_perennius	Gallia_est_omnis_divisa_in_partes_tres	e.g., 2:1	Gallia_est_omnis_divisa_in_partes_tres	scientia_et_labor	damnant_quod_non_intellegunt	ORGAN-BASED	scientiae_cedit_mare	id_quod_plerumque_accidit	scientia_et_sapientia
NonDICOMCTimages	CDS-IMAGE-961332	CDS-NonDICOMCTimages-902597	scientia_et_sapientia	a_bene_placito	Gallia_est_omnis_divisa_in_partes_tres	e.g., 2:1	saltus_in_demonstrando	id_quod_plerumque_accidit	O_Tite_tute_Tati_tibi_tanta_tyranne_tulisti	ECG-BASED	pace_tua	scientia_et_sapientia	saltus_in_demonstrando
NonDICOMCTimages	CDS-IMAGE-830300	CDS-NonDICOMCTimages-613699	imperium_in_imperio	sapiens_qui_prospicit	scientia_et_sapientia	e.g., 2:1	scientiae_cedit_mare	nascentes_morimur_finisque_ab_origine_pendet	damnant_quod_non_intellegunt	ECG-BASED	cacatum_non_est_pictum	scientia_et_labor	Macte_animo_Generose_puer_sic_itur_ad_astra
NonDICOMCTimages	CDS-IMAGE-498012	CDS-NonDICOMCTimages-650340	scientia_et_sapientia	cacatum_non_est_pictum	sapiens_qui_prospicit	e.g., 2:1	Gallia_est_omnis_divisa_in_partes_tres	nanos_gigantum_humeris_insidentes	haec_olim_meminisse_iuvabit	NONE	scientia_et_labor	barba_crescit_caput_nescit	sapiens_qui_prospicit
NonDICOMCTimages	CDS-IMAGE-646939	CDS-NonDICOMCTimages-490313	scientiae_cedit_mare	id_quod_plerumque_accidit	id_quod_plerumque_accidit	e.g., 2:1	imperium_in_imperio	scientia_imperii_decus_et_tutamen	barba_crescit_caput_nescit	ECG-BASED	saltus_in_demonstrando	scientia,_aere_perennius	scientia_et_labor
NonDICOMCTimages	CDS-IMAGE-458878	CDS-NonDICOMCTimages-875479	scientiae_cedit_mare	id_quod_plerumque_accidit	faber_est_suae_quisque_fortunae	e.g., 2:1	damnant_quod_non_intellegunt	imperium_in_imperio	sapiens_qui_prospicit	ANGULAR	scientia,_aere_perennius	saltus_in_demonstrando	Gallia_est_omnis_divisa_in_partes_tres
NonDICOMCTimages	CDS-IMAGE-558875	CDS-NonDICOMCTimages-974824	scientia_et_sapientia	scientia_et_labor	scientia,_aere_perennius	e.g., 2:1	Macte_animo_Generose_puer_sic_itur_ad_astra	scientiae_et_patriae	labor_ipse_voluptas	NONE	nanos_gigantum_humeris_insidentes	e_causa_ignota	damnant_quod_non_intellegunt
NonDICOMCTimages	CDS-IMAGE-929624	CDS-NonDICOMCTimages-343608	scientia_et_labor	a_bene_placito	labor_ipse_voluptas	e.g., 2:1	id_quod_plerumque_accidit	scientiae_et_patriae	labor_ipse_voluptas	ANGULAR	haec_olim_meminisse_iuvabit	scientia_et_sapientia	O_Tite_tute_Tati_tibi_tanta_tyranne_tulisti
NonDICOMCTimages	CDS-IMAGE-163523	CDS-NonDICOMCTimages-833072	cacatum_non_est_pictum	damnant_quod_non_intellegunt	damnant_quod_non_intellegunt	e.g., 2:1	scientia_imperii_decus_et_tutamen	id_quod_plerumque_accidit	scientia_et_sapientia	ANGULAR	saltus_in_demonstrando	a_bene_placito	salus_in_arduis
NonDICOMCTimages	CDS-IMAGE-457372	CDS-NonDICOMCTimages-988424	scientiae_cedit_mare	nascentes_morimur_finisque_ab_origine_pendet	scientia,_aere_perennius	e.g., 2:1	labor_ipse_voluptas	id_quod_plerumque_accidit	scientiae_cedit_mare	NONE	scientia_imperii_decus_et_tutamen	a_bene_placito	scientia_et_sapientia
NonDICOMCTimages	CDS-IMAGE-795234	CDS-NonDICOMCTimages-477005	scientiae_et_patriae	sapiens_qui_prospicit	scientia,_aere_perennius	e.g., 2:1	haec_olim_meminisse_iuvabit	sapiens_qui_prospicit	imperium_in_imperio	ORGAN-BASED	labor_ipse_voluptas	damnant_quod_non_intellegunt	O_Tite_tute_Tati_tibi_tanta_tyranne_tulisti
NonDICOMCTimages	CDS-IMAGE-828166	CDS-NonDICOMCTimages-178643	Gallia_est_omnis_divisa_in_partes_tres	id_quod_plerumque_accidit	scientia_et_labor	e.g., 2:1	scientia_et_sapientia	Macte_animo_Generose_puer_sic_itur_ad_astra	O_Tite_tute_Tati_tibi_tanta_tyranne_tulisti	NONE	faber_est_suae_quisque_fortunae	id_quod_plerumque_accidit	labor_ipse_voluptas
NonDICOMCTimages	CDS-IMAGE-377448	CDS-NonDICOMCTimages-740971	faber_est_suae_quisque_fortunae	nascentes_morimur_finisque_ab_origine_pendet	labor_ipse_voluptas	e.g., 2:1	scientia_et_sapientia	O_Tite_tute_Tati_tibi_tanta_tyranne_tulisti	scientiae_cedit_mare	LONGITUDINAL	barba_crescit_caput_nescit	imperium_in_imperio	nanos_gigantum_humeris_insidentes
NonDICOMCTimages	CDS-IMAGE-434147	CDS-NonDICOMCTimages-125689	pace_tua	id_quod_plerumque_accidit	e_causa_ignota	e.g., 2:1	salus_in_arduis	scientia,_aere_perennius	Gallia_est_omnis_divisa_in_partes_tres	ORGAN-BASED	pace_tua	faber_est_suae_quisque_fortunae	Macte_animo_Generose_puer_sic_itur_ad_astra
NonDICOMCTimages	CDS-IMAGE-421875	CDS-NonDICOMCTimages-496148	nanos_gigantum_humeris_insidentes	a_bene_placito	nanos_gigantum_humeris_insidentes	e.g., 2:1	faber_est_suae_quisque_fortunae	labor_ipse_voluptas	a_bene_placito	ORGAN-BASED	imperium_in_imperio	scientiae_cedit_mare	scientia_imperii_decus_et_tutamen
NonDICOMCTimages	CDS-IMAGE-962520	CDS-NonDICOMCTimages-691484	haec_olim_meminisse_iuvabit	scientia,_aere_perennius	saltus_in_demonstrando	e.g., 2:1	saltus_in_demonstrando	labor_ipse_voluptas	O_Tite_tute_Tati_tibi_tanta_tyranne_tulisti	ANGULAR	nanos_gigantum_humeris_insidentes	cacatum_non_est_pictum	scientiae_et_patriae
NonDICOMCTimages	CDS-IMAGE-199747	CDS-NonDICOMCTimages-426147	cacatum_non_est_pictum	O_Tite_tute_Tati_tibi_tanta_tyranne_tulisti	a_bene_placito	e.g., 2:1	scientia_et_sapientia	faber_est_suae_quisque_fortunae	Obedientia_civium_urbis_felicitas	ANGULAR	barba_crescit_caput_nescit	imperium_in_imperio	scientiae_et_patriae
NonDICOMCTimages	CDS-IMAGE-962627	CDS-NonDICOMCTimages-459463	labor_ipse_voluptas	Obedientia_civium_urbis_felicitas	Macte_animo_Generose_puer_sic_itur_ad_astra	e.g., 2:1	labor_ipse_voluptas	O_Tite_tute_Tati_tibi_tanta_tyranne_tulisti	barba_crescit_caput_nescit	NONE	Obedientia_civium_urbis_felicitas	imperium_in_imperio	Macte_animo_Generose_puer_sic_itur_ad_astra
NonDICOMCTimages	CDS-IMAGE-576855	CDS-NonDICOMCTimages-889391	faber_est_suae_quisque_fortunae	nascentes_morimur_finisque_ab_origine_pendet	Obedientia_civium_urbis_felicitas	e.g., 2:1	haec_olim_meminisse_iuvabit	scientia_et_sapientia	e_causa_ignota	ORGAN-BASED	salus_in_arduis	a_bene_placito	scientiae_et_patriae
NonDICOMCTimages	CDS-IMAGE-367154	CDS-NonDICOMCTimages-384921	barba_crescit_caput_nescit	barba_crescit_caput_nescit	damnant_quod_non_intellegunt	e.g., 2:1	Obedientia_civium_urbis_felicitas	e_causa_ignota	Obedientia_civium_urbis_felicitas	ANGULAR	scientia_et_labor	scientiae_cedit_mare	imperium_in_imperio
NonDICOMCTimages	CDS-IMAGE-135878	CDS-NonDICOMCTimages-625575	barba_crescit_caput_nescit	saltus_in_demonstrando	Macte_animo_Generose_puer_sic_itur_ad_astra	e.g., 2:1	Macte_animo_Generose_puer_sic_itur_ad_astra	scientia_et_labor	scientia_et_sapientia	ORGAN-BASED	faber_est_suae_quisque_fortunae	Macte_animo_Generose_puer_sic_itur_ad_astra	O_Tite_tute_Tati_tibi_tanta_tyranne_tulisti
NonDICOMCTimages	CDS-IMAGE-311050	CDS-NonDICOMCTimages-340252	id_quod_plerumque_accidit	id_quod_plerumque_accidit	damnant_quod_non_intellegunt	e.g., 2:1	nascentes_morimur_finisque_ab_origine_pendet	cacatum_non_est_pictum	scientiae_cedit_mare	ECG-BASED	id_quod_plerumque_accidit	cacatum_non_est_pictum	Macte_animo_Generose_puer_sic_itur_ad_astra
NonDICOMCTimages	CDS-IMAGE-167243	CDS-NonDICOMCTimages-995364	a_bene_placito	faber_est_suae_quisque_fortunae	nascentes_morimur_finisque_ab_origine_pendet	e.g., 2:1	nascentes_morimur_finisque_ab_origine_pendet	Macte_animo_Generose_puer_sic_itur_ad_astra	haec_olim_meminisse_iuvabit	ECG-BASED	id_quod_plerumque_accidit	haec_olim_meminisse_iuvabit	barba_crescit_caput_nescit
NonDICOMCTimages	CDS-IMAGE-391906	CDS-NonDICOMCTimages-865073	scientia_imperii_decus_et_tutamen	scientia_imperii_decus_et_tutamen	Macte_animo_Generose_puer_sic_itur_ad_astra	e.g., 2:1	O_Tite_tute_Tati_tibi_tanta_tyranne_tulisti	Gallia_est_omnis_divisa_in_partes_tres	labor_ipse_voluptas	NONE	labor_ipse_voluptas	scientia,_aere_perennius	scientiae_et_patriae
NonDICOMCTimages	CDS-IMAGE-164743	CDS-NonDICOMCTimages-226613	scientiae_cedit_mare	pace_tua	damnant_quod_non_intellegunt	e.g., 2:1	salus_in_arduis	e_causa_ignota	id_quod_plerumque_accidit	ECG-BASED	damnant_quod_non_intellegunt	nascentes_morimur_finisque_ab_origine_pendet	haec_olim_meminisse_iuvabit
NonDICOMCTimages	CDS-IMAGE-123468	CDS-NonDICOMCTimages-170444	scientia,_aere_perennius	scientiae_et_patriae	cacatum_non_est_pictum	e.g., 2:1	sapiens_qui_prospicit	Gallia_est_omnis_divisa_in_partes_tres	O_Tite_tute_Tati_tibi_tanta_tyranne_tulisti	ORGAN-BASED	saltus_in_demonstrando	O_Tite_tute_Tati_tibi_tanta_tyranne_tulisti	scientia_imperii_decus_et_tutamen
NonDICOMCTimages	CDS-IMAGE-254404	CDS-NonDICOMCTimages-713762	faber_est_suae_quisque_fortunae	nascentes_morimur_finisque_ab_origine_pendet	nanos_gigantum_humeris_insidentes	e.g., 2:1	imperium_in_imperio	haec_olim_meminisse_iuvabit	imperium_in_imperio	LONGITUDINAL	barba_crescit_caput_nescit	scientia_et_labor	a_bene_placito
NonDICOMCTimages	CDS-IMAGE-961445	CDS-NonDICOMCTimages-857473	e_causa_ignota	scientia_imperii_decus_et_tutamen	Macte_animo_Generose_puer_sic_itur_ad_astra	e.g., 2:1	cacatum_non_est_pictum	Macte_animo_Generose_puer_sic_itur_ad_astra	O_Tite_tute_Tati_tibi_tanta_tyranne_tulisti	NONE	Macte_animo_Generose_puer_sic_itur_ad_astra	e_causa_ignota	labor_ipse_voluptas
NonDICOMCTimages	CDS-IMAGE-302109	CDS-NonDICOMCTimages-438647	scientia_et_sapientia	nanos_gigantum_humeris_insidentes	e_causa_ignota	e.g., 2:1	nanos_gigantum_humeris_insidentes	faber_est_suae_quisque_fortunae	imperium_in_imperio	ORGAN-BASED	labor_ipse_voluptas	faber_est_suae_quisque_fortunae	scientia_et_labor
NonDICOMCTimages	CDS-IMAGE-105707	CDS-NonDICOMCTimages-861847	damnant_quod_non_intellegunt	faber_est_suae_quisque_fortunae	barba_crescit_caput_nescit	e.g., 2:1	labor_ipse_voluptas	imperium_in_imperio	barba_crescit_caput_nescit	NONE	saltus_in_demonstrando	a_bene_placito	Gallia_est_omnis_divisa_in_partes_tres
NonDICOMCTimages	CDS-IMAGE-903517	CDS-NonDICOMCTimages-170436	labor_ipse_voluptas	damnant_quod_non_intellegunt	O_Tite_tute_Tati_tibi_tanta_tyranne_tulisti	e.g., 2:1	barba_crescit_caput_nescit	scientia_et_labor	nanos_gigantum_humeris_insidentes	ANGULAR	faber_est_suae_quisque_fortunae	sapiens_qui_prospicit	pace_tua
NonDICOMCTimages	CDS-IMAGE-163544	CDS-NonDICOMCTimages-268506	haec_olim_meminisse_iuvabit	imperium_in_imperio	a_bene_placito	e.g., 2:1	imperium_in_imperio	Obedientia_civium_urbis_felicitas	nanos_gigantum_humeris_insidentes	LONGITUDINAL	Gallia_est_omnis_divisa_in_partes_tres	Gallia_est_omnis_divisa_in_partes_tres	saltus_in_demonstrando
NonDICOMCTimages	CDS-IMAGE-513415	CDS-NonDICOMCTimages-327108	scientia_et_labor	id_quod_plerumque_accidit	cacatum_non_est_pictum	e.g., 2:1	id_quod_plerumque_accidit	nascentes_morimur_finisque_ab_origine_pendet	imperium_in_imperio	ORGAN-BASED	scientia,_aere_perennius	saltus_in_demonstrando	Gallia_est_omnis_divisa_in_partes_tres
NonDICOMCTimages	CDS-IMAGE-598380	CDS-NonDICOMCTimages-847379	nascentes_morimur_finisque_ab_origine_pendet	damnant_quod_non_intellegunt	scientia_et_labor	e.g., 2:1	scientia_imperii_decus_et_tutamen	id_quod_plerumque_accidit	scientiae_cedit_mare	ECG-BASED	sapiens_qui_prospicit	damnant_quod_non_intellegunt	nascentes_morimur_finisque_ab_origine_pendet
NonDICOMCTimages	CDS-IMAGE-939598	CDS-NonDICOMCTimages-738523	salus_in_arduis	scientia_et_labor	scientia_imperii_decus_et_tutamen	e.g., 2:1	O_Tite_tute_Tati_tibi_tanta_tyranne_tulisti	scientiae_et_patriae	scientia_imperii_decus_et_tutamen	NONE	salus_in_arduis	labor_ipse_voluptas	e_causa_ignota
NonDICOMCTimages	CDS-IMAGE-573997	CDS-NonDICOMCTimages-672449	scientiae_cedit_mare	Obedientia_civium_urbis_felicitas	labor_ipse_voluptas	e.g., 2:1	imperium_in_imperio	imperium_in_imperio	scientia_imperii_decus_et_tutamen	ANGULAR	a_bene_placito	sapiens_qui_prospicit	sapiens_qui_prospicit
NonDICOMCTimages	CDS-IMAGE-647453	CDS-NonDICOMCTimages-791016	id_quod_plerumque_accidit	scientiae_et_patriae	e_causa_ignota	e.g., 2:1	O_Tite_tute_Tati_tibi_tanta_tyranne_tulisti	scientia_et_labor	Macte_animo_Generose_puer_sic_itur_ad_astra	LONGITUDINAL	scientiae_cedit_mare	O_Tite_tute_Tati_tibi_tanta_tyranne_tulisti	damnant_quod_non_intellegunt
NonDICOMCTimages	CDS-IMAGE-261602	CDS-NonDICOMCTimages-762553	scientia_et_sapientia	scientia,_aere_perennius	a_bene_placito	e.g., 2:1	scientiae_et_patriae	scientia_et_sapientia	labor_ipse_voluptas	ECG-BASED	O_Tite_tute_Tati_tibi_tanta_tyranne_tulisti	damnant_quod_non_intellegunt	scientia_et_sapientia
NonDICOMCTimages	CDS-IMAGE-389585	CDS-NonDICOMCTimages-653935	imperium_in_imperio	O_Tite_tute_Tati_tibi_tanta_tyranne_tulisti	sapiens_qui_prospicit	e.g., 2:1	O_Tite_tute_Tati_tibi_tanta_tyranne_tulisti	id_quod_plerumque_accidit	saltus_in_demonstrando	NONE	scientiae_cedit_mare	a_bene_placito	scientia,_aere_perennius
NonDICOMCTimages	CDS-IMAGE-961457	CDS-NonDICOMCTimages-536049	scientiae_cedit_mare	faber_est_suae_quisque_fortunae	pace_tua	e.g., 2:1	sapiens_qui_prospicit	cacatum_non_est_pictum	scientiae_cedit_mare	ORGAN-BASED	saltus_in_demonstrando	e_causa_ignota	labor_ipse_voluptas
NonDICOMCTimages	CDS-IMAGE-987570	CDS-NonDICOMCTimages-517185	scientia,_aere_perennius	labor_ipse_voluptas	cacatum_non_est_pictum	e.g., 2:1	sapiens_qui_prospicit	O_Tite_tute_Tati_tibi_tanta_tyranne_tulisti	Obedientia_civium_urbis_felicitas	NONE	faber_est_suae_quisque_fortunae	a_bene_placito	haec_olim_meminisse_iuvabit
NonDICOMCTimages	CDS-IMAGE-949585	CDS-NonDICOMCTimages-222416	scientiae_cedit_mare	nascentes_morimur_finisque_ab_origine_pendet	labor_ipse_voluptas	e.g., 2:1	Gallia_est_omnis_divisa_in_partes_tres	pace_tua	a_bene_placito	ECG-BASED	nanos_gigantum_humeris_insidentes	sapiens_qui_prospicit	scientiae_cedit_mare
NonDICOMCTimages	CDS-IMAGE-566085	CDS-NonDICOMCTimages-885819	pace_tua	Gallia_est_omnis_divisa_in_partes_tres	barba_crescit_caput_nescit	e.g., 2:1	nascentes_morimur_finisque_ab_origine_pendet	barba_crescit_caput_nescit	nanos_gigantum_humeris_insidentes	ECG-BASED	saltus_in_demonstrando	a_bene_placito	damnant_quod_non_intellegunt
NonDICOMCTimages	CDS-IMAGE-987129	CDS-NonDICOMCTimages-422446	Obedientia_civium_urbis_felicitas	Macte_animo_Generose_puer_sic_itur_ad_astra	imperium_in_imperio	e.g., 2:1	saltus_in_demonstrando	id_quod_plerumque_accidit	damnant_quod_non_intellegunt	ORGAN-BASED	id_quod_plerumque_accidit	scientia,_aere_perennius	cacatum_non_est_pictum
NonDICOMCTimages	CDS-IMAGE-822062	CDS-NonDICOMCTimages-993743	scientia_imperii_decus_et_tutamen	labor_ipse_voluptas	a_bene_placito	e.g., 2:1	sapiens_qui_prospicit	scientiae_cedit_mare	scientia_imperii_decus_et_tutamen	ECG-BASED	barba_crescit_caput_nescit	id_quod_plerumque_accidit	scientiae_et_patriae
NonDICOMCTimages	CDS-IMAGE-312065	CDS-NonDICOMCTimages-856244	cacatum_non_est_pictum	scientia_et_labor	imperium_in_imperio	e.g., 2:1	saltus_in_demonstrando	damnant_quod_non_intellegunt	Gallia_est_omnis_divisa_in_partes_tres	ECG-BASED	sapiens_qui_prospicit	scientiae_cedit_mare	sapiens_qui_prospicit
NonDICOMCTimages	CDS-IMAGE-756498	CDS-NonDICOMCTimages-449106	e_causa_ignota	scientia,_aere_perennius	pace_tua	e.g., 2:1	damnant_quod_non_intellegunt	labor_ipse_voluptas	a_bene_placito	ORGAN-BASED	faber_est_suae_quisque_fortunae	labor_ipse_voluptas	nanos_gigantum_humeris_insidentes
NonDICOMCTimages	CDS-IMAGE-251080	CDS-NonDICOMCTimages-704294	e_causa_ignota	haec_olim_meminisse_iuvabit	scientia_imperii_decus_et_tutamen	e.g., 2:1	nascentes_morimur_finisque_ab_origine_pendet	scientia_et_sapientia	saltus_in_demonstrando	ECG-BASED	a_bene_placito	haec_olim_meminisse_iuvabit	scientiae_et_patriae
NonDICOMCTimages	CDS-IMAGE-145197	CDS-NonDICOMCTimages-173327	nanos_gigantum_humeris_insidentes	barba_crescit_caput_nescit	labor_ipse_voluptas	e.g., 2:1	imperium_in_imperio	cacatum_non_est_pictum	saltus_in_demonstrando	ANGULAR	faber_est_suae_quisque_fortunae	nascentes_morimur_finisque_ab_origine_pendet	e_causa_ignota
NonDICOMCTimages	CDS-IMAGE-534799	CDS-NonDICOMCTimages-607359	Obedientia_civium_urbis_felicitas	O_Tite_tute_Tati_tibi_tanta_tyranne_tulisti	Macte_animo_Generose_puer_sic_itur_ad_astra	e.g., 2:1	sapiens_qui_prospicit	e_causa_ignota	barba_crescit_caput_nescit	LONGITUDINAL	scientia_et_sapientia	Gallia_est_omnis_divisa_in_partes_tres	id_quod_plerumque_accidit
NonDICOMCTimages	CDS-IMAGE-937046	CDS-NonDICOMCTimages-187267	scientia_imperii_decus_et_tutamen	nascentes_morimur_finisque_ab_origine_pendet	haec_olim_meminisse_iuvabit	e.g., 2:1	e_causa_ignota	Macte_animo_Generose_puer_sic_itur_ad_astra	scientia_et_sapientia	ORGAN-BASED	scientiae_et_patriae	nanos_gigantum_humeris_insidentes	saltus_in_demonstrando
NonDICOMCTimages	CDS-IMAGE-326443	CDS-NonDICOMCTimages-280722	damnant_quod_non_intellegunt	barba_crescit_caput_nescit	saltus_in_demonstrando	e.g., 2:1	saltus_in_demonstrando	O_Tite_tute_Tati_tibi_tanta_tyranne_tulisti	e_causa_ignota	ECG-BASED	labor_ipse_voluptas	scientia_et_labor	nanos_gigantum_humeris_insidentes
NonDICOMCTimages	CDS-IMAGE-984368	CDS-NonDICOMCTimages-379879	nascentes_morimur_finisque_ab_origine_pendet	scientia,_aere_perennius	scientia,_aere_perennius	e.g., 2:1	faber_est_suae_quisque_fortunae	scientiae_cedit_mare	nascentes_morimur_finisque_ab_origine_pendet	LONGITUDINAL	nanos_gigantum_humeris_insidentes	haec_olim_meminisse_iuvabit	scientiae_et_patriae
NonDICOMCTimages	CDS-IMAGE-590957	CDS-NonDICOMCTimages-843759	scientiae_cedit_mare	scientiae_cedit_mare	Obedientia_civium_urbis_felicitas	e.g., 2:1	labor_ipse_voluptas	saltus_in_demonstrando	scientia_et_sapientia	NONE	scientia,_aere_perennius	faber_est_suae_quisque_fortunae	nanos_gigantum_humeris_insidentes
NonDICOMCTimages	CDS-IMAGE-109551	CDS-NonDICOMCTimages-561292	Gallia_est_omnis_divisa_in_partes_tres	scientiae_cedit_mare	Gallia_est_omnis_divisa_in_partes_tres	e.g., 2:1	haec_olim_meminisse_iuvabit	damnant_quod_non_intellegunt	nanos_gigantum_humeris_insidentes	ANGULAR	nanos_gigantum_humeris_insidentes	scientia_imperii_decus_et_tutamen	id_quod_plerumque_accidit
NonDICOMCTimages	CDS-IMAGE-850176	CDS-NonDICOMCTimages-770174	labor_ipse_voluptas	scientia_imperii_decus_et_tutamen	barba_crescit_caput_nescit	e.g., 2:1	Macte_animo_Generose_puer_sic_itur_ad_astra	haec_olim_meminisse_iuvabit	faber_est_suae_quisque_fortunae	ANGULAR	labor_ipse_voluptas	a_bene_placito	Gallia_est_omnis_divisa_in_partes_tres
NonDICOMCTimages	CDS-IMAGE-271093	CDS-NonDICOMCTimages-866866	damnant_quod_non_intellegunt	scientiae_cedit_mare	saltus_in_demonstrando	e.g., 2:1	nanos_gigantum_humeris_insidentes	scientia_imperii_decus_et_tutamen	scientia,_aere_perennius	NONE	scientia,_aere_perennius	cacatum_non_est_pictum	Macte_animo_Generose_puer_sic_itur_ad_astra
NonDICOMCTimages	CDS-IMAGE-261242	CDS-NonDICOMCTimages-762662	Macte_animo_Generose_puer_sic_itur_ad_astra	faber_est_suae_quisque_fortunae	e_causa_ignota	e.g., 2:1	scientiae_et_patriae	faber_est_suae_quisque_fortunae	id_quod_plerumque_accidit	LONGITUDINAL	nascentes_morimur_finisque_ab_origine_pendet	cacatum_non_est_pictum	labor_ipse_voluptas
NonDICOMCTimages	CDS-IMAGE-220292	CDS-NonDICOMCTimages-281963	haec_olim_meminisse_iuvabit	saltus_in_demonstrando	sapiens_qui_prospicit	e.g., 2:1	Obedientia_civium_urbis_felicitas	haec_olim_meminisse_iuvabit	cacatum_non_est_pictum	ANGULAR	scientiae_cedit_mare	a_bene_placito	imperium_in_imperio
NonDICOMCTimages	CDS-IMAGE-566132	CDS-NonDICOMCTimages-524776	scientia,_aere_perennius	scientia_et_sapientia	saltus_in_demonstrando	e.g., 2:1	O_Tite_tute_Tati_tibi_tanta_tyranne_tulisti	O_Tite_tute_Tati_tibi_tanta_tyranne_tulisti	imperium_in_imperio	LONGITUDINAL	imperium_in_imperio	O_Tite_tute_Tati_tibi_tanta_tyranne_tulisti	Obedientia_civium_urbis_felicitas
NonDICOMCTimages	CDS-IMAGE-232518	CDS-NonDICOMCTimages-233225	scientia_et_labor	labor_ipse_voluptas	nanos_gigantum_humeris_insidentes	e.g., 2:1	Gallia_est_omnis_divisa_in_partes_tres	scientia_et_labor	scientiae_et_patriae	ECG-BASED	salus_in_arduis	labor_ipse_voluptas	Gallia_est_omnis_divisa_in_partes_tres
NonDICOMCTimages	CDS-IMAGE-295636	CDS-NonDICOMCTimages-323994	scientia_et_labor	scientiae_et_patriae	scientiae_cedit_mare	e.g., 2:1	scientia,_aere_perennius	imperium_in_imperio	scientiae_et_patriae	ANGULAR	nascentes_morimur_finisque_ab_origine_pendet	pace_tua	imperium_in_imperio
NonDICOMCTimages	CDS-IMAGE-808470	CDS-NonDICOMCTimages-723074	salus_in_arduis	O_Tite_tute_Tati_tibi_tanta_tyranne_tulisti	scientia,_aere_perennius	e.g., 2:1	imperium_in_imperio	salus_in_arduis	Gallia_est_omnis_divisa_in_partes_tres	NONE	pace_tua	e_causa_ignota	haec_olim_meminisse_iuvabit
NonDICOMCTimages	CDS-IMAGE-527323	CDS-NonDICOMCTimages-111974	e_causa_ignota	scientia_imperii_decus_et_tutamen	nascentes_morimur_finisque_ab_origine_pendet	e.g., 2:1	Obedientia_civium_urbis_felicitas	barba_crescit_caput_nescit	scientiae_et_patriae	ANGULAR	Macte_animo_Generose_puer_sic_itur_ad_astra	faber_est_suae_quisque_fortunae	Macte_animo_Generose_puer_sic_itur_ad_astra
NonDICOMCTimages	CDS-IMAGE-571044	CDS-NonDICOMCTimages-805841	nanos_gigantum_humeris_insidentes	Gallia_est_omnis_divisa_in_partes_tres	id_quod_plerumque_accidit	e.g., 2:1	pace_tua	pace_tua	Macte_animo_Generose_puer_sic_itur_ad_astra	ORGAN-BASED	barba_crescit_caput_nescit	saltus_in_demonstrando	saltus_in_demonstrando
NonDICOMCTimages	CDS-IMAGE-502085	CDS-NonDICOMCTimages-222442	scientia_et_labor	pace_tua	nanos_gigantum_humeris_insidentes	e.g., 2:1	nanos_gigantum_humeris_insidentes	faber_est_suae_quisque_fortunae	pace_tua	ORGAN-BASED	a_bene_placito	barba_crescit_caput_nescit	Gallia_est_omnis_divisa_in_partes_tres
NonDICOMCTimages	CDS-IMAGE-344943	CDS-NonDICOMCTimages-453211	e_causa_ignota	scientia_et_labor	cacatum_non_est_pictum	e.g., 2:1	cacatum_non_est_pictum	salus_in_arduis	scientia_imperii_decus_et_tutamen	ANGULAR	faber_est_suae_quisque_fortunae	haec_olim_meminisse_iuvabit	scientia_et_sapientia
NonDICOMCTimages	CDS-IMAGE-778598	CDS-NonDICOMCTimages-434453	Macte_animo_Generose_puer_sic_itur_ad_astra	nascentes_morimur_finisque_ab_origine_pendet	scientia_et_labor	e.g., 2:1	imperium_in_imperio	salus_in_arduis	Obedientia_civium_urbis_felicitas	ECG-BASED	nanos_gigantum_humeris_insidentes	haec_olim_meminisse_iuvabit	haec_olim_meminisse_iuvabit
NonDICOMCTimages	CDS-IMAGE-199149	CDS-NonDICOMCTimages-108031	imperium_in_imperio	O_Tite_tute_Tati_tibi_tanta_tyranne_tulisti	id_quod_plerumque_accidit	e.g., 2:1	O_Tite_tute_Tati_tibi_tanta_tyranne_tulisti	nanos_gigantum_humeris_insidentes	Gallia_est_omnis_divisa_in_partes_tres	ORGAN-BASED	scientiae_et_patriae	Gallia_est_omnis_divisa_in_partes_tres	salus_in_arduis
NonDICOMCTimages	CDS-IMAGE-573047	CDS-NonDICOMCTimages-629000	scientia_et_sapientia	a_bene_placito	scientiae_cedit_mare	e.g., 2:1	Macte_animo_Generose_puer_sic_itur_ad_astra	scientia,_aere_perennius	id_quod_plerumque_accidit	LONGITUDINAL	scientia_et_sapientia	scientiae_cedit_mare	nanos_gigantum_humeris_insidentes
NonDICOMCTimages	CDS-IMAGE-898351	CDS-NonDICOMCTimages-558965	e_causa_ignota	e_causa_ignota	scientiae_cedit_mare	e.g., 2:1	scientia_et_labor	scientia_et_labor	salus_in_arduis	ANGULAR	scientia_et_labor	id_quod_plerumque_accidit	O_Tite_tute_Tati_tibi_tanta_tyranne_tulisti
NonDICOMCTimages	CDS-IMAGE-684245	CDS-NonDICOMCTimages-819774	barba_crescit_caput_nescit	cacatum_non_est_pictum	e_causa_ignota	e.g., 2:1	a_bene_placito	id_quod_plerumque_accidit	sapiens_qui_prospicit	ORGAN-BASED	sapiens_qui_prospicit	salus_in_arduis	O_Tite_tute_Tati_tibi_tanta_tyranne_tulisti
NonDICOMCTimages	CDS-IMAGE-320603	CDS-NonDICOMCTimages-851428	a_bene_placito	scientia_imperii_decus_et_tutamen	scientia,_aere_perennius	e.g., 2:1	haec_olim_meminisse_iuvabit	haec_olim_meminisse_iuvabit	scientiae_et_patriae	ANGULAR	salus_in_arduis	nanos_gigantum_humeris_insidentes	scientia,_aere_perennius
NonDICOMCTimages	CDS-IMAGE-352944	CDS-NonDICOMCTimages-604343	saltus_in_demonstrando	Obedientia_civium_urbis_felicitas	labor_ipse_voluptas	e.g., 2:1	damnant_quod_non_intellegunt	damnant_quod_non_intellegunt	Obedientia_civium_urbis_felicitas	ECG-BASED	nanos_gigantum_humeris_insidentes	Obedientia_civium_urbis_felicitas	pace_tua
NonDICOMCTimages	CDS-IMAGE-774475	CDS-NonDICOMCTimages-906685	scientiae_et_patriae	scientia_et_labor	pace_tua	e.g., 2:1	scientia_imperii_decus_et_tutamen	id_quod_plerumque_accidit	pace_tua	NONE	sapiens_qui_prospicit	Gallia_est_omnis_divisa_in_partes_tres	haec_olim_meminisse_iuvabit
NonDICOMCTimages	CDS-IMAGE-530015	CDS-NonDICOMCTimages-420580	salus_in_arduis	nanos_gigantum_humeris_insidentes	scientia,_aere_perennius	e.g., 2:1	faber_est_suae_quisque_fortunae	haec_olim_meminisse_iuvabit	haec_olim_meminisse_iuvabit	ORGAN-BASED	Gallia_est_omnis_divisa_in_partes_tres	Gallia_est_omnis_divisa_in_partes_tres	imperium_in_imperio
NonDICOMCTimages	CDS-IMAGE-170445	CDS-NonDICOMCTimages-166276	a_bene_placito	imperium_in_imperio	nanos_gigantum_humeris_insidentes	e.g., 2:1	scientia_imperii_decus_et_tutamen	salus_in_arduis	haec_olim_meminisse_iuvabit	ANGULAR	salus_in_arduis	saltus_in_demonstrando	scientiae_et_patriae
NonDICOMCTimages	CDS-IMAGE-627727	CDS-NonDICOMCTimages-214298	scientia_imperii_decus_et_tutamen	Gallia_est_omnis_divisa_in_partes_tres	nascentes_morimur_finisque_ab_origine_pendet	e.g., 2:1	Macte_animo_Generose_puer_sic_itur_ad_astra	sapiens_qui_prospicit	a_bene_placito	ORGAN-BASED	barba_crescit_caput_nescit	scientia_et_sapientia	Macte_animo_Generose_puer_sic_itur_ad_astra
NonDICOMCTimages	CDS-IMAGE-583161	CDS-NonDICOMCTimages-349543	scientia_imperii_decus_et_tutamen	nanos_gigantum_humeris_insidentes	scientia_imperii_decus_et_tutamen	e.g., 2:1	saltus_in_demonstrando	scientia,_aere_perennius	labor_ipse_voluptas	LONGITUDINAL	damnant_quod_non_intellegunt	barba_crescit_caput_nescit	damnant_quod_non_intellegunt
NonDICOMCTimages	CDS-IMAGE-519071	CDS-NonDICOMCTimages-709078	pace_tua	scientia_et_sapientia	e_causa_ignota	e.g., 2:1	saltus_in_demonstrando	faber_est_suae_quisque_fortunae	salus_in_arduis	ECG-BASED	nascentes_morimur_finisque_ab_origine_pendet	scientiae_cedit_mare	nanos_gigantum_humeris_insidentes
NonDICOMCTimages	CDS-IMAGE-553167	CDS-NonDICOMCTimages-151207	imperium_in_imperio	Gallia_est_omnis_divisa_in_partes_tres	Macte_animo_Generose_puer_sic_itur_ad_astra	e.g., 2:1	faber_est_suae_quisque_fortunae	O_Tite_tute_Tati_tibi_tanta_tyranne_tulisti	imperium_in_imperio	LONGITUDINAL	Obedientia_civium_urbis_felicitas	imperium_in_imperio	scientia_et_sapientia
NonDICOMCTimages	CDS-IMAGE-841997	CDS-NonDICOMCTimages-647920	nanos_gigantum_humeris_insidentes	O_Tite_tute_Tati_tibi_tanta_tyranne_tulisti	scientiae_et_patriae	e.g., 2:1	sapiens_qui_prospicit	faber_est_suae_quisque_fortunae	scientia_et_labor	NONE	scientia,_aere_perennius	labor_ipse_voluptas	imperium_in_imperio
NonDICOMCTimages	CDS-IMAGE-324696	CDS-NonDICOMCTimages-285043	e_causa_ignota	scientia_imperii_decus_et_tutamen	imperium_in_imperio	e.g., 2:1	nanos_gigantum_humeris_insidentes	damnant_quod_non_intellegunt	Gallia_est_omnis_divisa_in_partes_tres	LONGITUDINAL	a_bene_placito	salus_in_arduis	damnant_quod_non_intellegunt
