type	image.study_link_id	NonDICOMpathologyImages_id	acquisition_method_type	tumor_tissue_type	tissue_fixative	embedding_medium	staining_method	objective	nominal_magnification	immersion	lens_numerical_aperture
NonDICOMpathologyImages	CDS-IMAGE-881488	CDS-NonDICOMpathologyImages-432577	Autopsy	Additional Primary	Unknown	None	CyCIF	scientia,_aere_perennius	nanos_gigantum_humeris_insidentes	Water	Obedientia_civium_urbis_felicitas
NonDICOMpathologyImages	CDS-IMAGE-183236	CDS-NonDICOMpathologyImages-746258	Pancreaticoduodenectomy	Additional Primary	Carnoy's Solution	None	GeoMX-DSP	faber_est_suae_quisque_fortunae	barba_crescit_caput_nescit	Glycerol	cacatum_non_est_pictum
NonDICOMpathologyImages	CDS-IMAGE-930490	CDS-NonDICOMpathologyImages-119765	Excisional Biopsy	Atypia or hyperplasia	None	PBS+Serum	Not Applicable	haec_olim_meminisse_iuvabit	nascentes_morimur_finisque_ab_origine_pendet	Air	faber_est_suae_quisque_fortunae
NonDICOMpathologyImages	CDS-IMAGE-514346	CDS-NonDICOMpathologyImages-836269	Incisional Biopsy	Xenograft	Alcohol	PBS+Serum	IHC	a_bene_placito	Obedientia_civium_urbis_felicitas	Air	Macte_animo_Generose_puer_sic_itur_ad_astra
NonDICOMpathologyImages	CDS-IMAGE-457232	CDS-NonDICOMpathologyImages-327058	Incisional Biopsy	Normal	95% Ethanol	RPMI+Serum	IHC	id_quod_plerumque_accidit	scientiae_cedit_mare	Air	saltus_in_demonstrando
NonDICOMpathologyImages	CDS-IMAGE-578997	CDS-NonDICOMpathologyImages-988465	Re-excision	Tissue	Not recorded	None	H&E	imperium_in_imperio	sapiens_qui_prospicit	Oil	scientia,_aere_perennius
NonDICOMpathologyImages	CDS-IMAGE-967448	CDS-NonDICOMpathologyImages-564402	Lymphadenectomy (regional nodes)	Primary	None	None	H&E	cacatum_non_est_pictum	haec_olim_meminisse_iuvabit	Glycerol	e_causa_ignota
NonDICOMpathologyImages	CDS-IMAGE-819755	CDS-NonDICOMpathologyImages-399745	Fine needle aspirate	Premalignant - in situ	OCT media	PBS+Serum	Not Applicable	salus_in_arduis	haec_olim_meminisse_iuvabit	Glycerol	e_causa_ignota
NonDICOMpathologyImages	CDS-IMAGE-742975	CDS-NonDICOMpathologyImages-266963	Core needle biopsy	Normal	None	None	CODEX	labor_ipse_voluptas	e_causa_ignota	Multi	id_quod_plerumque_accidit
NonDICOMpathologyImages	CDS-IMAGE-391935	CDS-NonDICOMpathologyImages-412301	Biopsy	Premalignant - in situ	CryoStor	DMEM	SABER	e_causa_ignota	damnant_quod_non_intellegunt	Multi	scientiae_et_patriae
NonDICOMpathologyImages	CDS-IMAGE-887893	CDS-NonDICOMpathologyImages-380341	Sentinel node biopsy	Not reported	Glutaraldehyde	RPMI+Serum	CODEX	scientia_et_sapientia	scientia_imperii_decus_et_tutamen	Glycerol	cacatum_non_est_pictum
NonDICOMpathologyImages	CDS-IMAGE-403295	CDS-NonDICOMpathologyImages-159497	Punch biopsy	Normal distant	Acetone	None	CODEX	haec_olim_meminisse_iuvabit	faber_est_suae_quisque_fortunae	Multi	O_Tite_tute_Tati_tibi_tanta_tyranne_tulisti
NonDICOMpathologyImages	CDS-IMAGE-882633	CDS-NonDICOMpathologyImages-709181	Autopsy	Tumor post-neoadjuvant therapy    	Not applicable	PBS+Serum	GeoMX-DSP	sapiens_qui_prospicit	Macte_animo_Generose_puer_sic_itur_ad_astra	Other	a_bene_placito
NonDICOMpathologyImages	CDS-IMAGE-720603	CDS-NonDICOMpathologyImages-463162	Pancreaticoduodenectomy	Premalignant - in situ	Poloxamer	DMEM+Serum	SABER	a_bene_placito	a_bene_placito	Other	scientiae_cedit_mare
NonDICOMpathologyImages	CDS-IMAGE-174951	CDS-NonDICOMpathologyImages-158764	Pancreaticoduodenectomy	Tumor post-adjuvant therapy     	RNAlater	None	IMC	scientia_et_labor	scientiae_cedit_mare	Other	saltus_in_demonstrando
NonDICOMpathologyImages	CDS-IMAGE-380927	CDS-NonDICOMpathologyImages-131853	Fine needle aspirate	Tumor post-adjuvant therapy     	Para-benzoquinone	RPMI+Serum	mIHC	haec_olim_meminisse_iuvabit	Obedientia_civium_urbis_felicitas	Water	damnant_quod_non_intellegunt
NonDICOMpathologyImages	CDS-IMAGE-993814	CDS-NonDICOMpathologyImages-477350	Lymphadenectomy (regional nodes)	Premalignant - in situ	PAXgene Tissue	PBS+Serum	H&E	imperium_in_imperio	Gallia_est_omnis_divisa_in_partes_tres	Multi	a_bene_placito
NonDICOMpathologyImages	CDS-IMAGE-363589	CDS-NonDICOMpathologyImages-249853	Core needle biopsy	Premalignant - in situ	95% Ethanol	DMEM	MIBI	scientiae_et_patriae	pace_tua	Multi	barba_crescit_caput_nescit
NonDICOMpathologyImages	CDS-IMAGE-524096	CDS-NonDICOMpathologyImages-808480	Not specified	Not applicable	Unknown	RPMI+Serum	MIBI	Macte_animo_Generose_puer_sic_itur_ad_astra	e_causa_ignota	Air	barba_crescit_caput_nescit
NonDICOMpathologyImages	CDS-IMAGE-200907	CDS-NonDICOMpathologyImages-158523	Sentinel node biopsy	Not applicable	Alcohol	None	SABER	scientiae_et_patriae	scientia,_aere_perennius	Multi	a_bene_placito
NonDICOMpathologyImages	CDS-IMAGE-387962	CDS-NonDICOMpathologyImages-906605	Biopsy	Not reported	Unknown	RPMI+Serum	IMC	a_bene_placito	pace_tua	Oil	e_causa_ignota
NonDICOMpathologyImages	CDS-IMAGE-220487	CDS-NonDICOMpathologyImages-335378	Shave biopsy	Normal	Glutaraldehyde	RPMI+Serum	IHC	saltus_in_demonstrando	scientia_imperii_decus_et_tutamen	Water	salus_in_arduis
NonDICOMpathologyImages	CDS-IMAGE-720239	CDS-NonDICOMpathologyImages-509444	Not applicable	Unknown	Formalin	DMEM+Serum	MxIF	pace_tua	labor_ipse_voluptas	Glycerol	scientiae_et_patriae
NonDICOMpathologyImages	CDS-IMAGE-597325	CDS-NonDICOMpathologyImages-802255	Not reported	Premalignant - in situ	Other	None	SABER	id_quod_plerumque_accidit	scientia,_aere_perennius	Water	a_bene_placito
NonDICOMpathologyImages	CDS-IMAGE-809671	CDS-NonDICOMpathologyImages-561370	Not reported	Premalignant - in situ	PAXgene Tissue	None	Not Applicable	e_causa_ignota	scientiae_cedit_mare	Multi	cacatum_non_est_pictum
NonDICOMpathologyImages	CDS-IMAGE-683645	CDS-NonDICOMpathologyImages-785707	Shave biopsy	Normal distant	Carnoy's Solution	None	H&E	scientia,_aere_perennius	labor_ipse_voluptas	Other	scientia_et_labor
NonDICOMpathologyImages	CDS-IMAGE-780398	CDS-NonDICOMpathologyImages-211641	Biopsy	Recurrent	Carbodiimide	PBS+Serum	ExSeq	scientia_et_labor	labor_ipse_voluptas	Multi	cacatum_non_est_pictum
NonDICOMpathologyImages	CDS-IMAGE-143549	CDS-NonDICOMpathologyImages-406816	Pancreaticoduodenectomy	Not reported	Glutaraldehyde	RPMI+Serum	IMC	O_Tite_tute_Tati_tibi_tanta_tyranne_tulisti	e_causa_ignota	Glycerol	salus_in_arduis
NonDICOMpathologyImages	CDS-IMAGE-236622	CDS-NonDICOMpathologyImages-557695	Incisional Biopsy	Tissue	None	None	H&E	scientia_et_labor	haec_olim_meminisse_iuvabit	Multi	salus_in_arduis
NonDICOMpathologyImages	CDS-IMAGE-963106	CDS-NonDICOMpathologyImages-664393	Lymphadenectomy (regional nodes)	Tumor specimen from de novo untreated malignancy of the bladder	NP40 Lysis Buffer	None	MxIF	scientiae_cedit_mare	Gallia_est_omnis_divisa_in_partes_tres	Air	imperium_in_imperio
NonDICOMpathologyImages	CDS-IMAGE-428504	CDS-NonDICOMpathologyImages-718759	Incisional Biopsy	Recurrent	Dimethylacetamide	PBS+Serum	CODEX	e_causa_ignota	scientia_imperii_decus_et_tutamen	Oil	scientiae_cedit_mare
NonDICOMpathologyImages	CDS-IMAGE-494711	CDS-NonDICOMpathologyImages-963928	Shave biopsy	Normal	Formalin	PBS+Serum	mIHC	scientiae_et_patriae	Macte_animo_Generose_puer_sic_itur_ad_astra	Glycerol	scientia_et_sapientia
NonDICOMpathologyImages	CDS-IMAGE-232870	CDS-NonDICOMpathologyImages-242540	Punch biopsy	Primary	Para-benzoquinone	DMEM	t-CyCIF	e_causa_ignota	e_causa_ignota	Water	scientia_et_sapientia
NonDICOMpathologyImages	CDS-IMAGE-542957	CDS-NonDICOMpathologyImages-976748	Unknown	Premalignant	Glutaraldehyde	RPMI+Serum	MxIF	nanos_gigantum_humeris_insidentes	saltus_in_demonstrando	Multi	cacatum_non_est_pictum
NonDICOMpathologyImages	CDS-IMAGE-891348	CDS-NonDICOMpathologyImages-167156	Not specified	Tumor post-adjuvant therapy     	Glutaraldehyde	PBS+Serum	ExSeq	e_causa_ignota	sapiens_qui_prospicit	Water	scientiae_cedit_mare
NonDICOMpathologyImages	CDS-IMAGE-863331	CDS-NonDICOMpathologyImages-677648	Core needle biopsy	Atypia or hyperplasia	Saline	DMEM+Serum	IHC	labor_ipse_voluptas	scientia,_aere_perennius	Oil	nanos_gigantum_humeris_insidentes
NonDICOMpathologyImages	CDS-IMAGE-445652	CDS-NonDICOMpathologyImages-225587	Autopsy	Primary	Para-benzoquinone	DMEM+Serum	mIHC	Macte_animo_Generose_puer_sic_itur_ad_astra	haec_olim_meminisse_iuvabit	Other	scientia_et_labor
NonDICOMpathologyImages	CDS-IMAGE-171074	CDS-NonDICOMpathologyImages-533786	Not reported	Premalignant	Not recorded	DMEM+Serum	SABER	scientiae_et_patriae	pace_tua	Water	imperium_in_imperio
NonDICOMpathologyImages	CDS-IMAGE-459253	CDS-NonDICOMpathologyImages-464312	Pancreaticoduodenectomy	Tumor post-neoadjuvant therapy    	Not applicable	None	CODEX	nascentes_morimur_finisque_ab_origine_pendet	scientiae_et_patriae	Oil	O_Tite_tute_Tati_tibi_tanta_tyranne_tulisti
NonDICOMpathologyImages	CDS-IMAGE-102225	CDS-NonDICOMpathologyImages-418733	Punch biopsy	Additional Primary	TCL Lysis Buffer	DMEM	Not Applicable	Obedientia_civium_urbis_felicitas	nascentes_morimur_finisque_ab_origine_pendet	Glycerol	scientia_et_sapientia
NonDICOMpathologyImages	CDS-IMAGE-150950	CDS-NonDICOMpathologyImages-972543	Fine needle aspirate	Recurrent	CryoStor	PBS+Serum	MERFISH	O_Tite_tute_Tati_tibi_tanta_tyranne_tulisti	scientiae_cedit_mare	Multi	O_Tite_tute_Tati_tibi_tanta_tyranne_tulisti
NonDICOMpathologyImages	CDS-IMAGE-946946	CDS-NonDICOMpathologyImages-763116	Forceps Biopsy	Tumor post-neoadjuvant therapy    	Diimidoester	RPMI+Serum	IHC	scientiae_cedit_mare	pace_tua	Oil	haec_olim_meminisse_iuvabit
NonDICOMpathologyImages	CDS-IMAGE-448780	CDS-NonDICOMpathologyImages-577305	Core needle biopsy	Tumor post-adjuvant therapy     	Carnoy's Solution	PBS+Serum	MIBI	sapiens_qui_prospicit	barba_crescit_caput_nescit	Water	scientiae_cedit_mare
NonDICOMpathologyImages	CDS-IMAGE-587178	CDS-NonDICOMpathologyImages-269695	Unknown	Metastatic	Dimethylacetamide	DMEM+Serum	IMC	pace_tua	saltus_in_demonstrando	Oil	Obedientia_civium_urbis_felicitas
NonDICOMpathologyImages	CDS-IMAGE-113509	CDS-NonDICOMpathologyImages-726306	Unknown	Tumor post-neoadjuvant therapy    	TCL Lysis Buffer	DMEM+Serum	IMC	saltus_in_demonstrando	barba_crescit_caput_nescit	Other	salus_in_arduis
NonDICOMpathologyImages	CDS-IMAGE-972637	CDS-NonDICOMpathologyImages-610484	Lymphadenectomy (regional nodes)	Not reported	95% Ethanol	PBS+Serum	Not Applicable	e_causa_ignota	pace_tua	Multi	barba_crescit_caput_nescit
NonDICOMpathologyImages	CDS-IMAGE-590798	CDS-NonDICOMpathologyImages-572833	Pancreaticoduodenectomy	Normal distant	CryoStor	PBS+Serum	IMC	Obedientia_civium_urbis_felicitas	barba_crescit_caput_nescit	Glycerol	barba_crescit_caput_nescit
NonDICOMpathologyImages	CDS-IMAGE-638326	CDS-NonDICOMpathologyImages-855501	Not specified	Normal adjacent	Other	DMEM+Serum	IMC	Obedientia_civium_urbis_felicitas	sapiens_qui_prospicit	Oil	nanos_gigantum_humeris_insidentes
NonDICOMpathologyImages	CDS-IMAGE-914193	CDS-NonDICOMpathologyImages-203277	Re-excision	NOS	Not recorded	RPMI+Serum	CODEX	barba_crescit_caput_nescit	scientiae_et_patriae	Glycerol	pace_tua
NonDICOMpathologyImages	CDS-IMAGE-970940	CDS-NonDICOMpathologyImages-133722	Pancreaticoduodenectomy	Xenograft	Carnoy's Solution	DMEM	MxIF	a_bene_placito	saltus_in_demonstrando	Glycerol	saltus_in_demonstrando
NonDICOMpathologyImages	CDS-IMAGE-487529	CDS-NonDICOMpathologyImages-218771	Re-excision	Tissue	Not recorded	RPMI+Serum	IHC	e_causa_ignota	Gallia_est_omnis_divisa_in_partes_tres	Air	cacatum_non_est_pictum
NonDICOMpathologyImages	CDS-IMAGE-185558	CDS-NonDICOMpathologyImages-284651	Blood draw	Recurrent	OCT media	None	CODEX	haec_olim_meminisse_iuvabit	scientiae_et_patriae	Oil	salus_in_arduis
NonDICOMpathologyImages	CDS-IMAGE-745097	CDS-NonDICOMpathologyImages-547683	Excisional Biopsy	Metastatic	Other	RPMI+Serum	t-CyCIF	a_bene_placito	barba_crescit_caput_nescit	Other	id_quod_plerumque_accidit
NonDICOMpathologyImages	CDS-IMAGE-425756	CDS-NonDICOMpathologyImages-273949	Excisional Biopsy	Primary	None	PBS+Serum	IMC	haec_olim_meminisse_iuvabit	labor_ipse_voluptas	Oil	scientia_et_sapientia
NonDICOMpathologyImages	CDS-IMAGE-685771	CDS-NonDICOMpathologyImages-343599	Excisional Biopsy	Normal adjacent	Methacarn	None	mIHC	e_causa_ignota	Gallia_est_omnis_divisa_in_partes_tres	Glycerol	faber_est_suae_quisque_fortunae
NonDICOMpathologyImages	CDS-IMAGE-832567	CDS-NonDICOMpathologyImages-736774	Unknown	Atypia or hyperplasia	OCT media	DMEM+Serum	IHC	pace_tua	Macte_animo_Generose_puer_sic_itur_ad_astra	Air	Macte_animo_Generose_puer_sic_itur_ad_astra
NonDICOMpathologyImages	CDS-IMAGE-995781	CDS-NonDICOMpathologyImages-388244	Surgical Resection	Normal	RNAlater	PBS+Serum	MIBI	saltus_in_demonstrando	labor_ipse_voluptas	Glycerol	labor_ipse_voluptas
NonDICOMpathologyImages	CDS-IMAGE-169860	CDS-NonDICOMpathologyImages-919139	Excisional Biopsy	NOS	Alcohol	RPMI+Serum	mIHC	id_quod_plerumque_accidit	Obedientia_civium_urbis_felicitas	Glycerol	barba_crescit_caput_nescit
NonDICOMpathologyImages	CDS-IMAGE-319204	CDS-NonDICOMpathologyImages-121976	Not specified	Atypia or hyperplasia	Diimidoester	None	mIHC	nanos_gigantum_humeris_insidentes	saltus_in_demonstrando	Oil	faber_est_suae_quisque_fortunae
NonDICOMpathologyImages	CDS-IMAGE-106848	CDS-NonDICOMpathologyImages-267832	Forceps Biopsy	Additional Primary	Acetone	PBS+Serum	CyCIF	Macte_animo_Generose_puer_sic_itur_ad_astra	scientia_imperii_decus_et_tutamen	Other	e_causa_ignota
NonDICOMpathologyImages	CDS-IMAGE-144974	CDS-NonDICOMpathologyImages-317003	Other	Tumor post-adjuvant therapy     	CryoStor	RPMI+Serum	t-CyCIF	saltus_in_demonstrando	nascentes_morimur_finisque_ab_origine_pendet	Water	saltus_in_demonstrando
NonDICOMpathologyImages	CDS-IMAGE-493427	CDS-NonDICOMpathologyImages-938414	Not specified	Normal adjacent	Alcohol	None	ExSeq	scientia,_aere_perennius	faber_est_suae_quisque_fortunae	Multi	labor_ipse_voluptas
NonDICOMpathologyImages	CDS-IMAGE-983776	CDS-NonDICOMpathologyImages-890257	Other	Primary	Carbodiimide	PBS+Serum	mIHC	scientia_imperii_decus_et_tutamen	O_Tite_tute_Tati_tibi_tanta_tyranne_tulisti	Multi	scientiae_et_patriae
NonDICOMpathologyImages	CDS-IMAGE-622629	CDS-NonDICOMpathologyImages-779137	Surgical Resection	Additional Primary	Alcohol	DMEM	ExSeq	scientia_imperii_decus_et_tutamen	a_bene_placito	Air	nascentes_morimur_finisque_ab_origine_pendet
NonDICOMpathologyImages	CDS-IMAGE-346566	CDS-NonDICOMpathologyImages-428682	Punch biopsy	Additional Primary	Carnoy's Solution	None	IHC	barba_crescit_caput_nescit	Obedientia_civium_urbis_felicitas	Oil	e_causa_ignota
NonDICOMpathologyImages	CDS-IMAGE-316096	CDS-NonDICOMpathologyImages-156330	Pancreaticoduodenectomy	Normal distant	TCL Lysis Buffer	DMEM+Serum	mIHC	sapiens_qui_prospicit	O_Tite_tute_Tati_tibi_tanta_tyranne_tulisti	Water	scientia_et_labor
NonDICOMpathologyImages	CDS-IMAGE-737876	CDS-NonDICOMpathologyImages-198117	Pancreaticoduodenectomy	Xenograft	PAXgene Tissue	RPMI+Serum	Not Applicable	scientia_et_sapientia	scientia_et_labor	Multi	scientiae_cedit_mare
NonDICOMpathologyImages	CDS-IMAGE-830231	CDS-NonDICOMpathologyImages-283383	Punch biopsy	Primary	Methacarn	DMEM	CODEX	damnant_quod_non_intellegunt	scientiae_cedit_mare	Glycerol	scientia_imperii_decus_et_tutamen
NonDICOMpathologyImages	CDS-IMAGE-311917	CDS-NonDICOMpathologyImages-164641	Excisional Biopsy	Premalignant	95% Ethanol	DMEM+Serum	IMC	O_Tite_tute_Tati_tibi_tanta_tyranne_tulisti	haec_olim_meminisse_iuvabit	Oil	O_Tite_tute_Tati_tibi_tanta_tyranne_tulisti
NonDICOMpathologyImages	CDS-IMAGE-126435	CDS-NonDICOMpathologyImages-126365	Not applicable	Atypia or hyperplasia	RNAlater	RPMI+Serum	t-CyCIF	scientiae_cedit_mare	scientiae_et_patriae	Glycerol	Obedientia_civium_urbis_felicitas
NonDICOMpathologyImages	CDS-IMAGE-113900	CDS-NonDICOMpathologyImages-710298	Excisional Biopsy	Not applicable	Other	PBS+Serum	CyCIF	nanos_gigantum_humeris_insidentes	scientia_imperii_decus_et_tutamen	Water	scientia_imperii_decus_et_tutamen
NonDICOMpathologyImages	CDS-IMAGE-958955	CDS-NonDICOMpathologyImages-640235	Excisional Biopsy	NOS	Alcohol	DMEM	H&E	barba_crescit_caput_nescit	imperium_in_imperio	Water	scientia_imperii_decus_et_tutamen
NonDICOMpathologyImages	CDS-IMAGE-336233	CDS-NonDICOMpathologyImages-247758	Punch biopsy	Normal distant	Saline	DMEM+Serum	mIHC	barba_crescit_caput_nescit	scientia_et_labor	Oil	scientiae_cedit_mare
NonDICOMpathologyImages	CDS-IMAGE-867126	CDS-NonDICOMpathologyImages-377068	Other	Atypia or hyperplasia	Diimidoester	RPMI+Serum	CODEX	saltus_in_demonstrando	scientiae_cedit_mare	Other	scientiae_et_patriae
NonDICOMpathologyImages	CDS-IMAGE-444540	CDS-NonDICOMpathologyImages-349753	Surgical Resection	Not reported	Formalin	PBS+Serum	IHC	saltus_in_demonstrando	barba_crescit_caput_nescit	Water	nascentes_morimur_finisque_ab_origine_pendet
NonDICOMpathologyImages	CDS-IMAGE-949203	CDS-NonDICOMpathologyImages-238914	Autopsy	NOS	Unknown	PBS+Serum	t-CyCIF	nascentes_morimur_finisque_ab_origine_pendet	nanos_gigantum_humeris_insidentes	Other	nascentes_morimur_finisque_ab_origine_pendet
NonDICOMpathologyImages	CDS-IMAGE-249609	CDS-NonDICOMpathologyImages-599501	Shave biopsy	Recurrent	Alcohol	RPMI+Serum	H&E	nanos_gigantum_humeris_insidentes	id_quod_plerumque_accidit	Glycerol	imperium_in_imperio
NonDICOMpathologyImages	CDS-IMAGE-967332	CDS-NonDICOMpathologyImages-129442	Autopsy	Not applicable	NP40 Lysis Buffer	DMEM+Serum	CODEX	salus_in_arduis	nascentes_morimur_finisque_ab_origine_pendet	Glycerol	id_quod_plerumque_accidit
NonDICOMpathologyImages	CDS-IMAGE-401375	CDS-NonDICOMpathologyImages-635532	Pancreaticoduodenectomy	Normal	Alcohol	RPMI+Serum	CODEX	faber_est_suae_quisque_fortunae	haec_olim_meminisse_iuvabit	Glycerol	scientiae_et_patriae
NonDICOMpathologyImages	CDS-IMAGE-103400	CDS-NonDICOMpathologyImages-853507	Unknown	Premalignant	Other	PBS+Serum	SABER	a_bene_placito	saltus_in_demonstrando	Oil	Gallia_est_omnis_divisa_in_partes_tres
NonDICOMpathologyImages	CDS-IMAGE-566861	CDS-NonDICOMpathologyImages-193034	Forceps Biopsy	Normal distant	Methacarn	RPMI+Serum	SABER	Gallia_est_omnis_divisa_in_partes_tres	Obedientia_civium_urbis_felicitas	Multi	sapiens_qui_prospicit
NonDICOMpathologyImages	CDS-IMAGE-965370	CDS-NonDICOMpathologyImages-635014	Incisional Biopsy	Recurrent	Methacarn	None	GeoMX-DSP	imperium_in_imperio	nascentes_morimur_finisque_ab_origine_pendet	Multi	barba_crescit_caput_nescit
NonDICOMpathologyImages	CDS-IMAGE-751538	CDS-NonDICOMpathologyImages-183712	Forceps Biopsy	Tumor specimen from de novo untreated malignancy of the bladder	Other	RPMI+Serum	t-CyCIF	nanos_gigantum_humeris_insidentes	Obedientia_civium_urbis_felicitas	Other	damnant_quod_non_intellegunt
NonDICOMpathologyImages	CDS-IMAGE-501866	CDS-NonDICOMpathologyImages-977381	Not reported	Local recurrence	Para-benzoquinone	RPMI+Serum	Not Applicable	Gallia_est_omnis_divisa_in_partes_tres	scientia_et_labor	Glycerol	scientia_et_sapientia
NonDICOMpathologyImages	CDS-IMAGE-191984	CDS-NonDICOMpathologyImages-122583	Not specified	Xenograft	NP40 Lysis Buffer	PBS+Serum	CyCIF	nanos_gigantum_humeris_insidentes	damnant_quod_non_intellegunt	Water	O_Tite_tute_Tati_tibi_tanta_tyranne_tulisti
NonDICOMpathologyImages	CDS-IMAGE-310696	CDS-NonDICOMpathologyImages-870494	Unknown	Atypia or hyperplasia	95% Ethanol	PBS+Serum	SABER	O_Tite_tute_Tati_tibi_tanta_tyranne_tulisti	id_quod_plerumque_accidit	Oil	O_Tite_tute_Tati_tibi_tanta_tyranne_tulisti
NonDICOMpathologyImages	CDS-IMAGE-287076	CDS-NonDICOMpathologyImages-714920	Not applicable	Tumor post-neoadjuvant therapy    	Not applicable	DMEM	CyCIF	scientiae_et_patriae	salus_in_arduis	Water	Obedientia_civium_urbis_felicitas
NonDICOMpathologyImages	CDS-IMAGE-618179	CDS-NonDICOMpathologyImages-602865	Incisional Biopsy	Tumor post-therapy	Not applicable	None	CyCIF	e_causa_ignota	imperium_in_imperio	Glycerol	saltus_in_demonstrando
NonDICOMpathologyImages	CDS-IMAGE-295924	CDS-NonDICOMpathologyImages-526540	Incisional Biopsy	Normal distant	PAXgene Tissue	DMEM	CODEX	e_causa_ignota	Macte_animo_Generose_puer_sic_itur_ad_astra	Oil	saltus_in_demonstrando
NonDICOMpathologyImages	CDS-IMAGE-509641	CDS-NonDICOMpathologyImages-833026	Shave biopsy	Atypia or hyperplasia	95% Ethanol	None	IHC	labor_ipse_voluptas	scientiae_et_patriae	Other	scientia_et_labor
NonDICOMpathologyImages	CDS-IMAGE-632916	CDS-NonDICOMpathologyImages-597414	Forceps Biopsy	Tumor specimen from de novo untreated malignancy of the bladder	Poloxamer	RPMI+Serum	SABER	nascentes_morimur_finisque_ab_origine_pendet	nanos_gigantum_humeris_insidentes	Oil	nascentes_morimur_finisque_ab_origine_pendet
NonDICOMpathologyImages	CDS-IMAGE-739191	CDS-NonDICOMpathologyImages-986850	Biopsy	Tumor post-adjuvant therapy     	Poloxamer	RPMI+Serum	SABER	pace_tua	barba_crescit_caput_nescit	Glycerol	scientiae_cedit_mare
NonDICOMpathologyImages	CDS-IMAGE-962170	CDS-NonDICOMpathologyImages-969223	Blood draw	Tumor specimen from de novo untreated malignancy of the bladder	TCL Lysis Buffer	RPMI+Serum	MERFISH	pace_tua	scientiae_et_patriae	Oil	scientiae_cedit_mare
NonDICOMpathologyImages	CDS-IMAGE-673146	CDS-NonDICOMpathologyImages-375773	Unknown	Local recurrence	Formalin	DMEM+Serum	H&E	haec_olim_meminisse_iuvabit	nanos_gigantum_humeris_insidentes	Water	O_Tite_tute_Tati_tibi_tanta_tyranne_tulisti
NonDICOMpathologyImages	CDS-IMAGE-877631	CDS-NonDICOMpathologyImages-994553	Lymphadenectomy (regional nodes)	Tumor specimen from de novo untreated malignancy of the bladder	Other	DMEM	IHC	salus_in_arduis	scientia_imperii_decus_et_tutamen	Other	nascentes_morimur_finisque_ab_origine_pendet
NonDICOMpathologyImages	CDS-IMAGE-796844	CDS-NonDICOMpathologyImages-915032	Re-excision	Tumor specimen from de novo untreated malignancy of the bladder	Not applicable	RPMI+Serum	H&E	imperium_in_imperio	salus_in_arduis	Other	nanos_gigantum_humeris_insidentes
NonDICOMpathologyImages	CDS-IMAGE-197259	CDS-NonDICOMpathologyImages-537020	Surgical Resection	NOS	NP40 Lysis Buffer	DMEM+Serum	CyCIF	Macte_animo_Generose_puer_sic_itur_ad_astra	cacatum_non_est_pictum	Oil	barba_crescit_caput_nescit
NonDICOMpathologyImages	CDS-IMAGE-792000	CDS-NonDICOMpathologyImages-852951	Autopsy	Normal distant	TCL Lysis Buffer	None	H&E	barba_crescit_caput_nescit	scientia_imperii_decus_et_tutamen	Water	saltus_in_demonstrando
NonDICOMpathologyImages	CDS-IMAGE-250147	CDS-NonDICOMpathologyImages-236106	Not reported	Not reported	Other	DMEM+Serum	MERFISH	salus_in_arduis	damnant_quod_non_intellegunt	Multi	imperium_in_imperio
NonDICOMpathologyImages	CDS-IMAGE-571070	CDS-NonDICOMpathologyImages-962809	Pancreaticoduodenectomy	Tumor specimen from de novo untreated malignancy of the bladder	OCT media	DMEM+Serum	t-CyCIF	scientia,_aere_perennius	O_Tite_tute_Tati_tibi_tanta_tyranne_tulisti	Water	e_causa_ignota
NonDICOMpathologyImages	CDS-IMAGE-202953	CDS-NonDICOMpathologyImages-175579	Blood draw	Premalignant - in situ	95% Ethanol	RPMI+Serum	Not Applicable	scientia_et_sapientia	O_Tite_tute_Tati_tibi_tanta_tyranne_tulisti	Air	damnant_quod_non_intellegunt
NonDICOMpathologyImages	CDS-IMAGE-585281	CDS-NonDICOMpathologyImages-961460	Blood draw	Not applicable	Acetone	None	SABER	scientia_et_labor	salus_in_arduis	Oil	scientiae_et_patriae
NonDICOMpathologyImages	CDS-IMAGE-508063	CDS-NonDICOMpathologyImages-341427	Unknown	Tumor post-neoadjuvant therapy    	Dimethylacetamide	RPMI+Serum	CODEX	imperium_in_imperio	haec_olim_meminisse_iuvabit	Other	e_causa_ignota
NonDICOMpathologyImages	CDS-IMAGE-899445	CDS-NonDICOMpathologyImages-781959	Punch biopsy	Atypia or hyperplasia	OCT media	PBS+Serum	MIBI	a_bene_placito	Macte_animo_Generose_puer_sic_itur_ad_astra	Glycerol	damnant_quod_non_intellegunt
NonDICOMpathologyImages	CDS-IMAGE-522569	CDS-NonDICOMpathologyImages-837310	Shave biopsy	Unknown	Carnoy's Solution	RPMI+Serum	IMC	haec_olim_meminisse_iuvabit	pace_tua	Oil	barba_crescit_caput_nescit
NonDICOMpathologyImages	CDS-IMAGE-522607	CDS-NonDICOMpathologyImages-566303	Excisional Biopsy	Xenograft	Para-benzoquinone	RPMI+Serum	CODEX	barba_crescit_caput_nescit	imperium_in_imperio	Other	sapiens_qui_prospicit
NonDICOMpathologyImages	CDS-IMAGE-323124	CDS-NonDICOMpathologyImages-574336	Unknown	Not applicable	PAXgene Tissue	PBS+Serum	t-CyCIF	nascentes_morimur_finisque_ab_origine_pendet	damnant_quod_non_intellegunt	Oil	scientia_et_sapientia
NonDICOMpathologyImages	CDS-IMAGE-427137	CDS-NonDICOMpathologyImages-125849	Blood draw	Recurrent	RNAlater	None	IHC	pace_tua	Gallia_est_omnis_divisa_in_partes_tres	Other	damnant_quod_non_intellegunt
NonDICOMpathologyImages	CDS-IMAGE-409396	CDS-NonDICOMpathologyImages-980990	Sentinel node biopsy	Normal distant	Saline	DMEM+Serum	SABER	Obedientia_civium_urbis_felicitas	Macte_animo_Generose_puer_sic_itur_ad_astra	Multi	nanos_gigantum_humeris_insidentes
NonDICOMpathologyImages	CDS-IMAGE-939514	CDS-NonDICOMpathologyImages-913345	Shave biopsy	Recurrent	Para-benzoquinone	DMEM+Serum	H&E	e_causa_ignota	barba_crescit_caput_nescit	Air	Macte_animo_Generose_puer_sic_itur_ad_astra
NonDICOMpathologyImages	CDS-IMAGE-944921	CDS-NonDICOMpathologyImages-719320	Fine needle aspirate	Normal adjacent	Not applicable	DMEM+Serum	GeoMX-DSP	id_quod_plerumque_accidit	sapiens_qui_prospicit	Multi	scientia_imperii_decus_et_tutamen
NonDICOMpathologyImages	CDS-IMAGE-128662	CDS-NonDICOMpathologyImages-308899	Other	Recurrent	RNAlater	RPMI+Serum	CyCIF	sapiens_qui_prospicit	saltus_in_demonstrando	Multi	faber_est_suae_quisque_fortunae
NonDICOMpathologyImages	CDS-IMAGE-820572	CDS-NonDICOMpathologyImages-384748	Punch biopsy	Not reported	Carbodiimide	PBS+Serum	IMC	haec_olim_meminisse_iuvabit	damnant_quod_non_intellegunt	Other	id_quod_plerumque_accidit
NonDICOMpathologyImages	CDS-IMAGE-534075	CDS-NonDICOMpathologyImages-745404	Surgical Resection	Not applicable	RNAlater	DMEM	GeoMX-DSP	scientiae_et_patriae	Obedientia_civium_urbis_felicitas	Oil	scientia_et_sapientia
NonDICOMpathologyImages	CDS-IMAGE-694748	CDS-NonDICOMpathologyImages-863395	Autopsy	Normal	Diimidoester	None	Not Applicable	faber_est_suae_quisque_fortunae	saltus_in_demonstrando	Air	faber_est_suae_quisque_fortunae
NonDICOMpathologyImages	CDS-IMAGE-981423	CDS-NonDICOMpathologyImages-194317	Sentinel node biopsy	NOS	Carbodiimide	None	IMC	damnant_quod_non_intellegunt	pace_tua	Water	saltus_in_demonstrando
NonDICOMpathologyImages	CDS-IMAGE-426347	CDS-NonDICOMpathologyImages-507345	Re-excision	Additional Primary	Carnoy's Solution	PBS+Serum	MIBI	cacatum_non_est_pictum	scientia_et_labor	Air	Obedientia_civium_urbis_felicitas
NonDICOMpathologyImages	CDS-IMAGE-783665	CDS-NonDICOMpathologyImages-763467	Autopsy	Not reported	PAXgene Tissue	RPMI+Serum	IMC	scientia_et_sapientia	labor_ipse_voluptas	Oil	e_causa_ignota
NonDICOMpathologyImages	CDS-IMAGE-498922	CDS-NonDICOMpathologyImages-707060	Unknown	NOS	Formalin	RPMI+Serum	GeoMX-DSP	Gallia_est_omnis_divisa_in_partes_tres	Obedientia_civium_urbis_felicitas	Other	scientia,_aere_perennius
NonDICOMpathologyImages	CDS-IMAGE-200848	CDS-NonDICOMpathologyImages-608599	Sentinel node biopsy	Recurrent	PAXgene Tissue	DMEM	CODEX	nascentes_morimur_finisque_ab_origine_pendet	scientia_et_labor	Air	scientia_et_sapientia
NonDICOMpathologyImages	CDS-IMAGE-789136	CDS-NonDICOMpathologyImages-558716	Unknown	Tumor specimen from de novo untreated malignancy of the bladder	Not recorded	None	mIHC	a_bene_placito	id_quod_plerumque_accidit	Air	faber_est_suae_quisque_fortunae
NonDICOMpathologyImages	CDS-IMAGE-777422	CDS-NonDICOMpathologyImages-829559	Biopsy	Not reported	Dimethylacetamide	None	mIHC	barba_crescit_caput_nescit	haec_olim_meminisse_iuvabit	Water	nascentes_morimur_finisque_ab_origine_pendet
NonDICOMpathologyImages	CDS-IMAGE-215552	CDS-NonDICOMpathologyImages-925252	Blood draw	Normal	Carbodiimide	RPMI+Serum	IMC	haec_olim_meminisse_iuvabit	sapiens_qui_prospicit	Water	saltus_in_demonstrando
NonDICOMpathologyImages	CDS-IMAGE-880855	CDS-NonDICOMpathologyImages-897700	Not specified	Additional Primary	Carnoy's Solution	PBS+Serum	IMC	e_causa_ignota	faber_est_suae_quisque_fortunae	Other	nanos_gigantum_humeris_insidentes
NonDICOMpathologyImages	CDS-IMAGE-413712	CDS-NonDICOMpathologyImages-857633	Punch biopsy	Primary	Poloxamer	None	MIBI	scientia,_aere_perennius	Macte_animo_Generose_puer_sic_itur_ad_astra	Other	scientia,_aere_perennius
NonDICOMpathologyImages	CDS-IMAGE-633434	CDS-NonDICOMpathologyImages-199448	Surgical Resection	Premalignant - in situ	PAXgene Tissue	None	H&E	Gallia_est_omnis_divisa_in_partes_tres	barba_crescit_caput_nescit	Water	cacatum_non_est_pictum
NonDICOMpathologyImages	CDS-IMAGE-342033	CDS-NonDICOMpathologyImages-747474	Blood draw	Recurrent	Carbodiimide	None	ExSeq	salus_in_arduis	scientia_et_sapientia	Water	Gallia_est_omnis_divisa_in_partes_tres
NonDICOMpathologyImages	CDS-IMAGE-999823	CDS-NonDICOMpathologyImages-473701	Re-excision	Premalignant - in situ	Diimidoester	RPMI+Serum	CyCIF	damnant_quod_non_intellegunt	nanos_gigantum_humeris_insidentes	Water	nascentes_morimur_finisque_ab_origine_pendet
NonDICOMpathologyImages	CDS-IMAGE-669590	CDS-NonDICOMpathologyImages-956956	Incisional Biopsy	Atypia or hyperplasia	Alcohol	None	MIBI	faber_est_suae_quisque_fortunae	scientia_imperii_decus_et_tutamen	Glycerol	salus_in_arduis
NonDICOMpathologyImages	CDS-IMAGE-386359	CDS-NonDICOMpathologyImages-774836	Other	Unknown	Formalin	DMEM+Serum	Not Applicable	Obedientia_civium_urbis_felicitas	salus_in_arduis	Other	scientia,_aere_perennius
NonDICOMpathologyImages	CDS-IMAGE-531027	CDS-NonDICOMpathologyImages-486984	Sentinel node biopsy	Local recurrence	Carbodiimide	RPMI+Serum	MxIF	saltus_in_demonstrando	labor_ipse_voluptas	Multi	salus_in_arduis
NonDICOMpathologyImages	CDS-IMAGE-894627	CDS-NonDICOMpathologyImages-983834	Autopsy	Local recurrence	TCL Lysis Buffer	RPMI+Serum	CODEX	e_causa_ignota	scientiae_cedit_mare	Glycerol	imperium_in_imperio
NonDICOMpathologyImages	CDS-IMAGE-523854	CDS-NonDICOMpathologyImages-949015	Excisional Biopsy	Normal	OCT media	PBS+Serum	H&E	faber_est_suae_quisque_fortunae	scientiae_cedit_mare	Multi	barba_crescit_caput_nescit
NonDICOMpathologyImages	CDS-IMAGE-990940	CDS-NonDICOMpathologyImages-286331	Not specified	Local recurrence	Formalin	None	MERFISH	scientia_imperii_decus_et_tutamen	e_causa_ignota	Air	scientia_et_sapientia
NonDICOMpathologyImages	CDS-IMAGE-686749	CDS-NonDICOMpathologyImages-545447	Incisional Biopsy	Xenograft	Other	None	MERFISH	e_causa_ignota	scientiae_et_patriae	Glycerol	nascentes_morimur_finisque_ab_origine_pendet
NonDICOMpathologyImages	CDS-IMAGE-399413	CDS-NonDICOMpathologyImages-760705	Punch biopsy	Normal distant	Acetone	DMEM	CODEX	scientia_et_sapientia	e_causa_ignota	Oil	imperium_in_imperio
NonDICOMpathologyImages	CDS-IMAGE-635460	CDS-NonDICOMpathologyImages-154045	Fine needle aspirate	Not reported	Dimethylacetamide	None	CyCIF	scientiae_cedit_mare	scientia_et_labor	Other	imperium_in_imperio
NonDICOMpathologyImages	CDS-IMAGE-937606	CDS-NonDICOMpathologyImages-363791	Other	Normal distant	Formalin	PBS+Serum	GeoMX-DSP	Macte_animo_Generose_puer_sic_itur_ad_astra	salus_in_arduis	Air	haec_olim_meminisse_iuvabit
NonDICOMpathologyImages	CDS-IMAGE-361890	CDS-NonDICOMpathologyImages-601302	Autopsy	Tumor post-adjuvant therapy     	TCL Lysis Buffer	DMEM	Not Applicable	Macte_animo_Generose_puer_sic_itur_ad_astra	scientia_et_labor	Multi	id_quod_plerumque_accidit
NonDICOMpathologyImages	CDS-IMAGE-114022	CDS-NonDICOMpathologyImages-387652	Incisional Biopsy	Unknown	Diimidoester	DMEM+Serum	H&E	scientia_et_sapientia	Macte_animo_Generose_puer_sic_itur_ad_astra	Glycerol	haec_olim_meminisse_iuvabit
NonDICOMpathologyImages	CDS-IMAGE-501360	CDS-NonDICOMpathologyImages-878214	Other	Normal	Methacarn	RPMI+Serum	Not Applicable	Obedientia_civium_urbis_felicitas	scientiae_et_patriae	Water	nascentes_morimur_finisque_ab_origine_pendet
NonDICOMpathologyImages	CDS-IMAGE-348017	CDS-NonDICOMpathologyImages-286230	Excisional Biopsy	Tumor specimen from de novo untreated malignancy of the bladder	Dimethylacetamide	PBS+Serum	CODEX	scientia_imperii_decus_et_tutamen	nascentes_morimur_finisque_ab_origine_pendet	Glycerol	id_quod_plerumque_accidit
NonDICOMpathologyImages	CDS-IMAGE-361755	CDS-NonDICOMpathologyImages-176576	Re-excision	Local recurrence	OCT media	DMEM	IMC	scientiae_et_patriae	scientiae_cedit_mare	Water	scientiae_et_patriae
NonDICOMpathologyImages	CDS-IMAGE-855214	CDS-NonDICOMpathologyImages-915033	Pancreaticoduodenectomy	Normal distant	OCT media	RPMI+Serum	ExSeq	scientia,_aere_perennius	cacatum_non_est_pictum	Multi	imperium_in_imperio
NonDICOMpathologyImages	CDS-IMAGE-273295	CDS-NonDICOMpathologyImages-562760	Surgical Resection	NOS	95% Ethanol	DMEM+Serum	CyCIF	imperium_in_imperio	scientia_et_labor	Water	barba_crescit_caput_nescit
NonDICOMpathologyImages	CDS-IMAGE-544894	CDS-NonDICOMpathologyImages-861936	Blood draw	Local recurrence	Acetone	DMEM+Serum	Not Applicable	haec_olim_meminisse_iuvabit	Macte_animo_Generose_puer_sic_itur_ad_astra	Other	scientia_et_sapientia
NonDICOMpathologyImages	CDS-IMAGE-943467	CDS-NonDICOMpathologyImages-962246	Not applicable	Normal distant	NP40 Lysis Buffer	None	SABER	Gallia_est_omnis_divisa_in_partes_tres	scientiae_cedit_mare	Other	salus_in_arduis
NonDICOMpathologyImages	CDS-IMAGE-648769	CDS-NonDICOMpathologyImages-419366	Shave biopsy	Premalignant	Other	DMEM	t-CyCIF	scientia_et_labor	imperium_in_imperio	Oil	nanos_gigantum_humeris_insidentes
NonDICOMpathologyImages	CDS-IMAGE-303616	CDS-NonDICOMpathologyImages-871303	Not specified	Normal	Unknown	DMEM	t-CyCIF	scientiae_cedit_mare	scientia_et_sapientia	Air	scientia_imperii_decus_et_tutamen
NonDICOMpathologyImages	CDS-IMAGE-248989	CDS-NonDICOMpathologyImages-680010	Punch biopsy	Atypia or hyperplasia	Carnoy's Solution	RPMI+Serum	MIBI	id_quod_plerumque_accidit	nanos_gigantum_humeris_insidentes	Air	barba_crescit_caput_nescit
NonDICOMpathologyImages	CDS-IMAGE-274845	CDS-NonDICOMpathologyImages-906777	Not applicable	Tumor post-adjuvant therapy     	95% Ethanol	None	GeoMX-DSP	nascentes_morimur_finisque_ab_origine_pendet	scientia,_aere_perennius	Glycerol	haec_olim_meminisse_iuvabit
NonDICOMpathologyImages	CDS-IMAGE-298285	CDS-NonDICOMpathologyImages-677708	Lymphadenectomy (regional nodes)	Normal adjacent	RNAlater	PBS+Serum	CODEX	salus_in_arduis	cacatum_non_est_pictum	Other	scientiae_cedit_mare
NonDICOMpathologyImages	CDS-IMAGE-110819	CDS-NonDICOMpathologyImages-978393	Surgical Resection	Tumor post-therapy	NP40 Lysis Buffer	DMEM	t-CyCIF	imperium_in_imperio	id_quod_plerumque_accidit	Multi	haec_olim_meminisse_iuvabit
NonDICOMpathologyImages	CDS-IMAGE-512817	CDS-NonDICOMpathologyImages-810452	Not specified	Tumor specimen from de novo untreated malignancy of the bladder	Unknown	DMEM	IMC	faber_est_suae_quisque_fortunae	Obedientia_civium_urbis_felicitas	Water	salus_in_arduis
NonDICOMpathologyImages	CDS-IMAGE-319060	CDS-NonDICOMpathologyImages-440555	Biopsy	Premalignant - in situ	OCT media	DMEM	IMC	faber_est_suae_quisque_fortunae	damnant_quod_non_intellegunt	Multi	Obedientia_civium_urbis_felicitas
NonDICOMpathologyImages	CDS-IMAGE-632737	CDS-NonDICOMpathologyImages-217520	Lymphadenectomy (regional nodes)	Premalignant - in situ	CryoStor	PBS+Serum	Not Applicable	faber_est_suae_quisque_fortunae	id_quod_plerumque_accidit	Water	faber_est_suae_quisque_fortunae
NonDICOMpathologyImages	CDS-IMAGE-182522	CDS-NonDICOMpathologyImages-520384	Excisional Biopsy	Normal adjacent	Diimidoester	PBS+Serum	CODEX	haec_olim_meminisse_iuvabit	scientiae_cedit_mare	Multi	nanos_gigantum_humeris_insidentes
NonDICOMpathologyImages	CDS-IMAGE-959278	CDS-NonDICOMpathologyImages-713326	Not specified	Normal distant	Para-benzoquinone	PBS+Serum	MERFISH	Macte_animo_Generose_puer_sic_itur_ad_astra	scientia_et_labor	Air	Macte_animo_Generose_puer_sic_itur_ad_astra
NonDICOMpathologyImages	CDS-IMAGE-833320	CDS-NonDICOMpathologyImages-657047	Fine needle aspirate	Tissue	Dimethylacetamide	PBS+Serum	MIBI	scientiae_et_patriae	scientia_et_sapientia	Multi	scientia_imperii_decus_et_tutamen
NonDICOMpathologyImages	CDS-IMAGE-385222	CDS-NonDICOMpathologyImages-799214	Not reported	Xenograft	Carbodiimide	DMEM	SABER	scientia_et_sapientia	scientia_imperii_decus_et_tutamen	Air	Obedientia_civium_urbis_felicitas
NonDICOMpathologyImages	CDS-IMAGE-462352	CDS-NonDICOMpathologyImages-420940	Lymphadenectomy (regional nodes)	NOS	Formalin	RPMI+Serum	H&E	scientiae_et_patriae	scientia_et_labor	Multi	Macte_animo_Generose_puer_sic_itur_ad_astra
NonDICOMpathologyImages	CDS-IMAGE-324487	CDS-NonDICOMpathologyImages-574386	Sentinel node biopsy	Xenograft	Para-benzoquinone	None	H&E	nascentes_morimur_finisque_ab_origine_pendet	Gallia_est_omnis_divisa_in_partes_tres	Other	salus_in_arduis
NonDICOMpathologyImages	CDS-IMAGE-726113	CDS-NonDICOMpathologyImages-408004	Surgical Resection	Normal	Glutaraldehyde	DMEM	IHC	haec_olim_meminisse_iuvabit	nascentes_morimur_finisque_ab_origine_pendet	Oil	id_quod_plerumque_accidit
NonDICOMpathologyImages	CDS-IMAGE-911953	CDS-NonDICOMpathologyImages-438199	Punch biopsy	NOS	95% Ethanol	DMEM	IMC	saltus_in_demonstrando	damnant_quod_non_intellegunt	Glycerol	haec_olim_meminisse_iuvabit
NonDICOMpathologyImages	CDS-IMAGE-612784	CDS-NonDICOMpathologyImages-953741	Pancreaticoduodenectomy	Recurrent	Saline	RPMI+Serum	GeoMX-DSP	damnant_quod_non_intellegunt	sapiens_qui_prospicit	Other	e_causa_ignota
NonDICOMpathologyImages	CDS-IMAGE-351569	CDS-NonDICOMpathologyImages-612981	Not specified	Premalignant - in situ	Saline	DMEM+Serum	IHC	cacatum_non_est_pictum	faber_est_suae_quisque_fortunae	Glycerol	a_bene_placito
NonDICOMpathologyImages	CDS-IMAGE-684103	CDS-NonDICOMpathologyImages-575721	Sentinel node biopsy	Additional Primary	Para-benzoquinone	PBS+Serum	mIHC	haec_olim_meminisse_iuvabit	salus_in_arduis	Air	scientia_imperii_decus_et_tutamen
NonDICOMpathologyImages	CDS-IMAGE-802064	CDS-NonDICOMpathologyImages-330647	Core needle biopsy	NOS	None	RPMI+Serum	CODEX	Obedientia_civium_urbis_felicitas	e_causa_ignota	Multi	labor_ipse_voluptas
NonDICOMpathologyImages	CDS-IMAGE-772676	CDS-NonDICOMpathologyImages-658652	Not applicable	Atypia or hyperplasia	Formalin	DMEM+Serum	MERFISH	e_causa_ignota	sapiens_qui_prospicit	Glycerol	scientia_et_sapientia
NonDICOMpathologyImages	CDS-IMAGE-256856	CDS-NonDICOMpathologyImages-279710	Excisional Biopsy	Not applicable	95% Ethanol	RPMI+Serum	IHC	imperium_in_imperio	id_quod_plerumque_accidit	Water	e_causa_ignota
NonDICOMpathologyImages	CDS-IMAGE-528049	CDS-NonDICOMpathologyImages-593595	Forceps Biopsy	Normal	Not recorded	DMEM	IHC	damnant_quod_non_intellegunt	nascentes_morimur_finisque_ab_origine_pendet	Other	scientia_et_sapientia
NonDICOMpathologyImages	CDS-IMAGE-836192	CDS-NonDICOMpathologyImages-428214	Surgical Resection	Xenograft	Glutaraldehyde	RPMI+Serum	GeoMX-DSP	scientiae_cedit_mare	nascentes_morimur_finisque_ab_origine_pendet	Water	O_Tite_tute_Tati_tibi_tanta_tyranne_tulisti
NonDICOMpathologyImages	CDS-IMAGE-337143	CDS-NonDICOMpathologyImages-435778	Forceps Biopsy	Premalignant	Glutaraldehyde	None	IHC	Gallia_est_omnis_divisa_in_partes_tres	O_Tite_tute_Tati_tibi_tanta_tyranne_tulisti	Other	e_causa_ignota
NonDICOMpathologyImages	CDS-IMAGE-571198	CDS-NonDICOMpathologyImages-904472	Excisional Biopsy	Tumor post-therapy	OCT media	PBS+Serum	SABER	scientia_imperii_decus_et_tutamen	scientia_et_sapientia	Oil	scientia_et_sapientia
NonDICOMpathologyImages	CDS-IMAGE-477120	CDS-NonDICOMpathologyImages-193844	Punch biopsy	Tumor specimen from de novo untreated malignancy of the bladder	Methacarn	DMEM	MIBI	scientia_et_labor	O_Tite_tute_Tati_tibi_tanta_tyranne_tulisti	Oil	Obedientia_civium_urbis_felicitas
NonDICOMpathologyImages	CDS-IMAGE-425250	CDS-NonDICOMpathologyImages-803453	Incisional Biopsy	Normal adjacent	95% Ethanol	None	MIBI	scientia,_aere_perennius	haec_olim_meminisse_iuvabit	Other	Gallia_est_omnis_divisa_in_partes_tres
NonDICOMpathologyImages	CDS-IMAGE-378774	CDS-NonDICOMpathologyImages-863281	Other	Tumor post-adjuvant therapy     	Alcohol	DMEM+Serum	MERFISH	damnant_quod_non_intellegunt	nascentes_morimur_finisque_ab_origine_pendet	Water	scientia,_aere_perennius
NonDICOMpathologyImages	CDS-IMAGE-175037	CDS-NonDICOMpathologyImages-613392	Not specified	Normal distant	Other	PBS+Serum	CODEX	sapiens_qui_prospicit	e_causa_ignota	Oil	id_quod_plerumque_accidit
NonDICOMpathologyImages	CDS-IMAGE-403152	CDS-NonDICOMpathologyImages-288799	Not applicable	Tumor post-neoadjuvant therapy    	Carnoy's Solution	None	GeoMX-DSP	O_Tite_tute_Tati_tibi_tanta_tyranne_tulisti	haec_olim_meminisse_iuvabit	Water	faber_est_suae_quisque_fortunae
NonDICOMpathologyImages	CDS-IMAGE-646228	CDS-NonDICOMpathologyImages-781901	Sentinel node biopsy	Not applicable	Methacarn	DMEM	mIHC	O_Tite_tute_Tati_tibi_tanta_tyranne_tulisti	Gallia_est_omnis_divisa_in_partes_tres	Other	salus_in_arduis
NonDICOMpathologyImages	CDS-IMAGE-243961	CDS-NonDICOMpathologyImages-619841	Excisional Biopsy	Tissue	CryoStor	None	ExSeq	labor_ipse_voluptas	scientiae_et_patriae	Multi	scientia_imperii_decus_et_tutamen
NonDICOMpathologyImages	CDS-IMAGE-775212	CDS-NonDICOMpathologyImages-446944	Not applicable	Premalignant - in situ	Saline	PBS+Serum	Not Applicable	O_Tite_tute_Tati_tibi_tanta_tyranne_tulisti	labor_ipse_voluptas	Water	pace_tua
NonDICOMpathologyImages	CDS-IMAGE-940279	CDS-NonDICOMpathologyImages-858235	Biopsy	Tumor post-neoadjuvant therapy    	TCL Lysis Buffer	DMEM	MxIF	cacatum_non_est_pictum	nascentes_morimur_finisque_ab_origine_pendet	Oil	saltus_in_demonstrando
NonDICOMpathologyImages	CDS-IMAGE-231374	CDS-NonDICOMpathologyImages-853511	Fine needle aspirate	Tumor post-adjuvant therapy     	Para-benzoquinone	PBS+Serum	IMC	faber_est_suae_quisque_fortunae	damnant_quod_non_intellegunt	Water	nascentes_morimur_finisque_ab_origine_pendet
NonDICOMpathologyImages	CDS-IMAGE-219999	CDS-NonDICOMpathologyImages-877066	Core needle biopsy	Primary	Alcohol	DMEM	ExSeq	damnant_quod_non_intellegunt	saltus_in_demonstrando	Multi	damnant_quod_non_intellegunt
NonDICOMpathologyImages	CDS-IMAGE-598140	CDS-NonDICOMpathologyImages-499238	Incisional Biopsy	Atypia or hyperplasia	Carbodiimide	None	IMC	nascentes_morimur_finisque_ab_origine_pendet	nanos_gigantum_humeris_insidentes	Oil	O_Tite_tute_Tati_tibi_tanta_tyranne_tulisti
NonDICOMpathologyImages	CDS-IMAGE-463732	CDS-NonDICOMpathologyImages-147157	Other	Local recurrence	Dimethylacetamide	DMEM	SABER	Gallia_est_omnis_divisa_in_partes_tres	scientia,_aere_perennius	Other	e_causa_ignota
NonDICOMpathologyImages	CDS-IMAGE-434747	CDS-NonDICOMpathologyImages-544654	Excisional Biopsy	Tumor post-neoadjuvant therapy    	TCL Lysis Buffer	RPMI+Serum	ExSeq	scientiae_cedit_mare	e_causa_ignota	Glycerol	saltus_in_demonstrando
NonDICOMpathologyImages	CDS-IMAGE-304367	CDS-NonDICOMpathologyImages-935840	Forceps Biopsy	Normal adjacent	Saline	None	ExSeq	Obedientia_civium_urbis_felicitas	damnant_quod_non_intellegunt	Air	id_quod_plerumque_accidit
NonDICOMpathologyImages	CDS-IMAGE-804660	CDS-NonDICOMpathologyImages-778737	Biopsy	Tumor post-adjuvant therapy     	Not applicable	DMEM+Serum	H&E	imperium_in_imperio	scientia,_aere_perennius	Other	O_Tite_tute_Tati_tibi_tanta_tyranne_tulisti
NonDICOMpathologyImages	CDS-IMAGE-688746	CDS-NonDICOMpathologyImages-118750	Shave biopsy	Not applicable	Not recorded	None	IHC	Obedientia_civium_urbis_felicitas	nanos_gigantum_humeris_insidentes	Water	id_quod_plerumque_accidit
NonDICOMpathologyImages	CDS-IMAGE-188049	CDS-NonDICOMpathologyImages-389547	Not applicable	Tumor post-adjuvant therapy     	Acetone	RPMI+Serum	MxIF	imperium_in_imperio	Gallia_est_omnis_divisa_in_partes_tres	Other	Obedientia_civium_urbis_felicitas
NonDICOMpathologyImages	CDS-IMAGE-839518	CDS-NonDICOMpathologyImages-331925	Not reported	Not reported	PAXgene Tissue	None	MIBI	id_quod_plerumque_accidit	Macte_animo_Generose_puer_sic_itur_ad_astra	Water	scientia_et_sapientia
NonDICOMpathologyImages	CDS-IMAGE-533757	CDS-NonDICOMpathologyImages-827293	Not specified	Unknown	Saline	DMEM+Serum	Not Applicable	scientiae_cedit_mare	a_bene_placito	Glycerol	O_Tite_tute_Tati_tibi_tanta_tyranne_tulisti
NonDICOMpathologyImages	CDS-IMAGE-690819	CDS-NonDICOMpathologyImages-850158	Shave biopsy	Premalignant	Not recorded	None	GeoMX-DSP	saltus_in_demonstrando	scientia_et_labor	Glycerol	saltus_in_demonstrando
NonDICOMpathologyImages	CDS-IMAGE-681924	CDS-NonDICOMpathologyImages-879492	Not applicable	Xenograft	Formalin	DMEM+Serum	IMC	cacatum_non_est_pictum	scientia_imperii_decus_et_tutamen	Glycerol	cacatum_non_est_pictum
NonDICOMpathologyImages	CDS-IMAGE-239805	CDS-NonDICOMpathologyImages-114716	Sentinel node biopsy	Local recurrence	Formalin	DMEM	IMC	Macte_animo_Generose_puer_sic_itur_ad_astra	labor_ipse_voluptas	Other	saltus_in_demonstrando
NonDICOMpathologyImages	CDS-IMAGE-888351	CDS-NonDICOMpathologyImages-186793	Other	Normal distant	Dimethylacetamide	PBS+Serum	IHC	nanos_gigantum_humeris_insidentes	haec_olim_meminisse_iuvabit	Oil	id_quod_plerumque_accidit
NonDICOMpathologyImages	CDS-IMAGE-164644	CDS-NonDICOMpathologyImages-342212	Incisional Biopsy	Xenograft	Saline	PBS+Serum	MxIF	haec_olim_meminisse_iuvabit	imperium_in_imperio	Multi	a_bene_placito
NonDICOMpathologyImages	CDS-IMAGE-989395	CDS-NonDICOMpathologyImages-472532	Fine needle aspirate	Tissue	TCL Lysis Buffer	PBS+Serum	Not Applicable	scientiae_et_patriae	cacatum_non_est_pictum	Air	nascentes_morimur_finisque_ab_origine_pendet
