type	image.study_link_id	NonDICOMpathologyImages_id	acquisition_method_type	tumor_tissue_type	tissue_fixative	embedding_medium	staining_method	objective	nominal_magnification	immersion	lens_numerical_aperture	crdc_id
NonDICOMpathologyImages	GC-IMAGE-715541	GC-NonDICOMpathologyImages-569176	Biopsy	Tumor specimen from de novo untreated malignancy of the bladder	Other	None	ExSeq	sapiens_qui_prospicit	nascentes_morimur_finisque_ab_origine_pendet	Air	labor_ipse_voluptas	damnant_quod_non_intellegunt
NonDICOMpathologyImages	GC-IMAGE-666518	GC-NonDICOMpathologyImages-471223	Lymphadenectomy (regional nodes)	Tumor post-adjuvant therapy	Diimidoester	RPMI+Serum	SABER	faber_est_suae_quisque_fortunae	O_Tite_tute_Tati_tibi_tanta_tyranne_tulisti	Oil	nascentes_morimur_finisque_ab_origine_pendet	scientia_imperii_decus_et_tutamen
NonDICOMpathologyImages	GC-IMAGE-409894	GC-NonDICOMpathologyImages-690317	Autopsy	Metastatic	OCT media	DMEM	MERFISH	Macte_animo_Generose_puer_sic_itur_ad_astra	Gallia_est_omnis_divisa_in_partes_tres	Other	nanos_gigantum_humeris_insidentes	e_causa_ignota
NonDICOMpathologyImages	GC-IMAGE-237542	GC-NonDICOMpathologyImages-353844	Not applicable	Recurrent	Dimethylacetamide	DMEM	SABER	a_bene_placito	nanos_gigantum_humeris_insidentes	Glycerol	Macte_animo_Generose_puer_sic_itur_ad_astra	scientia_et_labor
NonDICOMpathologyImages	GC-IMAGE-820437	GC-NonDICOMpathologyImages-759026	Biopsy	Local recurrence	Alcohol	DMEM+Serum	IMC	O_Tite_tute_Tati_tibi_tanta_tyranne_tulisti	e_causa_ignota	Water	barba_crescit_caput_nescit	nascentes_morimur_finisque_ab_origine_pendet
NonDICOMpathologyImages	GC-IMAGE-616441	GC-NonDICOMpathologyImages-864082	Surgical Resection	Tissue	TCL Lysis Buffer	None	Not Applicable	Obedientia_civium_urbis_felicitas	nanos_gigantum_humeris_insidentes	Multi	Macte_animo_Generose_puer_sic_itur_ad_astra	Gallia_est_omnis_divisa_in_partes_tres
NonDICOMpathologyImages	GC-IMAGE-204998	GC-NonDICOMpathologyImages-689464	Not applicable	NOS	Methacarn	None	t-CyCIF	a_bene_placito	faber_est_suae_quisque_fortunae	Water	haec_olim_meminisse_iuvabit	scientia_et_sapientia
NonDICOMpathologyImages	GC-IMAGE-140528	GC-NonDICOMpathologyImages-290813	Lymphadenectomy (regional nodes)	Normal distant	Alcohol	None	H&E	scientia_imperii_decus_et_tutamen	Macte_animo_Generose_puer_sic_itur_ad_astra	Glycerol	haec_olim_meminisse_iuvabit	Macte_animo_Generose_puer_sic_itur_ad_astra
NonDICOMpathologyImages	GC-IMAGE-738853	GC-NonDICOMpathologyImages-704832	Re-excision	Tumor post-therapy	Dimethylacetamide	DMEM+Serum	CyCIF	cacatum_non_est_pictum	scientia_et_sapientia	Multi	O_Tite_tute_Tati_tibi_tanta_tyranne_tulisti	nanos_gigantum_humeris_insidentes
NonDICOMpathologyImages	GC-IMAGE-676883	GC-NonDICOMpathologyImages-936176	Sentinel node biopsy	Local recurrence	Formalin	None	MxIF	cacatum_non_est_pictum	salus_in_arduis	Air	imperium_in_imperio	Obedientia_civium_urbis_felicitas
NonDICOMpathologyImages	GC-IMAGE-968678	GC-NonDICOMpathologyImages-783641	Shave biopsy	Not applicable	Glutaraldehyde	DMEM+Serum	CODEX	Obedientia_civium_urbis_felicitas	sapiens_qui_prospicit	Water	scientiae_et_patriae	scientia,_aere_perennius
NonDICOMpathologyImages	GC-IMAGE-367953	GC-NonDICOMpathologyImages-702940	Surgical Resection	Local recurrence	Not recorded	DMEM+Serum	MxIF	imperium_in_imperio	imperium_in_imperio	Multi	scientia_et_sapientia	Gallia_est_omnis_divisa_in_partes_tres
NonDICOMpathologyImages	GC-IMAGE-387067	GC-NonDICOMpathologyImages-229448	Forceps Biopsy	Not reported	Carnoy's Solution	DMEM	Not Applicable	barba_crescit_caput_nescit	scientiae_et_patriae	Oil	saltus_in_demonstrando	nanos_gigantum_humeris_insidentes
NonDICOMpathologyImages	GC-IMAGE-932467	GC-NonDICOMpathologyImages-488094	Punch biopsy	Xenograft	Poloxamer	DMEM	t-CyCIF	barba_crescit_caput_nescit	nanos_gigantum_humeris_insidentes	Oil	Obedientia_civium_urbis_felicitas	scientiae_et_patriae
NonDICOMpathologyImages	GC-IMAGE-240899	GC-NonDICOMpathologyImages-628142	Pancreaticoduodenectomy	Not applicable	Acetone	RPMI+Serum	GeoMX-DSP	e_causa_ignota	saltus_in_demonstrando	Other	labor_ipse_voluptas	cacatum_non_est_pictum
NonDICOMpathologyImages	GC-IMAGE-752203	GC-NonDICOMpathologyImages-935277	Surgical Resection	Tumor post-therapy	Saline	None	t-CyCIF	id_quod_plerumque_accidit	labor_ipse_voluptas	Other	salus_in_arduis	faber_est_suae_quisque_fortunae
NonDICOMpathologyImages	GC-IMAGE-680344	GC-NonDICOMpathologyImages-194253	Other	Premalignant	TCL Lysis Buffer	RPMI+Serum	mIHC	haec_olim_meminisse_iuvabit	Gallia_est_omnis_divisa_in_partes_tres	Oil	Obedientia_civium_urbis_felicitas	scientia_imperii_decus_et_tutamen
NonDICOMpathologyImages	GC-IMAGE-641660	GC-NonDICOMpathologyImages-896176	Not specified	NOS	Other	PBS+Serum	MIBI	damnant_quod_non_intellegunt	pace_tua	Glycerol	saltus_in_demonstrando	scientia_et_sapientia
NonDICOMpathologyImages	GC-IMAGE-558324	GC-NonDICOMpathologyImages-851510	Unknown	NOS	OCT media	PBS+Serum	t-CyCIF	e_causa_ignota	scientia_et_sapientia	Glycerol	Obedientia_civium_urbis_felicitas	labor_ipse_voluptas
NonDICOMpathologyImages	GC-IMAGE-306003	GC-NonDICOMpathologyImages-217481	Excisional Biopsy	NOS	Alcohol	RPMI+Serum	IMC	Gallia_est_omnis_divisa_in_partes_tres	id_quod_plerumque_accidit	Water	barba_crescit_caput_nescit	scientia_imperii_decus_et_tutamen
NonDICOMpathologyImages	GC-IMAGE-987848	GC-NonDICOMpathologyImages-555725	Other	Recurrent	PAXgene Tissue	RPMI+Serum	ExSeq	e_causa_ignota	scientiae_cedit_mare	Other	Obedientia_civium_urbis_felicitas	e_causa_ignota
NonDICOMpathologyImages	GC-IMAGE-280829	GC-NonDICOMpathologyImages-588659	Forceps Biopsy	Metastatic	Dimethylacetamide	RPMI+Serum	IMC	e_causa_ignota	scientia_imperii_decus_et_tutamen	Water	scientia_et_sapientia	scientia_et_labor
NonDICOMpathologyImages	GC-IMAGE-521537	GC-NonDICOMpathologyImages-662450	Core needle biopsy	Local recurrence	NP40 Lysis Buffer	PBS+Serum	CyCIF	damnant_quod_non_intellegunt	cacatum_non_est_pictum	Other	nanos_gigantum_humeris_insidentes	cacatum_non_est_pictum
NonDICOMpathologyImages	GC-IMAGE-931056	GC-NonDICOMpathologyImages-993367	Lymphadenectomy (regional nodes)	Not reported	Para-benzoquinone	DMEM	SABER	nanos_gigantum_humeris_insidentes	scientiae_et_patriae	Air	scientiae_et_patriae	nascentes_morimur_finisque_ab_origine_pendet
NonDICOMpathologyImages	GC-IMAGE-371111	GC-NonDICOMpathologyImages-891768	Not applicable	Xenograft	Acetone	RPMI+Serum	SABER	scientiae_cedit_mare	a_bene_placito	Glycerol	pace_tua	Obedientia_civium_urbis_felicitas
NonDICOMpathologyImages	GC-IMAGE-355412	GC-NonDICOMpathologyImages-568305	Autopsy	Xenograft	Alcohol	DMEM	CODEX	id_quod_plerumque_accidit	scientia_et_sapientia	Oil	id_quod_plerumque_accidit	nascentes_morimur_finisque_ab_origine_pendet
NonDICOMpathologyImages	GC-IMAGE-753897	GC-NonDICOMpathologyImages-292117	Incisional Biopsy	Tumor specimen from de novo untreated malignancy of the bladder	OCT media	DMEM+Serum	CODEX	scientia_et_labor	saltus_in_demonstrando	Air	cacatum_non_est_pictum	damnant_quod_non_intellegunt
NonDICOMpathologyImages	GC-IMAGE-207422	GC-NonDICOMpathologyImages-790067	Not applicable	Recurrent	Carbodiimide	PBS+Serum	IHC	id_quod_plerumque_accidit	scientia_et_labor	Multi	cacatum_non_est_pictum	scientia_et_labor
NonDICOMpathologyImages	GC-IMAGE-537948	GC-NonDICOMpathologyImages-987750	Surgical Resection	Tumor post-adjuvant therapy	NP40 Lysis Buffer	RPMI+Serum	Not Applicable	scientia_et_labor	scientia_imperii_decus_et_tutamen	Air	scientiae_cedit_mare	id_quod_plerumque_accidit
NonDICOMpathologyImages	GC-IMAGE-955713	GC-NonDICOMpathologyImages-405822	Other	Tumor specimen from de novo untreated malignancy of the bladder	Diimidoester	DMEM+Serum	IHC	pace_tua	nascentes_morimur_finisque_ab_origine_pendet	Glycerol	Macte_animo_Generose_puer_sic_itur_ad_astra	a_bene_placito
NonDICOMpathologyImages	GC-IMAGE-296540	GC-NonDICOMpathologyImages-983040	Forceps Biopsy	Xenograft	Not applicable	RPMI+Serum	H&E	imperium_in_imperio	a_bene_placito	Other	scientia_imperii_decus_et_tutamen	scientiae_et_patriae
NonDICOMpathologyImages	GC-IMAGE-754304	GC-NonDICOMpathologyImages-398275	Excisional Biopsy	Not reported	Formalin	DMEM+Serum	MIBI	damnant_quod_non_intellegunt	labor_ipse_voluptas	Multi	labor_ipse_voluptas	saltus_in_demonstrando
NonDICOMpathologyImages	GC-IMAGE-507203	GC-NonDICOMpathologyImages-551453	Biopsy	Additional Primary	Dimethylacetamide	None	t-CyCIF	scientia,_aere_perennius	salus_in_arduis	Air	haec_olim_meminisse_iuvabit	nascentes_morimur_finisque_ab_origine_pendet
NonDICOMpathologyImages	GC-IMAGE-211147	GC-NonDICOMpathologyImages-798794	Surgical Resection	Normal adjacent	Saline	DMEM	SABER	imperium_in_imperio	Obedientia_civium_urbis_felicitas	Water	nascentes_morimur_finisque_ab_origine_pendet	nanos_gigantum_humeris_insidentes
NonDICOMpathologyImages	GC-IMAGE-682715	GC-NonDICOMpathologyImages-843869	Biopsy	Tumor specimen from de novo untreated malignancy of the bladder	Carnoy's Solution	DMEM+Serum	IHC	nanos_gigantum_humeris_insidentes	scientia_imperii_decus_et_tutamen	Multi	imperium_in_imperio	barba_crescit_caput_nescit
NonDICOMpathologyImages	GC-IMAGE-474042	GC-NonDICOMpathologyImages-623286	Unknown	Additional Primary	CryoStor	PBS+Serum	MxIF	id_quod_plerumque_accidit	scientia,_aere_perennius	Multi	scientiae_et_patriae	Macte_animo_Generose_puer_sic_itur_ad_astra
NonDICOMpathologyImages	GC-IMAGE-857001	GC-NonDICOMpathologyImages-187481	Biopsy	Premalignant	None	None	IMC	a_bene_placito	Obedientia_civium_urbis_felicitas	Multi	sapiens_qui_prospicit	cacatum_non_est_pictum
NonDICOMpathologyImages	GC-IMAGE-238937	GC-NonDICOMpathologyImages-529374	Autopsy	Metastatic	Saline	DMEM+Serum	MxIF	imperium_in_imperio	a_bene_placito	Oil	nanos_gigantum_humeris_insidentes	scientia_imperii_decus_et_tutamen
NonDICOMpathologyImages	GC-IMAGE-592325	GC-NonDICOMpathologyImages-429285	Surgical Resection	Normal distant	Diimidoester	DMEM	CODEX	a_bene_placito	cacatum_non_est_pictum	Air	nascentes_morimur_finisque_ab_origine_pendet	saltus_in_demonstrando
NonDICOMpathologyImages	GC-IMAGE-999982	GC-NonDICOMpathologyImages-221339	Punch biopsy	Premalignant	CryoStor	DMEM	GeoMX-DSP	Macte_animo_Generose_puer_sic_itur_ad_astra	scientiae_et_patriae	Multi	barba_crescit_caput_nescit	scientiae_et_patriae
NonDICOMpathologyImages	GC-IMAGE-907787	GC-NonDICOMpathologyImages-473627	Not reported	Premalignant	Para-benzoquinone	DMEM+Serum	t-CyCIF	cacatum_non_est_pictum	haec_olim_meminisse_iuvabit	Multi	scientia_et_labor	sapiens_qui_prospicit
NonDICOMpathologyImages	GC-IMAGE-667282	GC-NonDICOMpathologyImages-713341	Unknown	Normal distant	Diimidoester	DMEM+Serum	CyCIF	scientiae_cedit_mare	scientia_et_sapientia	Oil	labor_ipse_voluptas	imperium_in_imperio
NonDICOMpathologyImages	GC-IMAGE-414044	GC-NonDICOMpathologyImages-476850	Punch biopsy	Atypia or hyperplasia	Diimidoester	None	H&E	nascentes_morimur_finisque_ab_origine_pendet	faber_est_suae_quisque_fortunae	Other	nanos_gigantum_humeris_insidentes	Macte_animo_Generose_puer_sic_itur_ad_astra
NonDICOMpathologyImages	GC-IMAGE-338685	GC-NonDICOMpathologyImages-102250	Pancreaticoduodenectomy	Tumor specimen from de novo untreated malignancy of the bladder	Methacarn	DMEM	t-CyCIF	Obedientia_civium_urbis_felicitas	faber_est_suae_quisque_fortunae	Glycerol	saltus_in_demonstrando	cacatum_non_est_pictum
NonDICOMpathologyImages	GC-IMAGE-145983	GC-NonDICOMpathologyImages-935275	Forceps Biopsy	Additional Primary	Other	DMEM	ExSeq	barba_crescit_caput_nescit	Obedientia_civium_urbis_felicitas	Other	O_Tite_tute_Tati_tibi_tanta_tyranne_tulisti	a_bene_placito
NonDICOMpathologyImages	GC-IMAGE-758110	GC-NonDICOMpathologyImages-717539	Sentinel node biopsy	Xenograft	Carnoy's Solution	DMEM+Serum	SABER	sapiens_qui_prospicit	O_Tite_tute_Tati_tibi_tanta_tyranne_tulisti	Multi	saltus_in_demonstrando	sapiens_qui_prospicit
NonDICOMpathologyImages	GC-IMAGE-379861	GC-NonDICOMpathologyImages-978733	Sentinel node biopsy	Metastatic	Diimidoester	DMEM+Serum	MxIF	damnant_quod_non_intellegunt	nascentes_morimur_finisque_ab_origine_pendet	Other	haec_olim_meminisse_iuvabit	saltus_in_demonstrando
NonDICOMpathologyImages	GC-IMAGE-184586	GC-NonDICOMpathologyImages-132419	Forceps Biopsy	Not applicable	Not applicable	PBS+Serum	Not Applicable	labor_ipse_voluptas	scientia_et_sapientia	Other	cacatum_non_est_pictum	scientia_imperii_decus_et_tutamen
NonDICOMpathologyImages	GC-IMAGE-628355	GC-NonDICOMpathologyImages-726491	Not applicable	Not applicable	Methacarn	None	Not Applicable	haec_olim_meminisse_iuvabit	sapiens_qui_prospicit	Air	O_Tite_tute_Tati_tibi_tanta_tyranne_tulisti	faber_est_suae_quisque_fortunae
NonDICOMpathologyImages	GC-IMAGE-878559	GC-NonDICOMpathologyImages-118055	Punch biopsy	Premalignant - in situ	Glutaraldehyde	RPMI+Serum	t-CyCIF	scientia,_aere_perennius	Macte_animo_Generose_puer_sic_itur_ad_astra	Multi	faber_est_suae_quisque_fortunae	damnant_quod_non_intellegunt
NonDICOMpathologyImages	GC-IMAGE-877291	GC-NonDICOMpathologyImages-705989	Not reported	Normal adjacent	NP40 Lysis Buffer	RPMI+Serum	ExSeq	scientia_et_labor	a_bene_placito	Glycerol	nascentes_morimur_finisque_ab_origine_pendet	a_bene_placito
NonDICOMpathologyImages	GC-IMAGE-524006	GC-NonDICOMpathologyImages-366614	Not reported	Tumor specimen from de novo untreated malignancy of the bladder	RNAlater	PBS+Serum	GeoMX-DSP	nanos_gigantum_humeris_insidentes	scientia,_aere_perennius	Multi	damnant_quod_non_intellegunt	scientiae_et_patriae
NonDICOMpathologyImages	GC-IMAGE-150262	GC-NonDICOMpathologyImages-416470	Pancreaticoduodenectomy	Tumor specimen from de novo untreated malignancy of the bladder	Not applicable	RPMI+Serum	MERFISH	cacatum_non_est_pictum	scientiae_et_patriae	Water	O_Tite_tute_Tati_tibi_tanta_tyranne_tulisti	nanos_gigantum_humeris_insidentes
NonDICOMpathologyImages	GC-IMAGE-125933	GC-NonDICOMpathologyImages-513294	Incisional Biopsy	Not applicable	Carbodiimide	DMEM+Serum	MxIF	salus_in_arduis	scientiae_cedit_mare	Water	scientiae_cedit_mare	pace_tua
NonDICOMpathologyImages	GC-IMAGE-836709	GC-NonDICOMpathologyImages-562546	Not specified	Local recurrence	PAXgene Tissue	DMEM	H&E	labor_ipse_voluptas	salus_in_arduis	Glycerol	saltus_in_demonstrando	nanos_gigantum_humeris_insidentes
NonDICOMpathologyImages	GC-IMAGE-791304	GC-NonDICOMpathologyImages-332697	Not applicable	NOS	Formalin	DMEM+Serum	GeoMX-DSP	nanos_gigantum_humeris_insidentes	saltus_in_demonstrando	Multi	cacatum_non_est_pictum	barba_crescit_caput_nescit
NonDICOMpathologyImages	GC-IMAGE-231619	GC-NonDICOMpathologyImages-777632	Forceps Biopsy	Metastatic	Dimethylacetamide	PBS+Serum	MIBI	salus_in_arduis	scientiae_et_patriae	Oil	barba_crescit_caput_nescit	nascentes_morimur_finisque_ab_origine_pendet
NonDICOMpathologyImages	GC-IMAGE-790438	GC-NonDICOMpathologyImages-273342	Surgical Resection	Atypia or hyperplasia	CryoStor	DMEM	MERFISH	cacatum_non_est_pictum	nanos_gigantum_humeris_insidentes	Water	id_quod_plerumque_accidit	nanos_gigantum_humeris_insidentes
NonDICOMpathologyImages	GC-IMAGE-488971	GC-NonDICOMpathologyImages-279569	Fine needle aspirate	Normal distant	None	None	MxIF	nanos_gigantum_humeris_insidentes	saltus_in_demonstrando	Glycerol	imperium_in_imperio	imperium_in_imperio
NonDICOMpathologyImages	GC-IMAGE-387448	GC-NonDICOMpathologyImages-168769	Surgical Resection	NOS	RNAlater	PBS+Serum	Not Applicable	damnant_quod_non_intellegunt	labor_ipse_voluptas	Multi	sapiens_qui_prospicit	scientiae_et_patriae
NonDICOMpathologyImages	GC-IMAGE-269992	GC-NonDICOMpathologyImages-353215	Punch biopsy	Local recurrence	Not recorded	PBS+Serum	IHC	Gallia_est_omnis_divisa_in_partes_tres	nascentes_morimur_finisque_ab_origine_pendet	Other	scientiae_et_patriae	labor_ipse_voluptas
NonDICOMpathologyImages	GC-IMAGE-155232	GC-NonDICOMpathologyImages-824545	Lymphadenectomy (regional nodes)	Local recurrence	TCL Lysis Buffer	None	IHC	haec_olim_meminisse_iuvabit	scientiae_et_patriae	Glycerol	Gallia_est_omnis_divisa_in_partes_tres	e_causa_ignota
NonDICOMpathologyImages	GC-IMAGE-160311	GC-NonDICOMpathologyImages-541517	Autopsy	Primary	Acetone	RPMI+Serum	t-CyCIF	pace_tua	scientia_et_labor	Oil	cacatum_non_est_pictum	sapiens_qui_prospicit
NonDICOMpathologyImages	GC-IMAGE-194130	GC-NonDICOMpathologyImages-700214	Autopsy	NOS	Para-benzoquinone	DMEM	IMC	damnant_quod_non_intellegunt	imperium_in_imperio	Air	barba_crescit_caput_nescit	O_Tite_tute_Tati_tibi_tanta_tyranne_tulisti
NonDICOMpathologyImages	GC-IMAGE-283567	GC-NonDICOMpathologyImages-918239	Core needle biopsy	NOS	RNAlater	DMEM	SABER	imperium_in_imperio	cacatum_non_est_pictum	Other	O_Tite_tute_Tati_tibi_tanta_tyranne_tulisti	scientia_et_sapientia
NonDICOMpathologyImages	GC-IMAGE-939893	GC-NonDICOMpathologyImages-883504	Forceps Biopsy	Primary	Formalin	DMEM	Not Applicable	faber_est_suae_quisque_fortunae	salus_in_arduis	Other	damnant_quod_non_intellegunt	Obedientia_civium_urbis_felicitas
NonDICOMpathologyImages	GC-IMAGE-774321	GC-NonDICOMpathologyImages-743399	Re-excision	NOS	None	DMEM+Serum	CODEX	e_causa_ignota	O_Tite_tute_Tati_tibi_tanta_tyranne_tulisti	Water	nascentes_morimur_finisque_ab_origine_pendet	scientiae_cedit_mare
NonDICOMpathologyImages	GC-IMAGE-963552	GC-NonDICOMpathologyImages-250025	Lymphadenectomy (regional nodes)	NOS	None	RPMI+Serum	MxIF	e_causa_ignota	labor_ipse_voluptas	Glycerol	pace_tua	barba_crescit_caput_nescit
NonDICOMpathologyImages	GC-IMAGE-856592	GC-NonDICOMpathologyImages-935422	Sentinel node biopsy	Tumor post-therapy	Diimidoester	PBS+Serum	IMC	a_bene_placito	faber_est_suae_quisque_fortunae	Other	scientiae_cedit_mare	pace_tua
NonDICOMpathologyImages	GC-IMAGE-495802	GC-NonDICOMpathologyImages-558990	Lymphadenectomy (regional nodes)	Recurrent	Para-benzoquinone	DMEM+Serum	IMC	pace_tua	Macte_animo_Generose_puer_sic_itur_ad_astra	Multi	Gallia_est_omnis_divisa_in_partes_tres	scientia_imperii_decus_et_tutamen
NonDICOMpathologyImages	GC-IMAGE-732352	GC-NonDICOMpathologyImages-355013	Other	Not applicable	Not recorded	PBS+Serum	t-CyCIF	haec_olim_meminisse_iuvabit	nanos_gigantum_humeris_insidentes	Other	Macte_animo_Generose_puer_sic_itur_ad_astra	sapiens_qui_prospicit
NonDICOMpathologyImages	GC-IMAGE-806907	GC-NonDICOMpathologyImages-717004	Blood draw	Tumor post-therapy	Para-benzoquinone	PBS+Serum	IMC	Obedientia_civium_urbis_felicitas	id_quod_plerumque_accidit	Glycerol	imperium_in_imperio	scientia_et_sapientia
NonDICOMpathologyImages	GC-IMAGE-682093	GC-NonDICOMpathologyImages-500985	Fine needle aspirate	Unknown	Glutaraldehyde	DMEM	MIBI	id_quod_plerumque_accidit	sapiens_qui_prospicit	Oil	scientia_et_labor	nascentes_morimur_finisque_ab_origine_pendet
NonDICOMpathologyImages	GC-IMAGE-101927	GC-NonDICOMpathologyImages-379161	Lymphadenectomy (regional nodes)	Not applicable	95% Ethanol	DMEM	mIHC	labor_ipse_voluptas	damnant_quod_non_intellegunt	Air	scientia_et_sapientia	id_quod_plerumque_accidit
NonDICOMpathologyImages	GC-IMAGE-656990	GC-NonDICOMpathologyImages-445474	Surgical Resection	Unknown	Alcohol	DMEM	CyCIF	scientiae_et_patriae	imperium_in_imperio	Air	e_causa_ignota	cacatum_non_est_pictum
NonDICOMpathologyImages	GC-IMAGE-216621	GC-NonDICOMpathologyImages-201645	Not applicable	Normal adjacent	PAXgene Tissue	DMEM+Serum	MERFISH	salus_in_arduis	salus_in_arduis	Multi	O_Tite_tute_Tati_tibi_tanta_tyranne_tulisti	barba_crescit_caput_nescit
NonDICOMpathologyImages	GC-IMAGE-955347	GC-NonDICOMpathologyImages-343467	Shave biopsy	Normal distant	Not applicable	PBS+Serum	GeoMX-DSP	scientia_imperii_decus_et_tutamen	scientia_imperii_decus_et_tutamen	Glycerol	scientia_imperii_decus_et_tutamen	scientia_et_sapientia
NonDICOMpathologyImages	GC-IMAGE-885492	GC-NonDICOMpathologyImages-649387	Autopsy	Tumor specimen from de novo untreated malignancy of the bladder	PAXgene Tissue	PBS+Serum	ExSeq	nanos_gigantum_humeris_insidentes	damnant_quod_non_intellegunt	Oil	labor_ipse_voluptas	scientia,_aere_perennius
NonDICOMpathologyImages	GC-IMAGE-607295	GC-NonDICOMpathologyImages-630546	Surgical Resection	Additional Primary	CryoStor	RPMI+Serum	SABER	Gallia_est_omnis_divisa_in_partes_tres	scientia,_aere_perennius	Multi	cacatum_non_est_pictum	nanos_gigantum_humeris_insidentes
NonDICOMpathologyImages	GC-IMAGE-959786	GC-NonDICOMpathologyImages-671724	Unknown	NOS	Not recorded	RPMI+Serum	ExSeq	haec_olim_meminisse_iuvabit	salus_in_arduis	Multi	a_bene_placito	saltus_in_demonstrando
NonDICOMpathologyImages	GC-IMAGE-313270	GC-NonDICOMpathologyImages-352338	Biopsy	Additional Primary	OCT media	RPMI+Serum	IHC	damnant_quod_non_intellegunt	pace_tua	Multi	nascentes_morimur_finisque_ab_origine_pendet	haec_olim_meminisse_iuvabit
NonDICOMpathologyImages	GC-IMAGE-303437	GC-NonDICOMpathologyImages-695511	Biopsy	Local recurrence	PAXgene Tissue	DMEM+Serum	IMC	barba_crescit_caput_nescit	a_bene_placito	Multi	a_bene_placito	Gallia_est_omnis_divisa_in_partes_tres
NonDICOMpathologyImages	GC-IMAGE-448173	GC-NonDICOMpathologyImages-314381	Not specified	Normal	Other	RPMI+Serum	MERFISH	haec_olim_meminisse_iuvabit	imperium_in_imperio	Glycerol	saltus_in_demonstrando	Macte_animo_Generose_puer_sic_itur_ad_astra
NonDICOMpathologyImages	GC-IMAGE-307534	GC-NonDICOMpathologyImages-245746	Other	Not reported	Carnoy's Solution	None	Not Applicable	sapiens_qui_prospicit	Obedientia_civium_urbis_felicitas	Other	faber_est_suae_quisque_fortunae	sapiens_qui_prospicit
NonDICOMpathologyImages	GC-IMAGE-953803	GC-NonDICOMpathologyImages-222784	Unknown	Premalignant	Carnoy's Solution	PBS+Serum	H&E	scientia,_aere_perennius	Gallia_est_omnis_divisa_in_partes_tres	Water	scientiae_cedit_mare	faber_est_suae_quisque_fortunae
NonDICOMpathologyImages	GC-IMAGE-290655	GC-NonDICOMpathologyImages-371374	Autopsy	Metastatic	Alcohol	DMEM+Serum	ExSeq	saltus_in_demonstrando	faber_est_suae_quisque_fortunae	Glycerol	Obedientia_civium_urbis_felicitas	damnant_quod_non_intellegunt
NonDICOMpathologyImages	GC-IMAGE-812088	GC-NonDICOMpathologyImages-432403	Autopsy	Not applicable	Para-benzoquinone	DMEM+Serum	ExSeq	a_bene_placito	barba_crescit_caput_nescit	Oil	e_causa_ignota	Obedientia_civium_urbis_felicitas
NonDICOMpathologyImages	GC-IMAGE-675731	GC-NonDICOMpathologyImages-362052	Not applicable	Tissue	TCL Lysis Buffer	RPMI+Serum	CODEX	cacatum_non_est_pictum	e_causa_ignota	Multi	O_Tite_tute_Tati_tibi_tanta_tyranne_tulisti	imperium_in_imperio
NonDICOMpathologyImages	GC-IMAGE-761519	GC-NonDICOMpathologyImages-125886	Incisional Biopsy	Local recurrence	PAXgene Tissue	DMEM	mIHC	scientia_et_labor	scientia_et_sapientia	Other	scientiae_et_patriae	pace_tua
NonDICOMpathologyImages	GC-IMAGE-421920	GC-NonDICOMpathologyImages-810938	Blood draw	Normal	OCT media	PBS+Serum	H&E	nanos_gigantum_humeris_insidentes	e_causa_ignota	Multi	scientiae_cedit_mare	nanos_gigantum_humeris_insidentes
NonDICOMpathologyImages	GC-IMAGE-832354	GC-NonDICOMpathologyImages-884945	Re-excision	Local recurrence	None	None	IHC	scientiae_et_patriae	sapiens_qui_prospicit	Multi	barba_crescit_caput_nescit	scientiae_cedit_mare
NonDICOMpathologyImages	GC-IMAGE-591054	GC-NonDICOMpathologyImages-361665	Other	Tumor post-adjuvant therapy	Saline	None	mIHC	Macte_animo_Generose_puer_sic_itur_ad_astra	saltus_in_demonstrando	Multi	scientia_imperii_decus_et_tutamen	imperium_in_imperio
NonDICOMpathologyImages	GC-IMAGE-377076	GC-NonDICOMpathologyImages-684668	Excisional Biopsy	Tumor specimen from de novo untreated malignancy of the bladder	Dimethylacetamide	None	Not Applicable	haec_olim_meminisse_iuvabit	id_quod_plerumque_accidit	Water	scientia_et_sapientia	barba_crescit_caput_nescit
NonDICOMpathologyImages	GC-IMAGE-689110	GC-NonDICOMpathologyImages-539820	Unknown	Metastatic	95% Ethanol	RPMI+Serum	Not Applicable	saltus_in_demonstrando	pace_tua	Multi	scientiae_et_patriae	Obedientia_civium_urbis_felicitas
NonDICOMpathologyImages	GC-IMAGE-200697	GC-NonDICOMpathologyImages-756069	Unknown	Xenograft	Diimidoester	DMEM+Serum	mIHC	salus_in_arduis	barba_crescit_caput_nescit	Water	scientiae_et_patriae	damnant_quod_non_intellegunt
NonDICOMpathologyImages	GC-IMAGE-444720	GC-NonDICOMpathologyImages-898545	Lymphadenectomy (regional nodes)	Tissue	Alcohol	None	IHC	faber_est_suae_quisque_fortunae	damnant_quod_non_intellegunt	Oil	scientiae_cedit_mare	scientia,_aere_perennius
NonDICOMpathologyImages	GC-IMAGE-893042	GC-NonDICOMpathologyImages-804591	Punch biopsy	Unknown	Unknown	DMEM	H&E	scientia_et_labor	Obedientia_civium_urbis_felicitas	Other	Obedientia_civium_urbis_felicitas	pace_tua
NonDICOMpathologyImages	GC-IMAGE-312849	GC-NonDICOMpathologyImages-571661	Incisional Biopsy	Normal distant	Formalin	RPMI+Serum	H&E	scientiae_cedit_mare	Obedientia_civium_urbis_felicitas	Oil	cacatum_non_est_pictum	nanos_gigantum_humeris_insidentes
NonDICOMpathologyImages	GC-IMAGE-274503	GC-NonDICOMpathologyImages-753742	Shave biopsy	Atypia or hyperplasia	Carbodiimide	PBS+Serum	ExSeq	Macte_animo_Generose_puer_sic_itur_ad_astra	O_Tite_tute_Tati_tibi_tanta_tyranne_tulisti	Water	nascentes_morimur_finisque_ab_origine_pendet	faber_est_suae_quisque_fortunae
NonDICOMpathologyImages	GC-IMAGE-281156	GC-NonDICOMpathologyImages-402778	Fine needle aspirate	Premalignant	Dimethylacetamide	None	MERFISH	saltus_in_demonstrando	a_bene_placito	Oil	nascentes_morimur_finisque_ab_origine_pendet	faber_est_suae_quisque_fortunae
NonDICOMpathologyImages	GC-IMAGE-411056	GC-NonDICOMpathologyImages-188661	Fine needle aspirate	Local recurrence	Para-benzoquinone	DMEM	MERFISH	barba_crescit_caput_nescit	a_bene_placito	Glycerol	salus_in_arduis	scientia,_aere_perennius
NonDICOMpathologyImages	GC-IMAGE-212995	GC-NonDICOMpathologyImages-838647	Biopsy	Atypia or hyperplasia	Methacarn	DMEM+Serum	t-CyCIF	labor_ipse_voluptas	Macte_animo_Generose_puer_sic_itur_ad_astra	Water	O_Tite_tute_Tati_tibi_tanta_tyranne_tulisti	imperium_in_imperio
NonDICOMpathologyImages	GC-IMAGE-461122	GC-NonDICOMpathologyImages-571338	Core needle biopsy	Normal	TCL Lysis Buffer	PBS+Serum	GeoMX-DSP	scientiae_et_patriae	haec_olim_meminisse_iuvabit	Glycerol	nanos_gigantum_humeris_insidentes	sapiens_qui_prospicit
NonDICOMpathologyImages	GC-IMAGE-737436	GC-NonDICOMpathologyImages-543170	Autopsy	Unknown	Diimidoester	RPMI+Serum	H&E	saltus_in_demonstrando	O_Tite_tute_Tati_tibi_tanta_tyranne_tulisti	Other	Gallia_est_omnis_divisa_in_partes_tres	salus_in_arduis
NonDICOMpathologyImages	GC-IMAGE-357367	GC-NonDICOMpathologyImages-344719	Punch biopsy	Normal adjacent	Carnoy's Solution	DMEM	MERFISH	pace_tua	Obedientia_civium_urbis_felicitas	Other	id_quod_plerumque_accidit	salus_in_arduis
NonDICOMpathologyImages	GC-IMAGE-333829	GC-NonDICOMpathologyImages-190191	Re-excision	Premalignant	Formalin	DMEM	H&E	faber_est_suae_quisque_fortunae	e_causa_ignota	Oil	barba_crescit_caput_nescit	cacatum_non_est_pictum
NonDICOMpathologyImages	GC-IMAGE-340439	GC-NonDICOMpathologyImages-435271	Unknown	Xenograft	Dimethylacetamide	RPMI+Serum	GeoMX-DSP	cacatum_non_est_pictum	Obedientia_civium_urbis_felicitas	Water	salus_in_arduis	scientia_et_labor
NonDICOMpathologyImages	GC-IMAGE-886769	GC-NonDICOMpathologyImages-303279	Punch biopsy	Unknown	Alcohol	PBS+Serum	MIBI	barba_crescit_caput_nescit	scientia,_aere_perennius	Oil	haec_olim_meminisse_iuvabit	Obedientia_civium_urbis_felicitas
NonDICOMpathologyImages	GC-IMAGE-804138	GC-NonDICOMpathologyImages-633990	Incisional Biopsy	Primary	TCL Lysis Buffer	RPMI+Serum	MERFISH	imperium_in_imperio	scientiae_cedit_mare	Air	saltus_in_demonstrando	a_bene_placito
NonDICOMpathologyImages	GC-IMAGE-572740	GC-NonDICOMpathologyImages-718662	Core needle biopsy	Metastatic	Acetone	DMEM+Serum	IHC	scientia_et_labor	scientia_et_sapientia	Glycerol	labor_ipse_voluptas	Macte_animo_Generose_puer_sic_itur_ad_astra
NonDICOMpathologyImages	GC-IMAGE-727598	GC-NonDICOMpathologyImages-967205	Fine needle aspirate	Not applicable	Unknown	RPMI+Serum	mIHC	saltus_in_demonstrando	saltus_in_demonstrando	Multi	a_bene_placito	saltus_in_demonstrando
NonDICOMpathologyImages	GC-IMAGE-669713	GC-NonDICOMpathologyImages-354009	Not specified	Tumor post-therapy	Not applicable	DMEM	MxIF	imperium_in_imperio	cacatum_non_est_pictum	Glycerol	scientiae_cedit_mare	Gallia_est_omnis_divisa_in_partes_tres
NonDICOMpathologyImages	GC-IMAGE-169642	GC-NonDICOMpathologyImages-267540	Fine needle aspirate	Tumor specimen from de novo untreated malignancy of the bladder	Unknown	DMEM+Serum	IMC	a_bene_placito	nanos_gigantum_humeris_insidentes	Glycerol	scientia,_aere_perennius	cacatum_non_est_pictum
NonDICOMpathologyImages	GC-IMAGE-671832	GC-NonDICOMpathologyImages-895106	Biopsy	Metastatic	Methacarn	PBS+Serum	IHC	imperium_in_imperio	imperium_in_imperio	Multi	scientia_et_sapientia	O_Tite_tute_Tati_tibi_tanta_tyranne_tulisti
NonDICOMpathologyImages	GC-IMAGE-331839	GC-NonDICOMpathologyImages-698913	Not reported	Tissue	Diimidoester	RPMI+Serum	MIBI	cacatum_non_est_pictum	Obedientia_civium_urbis_felicitas	Other	Obedientia_civium_urbis_felicitas	id_quod_plerumque_accidit
NonDICOMpathologyImages	GC-IMAGE-827698	GC-NonDICOMpathologyImages-309080	Core needle biopsy	Metastatic	Para-benzoquinone	DMEM	IMC	sapiens_qui_prospicit	cacatum_non_est_pictum	Multi	scientiae_cedit_mare	haec_olim_meminisse_iuvabit
NonDICOMpathologyImages	GC-IMAGE-680559	GC-NonDICOMpathologyImages-161014	Not reported	Tumor post-therapy	Carbodiimide	PBS+Serum	mIHC	labor_ipse_voluptas	nascentes_morimur_finisque_ab_origine_pendet	Air	scientia,_aere_perennius	damnant_quod_non_intellegunt
NonDICOMpathologyImages	GC-IMAGE-500485	GC-NonDICOMpathologyImages-673198	Not specified	NOS	OCT media	RPMI+Serum	MIBI	faber_est_suae_quisque_fortunae	damnant_quod_non_intellegunt	Air	pace_tua	Gallia_est_omnis_divisa_in_partes_tres
NonDICOMpathologyImages	GC-IMAGE-403333	GC-NonDICOMpathologyImages-946619	Blood draw	Additional Primary	OCT media	DMEM	MIBI	labor_ipse_voluptas	scientia_et_sapientia	Air	scientia_et_sapientia	scientia,_aere_perennius
NonDICOMpathologyImages	GC-IMAGE-754360	GC-NonDICOMpathologyImages-414054	Autopsy	Premalignant	Other	PBS+Serum	IHC	imperium_in_imperio	sapiens_qui_prospicit	Glycerol	cacatum_non_est_pictum	cacatum_non_est_pictum
NonDICOMpathologyImages	GC-IMAGE-736357	GC-NonDICOMpathologyImages-521246	Other	Normal	Methacarn	DMEM	mIHC	scientia_imperii_decus_et_tutamen	cacatum_non_est_pictum	Other	Gallia_est_omnis_divisa_in_partes_tres	scientiae_cedit_mare
NonDICOMpathologyImages	GC-IMAGE-511521	GC-NonDICOMpathologyImages-326173	Fine needle aspirate	Xenograft	OCT media	DMEM+Serum	MIBI	pace_tua	sapiens_qui_prospicit	Multi	e_causa_ignota	id_quod_plerumque_accidit
NonDICOMpathologyImages	GC-IMAGE-319549	GC-NonDICOMpathologyImages-607008	Other	Premalignant	Not recorded	None	t-CyCIF	scientiae_cedit_mare	damnant_quod_non_intellegunt	Water	saltus_in_demonstrando	scientia_et_sapientia
NonDICOMpathologyImages	GC-IMAGE-226792	GC-NonDICOMpathologyImages-133881	Shave biopsy	Tumor post-therapy	RNAlater	DMEM+Serum	MERFISH	scientia_et_labor	e_causa_ignota	Water	saltus_in_demonstrando	scientia_et_sapientia
NonDICOMpathologyImages	GC-IMAGE-324509	GC-NonDICOMpathologyImages-592642	Fine needle aspirate	Not reported	Para-benzoquinone	DMEM+Serum	IMC	nanos_gigantum_humeris_insidentes	a_bene_placito	Other	barba_crescit_caput_nescit	Obedientia_civium_urbis_felicitas
NonDICOMpathologyImages	GC-IMAGE-340518	GC-NonDICOMpathologyImages-602416	Blood draw	Normal	Poloxamer	PBS+Serum	IHC	imperium_in_imperio	Macte_animo_Generose_puer_sic_itur_ad_astra	Water	scientia_et_sapientia	imperium_in_imperio
NonDICOMpathologyImages	GC-IMAGE-801940	GC-NonDICOMpathologyImages-143164	Not applicable	Tumor post-adjuvant therapy	Dimethylacetamide	RPMI+Serum	MIBI	pace_tua	sapiens_qui_prospicit	Water	nanos_gigantum_humeris_insidentes	haec_olim_meminisse_iuvabit
NonDICOMpathologyImages	GC-IMAGE-787606	GC-NonDICOMpathologyImages-277574	Sentinel node biopsy	Not reported	Dimethylacetamide	DMEM	ExSeq	scientia_imperii_decus_et_tutamen	barba_crescit_caput_nescit	Air	salus_in_arduis	a_bene_placito
NonDICOMpathologyImages	GC-IMAGE-431936	GC-NonDICOMpathologyImages-817922	Forceps Biopsy	Normal distant	Acetone	DMEM+Serum	IMC	cacatum_non_est_pictum	salus_in_arduis	Oil	labor_ipse_voluptas	sapiens_qui_prospicit
NonDICOMpathologyImages	GC-IMAGE-650979	GC-NonDICOMpathologyImages-519217	Blood draw	Atypia or hyperplasia	CryoStor	RPMI+Serum	CyCIF	scientia_et_labor	Obedientia_civium_urbis_felicitas	Water	scientiae_cedit_mare	sapiens_qui_prospicit
NonDICOMpathologyImages	GC-IMAGE-560801	GC-NonDICOMpathologyImages-456385	Forceps Biopsy	Atypia or hyperplasia	Not applicable	DMEM	MxIF	O_Tite_tute_Tati_tibi_tanta_tyranne_tulisti	e_causa_ignota	Glycerol	sapiens_qui_prospicit	Obedientia_civium_urbis_felicitas
NonDICOMpathologyImages	GC-IMAGE-571375	GC-NonDICOMpathologyImages-825800	Lymphadenectomy (regional nodes)	Tumor post-adjuvant therapy	Methacarn	None	mIHC	scientiae_et_patriae	scientia_et_labor	Glycerol	scientiae_et_patriae	barba_crescit_caput_nescit
NonDICOMpathologyImages	GC-IMAGE-955678	GC-NonDICOMpathologyImages-205262	Fine needle aspirate	Tumor post-therapy	Carbodiimide	DMEM	SABER	cacatum_non_est_pictum	sapiens_qui_prospicit	Other	nanos_gigantum_humeris_insidentes	Gallia_est_omnis_divisa_in_partes_tres
NonDICOMpathologyImages	GC-IMAGE-675900	GC-NonDICOMpathologyImages-684060	Pancreaticoduodenectomy	Atypia or hyperplasia	Unknown	PBS+Serum	mIHC	Gallia_est_omnis_divisa_in_partes_tres	damnant_quod_non_intellegunt	Air	damnant_quod_non_intellegunt	scientia_et_sapientia
NonDICOMpathologyImages	GC-IMAGE-130123	GC-NonDICOMpathologyImages-808786	Surgical Resection	Tumor specimen from de novo untreated malignancy of the bladder	Not applicable	DMEM	CODEX	e_causa_ignota	nanos_gigantum_humeris_insidentes	Water	salus_in_arduis	scientia_imperii_decus_et_tutamen
NonDICOMpathologyImages	GC-IMAGE-877756	GC-NonDICOMpathologyImages-332756	Surgical Resection	Premalignant	RNAlater	None	MERFISH	scientiae_cedit_mare	scientiae_et_patriae	Multi	e_causa_ignota	scientia_et_labor
NonDICOMpathologyImages	GC-IMAGE-937560	GC-NonDICOMpathologyImages-905532	Autopsy	Normal adjacent	Saline	PBS+Serum	CODEX	scientiae_cedit_mare	e_causa_ignota	Glycerol	Macte_animo_Generose_puer_sic_itur_ad_astra	Macte_animo_Generose_puer_sic_itur_ad_astra
NonDICOMpathologyImages	GC-IMAGE-957010	GC-NonDICOMpathologyImages-342188	Not specified	Local recurrence	95% Ethanol	None	t-CyCIF	cacatum_non_est_pictum	nanos_gigantum_humeris_insidentes	Oil	pace_tua	Obedientia_civium_urbis_felicitas
NonDICOMpathologyImages	GC-IMAGE-896722	GC-NonDICOMpathologyImages-157367	Not reported	Not applicable	95% Ethanol	DMEM+Serum	MERFISH	a_bene_placito	Obedientia_civium_urbis_felicitas	Other	sapiens_qui_prospicit	scientia_et_sapientia
NonDICOMpathologyImages	GC-IMAGE-946312	GC-NonDICOMpathologyImages-801924	Autopsy	Metastatic	Diimidoester	None	Not Applicable	sapiens_qui_prospicit	salus_in_arduis	Multi	barba_crescit_caput_nescit	O_Tite_tute_Tati_tibi_tanta_tyranne_tulisti
NonDICOMpathologyImages	GC-IMAGE-451498	GC-NonDICOMpathologyImages-994172	Not applicable	NOS	Formalin	RPMI+Serum	MERFISH	damnant_quod_non_intellegunt	scientia_et_sapientia	Other	saltus_in_demonstrando	O_Tite_tute_Tati_tibi_tanta_tyranne_tulisti
NonDICOMpathologyImages	GC-IMAGE-582465	GC-NonDICOMpathologyImages-319196	Re-excision	Normal distant	Diimidoester	DMEM	CyCIF	a_bene_placito	scientiae_et_patriae	Glycerol	Macte_animo_Generose_puer_sic_itur_ad_astra	pace_tua
NonDICOMpathologyImages	GC-IMAGE-951107	GC-NonDICOMpathologyImages-293976	Pancreaticoduodenectomy	Tissue	Saline	PBS+Serum	Not Applicable	salus_in_arduis	a_bene_placito	Air	salus_in_arduis	O_Tite_tute_Tati_tibi_tanta_tyranne_tulisti
NonDICOMpathologyImages	GC-IMAGE-648707	GC-NonDICOMpathologyImages-763853	Other	Unknown	Methacarn	RPMI+Serum	MIBI	cacatum_non_est_pictum	scientia_et_labor	Glycerol	imperium_in_imperio	Gallia_est_omnis_divisa_in_partes_tres
NonDICOMpathologyImages	GC-IMAGE-884475	GC-NonDICOMpathologyImages-346666	Blood draw	Recurrent	95% Ethanol	DMEM+Serum	ExSeq	pace_tua	nanos_gigantum_humeris_insidentes	Glycerol	damnant_quod_non_intellegunt	barba_crescit_caput_nescit
NonDICOMpathologyImages	GC-IMAGE-549370	GC-NonDICOMpathologyImages-961067	Not applicable	Tumor post-therapy	Unknown	None	MERFISH	pace_tua	scientia_et_labor	Multi	scientia_et_sapientia	e_causa_ignota
NonDICOMpathologyImages	GC-IMAGE-156787	GC-NonDICOMpathologyImages-374017	Shave biopsy	Local recurrence	Methacarn	PBS+Serum	MIBI	Gallia_est_omnis_divisa_in_partes_tres	barba_crescit_caput_nescit	Glycerol	haec_olim_meminisse_iuvabit	sapiens_qui_prospicit
NonDICOMpathologyImages	GC-IMAGE-485729	GC-NonDICOMpathologyImages-389658	Fine needle aspirate	Metastatic	CryoStor	PBS+Serum	CyCIF	Macte_animo_Generose_puer_sic_itur_ad_astra	scientia_imperii_decus_et_tutamen	Glycerol	scientia_imperii_decus_et_tutamen	imperium_in_imperio
NonDICOMpathologyImages	GC-IMAGE-786911	GC-NonDICOMpathologyImages-158533	Punch biopsy	Tumor specimen from de novo untreated malignancy of the bladder	None	None	GeoMX-DSP	scientia_et_labor	pace_tua	Other	scientiae_et_patriae	scientiae_cedit_mare
NonDICOMpathologyImages	GC-IMAGE-523165	GC-NonDICOMpathologyImages-200627	Not specified	Not reported	TCL Lysis Buffer	DMEM+Serum	CODEX	e_causa_ignota	salus_in_arduis	Glycerol	cacatum_non_est_pictum	scientia_imperii_decus_et_tutamen
NonDICOMpathologyImages	GC-IMAGE-700123	GC-NonDICOMpathologyImages-283260	Shave biopsy	Local recurrence	Diimidoester	RPMI+Serum	GeoMX-DSP	barba_crescit_caput_nescit	labor_ipse_voluptas	Glycerol	pace_tua	haec_olim_meminisse_iuvabit
NonDICOMpathologyImages	GC-IMAGE-817986	GC-NonDICOMpathologyImages-638934	Not reported	Not applicable	CryoStor	None	H&E	haec_olim_meminisse_iuvabit	damnant_quod_non_intellegunt	Other	Obedientia_civium_urbis_felicitas	scientiae_et_patriae
NonDICOMpathologyImages	GC-IMAGE-972448	GC-NonDICOMpathologyImages-322848	Not applicable	Premalignant - in situ	Formalin	DMEM	H&E	scientiae_et_patriae	scientia,_aere_perennius	Multi	Gallia_est_omnis_divisa_in_partes_tres	faber_est_suae_quisque_fortunae
NonDICOMpathologyImages	GC-IMAGE-774576	GC-NonDICOMpathologyImages-570695	Pancreaticoduodenectomy	Tissue	None	PBS+Serum	mIHC	labor_ipse_voluptas	scientia_imperii_decus_et_tutamen	Water	scientia_et_sapientia	nascentes_morimur_finisque_ab_origine_pendet
NonDICOMpathologyImages	GC-IMAGE-673715	GC-NonDICOMpathologyImages-147140	Not specified	NOS	TCL Lysis Buffer	DMEM+Serum	ExSeq	scientia_et_labor	scientiae_et_patriae	Water	Gallia_est_omnis_divisa_in_partes_tres	scientiae_cedit_mare
NonDICOMpathologyImages	GC-IMAGE-928031	GC-NonDICOMpathologyImages-589565	Fine needle aspirate	Tumor post-therapy	Para-benzoquinone	DMEM+Serum	SABER	faber_est_suae_quisque_fortunae	barba_crescit_caput_nescit	Oil	scientia_et_labor	Obedientia_civium_urbis_felicitas
NonDICOMpathologyImages	GC-IMAGE-365526	GC-NonDICOMpathologyImages-759440	Not specified	Not reported	Alcohol	PBS+Serum	SABER	salus_in_arduis	labor_ipse_voluptas	Multi	id_quod_plerumque_accidit	barba_crescit_caput_nescit
NonDICOMpathologyImages	GC-IMAGE-468940	GC-NonDICOMpathologyImages-136660	Shave biopsy	Premalignant - in situ	Acetone	DMEM+Serum	CODEX	id_quod_plerumque_accidit	nascentes_morimur_finisque_ab_origine_pendet	Other	haec_olim_meminisse_iuvabit	nascentes_morimur_finisque_ab_origine_pendet
NonDICOMpathologyImages	GC-IMAGE-158610	GC-NonDICOMpathologyImages-639474	Shave biopsy	Primary	PAXgene Tissue	None	IMC	saltus_in_demonstrando	nanos_gigantum_humeris_insidentes	Oil	Macte_animo_Generose_puer_sic_itur_ad_astra	scientia_imperii_decus_et_tutamen
NonDICOMpathologyImages	GC-IMAGE-631272	GC-NonDICOMpathologyImages-557268	Sentinel node biopsy	Normal	Glutaraldehyde	DMEM	H&E	labor_ipse_voluptas	scientia_imperii_decus_et_tutamen	Other	pace_tua	damnant_quod_non_intellegunt
NonDICOMpathologyImages	GC-IMAGE-760648	GC-NonDICOMpathologyImages-330062	Core needle biopsy	Primary	Alcohol	DMEM	t-CyCIF	scientiae_cedit_mare	Macte_animo_Generose_puer_sic_itur_ad_astra	Water	imperium_in_imperio	sapiens_qui_prospicit
NonDICOMpathologyImages	GC-IMAGE-846227	GC-NonDICOMpathologyImages-882754	Incisional Biopsy	Normal adjacent	Saline	DMEM+Serum	SABER	a_bene_placito	scientia_et_labor	Other	nanos_gigantum_humeris_insidentes	salus_in_arduis
NonDICOMpathologyImages	GC-IMAGE-301048	GC-NonDICOMpathologyImages-492775	Incisional Biopsy	Normal	RNAlater	DMEM	t-CyCIF	scientia_et_sapientia	cacatum_non_est_pictum	Oil	nanos_gigantum_humeris_insidentes	faber_est_suae_quisque_fortunae
NonDICOMpathologyImages	GC-IMAGE-589053	GC-NonDICOMpathologyImages-864581	Surgical Resection	Tumor specimen from de novo untreated malignancy of the bladder	PAXgene Tissue	RPMI+Serum	MERFISH	Gallia_est_omnis_divisa_in_partes_tres	id_quod_plerumque_accidit	Glycerol	O_Tite_tute_Tati_tibi_tanta_tyranne_tulisti	Gallia_est_omnis_divisa_in_partes_tres
NonDICOMpathologyImages	GC-IMAGE-103953	GC-NonDICOMpathologyImages-125084	Surgical Resection	Normal distant	Saline	RPMI+Serum	IHC	scientia_et_labor	sapiens_qui_prospicit	Multi	scientia_et_labor	id_quod_plerumque_accidit
NonDICOMpathologyImages	GC-IMAGE-913646	GC-NonDICOMpathologyImages-629494	Not applicable	NOS	Glutaraldehyde	DMEM+Serum	IMC	imperium_in_imperio	haec_olim_meminisse_iuvabit	Other	e_causa_ignota	cacatum_non_est_pictum
NonDICOMpathologyImages	GC-IMAGE-654204	GC-NonDICOMpathologyImages-505344	Shave biopsy	Local recurrence	Other	DMEM+Serum	Not Applicable	barba_crescit_caput_nescit	faber_est_suae_quisque_fortunae	Water	imperium_in_imperio	saltus_in_demonstrando
NonDICOMpathologyImages	GC-IMAGE-143131	GC-NonDICOMpathologyImages-231838	Unknown	Premalignant - in situ	PAXgene Tissue	RPMI+Serum	MIBI	labor_ipse_voluptas	salus_in_arduis	Multi	labor_ipse_voluptas	a_bene_placito
NonDICOMpathologyImages	GC-IMAGE-226693	GC-NonDICOMpathologyImages-761398	Re-excision	Tumor specimen from de novo untreated malignancy of the bladder	Unknown	RPMI+Serum	H&E	Obedientia_civium_urbis_felicitas	Gallia_est_omnis_divisa_in_partes_tres	Water	nanos_gigantum_humeris_insidentes	labor_ipse_voluptas
NonDICOMpathologyImages	GC-IMAGE-550814	GC-NonDICOMpathologyImages-221315	Biopsy	NOS	Other	DMEM+Serum	ExSeq	id_quod_plerumque_accidit	salus_in_arduis	Glycerol	O_Tite_tute_Tati_tibi_tanta_tyranne_tulisti	scientiae_cedit_mare
NonDICOMpathologyImages	GC-IMAGE-732855	GC-NonDICOMpathologyImages-523663	Core needle biopsy	Premalignant - in situ	OCT media	RPMI+Serum	H&E	pace_tua	O_Tite_tute_Tati_tibi_tanta_tyranne_tulisti	Multi	scientia_imperii_decus_et_tutamen	pace_tua
NonDICOMpathologyImages	GC-IMAGE-901644	GC-NonDICOMpathologyImages-974853	Punch biopsy	Xenograft	Diimidoester	DMEM+Serum	Not Applicable	pace_tua	haec_olim_meminisse_iuvabit	Water	nascentes_morimur_finisque_ab_origine_pendet	haec_olim_meminisse_iuvabit
NonDICOMpathologyImages	GC-IMAGE-277734	GC-NonDICOMpathologyImages-123096	Core needle biopsy	Normal adjacent	Carnoy's Solution	RPMI+Serum	GeoMX-DSP	faber_est_suae_quisque_fortunae	nanos_gigantum_humeris_insidentes	Glycerol	imperium_in_imperio	scientia,_aere_perennius
NonDICOMpathologyImages	GC-IMAGE-655971	GC-NonDICOMpathologyImages-437861	Forceps Biopsy	Not applicable	Unknown	DMEM	ExSeq	haec_olim_meminisse_iuvabit	id_quod_plerumque_accidit	Water	nascentes_morimur_finisque_ab_origine_pendet	scientia_et_sapientia
NonDICOMpathologyImages	GC-IMAGE-562977	GC-NonDICOMpathologyImages-563094	Forceps Biopsy	Local recurrence	Alcohol	None	MIBI	nanos_gigantum_humeris_insidentes	Macte_animo_Generose_puer_sic_itur_ad_astra	Oil	cacatum_non_est_pictum	Macte_animo_Generose_puer_sic_itur_ad_astra
NonDICOMpathologyImages	GC-IMAGE-175530	GC-NonDICOMpathologyImages-907799	Forceps Biopsy	Premalignant	95% Ethanol	None	IMC	damnant_quod_non_intellegunt	scientia_imperii_decus_et_tutamen	Water	Gallia_est_omnis_divisa_in_partes_tres	sapiens_qui_prospicit
NonDICOMpathologyImages	GC-IMAGE-130083	GC-NonDICOMpathologyImages-338080	Surgical Resection	Premalignant	None	DMEM	IHC	pace_tua	haec_olim_meminisse_iuvabit	Oil	scientia_imperii_decus_et_tutamen	nascentes_morimur_finisque_ab_origine_pendet
NonDICOMpathologyImages	GC-IMAGE-248486	GC-NonDICOMpathologyImages-809784	Fine needle aspirate	Atypia or hyperplasia	Unknown	DMEM+Serum	ExSeq	Macte_animo_Generose_puer_sic_itur_ad_astra	labor_ipse_voluptas	Multi	faber_est_suae_quisque_fortunae	pace_tua
NonDICOMpathologyImages	GC-IMAGE-314474	GC-NonDICOMpathologyImages-231135	Punch biopsy	Not reported	Dimethylacetamide	RPMI+Serum	GeoMX-DSP	sapiens_qui_prospicit	O_Tite_tute_Tati_tibi_tanta_tyranne_tulisti	Oil	saltus_in_demonstrando	Gallia_est_omnis_divisa_in_partes_tres
NonDICOMpathologyImages	GC-IMAGE-307808	GC-NonDICOMpathologyImages-707229	Lymphadenectomy (regional nodes)	Not applicable	Carbodiimide	None	Not Applicable	scientiae_cedit_mare	id_quod_plerumque_accidit	Water	nanos_gigantum_humeris_insidentes	nascentes_morimur_finisque_ab_origine_pendet
NonDICOMpathologyImages	GC-IMAGE-964022	GC-NonDICOMpathologyImages-798751	Forceps Biopsy	Tumor post-neoadjuvant therapy	Dimethylacetamide	None	CODEX	salus_in_arduis	imperium_in_imperio	Glycerol	scientia_et_sapientia	pace_tua
NonDICOMpathologyImages	GC-IMAGE-195021	GC-NonDICOMpathologyImages-484304	Not specified	Normal adjacent	Not applicable	DMEM+Serum	CyCIF	cacatum_non_est_pictum	faber_est_suae_quisque_fortunae	Other	cacatum_non_est_pictum	imperium_in_imperio
NonDICOMpathologyImages	GC-IMAGE-429686	GC-NonDICOMpathologyImages-330935	Core needle biopsy	Local recurrence	TCL Lysis Buffer	DMEM+Serum	MERFISH	Macte_animo_Generose_puer_sic_itur_ad_astra	O_Tite_tute_Tati_tibi_tanta_tyranne_tulisti	Multi	scientia_et_sapientia	faber_est_suae_quisque_fortunae
NonDICOMpathologyImages	GC-IMAGE-663233	GC-NonDICOMpathologyImages-119335	Unknown	Tumor post-neoadjuvant therapy	Alcohol	DMEM+Serum	H&E	damnant_quod_non_intellegunt	scientia_imperii_decus_et_tutamen	Glycerol	barba_crescit_caput_nescit	scientia,_aere_perennius
NonDICOMpathologyImages	GC-IMAGE-832367	GC-NonDICOMpathologyImages-147464	Lymphadenectomy (regional nodes)	Tumor post-adjuvant therapy	None	None	CyCIF	Gallia_est_omnis_divisa_in_partes_tres	e_causa_ignota	Glycerol	sapiens_qui_prospicit	haec_olim_meminisse_iuvabit
NonDICOMpathologyImages	GC-IMAGE-152653	GC-NonDICOMpathologyImages-779471	Blood draw	Premalignant - in situ	NP40 Lysis Buffer	DMEM+Serum	CODEX	Obedientia_civium_urbis_felicitas	scientia_imperii_decus_et_tutamen	Glycerol	O_Tite_tute_Tati_tibi_tanta_tyranne_tulisti	a_bene_placito
NonDICOMpathologyImages	GC-IMAGE-959128	GC-NonDICOMpathologyImages-281830	Punch biopsy	Local recurrence	Glutaraldehyde	None	mIHC	a_bene_placito	scientiae_cedit_mare	Air	saltus_in_demonstrando	Macte_animo_Generose_puer_sic_itur_ad_astra
NonDICOMpathologyImages	GC-IMAGE-677074	GC-NonDICOMpathologyImages-943021	Excisional Biopsy	Primary	Not applicable	DMEM	MIBI	salus_in_arduis	e_causa_ignota	Other	O_Tite_tute_Tati_tibi_tanta_tyranne_tulisti	salus_in_arduis
NonDICOMpathologyImages	GC-IMAGE-657733	GC-NonDICOMpathologyImages-172435	Surgical Resection	Recurrent	Acetone	None	IHC	Obedientia_civium_urbis_felicitas	saltus_in_demonstrando	Water	e_causa_ignota	scientia,_aere_perennius
NonDICOMpathologyImages	GC-IMAGE-202867	GC-NonDICOMpathologyImages-721420	Autopsy	Normal	Poloxamer	DMEM	IHC	scientiae_cedit_mare	faber_est_suae_quisque_fortunae	Other	sapiens_qui_prospicit	e_causa_ignota
NonDICOMpathologyImages	GC-IMAGE-990445	GC-NonDICOMpathologyImages-449889	Shave biopsy	Normal distant	PAXgene Tissue	DMEM	MERFISH	salus_in_arduis	Gallia_est_omnis_divisa_in_partes_tres	Other	Gallia_est_omnis_divisa_in_partes_tres	sapiens_qui_prospicit
NonDICOMpathologyImages	GC-IMAGE-164212	GC-NonDICOMpathologyImages-157728	Incisional Biopsy	Local recurrence	Methacarn	DMEM+Serum	ExSeq	Obedientia_civium_urbis_felicitas	haec_olim_meminisse_iuvabit	Water	salus_in_arduis	Obedientia_civium_urbis_felicitas
NonDICOMpathologyImages	GC-IMAGE-759507	GC-NonDICOMpathologyImages-889920	Pancreaticoduodenectomy	Tumor specimen from de novo untreated malignancy of the bladder	Not recorded	RPMI+Serum	t-CyCIF	labor_ipse_voluptas	barba_crescit_caput_nescit	Glycerol	labor_ipse_voluptas	labor_ipse_voluptas
NonDICOMpathologyImages	GC-IMAGE-953405	GC-NonDICOMpathologyImages-409206	Other	Additional Primary	Acetone	DMEM	mIHC	sapiens_qui_prospicit	scientiae_cedit_mare	Glycerol	scientiae_cedit_mare	e_causa_ignota
NonDICOMpathologyImages	GC-IMAGE-989377	GC-NonDICOMpathologyImages-725426	Not reported	Primary	Carnoy's Solution	None	SABER	damnant_quod_non_intellegunt	Obedientia_civium_urbis_felicitas	Air	Macte_animo_Generose_puer_sic_itur_ad_astra	nascentes_morimur_finisque_ab_origine_pendet
NonDICOMpathologyImages	GC-IMAGE-924624	GC-NonDICOMpathologyImages-295127	Incisional Biopsy	Local recurrence	Alcohol	RPMI+Serum	IHC	a_bene_placito	pace_tua	Water	pace_tua	nanos_gigantum_humeris_insidentes
NonDICOMpathologyImages	GC-IMAGE-473394	GC-NonDICOMpathologyImages-615641	Not applicable	Normal	Saline	DMEM	GeoMX-DSP	e_causa_ignota	sapiens_qui_prospicit	Other	Obedientia_civium_urbis_felicitas	nascentes_morimur_finisque_ab_origine_pendet
NonDICOMpathologyImages	GC-IMAGE-202059	GC-NonDICOMpathologyImages-435471	Pancreaticoduodenectomy	Metastatic	Para-benzoquinone	DMEM	H&E	nascentes_morimur_finisque_ab_origine_pendet	scientia_imperii_decus_et_tutamen	Water	pace_tua	scientia_imperii_decus_et_tutamen
NonDICOMpathologyImages	GC-IMAGE-780776	GC-NonDICOMpathologyImages-952592	Unknown	Xenograft	None	DMEM+Serum	MIBI	haec_olim_meminisse_iuvabit	scientia_imperii_decus_et_tutamen	Glycerol	scientiae_et_patriae	Macte_animo_Generose_puer_sic_itur_ad_astra
NonDICOMpathologyImages	GC-IMAGE-904526	GC-NonDICOMpathologyImages-464801	Sentinel node biopsy	Unknown	Diimidoester	None	ExSeq	nanos_gigantum_humeris_insidentes	saltus_in_demonstrando	Oil	labor_ipse_voluptas	nanos_gigantum_humeris_insidentes
