type	image.study_link_id	NonDICOMPETimages_id	PETImagingAcquisitionProtocolElement_gantryDetectorTilt	Radiopharmaceutical_radionuclideCode	crdc_id
NonDICOMPETimages	CDS-IMAGE-451544	CDS-NonDICOMPETimages-463535	sapiens_qui_prospicit	saltus_in_demonstrando	Obedientia_civium_urbis_felicitas
NonDICOMPETimages	CDS-IMAGE-808335	CDS-NonDICOMPETimages-782564	scientia_et_labor	id_quod_plerumque_accidit	Gallia_est_omnis_divisa_in_partes_tres
NonDICOMPETimages	CDS-IMAGE-231997	CDS-NonDICOMPETimages-401030	sapiens_qui_prospicit	pace_tua	Gallia_est_omnis_divisa_in_partes_tres
NonDICOMPETimages	CDS-IMAGE-602407	CDS-NonDICOMPETimages-213271	O_Tite_tute_Tati_tibi_tanta_tyranne_tulisti	a_bene_placito	imperium_in_imperio
NonDICOMPETimages	CDS-IMAGE-188862	CDS-NonDICOMPETimages-603240	O_Tite_tute_Tati_tibi_tanta_tyranne_tulisti	nanos_gigantum_humeris_insidentes	saltus_in_demonstrando
NonDICOMPETimages	CDS-IMAGE-101542	CDS-NonDICOMPETimages-723635	scientia,_aere_perennius	scientia_et_labor	labor_ipse_voluptas
NonDICOMPETimages	CDS-IMAGE-197359	CDS-NonDICOMPETimages-917107	pace_tua	nanos_gigantum_humeris_insidentes	Obedientia_civium_urbis_felicitas
NonDICOMPETimages	CDS-IMAGE-208970	CDS-NonDICOMPETimages-100039	nanos_gigantum_humeris_insidentes	scientiae_et_patriae	barba_crescit_caput_nescit
NonDICOMPETimages	CDS-IMAGE-224630	CDS-NonDICOMPETimages-989985	scientia_et_labor	cacatum_non_est_pictum	saltus_in_demonstrando
NonDICOMPETimages	CDS-IMAGE-545212	CDS-NonDICOMPETimages-204316	haec_olim_meminisse_iuvabit	scientia_imperii_decus_et_tutamen	Gallia_est_omnis_divisa_in_partes_tres
NonDICOMPETimages	CDS-IMAGE-768683	CDS-NonDICOMPETimages-860524	imperium_in_imperio	Obedientia_civium_urbis_felicitas	salus_in_arduis
NonDICOMPETimages	CDS-IMAGE-180830	CDS-NonDICOMPETimages-187171	Gallia_est_omnis_divisa_in_partes_tres	cacatum_non_est_pictum	scientia_et_sapientia
NonDICOMPETimages	CDS-IMAGE-621216	CDS-NonDICOMPETimages-636818	scientia_et_sapientia	O_Tite_tute_Tati_tibi_tanta_tyranne_tulisti	scientia_et_labor
NonDICOMPETimages	CDS-IMAGE-775811	CDS-NonDICOMPETimages-358567	imperium_in_imperio	scientia_et_labor	scientia_et_sapientia
NonDICOMPETimages	CDS-IMAGE-769171	CDS-NonDICOMPETimages-559390	Macte_animo_Generose_puer_sic_itur_ad_astra	saltus_in_demonstrando	Obedientia_civium_urbis_felicitas
NonDICOMPETimages	CDS-IMAGE-106062	CDS-NonDICOMPETimages-195971	scientia,_aere_perennius	labor_ipse_voluptas	faber_est_suae_quisque_fortunae
NonDICOMPETimages	CDS-IMAGE-690498	CDS-NonDICOMPETimages-121177	haec_olim_meminisse_iuvabit	labor_ipse_voluptas	faber_est_suae_quisque_fortunae
NonDICOMPETimages	CDS-IMAGE-609452	CDS-NonDICOMPETimages-644891	Macte_animo_Generose_puer_sic_itur_ad_astra	damnant_quod_non_intellegunt	scientiae_et_patriae
NonDICOMPETimages	CDS-IMAGE-646481	CDS-NonDICOMPETimages-668873	Obedientia_civium_urbis_felicitas	salus_in_arduis	scientiae_et_patriae
NonDICOMPETimages	CDS-IMAGE-434854	CDS-NonDICOMPETimages-726639	saltus_in_demonstrando	a_bene_placito	O_Tite_tute_Tati_tibi_tanta_tyranne_tulisti
NonDICOMPETimages	CDS-IMAGE-390008	CDS-NonDICOMPETimages-570447	nascentes_morimur_finisque_ab_origine_pendet	damnant_quod_non_intellegunt	barba_crescit_caput_nescit
NonDICOMPETimages	CDS-IMAGE-330119	CDS-NonDICOMPETimages-384107	scientia_imperii_decus_et_tutamen	scientia,_aere_perennius	id_quod_plerumque_accidit
NonDICOMPETimages	CDS-IMAGE-593529	CDS-NonDICOMPETimages-904770	scientiae_cedit_mare	O_Tite_tute_Tati_tibi_tanta_tyranne_tulisti	scientia_et_labor
NonDICOMPETimages	CDS-IMAGE-415640	CDS-NonDICOMPETimages-571022	scientia_et_labor	e_causa_ignota	pace_tua
NonDICOMPETimages	CDS-IMAGE-961733	CDS-NonDICOMPETimages-476350	O_Tite_tute_Tati_tibi_tanta_tyranne_tulisti	nanos_gigantum_humeris_insidentes	saltus_in_demonstrando
NonDICOMPETimages	CDS-IMAGE-489653	CDS-NonDICOMPETimages-982728	nascentes_morimur_finisque_ab_origine_pendet	Obedientia_civium_urbis_felicitas	O_Tite_tute_Tati_tibi_tanta_tyranne_tulisti
NonDICOMPETimages	CDS-IMAGE-627015	CDS-NonDICOMPETimages-745572	nanos_gigantum_humeris_insidentes	sapiens_qui_prospicit	scientia,_aere_perennius
NonDICOMPETimages	CDS-IMAGE-406087	CDS-NonDICOMPETimages-281404	Obedientia_civium_urbis_felicitas	sapiens_qui_prospicit	pace_tua
NonDICOMPETimages	CDS-IMAGE-759445	CDS-NonDICOMPETimages-411077	scientia_et_labor	nanos_gigantum_humeris_insidentes	scientia_et_sapientia
NonDICOMPETimages	CDS-IMAGE-107281	CDS-NonDICOMPETimages-858866	scientia_et_labor	e_causa_ignota	pace_tua
NonDICOMPETimages	CDS-IMAGE-221977	CDS-NonDICOMPETimages-679629	scientia,_aere_perennius	scientia,_aere_perennius	id_quod_plerumque_accidit
NonDICOMPETimages	CDS-IMAGE-510885	CDS-NonDICOMPETimages-523430	Obedientia_civium_urbis_felicitas	scientia,_aere_perennius	scientia_et_labor
NonDICOMPETimages	CDS-IMAGE-553694	CDS-NonDICOMPETimages-690234	scientia_et_sapientia	labor_ipse_voluptas	pace_tua
NonDICOMPETimages	CDS-IMAGE-371560	CDS-NonDICOMPETimages-849602	barba_crescit_caput_nescit	imperium_in_imperio	barba_crescit_caput_nescit
NonDICOMPETimages	CDS-IMAGE-130130	CDS-NonDICOMPETimages-506036	imperium_in_imperio	a_bene_placito	nanos_gigantum_humeris_insidentes
NonDICOMPETimages	CDS-IMAGE-472479	CDS-NonDICOMPETimages-731792	cacatum_non_est_pictum	nascentes_morimur_finisque_ab_origine_pendet	imperium_in_imperio
NonDICOMPETimages	CDS-IMAGE-515700	CDS-NonDICOMPETimages-952486	damnant_quod_non_intellegunt	scientia_et_labor	nascentes_morimur_finisque_ab_origine_pendet
NonDICOMPETimages	CDS-IMAGE-911456	CDS-NonDICOMPETimages-550310	e_causa_ignota	salus_in_arduis	labor_ipse_voluptas
NonDICOMPETimages	CDS-IMAGE-179893	CDS-NonDICOMPETimages-548153	cacatum_non_est_pictum	damnant_quod_non_intellegunt	Macte_animo_Generose_puer_sic_itur_ad_astra
NonDICOMPETimages	CDS-IMAGE-399133	CDS-NonDICOMPETimages-779712	sapiens_qui_prospicit	saltus_in_demonstrando	e_causa_ignota
NonDICOMPETimages	CDS-IMAGE-782338	CDS-NonDICOMPETimages-473357	haec_olim_meminisse_iuvabit	saltus_in_demonstrando	scientia_et_labor
NonDICOMPETimages	CDS-IMAGE-385918	CDS-NonDICOMPETimages-969523	scientia_imperii_decus_et_tutamen	barba_crescit_caput_nescit	nanos_gigantum_humeris_insidentes
NonDICOMPETimages	CDS-IMAGE-664615	CDS-NonDICOMPETimages-799754	barba_crescit_caput_nescit	Macte_animo_Generose_puer_sic_itur_ad_astra	scientia_imperii_decus_et_tutamen
NonDICOMPETimages	CDS-IMAGE-357672	CDS-NonDICOMPETimages-127134	sapiens_qui_prospicit	barba_crescit_caput_nescit	scientia,_aere_perennius
NonDICOMPETimages	CDS-IMAGE-924507	CDS-NonDICOMPETimages-809458	imperium_in_imperio	Obedientia_civium_urbis_felicitas	saltus_in_demonstrando
NonDICOMPETimages	CDS-IMAGE-228272	CDS-NonDICOMPETimages-999955	id_quod_plerumque_accidit	scientia_et_sapientia	scientiae_cedit_mare
NonDICOMPETimages	CDS-IMAGE-444108	CDS-NonDICOMPETimages-968422	scientia,_aere_perennius	damnant_quod_non_intellegunt	scientia,_aere_perennius
NonDICOMPETimages	CDS-IMAGE-659737	CDS-NonDICOMPETimages-611865	scientiae_cedit_mare	scientiae_et_patriae	haec_olim_meminisse_iuvabit
NonDICOMPETimages	CDS-IMAGE-140484	CDS-NonDICOMPETimages-910792	cacatum_non_est_pictum	nascentes_morimur_finisque_ab_origine_pendet	barba_crescit_caput_nescit
NonDICOMPETimages	CDS-IMAGE-641659	CDS-NonDICOMPETimages-285975	imperium_in_imperio	imperium_in_imperio	scientiae_et_patriae
NonDICOMPETimages	CDS-IMAGE-660450	CDS-NonDICOMPETimages-846126	imperium_in_imperio	sapiens_qui_prospicit	a_bene_placito
NonDICOMPETimages	CDS-IMAGE-239841	CDS-NonDICOMPETimages-897232	scientia_imperii_decus_et_tutamen	labor_ipse_voluptas	scientia_et_sapientia
NonDICOMPETimages	CDS-IMAGE-645266	CDS-NonDICOMPETimages-911091	imperium_in_imperio	e_causa_ignota	Gallia_est_omnis_divisa_in_partes_tres
NonDICOMPETimages	CDS-IMAGE-698026	CDS-NonDICOMPETimages-342605	scientia_imperii_decus_et_tutamen	scientiae_cedit_mare	sapiens_qui_prospicit
NonDICOMPETimages	CDS-IMAGE-365574	CDS-NonDICOMPETimages-177192	labor_ipse_voluptas	labor_ipse_voluptas	scientia_imperii_decus_et_tutamen
NonDICOMPETimages	CDS-IMAGE-359935	CDS-NonDICOMPETimages-974212	faber_est_suae_quisque_fortunae	salus_in_arduis	haec_olim_meminisse_iuvabit
NonDICOMPETimages	CDS-IMAGE-174765	CDS-NonDICOMPETimages-931354	scientia_et_sapientia	imperium_in_imperio	Obedientia_civium_urbis_felicitas
NonDICOMPETimages	CDS-IMAGE-779986	CDS-NonDICOMPETimages-186404	scientia_imperii_decus_et_tutamen	sapiens_qui_prospicit	nanos_gigantum_humeris_insidentes
NonDICOMPETimages	CDS-IMAGE-242849	CDS-NonDICOMPETimages-407667	nanos_gigantum_humeris_insidentes	O_Tite_tute_Tati_tibi_tanta_tyranne_tulisti	imperium_in_imperio
NonDICOMPETimages	CDS-IMAGE-794735	CDS-NonDICOMPETimages-445485	nascentes_morimur_finisque_ab_origine_pendet	scientiae_cedit_mare	faber_est_suae_quisque_fortunae
NonDICOMPETimages	CDS-IMAGE-666637	CDS-NonDICOMPETimages-828160	scientiae_cedit_mare	Obedientia_civium_urbis_felicitas	cacatum_non_est_pictum
NonDICOMPETimages	CDS-IMAGE-738286	CDS-NonDICOMPETimages-636842	scientia_imperii_decus_et_tutamen	barba_crescit_caput_nescit	O_Tite_tute_Tati_tibi_tanta_tyranne_tulisti
NonDICOMPETimages	CDS-IMAGE-476848	CDS-NonDICOMPETimages-594801	scientiae_cedit_mare	faber_est_suae_quisque_fortunae	nascentes_morimur_finisque_ab_origine_pendet
NonDICOMPETimages	CDS-IMAGE-827233	CDS-NonDICOMPETimages-442303	salus_in_arduis	Gallia_est_omnis_divisa_in_partes_tres	O_Tite_tute_Tati_tibi_tanta_tyranne_tulisti
NonDICOMPETimages	CDS-IMAGE-726610	CDS-NonDICOMPETimages-841934	nanos_gigantum_humeris_insidentes	faber_est_suae_quisque_fortunae	sapiens_qui_prospicit
NonDICOMPETimages	CDS-IMAGE-696443	CDS-NonDICOMPETimages-983797	salus_in_arduis	imperium_in_imperio	scientia_et_labor
NonDICOMPETimages	CDS-IMAGE-263008	CDS-NonDICOMPETimages-494892	cacatum_non_est_pictum	scientia,_aere_perennius	damnant_quod_non_intellegunt
NonDICOMPETimages	CDS-IMAGE-435780	CDS-NonDICOMPETimages-449412	scientia_et_labor	nanos_gigantum_humeris_insidentes	faber_est_suae_quisque_fortunae
NonDICOMPETimages	CDS-IMAGE-921704	CDS-NonDICOMPETimages-878091	barba_crescit_caput_nescit	O_Tite_tute_Tati_tibi_tanta_tyranne_tulisti	nascentes_morimur_finisque_ab_origine_pendet
NonDICOMPETimages	CDS-IMAGE-597871	CDS-NonDICOMPETimages-617755	scientia_et_sapientia	O_Tite_tute_Tati_tibi_tanta_tyranne_tulisti	salus_in_arduis
NonDICOMPETimages	CDS-IMAGE-604984	CDS-NonDICOMPETimages-860193	scientia_imperii_decus_et_tutamen	Obedientia_civium_urbis_felicitas	nascentes_morimur_finisque_ab_origine_pendet
NonDICOMPETimages	CDS-IMAGE-973579	CDS-NonDICOMPETimages-245508	scientia_imperii_decus_et_tutamen	Obedientia_civium_urbis_felicitas	haec_olim_meminisse_iuvabit
NonDICOMPETimages	CDS-IMAGE-354844	CDS-NonDICOMPETimages-692241	scientia_et_labor	a_bene_placito	sapiens_qui_prospicit
NonDICOMPETimages	CDS-IMAGE-705989	CDS-NonDICOMPETimages-759122	scientia_imperii_decus_et_tutamen	Gallia_est_omnis_divisa_in_partes_tres	e_causa_ignota
NonDICOMPETimages	CDS-IMAGE-735756	CDS-NonDICOMPETimages-170638	labor_ipse_voluptas	e_causa_ignota	Obedientia_civium_urbis_felicitas
NonDICOMPETimages	CDS-IMAGE-594697	CDS-NonDICOMPETimages-629544	a_bene_placito	Gallia_est_omnis_divisa_in_partes_tres	Gallia_est_omnis_divisa_in_partes_tres
NonDICOMPETimages	CDS-IMAGE-285777	CDS-NonDICOMPETimages-175986	cacatum_non_est_pictum	scientiae_cedit_mare	labor_ipse_voluptas
NonDICOMPETimages	CDS-IMAGE-360406	CDS-NonDICOMPETimages-386733	scientia,_aere_perennius	a_bene_placito	Macte_animo_Generose_puer_sic_itur_ad_astra
NonDICOMPETimages	CDS-IMAGE-933876	CDS-NonDICOMPETimages-621743	scientia_imperii_decus_et_tutamen	saltus_in_demonstrando	scientia,_aere_perennius
NonDICOMPETimages	CDS-IMAGE-335125	CDS-NonDICOMPETimages-993734	scientia,_aere_perennius	sapiens_qui_prospicit	haec_olim_meminisse_iuvabit
NonDICOMPETimages	CDS-IMAGE-611108	CDS-NonDICOMPETimages-250620	sapiens_qui_prospicit	O_Tite_tute_Tati_tibi_tanta_tyranne_tulisti	haec_olim_meminisse_iuvabit
NonDICOMPETimages	CDS-IMAGE-338442	CDS-NonDICOMPETimages-892618	nascentes_morimur_finisque_ab_origine_pendet	id_quod_plerumque_accidit	nanos_gigantum_humeris_insidentes
NonDICOMPETimages	CDS-IMAGE-957973	CDS-NonDICOMPETimages-991483	scientiae_et_patriae	a_bene_placito	scientia_et_sapientia
NonDICOMPETimages	CDS-IMAGE-335554	CDS-NonDICOMPETimages-143866	scientia,_aere_perennius	barba_crescit_caput_nescit	Obedientia_civium_urbis_felicitas
NonDICOMPETimages	CDS-IMAGE-295222	CDS-NonDICOMPETimages-358966	Obedientia_civium_urbis_felicitas	scientia,_aere_perennius	scientia_imperii_decus_et_tutamen
NonDICOMPETimages	CDS-IMAGE-997271	CDS-NonDICOMPETimages-205653	Obedientia_civium_urbis_felicitas	Obedientia_civium_urbis_felicitas	scientiae_cedit_mare
NonDICOMPETimages	CDS-IMAGE-223964	CDS-NonDICOMPETimages-734709	imperium_in_imperio	imperium_in_imperio	a_bene_placito
NonDICOMPETimages	CDS-IMAGE-992175	CDS-NonDICOMPETimages-465134	scientia,_aere_perennius	barba_crescit_caput_nescit	nanos_gigantum_humeris_insidentes
NonDICOMPETimages	CDS-IMAGE-138520	CDS-NonDICOMPETimages-936704	salus_in_arduis	e_causa_ignota	scientiae_et_patriae
NonDICOMPETimages	CDS-IMAGE-678948	CDS-NonDICOMPETimages-823246	O_Tite_tute_Tati_tibi_tanta_tyranne_tulisti	scientia,_aere_perennius	scientiae_cedit_mare
NonDICOMPETimages	CDS-IMAGE-794791	CDS-NonDICOMPETimages-819720	scientia_imperii_decus_et_tutamen	salus_in_arduis	nascentes_morimur_finisque_ab_origine_pendet
NonDICOMPETimages	CDS-IMAGE-995392	CDS-NonDICOMPETimages-587899	scientia_imperii_decus_et_tutamen	a_bene_placito	nascentes_morimur_finisque_ab_origine_pendet
NonDICOMPETimages	CDS-IMAGE-901042	CDS-NonDICOMPETimages-295835	nanos_gigantum_humeris_insidentes	nanos_gigantum_humeris_insidentes	nascentes_morimur_finisque_ab_origine_pendet
NonDICOMPETimages	CDS-IMAGE-564242	CDS-NonDICOMPETimages-278894	O_Tite_tute_Tati_tibi_tanta_tyranne_tulisti	cacatum_non_est_pictum	nascentes_morimur_finisque_ab_origine_pendet
NonDICOMPETimages	CDS-IMAGE-506809	CDS-NonDICOMPETimages-188599	nanos_gigantum_humeris_insidentes	scientia,_aere_perennius	scientiae_cedit_mare
NonDICOMPETimages	CDS-IMAGE-798558	CDS-NonDICOMPETimages-463578	scientia_et_sapientia	Macte_animo_Generose_puer_sic_itur_ad_astra	imperium_in_imperio
NonDICOMPETimages	CDS-IMAGE-677615	CDS-NonDICOMPETimages-479332	imperium_in_imperio	damnant_quod_non_intellegunt	Gallia_est_omnis_divisa_in_partes_tres
NonDICOMPETimages	CDS-IMAGE-234902	CDS-NonDICOMPETimages-753494	Gallia_est_omnis_divisa_in_partes_tres	a_bene_placito	haec_olim_meminisse_iuvabit
NonDICOMPETimages	CDS-IMAGE-114012	CDS-NonDICOMPETimages-333762	saltus_in_demonstrando	barba_crescit_caput_nescit	pace_tua
NonDICOMPETimages	CDS-IMAGE-854741	CDS-NonDICOMPETimages-702332	haec_olim_meminisse_iuvabit	Gallia_est_omnis_divisa_in_partes_tres	faber_est_suae_quisque_fortunae
NonDICOMPETimages	CDS-IMAGE-830039	CDS-NonDICOMPETimages-303153	scientia,_aere_perennius	nascentes_morimur_finisque_ab_origine_pendet	scientia_et_labor
NonDICOMPETimages	CDS-IMAGE-624733	CDS-NonDICOMPETimages-633359	e_causa_ignota	a_bene_placito	scientiae_et_patriae
NonDICOMPETimages	CDS-IMAGE-807529	CDS-NonDICOMPETimages-168106	id_quod_plerumque_accidit	haec_olim_meminisse_iuvabit	Gallia_est_omnis_divisa_in_partes_tres
NonDICOMPETimages	CDS-IMAGE-455416	CDS-NonDICOMPETimages-639702	labor_ipse_voluptas	scientia,_aere_perennius	scientia,_aere_perennius
NonDICOMPETimages	CDS-IMAGE-740845	CDS-NonDICOMPETimages-513396	scientiae_et_patriae	id_quod_plerumque_accidit	barba_crescit_caput_nescit
NonDICOMPETimages	CDS-IMAGE-679391	CDS-NonDICOMPETimages-445986	scientia_imperii_decus_et_tutamen	cacatum_non_est_pictum	scientiae_cedit_mare
NonDICOMPETimages	CDS-IMAGE-506949	CDS-NonDICOMPETimages-568768	cacatum_non_est_pictum	labor_ipse_voluptas	scientia_et_labor
NonDICOMPETimages	CDS-IMAGE-214821	CDS-NonDICOMPETimages-210057	O_Tite_tute_Tati_tibi_tanta_tyranne_tulisti	labor_ipse_voluptas	haec_olim_meminisse_iuvabit
NonDICOMPETimages	CDS-IMAGE-998707	CDS-NonDICOMPETimages-915529	id_quod_plerumque_accidit	e_causa_ignota	Gallia_est_omnis_divisa_in_partes_tres
NonDICOMPETimages	CDS-IMAGE-131443	CDS-NonDICOMPETimages-546185	saltus_in_demonstrando	scientiae_cedit_mare	scientia_et_sapientia
NonDICOMPETimages	CDS-IMAGE-273046	CDS-NonDICOMPETimages-179122	O_Tite_tute_Tati_tibi_tanta_tyranne_tulisti	damnant_quod_non_intellegunt	barba_crescit_caput_nescit
NonDICOMPETimages	CDS-IMAGE-744755	CDS-NonDICOMPETimages-630925	a_bene_placito	salus_in_arduis	cacatum_non_est_pictum
NonDICOMPETimages	CDS-IMAGE-653580	CDS-NonDICOMPETimages-294301	barba_crescit_caput_nescit	Obedientia_civium_urbis_felicitas	scientia_imperii_decus_et_tutamen
NonDICOMPETimages	CDS-IMAGE-842807	CDS-NonDICOMPETimages-897814	Gallia_est_omnis_divisa_in_partes_tres	salus_in_arduis	Obedientia_civium_urbis_felicitas
NonDICOMPETimages	CDS-IMAGE-642228	CDS-NonDICOMPETimages-820715	scientia_imperii_decus_et_tutamen	scientia_et_labor	saltus_in_demonstrando
NonDICOMPETimages	CDS-IMAGE-169188	CDS-NonDICOMPETimages-854777	haec_olim_meminisse_iuvabit	damnant_quod_non_intellegunt	Gallia_est_omnis_divisa_in_partes_tres
NonDICOMPETimages	CDS-IMAGE-280105	CDS-NonDICOMPETimages-578032	pace_tua	imperium_in_imperio	nanos_gigantum_humeris_insidentes
NonDICOMPETimages	CDS-IMAGE-464262	CDS-NonDICOMPETimages-287721	labor_ipse_voluptas	scientiae_cedit_mare	scientia_et_sapientia
NonDICOMPETimages	CDS-IMAGE-369886	CDS-NonDICOMPETimages-451302	salus_in_arduis	pace_tua	nanos_gigantum_humeris_insidentes
NonDICOMPETimages	CDS-IMAGE-283244	CDS-NonDICOMPETimages-133865	Gallia_est_omnis_divisa_in_partes_tres	saltus_in_demonstrando	a_bene_placito
NonDICOMPETimages	CDS-IMAGE-844835	CDS-NonDICOMPETimages-324507	scientiae_cedit_mare	pace_tua	scientia_et_labor
NonDICOMPETimages	CDS-IMAGE-694041	CDS-NonDICOMPETimages-268692	haec_olim_meminisse_iuvabit	Macte_animo_Generose_puer_sic_itur_ad_astra	pace_tua
NonDICOMPETimages	CDS-IMAGE-689905	CDS-NonDICOMPETimages-524529	Gallia_est_omnis_divisa_in_partes_tres	labor_ipse_voluptas	e_causa_ignota
NonDICOMPETimages	CDS-IMAGE-526007	CDS-NonDICOMPETimages-720708	pace_tua	Macte_animo_Generose_puer_sic_itur_ad_astra	imperium_in_imperio
NonDICOMPETimages	CDS-IMAGE-488316	CDS-NonDICOMPETimages-428358	sapiens_qui_prospicit	barba_crescit_caput_nescit	scientia_et_labor
NonDICOMPETimages	CDS-IMAGE-336280	CDS-NonDICOMPETimages-233591	saltus_in_demonstrando	Gallia_est_omnis_divisa_in_partes_tres	scientia_et_labor
NonDICOMPETimages	CDS-IMAGE-509933	CDS-NonDICOMPETimages-522461	nanos_gigantum_humeris_insidentes	scientia_et_labor	sapiens_qui_prospicit
NonDICOMPETimages	CDS-IMAGE-182794	CDS-NonDICOMPETimages-623041	faber_est_suae_quisque_fortunae	faber_est_suae_quisque_fortunae	barba_crescit_caput_nescit
NonDICOMPETimages	CDS-IMAGE-104968	CDS-NonDICOMPETimages-129421	cacatum_non_est_pictum	sapiens_qui_prospicit	pace_tua
NonDICOMPETimages	CDS-IMAGE-690557	CDS-NonDICOMPETimages-367384	Macte_animo_Generose_puer_sic_itur_ad_astra	damnant_quod_non_intellegunt	nascentes_morimur_finisque_ab_origine_pendet
NonDICOMPETimages	CDS-IMAGE-865143	CDS-NonDICOMPETimages-934904	e_causa_ignota	Obedientia_civium_urbis_felicitas	scientia,_aere_perennius
NonDICOMPETimages	CDS-IMAGE-705810	CDS-NonDICOMPETimages-645980	a_bene_placito	e_causa_ignota	scientiae_et_patriae
NonDICOMPETimages	CDS-IMAGE-999547	CDS-NonDICOMPETimages-840912	nanos_gigantum_humeris_insidentes	sapiens_qui_prospicit	id_quod_plerumque_accidit
NonDICOMPETimages	CDS-IMAGE-433230	CDS-NonDICOMPETimages-321253	scientia_et_labor	Macte_animo_Generose_puer_sic_itur_ad_astra	imperium_in_imperio
NonDICOMPETimages	CDS-IMAGE-646852	CDS-NonDICOMPETimages-221830	labor_ipse_voluptas	imperium_in_imperio	Macte_animo_Generose_puer_sic_itur_ad_astra
NonDICOMPETimages	CDS-IMAGE-959793	CDS-NonDICOMPETimages-608337	scientia_et_sapientia	id_quod_plerumque_accidit	scientia,_aere_perennius
NonDICOMPETimages	CDS-IMAGE-497095	CDS-NonDICOMPETimages-343761	cacatum_non_est_pictum	Macte_animo_Generose_puer_sic_itur_ad_astra	a_bene_placito
NonDICOMPETimages	CDS-IMAGE-578594	CDS-NonDICOMPETimages-973490	imperium_in_imperio	barba_crescit_caput_nescit	scientiae_cedit_mare
NonDICOMPETimages	CDS-IMAGE-580804	CDS-NonDICOMPETimages-586131	haec_olim_meminisse_iuvabit	sapiens_qui_prospicit	faber_est_suae_quisque_fortunae
NonDICOMPETimages	CDS-IMAGE-430658	CDS-NonDICOMPETimages-259462	barba_crescit_caput_nescit	damnant_quod_non_intellegunt	scientiae_cedit_mare
NonDICOMPETimages	CDS-IMAGE-483717	CDS-NonDICOMPETimages-917412	labor_ipse_voluptas	a_bene_placito	scientiae_cedit_mare
NonDICOMPETimages	CDS-IMAGE-976671	CDS-NonDICOMPETimages-791661	Gallia_est_omnis_divisa_in_partes_tres	scientiae_et_patriae	salus_in_arduis
NonDICOMPETimages	CDS-IMAGE-211966	CDS-NonDICOMPETimages-946685	scientia_et_labor	scientiae_cedit_mare	haec_olim_meminisse_iuvabit
NonDICOMPETimages	CDS-IMAGE-418366	CDS-NonDICOMPETimages-415846	imperium_in_imperio	e_causa_ignota	a_bene_placito
NonDICOMPETimages	CDS-IMAGE-204910	CDS-NonDICOMPETimages-188891	e_causa_ignota	Gallia_est_omnis_divisa_in_partes_tres	labor_ipse_voluptas
NonDICOMPETimages	CDS-IMAGE-613946	CDS-NonDICOMPETimages-761888	id_quod_plerumque_accidit	imperium_in_imperio	e_causa_ignota
NonDICOMPETimages	CDS-IMAGE-915844	CDS-NonDICOMPETimages-434624	scientia,_aere_perennius	imperium_in_imperio	scientia_et_sapientia
NonDICOMPETimages	CDS-IMAGE-493332	CDS-NonDICOMPETimages-456935	scientia_et_labor	Gallia_est_omnis_divisa_in_partes_tres	pace_tua
NonDICOMPETimages	CDS-IMAGE-508779	CDS-NonDICOMPETimages-325511	Obedientia_civium_urbis_felicitas	labor_ipse_voluptas	imperium_in_imperio
NonDICOMPETimages	CDS-IMAGE-336262	CDS-NonDICOMPETimages-381692	nascentes_morimur_finisque_ab_origine_pendet	haec_olim_meminisse_iuvabit	labor_ipse_voluptas
NonDICOMPETimages	CDS-IMAGE-998718	CDS-NonDICOMPETimages-742647	scientiae_cedit_mare	salus_in_arduis	barba_crescit_caput_nescit
NonDICOMPETimages	CDS-IMAGE-989668	CDS-NonDICOMPETimages-372335	scientia_et_sapientia	labor_ipse_voluptas	scientia_et_labor
NonDICOMPETimages	CDS-IMAGE-705494	CDS-NonDICOMPETimages-775079	salus_in_arduis	nanos_gigantum_humeris_insidentes	haec_olim_meminisse_iuvabit
NonDICOMPETimages	CDS-IMAGE-483946	CDS-NonDICOMPETimages-655968	sapiens_qui_prospicit	O_Tite_tute_Tati_tibi_tanta_tyranne_tulisti	O_Tite_tute_Tati_tibi_tanta_tyranne_tulisti
NonDICOMPETimages	CDS-IMAGE-800565	CDS-NonDICOMPETimages-881645	scientiae_et_patriae	faber_est_suae_quisque_fortunae	nascentes_morimur_finisque_ab_origine_pendet
NonDICOMPETimages	CDS-IMAGE-204439	CDS-NonDICOMPETimages-451832	cacatum_non_est_pictum	scientia,_aere_perennius	scientiae_et_patriae
NonDICOMPETimages	CDS-IMAGE-707630	CDS-NonDICOMPETimages-293274	salus_in_arduis	nascentes_morimur_finisque_ab_origine_pendet	O_Tite_tute_Tati_tibi_tanta_tyranne_tulisti
NonDICOMPETimages	CDS-IMAGE-911207	CDS-NonDICOMPETimages-209320	saltus_in_demonstrando	sapiens_qui_prospicit	salus_in_arduis
NonDICOMPETimages	CDS-IMAGE-876995	CDS-NonDICOMPETimages-462292	Gallia_est_omnis_divisa_in_partes_tres	scientiae_cedit_mare	haec_olim_meminisse_iuvabit
NonDICOMPETimages	CDS-IMAGE-532011	CDS-NonDICOMPETimages-827495	a_bene_placito	nascentes_morimur_finisque_ab_origine_pendet	salus_in_arduis
NonDICOMPETimages	CDS-IMAGE-575011	CDS-NonDICOMPETimages-684808	salus_in_arduis	cacatum_non_est_pictum	O_Tite_tute_Tati_tibi_tanta_tyranne_tulisti
NonDICOMPETimages	CDS-IMAGE-977087	CDS-NonDICOMPETimages-716398	barba_crescit_caput_nescit	pace_tua	Gallia_est_omnis_divisa_in_partes_tres
NonDICOMPETimages	CDS-IMAGE-542414	CDS-NonDICOMPETimages-510000	imperium_in_imperio	sapiens_qui_prospicit	O_Tite_tute_Tati_tibi_tanta_tyranne_tulisti
NonDICOMPETimages	CDS-IMAGE-451859	CDS-NonDICOMPETimages-522847	pace_tua	barba_crescit_caput_nescit	haec_olim_meminisse_iuvabit
NonDICOMPETimages	CDS-IMAGE-859522	CDS-NonDICOMPETimages-100629	nascentes_morimur_finisque_ab_origine_pendet	O_Tite_tute_Tati_tibi_tanta_tyranne_tulisti	barba_crescit_caput_nescit
NonDICOMPETimages	CDS-IMAGE-423935	CDS-NonDICOMPETimages-448643	e_causa_ignota	Gallia_est_omnis_divisa_in_partes_tres	scientia_et_sapientia
NonDICOMPETimages	CDS-IMAGE-119908	CDS-NonDICOMPETimages-888668	scientia_imperii_decus_et_tutamen	scientia,_aere_perennius	damnant_quod_non_intellegunt
NonDICOMPETimages	CDS-IMAGE-415334	CDS-NonDICOMPETimages-905543	scientia,_aere_perennius	Macte_animo_Generose_puer_sic_itur_ad_astra	Gallia_est_omnis_divisa_in_partes_tres
NonDICOMPETimages	CDS-IMAGE-700211	CDS-NonDICOMPETimages-973147	scientia_imperii_decus_et_tutamen	scientia_imperii_decus_et_tutamen	e_causa_ignota
NonDICOMPETimages	CDS-IMAGE-528193	CDS-NonDICOMPETimages-288589	nanos_gigantum_humeris_insidentes	a_bene_placito	nascentes_morimur_finisque_ab_origine_pendet
NonDICOMPETimages	CDS-IMAGE-244090	CDS-NonDICOMPETimages-601030	barba_crescit_caput_nescit	faber_est_suae_quisque_fortunae	labor_ipse_voluptas
NonDICOMPETimages	CDS-IMAGE-146042	CDS-NonDICOMPETimages-524484	imperium_in_imperio	scientia_et_labor	damnant_quod_non_intellegunt
NonDICOMPETimages	CDS-IMAGE-714275	CDS-NonDICOMPETimages-472205	nanos_gigantum_humeris_insidentes	barba_crescit_caput_nescit	scientiae_cedit_mare
NonDICOMPETimages	CDS-IMAGE-581296	CDS-NonDICOMPETimages-435489	Gallia_est_omnis_divisa_in_partes_tres	pace_tua	labor_ipse_voluptas
NonDICOMPETimages	CDS-IMAGE-169775	CDS-NonDICOMPETimages-181215	haec_olim_meminisse_iuvabit	salus_in_arduis	id_quod_plerumque_accidit
NonDICOMPETimages	CDS-IMAGE-206235	CDS-NonDICOMPETimages-523637	scientiae_et_patriae	imperium_in_imperio	labor_ipse_voluptas
NonDICOMPETimages	CDS-IMAGE-787556	CDS-NonDICOMPETimages-957913	scientia,_aere_perennius	scientiae_cedit_mare	scientia_imperii_decus_et_tutamen
NonDICOMPETimages	CDS-IMAGE-183746	CDS-NonDICOMPETimages-653091	scientiae_cedit_mare	saltus_in_demonstrando	barba_crescit_caput_nescit
NonDICOMPETimages	CDS-IMAGE-179905	CDS-NonDICOMPETimages-411700	barba_crescit_caput_nescit	e_causa_ignota	scientia_et_labor
NonDICOMPETimages	CDS-IMAGE-996040	CDS-NonDICOMPETimages-967350	damnant_quod_non_intellegunt	scientiae_cedit_mare	Obedientia_civium_urbis_felicitas
NonDICOMPETimages	CDS-IMAGE-573930	CDS-NonDICOMPETimages-285814	saltus_in_demonstrando	nanos_gigantum_humeris_insidentes	scientiae_et_patriae
NonDICOMPETimages	CDS-IMAGE-574997	CDS-NonDICOMPETimages-546841	saltus_in_demonstrando	a_bene_placito	salus_in_arduis
NonDICOMPETimages	CDS-IMAGE-811509	CDS-NonDICOMPETimages-983136	haec_olim_meminisse_iuvabit	Gallia_est_omnis_divisa_in_partes_tres	saltus_in_demonstrando
NonDICOMPETimages	CDS-IMAGE-410223	CDS-NonDICOMPETimages-602154	scientia_et_labor	haec_olim_meminisse_iuvabit	scientia_et_labor
NonDICOMPETimages	CDS-IMAGE-224546	CDS-NonDICOMPETimages-233736	imperium_in_imperio	a_bene_placito	scientia_et_sapientia
NonDICOMPETimages	CDS-IMAGE-484442	CDS-NonDICOMPETimages-722356	O_Tite_tute_Tati_tibi_tanta_tyranne_tulisti	Obedientia_civium_urbis_felicitas	damnant_quod_non_intellegunt
NonDICOMPETimages	CDS-IMAGE-975691	CDS-NonDICOMPETimages-482942	Gallia_est_omnis_divisa_in_partes_tres	scientiae_et_patriae	Obedientia_civium_urbis_felicitas
NonDICOMPETimages	CDS-IMAGE-745497	CDS-NonDICOMPETimages-733733	Gallia_est_omnis_divisa_in_partes_tres	sapiens_qui_prospicit	haec_olim_meminisse_iuvabit
NonDICOMPETimages	CDS-IMAGE-751187	CDS-NonDICOMPETimages-328023	nanos_gigantum_humeris_insidentes	labor_ipse_voluptas	sapiens_qui_prospicit
NonDICOMPETimages	CDS-IMAGE-260886	CDS-NonDICOMPETimages-420860	scientiae_cedit_mare	sapiens_qui_prospicit	Obedientia_civium_urbis_felicitas
NonDICOMPETimages	CDS-IMAGE-718034	CDS-NonDICOMPETimages-371959	haec_olim_meminisse_iuvabit	barba_crescit_caput_nescit	id_quod_plerumque_accidit
NonDICOMPETimages	CDS-IMAGE-891235	CDS-NonDICOMPETimages-943258	scientiae_et_patriae	cacatum_non_est_pictum	a_bene_placito
NonDICOMPETimages	CDS-IMAGE-861288	CDS-NonDICOMPETimages-396240	saltus_in_demonstrando	O_Tite_tute_Tati_tibi_tanta_tyranne_tulisti	sapiens_qui_prospicit
NonDICOMPETimages	CDS-IMAGE-681719	CDS-NonDICOMPETimages-805373	labor_ipse_voluptas	imperium_in_imperio	barba_crescit_caput_nescit
NonDICOMPETimages	CDS-IMAGE-882990	CDS-NonDICOMPETimages-981735	saltus_in_demonstrando	scientiae_cedit_mare	id_quod_plerumque_accidit
NonDICOMPETimages	CDS-IMAGE-620410	CDS-NonDICOMPETimages-380333	barba_crescit_caput_nescit	Macte_animo_Generose_puer_sic_itur_ad_astra	scientia,_aere_perennius
NonDICOMPETimages	CDS-IMAGE-188641	CDS-NonDICOMPETimages-678666	nanos_gigantum_humeris_insidentes	O_Tite_tute_Tati_tibi_tanta_tyranne_tulisti	saltus_in_demonstrando
NonDICOMPETimages	CDS-IMAGE-302946	CDS-NonDICOMPETimages-242211	scientiae_et_patriae	scientia_et_labor	scientia_et_sapientia
NonDICOMPETimages	CDS-IMAGE-545680	CDS-NonDICOMPETimages-233555	haec_olim_meminisse_iuvabit	cacatum_non_est_pictum	faber_est_suae_quisque_fortunae
NonDICOMPETimages	CDS-IMAGE-696888	CDS-NonDICOMPETimages-373618	O_Tite_tute_Tati_tibi_tanta_tyranne_tulisti	imperium_in_imperio	scientia_et_labor
