type	image.study_link_id	NonDICOMpathologyImages_id	acquisition_method_type	tumor_tissue_type	tissue_fixative	embedding_medium	staining_method	objective	nominal_magnification	immersion	lens_numerical_aperture	crdc_id
NonDICOMpathologyImages	CDS-IMAGE-451544	CDS-NonDICOMpathologyImages-849113	Not specified	Premalignant - in situ	RNAlater	DMEM+Serum	MIBI	a_bene_placito	faber_est_suae_quisque_fortunae	Multi	scientia_et_sapientia	pace_tua
NonDICOMpathologyImages	CDS-IMAGE-808335	CDS-NonDICOMpathologyImages-154199	Core needle biopsy	Premalignant - in situ	Glutaraldehyde	None	GeoMX-DSP	scientiae_et_patriae	a_bene_placito	Water	sapiens_qui_prospicit	labor_ipse_voluptas
NonDICOMpathologyImages	CDS-IMAGE-231997	CDS-NonDICOMpathologyImages-728784	Shave biopsy	Atypia or hyperplasia	NP40 Lysis Buffer	DMEM	CODEX	scientia,_aere_perennius	labor_ipse_voluptas	Oil	e_causa_ignota	damnant_quod_non_intellegunt
NonDICOMpathologyImages	CDS-IMAGE-602407	CDS-NonDICOMpathologyImages-115485	Not reported	Recurrent	Acetone	DMEM	H&E	Gallia_est_omnis_divisa_in_partes_tres	sapiens_qui_prospicit	Multi	faber_est_suae_quisque_fortunae	a_bene_placito
NonDICOMpathologyImages	CDS-IMAGE-188862	CDS-NonDICOMpathologyImages-547704	Other	Primary	Formalin	DMEM	Not Applicable	sapiens_qui_prospicit	cacatum_non_est_pictum	Air	cacatum_non_est_pictum	sapiens_qui_prospicit
NonDICOMpathologyImages	CDS-IMAGE-101542	CDS-NonDICOMpathologyImages-526715	Forceps Biopsy	Local recurrence	None	RPMI+Serum	ExSeq	damnant_quod_non_intellegunt	salus_in_arduis	Multi	damnant_quod_non_intellegunt	labor_ipse_voluptas
NonDICOMpathologyImages	CDS-IMAGE-197359	CDS-NonDICOMpathologyImages-604358	Not applicable	Normal	Dimethylacetamide	RPMI+Serum	ExSeq	nanos_gigantum_humeris_insidentes	nascentes_morimur_finisque_ab_origine_pendet	Water	a_bene_placito	Obedientia_civium_urbis_felicitas
NonDICOMpathologyImages	CDS-IMAGE-208970	CDS-NonDICOMpathologyImages-824363	Surgical Resection	Normal	Saline	None	CODEX	cacatum_non_est_pictum	damnant_quod_non_intellegunt	Other	scientia_imperii_decus_et_tutamen	pace_tua
NonDICOMpathologyImages	CDS-IMAGE-224630	CDS-NonDICOMpathologyImages-542200	Not specified	Recurrent	Carnoy's Solution	RPMI+Serum	CODEX	pace_tua	scientia_et_labor	Oil	imperium_in_imperio	scientiae_cedit_mare
NonDICOMpathologyImages	CDS-IMAGE-545212	CDS-NonDICOMpathologyImages-947119	Pancreaticoduodenectomy	Normal	Unknown	DMEM+Serum	t-CyCIF	salus_in_arduis	scientiae_cedit_mare	Oil	Obedientia_civium_urbis_felicitas	pace_tua
NonDICOMpathologyImages	CDS-IMAGE-768683	CDS-NonDICOMpathologyImages-498673	Lymphadenectomy (regional nodes)	NOS	Diimidoester	RPMI+Serum	GeoMX-DSP	Obedientia_civium_urbis_felicitas	labor_ipse_voluptas	Glycerol	scientiae_et_patriae	Macte_animo_Generose_puer_sic_itur_ad_astra
NonDICOMpathologyImages	CDS-IMAGE-180830	CDS-NonDICOMpathologyImages-300701	Blood draw	Not reported	TCL Lysis Buffer	None	H&E	scientiae_cedit_mare	barba_crescit_caput_nescit	Water	id_quod_plerumque_accidit	scientiae_et_patriae
NonDICOMpathologyImages	CDS-IMAGE-621216	CDS-NonDICOMpathologyImages-410742	Fine needle aspirate	Normal distant	TCL Lysis Buffer	DMEM	IHC	saltus_in_demonstrando	Macte_animo_Generose_puer_sic_itur_ad_astra	Oil	imperium_in_imperio	cacatum_non_est_pictum
NonDICOMpathologyImages	CDS-IMAGE-775811	CDS-NonDICOMpathologyImages-892604	Core needle biopsy	Tumor post-neoadjuvant therapy	Carbodiimide	PBS+Serum	MxIF	cacatum_non_est_pictum	sapiens_qui_prospicit	Glycerol	id_quod_plerumque_accidit	nanos_gigantum_humeris_insidentes
NonDICOMpathologyImages	CDS-IMAGE-769171	CDS-NonDICOMpathologyImages-593402	Re-excision	Xenograft	RNAlater	DMEM	IHC	nanos_gigantum_humeris_insidentes	scientia_et_labor	Water	scientiae_et_patriae	saltus_in_demonstrando
NonDICOMpathologyImages	CDS-IMAGE-106062	CDS-NonDICOMpathologyImages-930933	Sentinel node biopsy	Primary	Carbodiimide	RPMI+Serum	IHC	Gallia_est_omnis_divisa_in_partes_tres	nascentes_morimur_finisque_ab_origine_pendet	Air	scientiae_et_patriae	scientia_et_labor
NonDICOMpathologyImages	CDS-IMAGE-690498	CDS-NonDICOMpathologyImages-126234	Not reported	Additional Primary	Poloxamer	DMEM	MERFISH	imperium_in_imperio	scientia_imperii_decus_et_tutamen	Water	sapiens_qui_prospicit	O_Tite_tute_Tati_tibi_tanta_tyranne_tulisti
NonDICOMpathologyImages	CDS-IMAGE-609452	CDS-NonDICOMpathologyImages-710196	Forceps Biopsy	NOS	Other	PBS+Serum	IMC	nascentes_morimur_finisque_ab_origine_pendet	a_bene_placito	Glycerol	scientiae_et_patriae	barba_crescit_caput_nescit
NonDICOMpathologyImages	CDS-IMAGE-646481	CDS-NonDICOMpathologyImages-998819	Autopsy	Normal	Dimethylacetamide	None	H&E	Obedientia_civium_urbis_felicitas	e_causa_ignota	Water	nanos_gigantum_humeris_insidentes	Gallia_est_omnis_divisa_in_partes_tres
NonDICOMpathologyImages	CDS-IMAGE-434854	CDS-NonDICOMpathologyImages-856339	Other	Recurrent	Alcohol	PBS+Serum	MIBI	scientia_imperii_decus_et_tutamen	e_causa_ignota	Glycerol	sapiens_qui_prospicit	e_causa_ignota
NonDICOMpathologyImages	CDS-IMAGE-390008	CDS-NonDICOMpathologyImages-827679	Fine needle aspirate	Tumor specimen from de novo untreated malignancy of the bladder	Formalin	DMEM	IHC	salus_in_arduis	labor_ipse_voluptas	Multi	scientia_et_sapientia	barba_crescit_caput_nescit
NonDICOMpathologyImages	CDS-IMAGE-330119	CDS-NonDICOMpathologyImages-420909	Surgical Resection	Premalignant - in situ	95% Ethanol	DMEM	H&E	damnant_quod_non_intellegunt	labor_ipse_voluptas	Multi	imperium_in_imperio	id_quod_plerumque_accidit
NonDICOMpathologyImages	CDS-IMAGE-593529	CDS-NonDICOMpathologyImages-422807	Incisional Biopsy	Tissue	Other	PBS+Serum	mIHC	O_Tite_tute_Tati_tibi_tanta_tyranne_tulisti	nanos_gigantum_humeris_insidentes	Water	Macte_animo_Generose_puer_sic_itur_ad_astra	a_bene_placito
NonDICOMpathologyImages	CDS-IMAGE-415640	CDS-NonDICOMpathologyImages-837016	Not applicable	Local recurrence	Formalin	DMEM	GeoMX-DSP	scientiae_cedit_mare	nascentes_morimur_finisque_ab_origine_pendet	Water	barba_crescit_caput_nescit	salus_in_arduis
NonDICOMpathologyImages	CDS-IMAGE-961733	CDS-NonDICOMpathologyImages-754211	Not applicable	Normal adjacent	Not recorded	PBS+Serum	IHC	imperium_in_imperio	scientiae_cedit_mare	Water	id_quod_plerumque_accidit	barba_crescit_caput_nescit
NonDICOMpathologyImages	CDS-IMAGE-489653	CDS-NonDICOMpathologyImages-775634	Forceps Biopsy	Not applicable	Carnoy's Solution	None	CODEX	faber_est_suae_quisque_fortunae	scientiae_et_patriae	Glycerol	salus_in_arduis	scientiae_et_patriae
NonDICOMpathologyImages	CDS-IMAGE-627015	CDS-NonDICOMpathologyImages-957596	Pancreaticoduodenectomy	Xenograft	Other	None	t-CyCIF	O_Tite_tute_Tati_tibi_tanta_tyranne_tulisti	scientia_et_labor	Air	barba_crescit_caput_nescit	sapiens_qui_prospicit
NonDICOMpathologyImages	CDS-IMAGE-406087	CDS-NonDICOMpathologyImages-460280	Shave biopsy	Not applicable	None	DMEM+Serum	GeoMX-DSP	faber_est_suae_quisque_fortunae	scientia_imperii_decus_et_tutamen	Other	scientia_et_sapientia	Obedientia_civium_urbis_felicitas
NonDICOMpathologyImages	CDS-IMAGE-759445	CDS-NonDICOMpathologyImages-115569	Incisional Biopsy	Atypia or hyperplasia	Formalin	RPMI+Serum	mIHC	a_bene_placito	sapiens_qui_prospicit	Glycerol	nascentes_morimur_finisque_ab_origine_pendet	scientia_et_labor
NonDICOMpathologyImages	CDS-IMAGE-107281	CDS-NonDICOMpathologyImages-385537	Biopsy	Premalignant - in situ	Carbodiimide	DMEM	IHC	pace_tua	nascentes_morimur_finisque_ab_origine_pendet	Air	faber_est_suae_quisque_fortunae	imperium_in_imperio
NonDICOMpathologyImages	CDS-IMAGE-221977	CDS-NonDICOMpathologyImages-599659	Excisional Biopsy	NOS	CryoStor	PBS+Serum	H&E	pace_tua	Macte_animo_Generose_puer_sic_itur_ad_astra	Oil	Obedientia_civium_urbis_felicitas	Obedientia_civium_urbis_felicitas
NonDICOMpathologyImages	CDS-IMAGE-510885	CDS-NonDICOMpathologyImages-691772	Sentinel node biopsy	Normal adjacent	Formalin	RPMI+Serum	IMC	Gallia_est_omnis_divisa_in_partes_tres	saltus_in_demonstrando	Glycerol	faber_est_suae_quisque_fortunae	imperium_in_imperio
NonDICOMpathologyImages	CDS-IMAGE-553694	CDS-NonDICOMpathologyImages-424424	Autopsy	Tumor post-therapy	Glutaraldehyde	DMEM+Serum	CODEX	O_Tite_tute_Tati_tibi_tanta_tyranne_tulisti	scientiae_cedit_mare	Other	scientia_et_sapientia	salus_in_arduis
NonDICOMpathologyImages	CDS-IMAGE-371560	CDS-NonDICOMpathologyImages-856053	Not applicable	NOS	Not recorded	DMEM	ExSeq	a_bene_placito	faber_est_suae_quisque_fortunae	Glycerol	scientia_et_sapientia	Gallia_est_omnis_divisa_in_partes_tres
NonDICOMpathologyImages	CDS-IMAGE-130130	CDS-NonDICOMpathologyImages-434182	Forceps Biopsy	Normal adjacent	Not recorded	DMEM	IHC	faber_est_suae_quisque_fortunae	a_bene_placito	Other	O_Tite_tute_Tati_tibi_tanta_tyranne_tulisti	pace_tua
NonDICOMpathologyImages	CDS-IMAGE-472479	CDS-NonDICOMpathologyImages-610877	Not applicable	Metastatic	Dimethylacetamide	None	MERFISH	scientiae_cedit_mare	barba_crescit_caput_nescit	Multi	scientia_et_sapientia	Obedientia_civium_urbis_felicitas
NonDICOMpathologyImages	CDS-IMAGE-515700	CDS-NonDICOMpathologyImages-407929	Biopsy	Premalignant - in situ	Methacarn	None	IHC	scientia_et_labor	scientia_imperii_decus_et_tutamen	Multi	Gallia_est_omnis_divisa_in_partes_tres	scientiae_et_patriae
NonDICOMpathologyImages	CDS-IMAGE-911456	CDS-NonDICOMpathologyImages-348462	Forceps Biopsy	Tissue	Alcohol	DMEM+Serum	GeoMX-DSP	scientiae_cedit_mare	imperium_in_imperio	Air	haec_olim_meminisse_iuvabit	cacatum_non_est_pictum
NonDICOMpathologyImages	CDS-IMAGE-179893	CDS-NonDICOMpathologyImages-579528	Not reported	NOS	Para-benzoquinone	PBS+Serum	MxIF	scientiae_et_patriae	e_causa_ignota	Air	O_Tite_tute_Tati_tibi_tanta_tyranne_tulisti	labor_ipse_voluptas
NonDICOMpathologyImages	CDS-IMAGE-399133	CDS-NonDICOMpathologyImages-991508	Surgical Resection	Metastatic	Formalin	DMEM	ExSeq	salus_in_arduis	Macte_animo_Generose_puer_sic_itur_ad_astra	Oil	Obedientia_civium_urbis_felicitas	id_quod_plerumque_accidit
NonDICOMpathologyImages	CDS-IMAGE-782338	CDS-NonDICOMpathologyImages-665750	Other	Not applicable	Para-benzoquinone	RPMI+Serum	ExSeq	scientiae_et_patriae	scientiae_et_patriae	Other	faber_est_suae_quisque_fortunae	imperium_in_imperio
NonDICOMpathologyImages	CDS-IMAGE-385918	CDS-NonDICOMpathologyImages-269581	Biopsy	Normal distant	Saline	PBS+Serum	SABER	scientia_et_labor	scientia_imperii_decus_et_tutamen	Air	scientia_et_labor	barba_crescit_caput_nescit
NonDICOMpathologyImages	CDS-IMAGE-664615	CDS-NonDICOMpathologyImages-653433	Pancreaticoduodenectomy	Additional Primary	Not applicable	DMEM	CODEX	scientia_imperii_decus_et_tutamen	nascentes_morimur_finisque_ab_origine_pendet	Multi	scientia_et_labor	id_quod_plerumque_accidit
NonDICOMpathologyImages	CDS-IMAGE-357672	CDS-NonDICOMpathologyImages-729450	Other	Metastatic	PAXgene Tissue	None	ExSeq	Gallia_est_omnis_divisa_in_partes_tres	a_bene_placito	Oil	e_causa_ignota	O_Tite_tute_Tati_tibi_tanta_tyranne_tulisti
NonDICOMpathologyImages	CDS-IMAGE-924507	CDS-NonDICOMpathologyImages-906839	Unknown	Local recurrence	TCL Lysis Buffer	DMEM+Serum	IMC	sapiens_qui_prospicit	imperium_in_imperio	Oil	nascentes_morimur_finisque_ab_origine_pendet	O_Tite_tute_Tati_tibi_tanta_tyranne_tulisti
NonDICOMpathologyImages	CDS-IMAGE-228272	CDS-NonDICOMpathologyImages-499807	Not reported	Premalignant - in situ	NP40 Lysis Buffer	RPMI+Serum	t-CyCIF	faber_est_suae_quisque_fortunae	barba_crescit_caput_nescit	Other	Obedientia_civium_urbis_felicitas	pace_tua
NonDICOMpathologyImages	CDS-IMAGE-444108	CDS-NonDICOMpathologyImages-669050	Not specified	Premalignant - in situ	Unknown	RPMI+Serum	ExSeq	nanos_gigantum_humeris_insidentes	barba_crescit_caput_nescit	Air	saltus_in_demonstrando	faber_est_suae_quisque_fortunae
NonDICOMpathologyImages	CDS-IMAGE-659737	CDS-NonDICOMpathologyImages-572446	Core needle biopsy	Not applicable	None	None	MxIF	scientiae_et_patriae	barba_crescit_caput_nescit	Multi	Macte_animo_Generose_puer_sic_itur_ad_astra	Gallia_est_omnis_divisa_in_partes_tres
NonDICOMpathologyImages	CDS-IMAGE-140484	CDS-NonDICOMpathologyImages-251352	Core needle biopsy	NOS	Dimethylacetamide	DMEM	mIHC	nascentes_morimur_finisque_ab_origine_pendet	sapiens_qui_prospicit	Oil	cacatum_non_est_pictum	scientiae_cedit_mare
NonDICOMpathologyImages	CDS-IMAGE-641659	CDS-NonDICOMpathologyImages-738262	Autopsy	Normal	NP40 Lysis Buffer	DMEM	SABER	salus_in_arduis	Obedientia_civium_urbis_felicitas	Other	nascentes_morimur_finisque_ab_origine_pendet	scientiae_et_patriae
NonDICOMpathologyImages	CDS-IMAGE-660450	CDS-NonDICOMpathologyImages-447042	Excisional Biopsy	Normal	Poloxamer	RPMI+Serum	IMC	Obedientia_civium_urbis_felicitas	O_Tite_tute_Tati_tibi_tanta_tyranne_tulisti	Multi	scientia_et_sapientia	salus_in_arduis
NonDICOMpathologyImages	CDS-IMAGE-239841	CDS-NonDICOMpathologyImages-184929	Sentinel node biopsy	Tumor specimen from de novo untreated malignancy of the bladder	Carnoy's Solution	RPMI+Serum	IHC	scientia_imperii_decus_et_tutamen	a_bene_placito	Air	cacatum_non_est_pictum	scientiae_cedit_mare
NonDICOMpathologyImages	CDS-IMAGE-645266	CDS-NonDICOMpathologyImages-531824	Unknown	Recurrent	Diimidoester	DMEM	IHC	saltus_in_demonstrando	damnant_quod_non_intellegunt	Air	salus_in_arduis	nascentes_morimur_finisque_ab_origine_pendet
NonDICOMpathologyImages	CDS-IMAGE-698026	CDS-NonDICOMpathologyImages-337768	Re-excision	Premalignant - in situ	Diimidoester	PBS+Serum	MERFISH	saltus_in_demonstrando	O_Tite_tute_Tati_tibi_tanta_tyranne_tulisti	Multi	pace_tua	e_causa_ignota
NonDICOMpathologyImages	CDS-IMAGE-365574	CDS-NonDICOMpathologyImages-989623	Sentinel node biopsy	Not applicable	Alcohol	None	SABER	labor_ipse_voluptas	e_causa_ignota	Water	cacatum_non_est_pictum	scientia_et_sapientia
NonDICOMpathologyImages	CDS-IMAGE-359935	CDS-NonDICOMpathologyImages-363453	Shave biopsy	NOS	Para-benzoquinone	RPMI+Serum	SABER	labor_ipse_voluptas	nanos_gigantum_humeris_insidentes	Multi	scientia_imperii_decus_et_tutamen	nascentes_morimur_finisque_ab_origine_pendet
NonDICOMpathologyImages	CDS-IMAGE-174765	CDS-NonDICOMpathologyImages-696211	Fine needle aspirate	Recurrent	Dimethylacetamide	RPMI+Serum	H&E	haec_olim_meminisse_iuvabit	scientiae_et_patriae	Glycerol	Obedientia_civium_urbis_felicitas	labor_ipse_voluptas
NonDICOMpathologyImages	CDS-IMAGE-779986	CDS-NonDICOMpathologyImages-963546	Excisional Biopsy	NOS	Glutaraldehyde	DMEM+Serum	GeoMX-DSP	imperium_in_imperio	damnant_quod_non_intellegunt	Air	scientia_et_sapientia	Gallia_est_omnis_divisa_in_partes_tres
NonDICOMpathologyImages	CDS-IMAGE-242849	CDS-NonDICOMpathologyImages-863741	Punch biopsy	Normal distant	Saline	None	MxIF	pace_tua	scientia,_aere_perennius	Multi	pace_tua	faber_est_suae_quisque_fortunae
NonDICOMpathologyImages	CDS-IMAGE-794735	CDS-NonDICOMpathologyImages-525263	Surgical Resection	Tumor post-neoadjuvant therapy	CryoStor	RPMI+Serum	H&E	scientia_et_labor	pace_tua	Other	scientia_et_labor	scientia,_aere_perennius
NonDICOMpathologyImages	CDS-IMAGE-666637	CDS-NonDICOMpathologyImages-674644	Other	Not reported	PAXgene Tissue	DMEM+Serum	IHC	barba_crescit_caput_nescit	scientia_imperii_decus_et_tutamen	Oil	e_causa_ignota	scientia_imperii_decus_et_tutamen
NonDICOMpathologyImages	CDS-IMAGE-738286	CDS-NonDICOMpathologyImages-620368	Surgical Resection	Tumor post-neoadjuvant therapy	Saline	PBS+Serum	Not Applicable	haec_olim_meminisse_iuvabit	scientia,_aere_perennius	Oil	saltus_in_demonstrando	saltus_in_demonstrando
NonDICOMpathologyImages	CDS-IMAGE-476848	CDS-NonDICOMpathologyImages-943746	Unknown	Tumor specimen from de novo untreated malignancy of the bladder	Methacarn	None	SABER	nanos_gigantum_humeris_insidentes	scientiae_cedit_mare	Glycerol	labor_ipse_voluptas	nanos_gigantum_humeris_insidentes
NonDICOMpathologyImages	CDS-IMAGE-827233	CDS-NonDICOMpathologyImages-707111	Sentinel node biopsy	Not applicable	Poloxamer	RPMI+Serum	GeoMX-DSP	labor_ipse_voluptas	cacatum_non_est_pictum	Oil	haec_olim_meminisse_iuvabit	Obedientia_civium_urbis_felicitas
NonDICOMpathologyImages	CDS-IMAGE-726610	CDS-NonDICOMpathologyImages-784211	Core needle biopsy	Unknown	Acetone	None	MERFISH	a_bene_placito	scientiae_cedit_mare	Air	a_bene_placito	imperium_in_imperio
NonDICOMpathologyImages	CDS-IMAGE-696443	CDS-NonDICOMpathologyImages-731054	Punch biopsy	Primary	Diimidoester	DMEM	ExSeq	a_bene_placito	Macte_animo_Generose_puer_sic_itur_ad_astra	Multi	scientia,_aere_perennius	labor_ipse_voluptas
NonDICOMpathologyImages	CDS-IMAGE-263008	CDS-NonDICOMpathologyImages-742722	Fine needle aspirate	NOS	Poloxamer	PBS+Serum	H&E	id_quod_plerumque_accidit	scientia_imperii_decus_et_tutamen	Multi	salus_in_arduis	id_quod_plerumque_accidit
NonDICOMpathologyImages	CDS-IMAGE-435780	CDS-NonDICOMpathologyImages-443328	Not applicable	Tumor post-neoadjuvant therapy	Unknown	PBS+Serum	CyCIF	nascentes_morimur_finisque_ab_origine_pendet	scientia,_aere_perennius	Water	salus_in_arduis	cacatum_non_est_pictum
NonDICOMpathologyImages	CDS-IMAGE-921704	CDS-NonDICOMpathologyImages-145558	Excisional Biopsy	Tissue	Alcohol	DMEM+Serum	CODEX	Obedientia_civium_urbis_felicitas	nascentes_morimur_finisque_ab_origine_pendet	Glycerol	labor_ipse_voluptas	id_quod_plerumque_accidit
NonDICOMpathologyImages	CDS-IMAGE-597871	CDS-NonDICOMpathologyImages-281427	Autopsy	Tumor specimen from de novo untreated malignancy of the bladder	Carnoy's Solution	None	IMC	saltus_in_demonstrando	scientia_et_sapientia	Water	cacatum_non_est_pictum	cacatum_non_est_pictum
NonDICOMpathologyImages	CDS-IMAGE-604984	CDS-NonDICOMpathologyImages-338911	Fine needle aspirate	Normal distant	Carbodiimide	RPMI+Serum	CODEX	labor_ipse_voluptas	salus_in_arduis	Oil	barba_crescit_caput_nescit	imperium_in_imperio
NonDICOMpathologyImages	CDS-IMAGE-973579	CDS-NonDICOMpathologyImages-232768	Autopsy	Not applicable	Acetone	DMEM+Serum	Not Applicable	labor_ipse_voluptas	O_Tite_tute_Tati_tibi_tanta_tyranne_tulisti	Multi	cacatum_non_est_pictum	scientia_et_sapientia
NonDICOMpathologyImages	CDS-IMAGE-354844	CDS-NonDICOMpathologyImages-980181	Excisional Biopsy	Unknown	CryoStor	PBS+Serum	CODEX	Gallia_est_omnis_divisa_in_partes_tres	imperium_in_imperio	Air	haec_olim_meminisse_iuvabit	imperium_in_imperio
NonDICOMpathologyImages	CDS-IMAGE-705989	CDS-NonDICOMpathologyImages-117457	Sentinel node biopsy	Not applicable	Alcohol	DMEM	MxIF	haec_olim_meminisse_iuvabit	scientia_et_sapientia	Glycerol	damnant_quod_non_intellegunt	salus_in_arduis
NonDICOMpathologyImages	CDS-IMAGE-735756	CDS-NonDICOMpathologyImages-918030	Not applicable	Tumor post-therapy	Methacarn	DMEM+Serum	IMC	Macte_animo_Generose_puer_sic_itur_ad_astra	barba_crescit_caput_nescit	Glycerol	O_Tite_tute_Tati_tibi_tanta_tyranne_tulisti	imperium_in_imperio
NonDICOMpathologyImages	CDS-IMAGE-594697	CDS-NonDICOMpathologyImages-976007	Not reported	Tissue	Acetone	PBS+Serum	IHC	scientia_imperii_decus_et_tutamen	scientia_et_sapientia	Air	id_quod_plerumque_accidit	scientia_et_labor
NonDICOMpathologyImages	CDS-IMAGE-285777	CDS-NonDICOMpathologyImages-802799	Biopsy	Xenograft	Carnoy's Solution	RPMI+Serum	MERFISH	faber_est_suae_quisque_fortunae	scientia_imperii_decus_et_tutamen	Other	scientiae_cedit_mare	nanos_gigantum_humeris_insidentes
NonDICOMpathologyImages	CDS-IMAGE-360406	CDS-NonDICOMpathologyImages-458761	Punch biopsy	Tumor post-neoadjuvant therapy	Diimidoester	DMEM+Serum	t-CyCIF	scientia_imperii_decus_et_tutamen	labor_ipse_voluptas	Other	barba_crescit_caput_nescit	Obedientia_civium_urbis_felicitas
NonDICOMpathologyImages	CDS-IMAGE-933876	CDS-NonDICOMpathologyImages-500545	Autopsy	Local recurrence	Para-benzoquinone	DMEM	GeoMX-DSP	cacatum_non_est_pictum	scientia,_aere_perennius	Glycerol	saltus_in_demonstrando	saltus_in_demonstrando
NonDICOMpathologyImages	CDS-IMAGE-335125	CDS-NonDICOMpathologyImages-759885	Incisional Biopsy	Local recurrence	Not applicable	DMEM+Serum	SABER	nanos_gigantum_humeris_insidentes	saltus_in_demonstrando	Oil	cacatum_non_est_pictum	haec_olim_meminisse_iuvabit
NonDICOMpathologyImages	CDS-IMAGE-611108	CDS-NonDICOMpathologyImages-733972	Shave biopsy	Normal distant	Unknown	DMEM	CODEX	barba_crescit_caput_nescit	scientiae_cedit_mare	Multi	Gallia_est_omnis_divisa_in_partes_tres	scientiae_et_patriae
NonDICOMpathologyImages	CDS-IMAGE-338442	CDS-NonDICOMpathologyImages-113832	Fine needle aspirate	Normal adjacent	Methacarn	PBS+Serum	mIHC	faber_est_suae_quisque_fortunae	scientia_imperii_decus_et_tutamen	Other	scientia,_aere_perennius	Macte_animo_Generose_puer_sic_itur_ad_astra
NonDICOMpathologyImages	CDS-IMAGE-957973	CDS-NonDICOMpathologyImages-913305	Punch biopsy	Premalignant - in situ	Alcohol	PBS+Serum	IMC	nanos_gigantum_humeris_insidentes	Gallia_est_omnis_divisa_in_partes_tres	Multi	cacatum_non_est_pictum	nanos_gigantum_humeris_insidentes
NonDICOMpathologyImages	CDS-IMAGE-335554	CDS-NonDICOMpathologyImages-908506	Incisional Biopsy	Tumor post-therapy	Carnoy's Solution	PBS+Serum	CyCIF	Gallia_est_omnis_divisa_in_partes_tres	scientia_et_labor	Other	sapiens_qui_prospicit	faber_est_suae_quisque_fortunae
NonDICOMpathologyImages	CDS-IMAGE-295222	CDS-NonDICOMpathologyImages-546915	Blood draw	Premalignant - in situ	NP40 Lysis Buffer	None	SABER	scientia_imperii_decus_et_tutamen	cacatum_non_est_pictum	Other	Obedientia_civium_urbis_felicitas	imperium_in_imperio
NonDICOMpathologyImages	CDS-IMAGE-997271	CDS-NonDICOMpathologyImages-833097	Not applicable	Tumor specimen from de novo untreated malignancy of the bladder	TCL Lysis Buffer	PBS+Serum	MERFISH	saltus_in_demonstrando	e_causa_ignota	Glycerol	scientiae_cedit_mare	faber_est_suae_quisque_fortunae
NonDICOMpathologyImages	CDS-IMAGE-223964	CDS-NonDICOMpathologyImages-822487	Excisional Biopsy	Primary	Saline	PBS+Serum	mIHC	nascentes_morimur_finisque_ab_origine_pendet	Obedientia_civium_urbis_felicitas	Other	O_Tite_tute_Tati_tibi_tanta_tyranne_tulisti	e_causa_ignota
NonDICOMpathologyImages	CDS-IMAGE-992175	CDS-NonDICOMpathologyImages-650686	Sentinel node biopsy	Normal distant	Saline	None	SABER	faber_est_suae_quisque_fortunae	nascentes_morimur_finisque_ab_origine_pendet	Air	nanos_gigantum_humeris_insidentes	cacatum_non_est_pictum
NonDICOMpathologyImages	CDS-IMAGE-138520	CDS-NonDICOMpathologyImages-785483	Sentinel node biopsy	Recurrent	Unknown	RPMI+Serum	Not Applicable	labor_ipse_voluptas	damnant_quod_non_intellegunt	Oil	salus_in_arduis	scientia,_aere_perennius
NonDICOMpathologyImages	CDS-IMAGE-678948	CDS-NonDICOMpathologyImages-120171	Not reported	Recurrent	Poloxamer	RPMI+Serum	SABER	damnant_quod_non_intellegunt	saltus_in_demonstrando	Multi	imperium_in_imperio	e_causa_ignota
NonDICOMpathologyImages	CDS-IMAGE-794791	CDS-NonDICOMpathologyImages-293341	Punch biopsy	NOS	Dimethylacetamide	DMEM	ExSeq	saltus_in_demonstrando	e_causa_ignota	Oil	scientiae_et_patriae	faber_est_suae_quisque_fortunae
NonDICOMpathologyImages	CDS-IMAGE-995392	CDS-NonDICOMpathologyImages-224313	Biopsy	Not applicable	95% Ethanol	DMEM+Serum	Not Applicable	nanos_gigantum_humeris_insidentes	nascentes_morimur_finisque_ab_origine_pendet	Oil	scientia_et_sapientia	haec_olim_meminisse_iuvabit
NonDICOMpathologyImages	CDS-IMAGE-901042	CDS-NonDICOMpathologyImages-948496	Excisional Biopsy	NOS	Acetone	DMEM+Serum	IMC	salus_in_arduis	cacatum_non_est_pictum	Air	cacatum_non_est_pictum	haec_olim_meminisse_iuvabit
NonDICOMpathologyImages	CDS-IMAGE-564242	CDS-NonDICOMpathologyImages-837316	Unknown	Primary	Carbodiimide	PBS+Serum	GeoMX-DSP	e_causa_ignota	nascentes_morimur_finisque_ab_origine_pendet	Air	Gallia_est_omnis_divisa_in_partes_tres	scientiae_cedit_mare
NonDICOMpathologyImages	CDS-IMAGE-506809	CDS-NonDICOMpathologyImages-694857	Fine needle aspirate	Xenograft	Para-benzoquinone	PBS+Serum	IHC	O_Tite_tute_Tati_tibi_tanta_tyranne_tulisti	Obedientia_civium_urbis_felicitas	Other	pace_tua	e_causa_ignota
NonDICOMpathologyImages	CDS-IMAGE-798558	CDS-NonDICOMpathologyImages-333890	Biopsy	Tumor post-therapy	Not applicable	RPMI+Serum	mIHC	scientia,_aere_perennius	scientiae_cedit_mare	Multi	scientia_et_labor	id_quod_plerumque_accidit
NonDICOMpathologyImages	CDS-IMAGE-677615	CDS-NonDICOMpathologyImages-884461	Autopsy	Metastatic	TCL Lysis Buffer	PBS+Serum	CyCIF	scientia_imperii_decus_et_tutamen	cacatum_non_est_pictum	Glycerol	scientiae_cedit_mare	scientia_et_labor
NonDICOMpathologyImages	CDS-IMAGE-234902	CDS-NonDICOMpathologyImages-801762	Forceps Biopsy	Recurrent	OCT media	DMEM	IMC	imperium_in_imperio	scientia_et_labor	Multi	Obedientia_civium_urbis_felicitas	labor_ipse_voluptas
NonDICOMpathologyImages	CDS-IMAGE-114012	CDS-NonDICOMpathologyImages-943202	Other	Tumor post-adjuvant therapy	Methacarn	PBS+Serum	mIHC	haec_olim_meminisse_iuvabit	scientia_et_sapientia	Multi	sapiens_qui_prospicit	nascentes_morimur_finisque_ab_origine_pendet
NonDICOMpathologyImages	CDS-IMAGE-854741	CDS-NonDICOMpathologyImages-703301	Shave biopsy	Tumor post-therapy	NP40 Lysis Buffer	PBS+Serum	t-CyCIF	haec_olim_meminisse_iuvabit	imperium_in_imperio	Water	damnant_quod_non_intellegunt	damnant_quod_non_intellegunt
NonDICOMpathologyImages	CDS-IMAGE-830039	CDS-NonDICOMpathologyImages-394920	Not applicable	Premalignant - in situ	None	DMEM	CODEX	saltus_in_demonstrando	e_causa_ignota	Air	scientia_et_sapientia	cacatum_non_est_pictum
NonDICOMpathologyImages	CDS-IMAGE-624733	CDS-NonDICOMpathologyImages-930062	Autopsy	Xenograft	Dimethylacetamide	None	IMC	saltus_in_demonstrando	cacatum_non_est_pictum	Other	O_Tite_tute_Tati_tibi_tanta_tyranne_tulisti	scientia,_aere_perennius
NonDICOMpathologyImages	CDS-IMAGE-807529	CDS-NonDICOMpathologyImages-141553	Core needle biopsy	Local recurrence	Para-benzoquinone	DMEM	SABER	sapiens_qui_prospicit	scientia_et_labor	Oil	salus_in_arduis	haec_olim_meminisse_iuvabit
NonDICOMpathologyImages	CDS-IMAGE-455416	CDS-NonDICOMpathologyImages-999436	Incisional Biopsy	Tumor post-neoadjuvant therapy	Not applicable	None	MIBI	salus_in_arduis	saltus_in_demonstrando	Other	e_causa_ignota	scientiae_et_patriae
NonDICOMpathologyImages	CDS-IMAGE-740845	CDS-NonDICOMpathologyImages-854273	Not reported	Tissue	95% Ethanol	RPMI+Serum	IMC	labor_ipse_voluptas	salus_in_arduis	Other	scientia,_aere_perennius	Macte_animo_Generose_puer_sic_itur_ad_astra
NonDICOMpathologyImages	CDS-IMAGE-679391	CDS-NonDICOMpathologyImages-417034	Not specified	Normal distant	Carbodiimide	DMEM+Serum	IHC	saltus_in_demonstrando	nanos_gigantum_humeris_insidentes	Air	Macte_animo_Generose_puer_sic_itur_ad_astra	sapiens_qui_prospicit
NonDICOMpathologyImages	CDS-IMAGE-506949	CDS-NonDICOMpathologyImages-539431	Not applicable	Tumor post-neoadjuvant therapy	None	PBS+Serum	SABER	faber_est_suae_quisque_fortunae	sapiens_qui_prospicit	Oil	scientiae_et_patriae	pace_tua
NonDICOMpathologyImages	CDS-IMAGE-214821	CDS-NonDICOMpathologyImages-448014	Incisional Biopsy	Recurrent	NP40 Lysis Buffer	DMEM+Serum	GeoMX-DSP	e_causa_ignota	salus_in_arduis	Oil	haec_olim_meminisse_iuvabit	scientia_et_sapientia
NonDICOMpathologyImages	CDS-IMAGE-998707	CDS-NonDICOMpathologyImages-587645	Forceps Biopsy	Tumor specimen from de novo untreated malignancy of the bladder	Acetone	DMEM	IMC	haec_olim_meminisse_iuvabit	nascentes_morimur_finisque_ab_origine_pendet	Glycerol	scientia_imperii_decus_et_tutamen	barba_crescit_caput_nescit
NonDICOMpathologyImages	CDS-IMAGE-131443	CDS-NonDICOMpathologyImages-197737	Fine needle aspirate	Atypia or hyperplasia	OCT media	PBS+Serum	GeoMX-DSP	nanos_gigantum_humeris_insidentes	scientia_et_labor	Oil	scientia_et_labor	imperium_in_imperio
NonDICOMpathologyImages	CDS-IMAGE-273046	CDS-NonDICOMpathologyImages-759462	Incisional Biopsy	Recurrent	Not applicable	DMEM	H&E	scientia_imperii_decus_et_tutamen	Obedientia_civium_urbis_felicitas	Water	a_bene_placito	barba_crescit_caput_nescit
NonDICOMpathologyImages	CDS-IMAGE-744755	CDS-NonDICOMpathologyImages-215430	Unknown	Xenograft	Carbodiimide	None	mIHC	O_Tite_tute_Tati_tibi_tanta_tyranne_tulisti	a_bene_placito	Water	nanos_gigantum_humeris_insidentes	scientia,_aere_perennius
NonDICOMpathologyImages	CDS-IMAGE-653580	CDS-NonDICOMpathologyImages-166553	Not specified	Tumor post-therapy	PAXgene Tissue	PBS+Serum	mIHC	nascentes_morimur_finisque_ab_origine_pendet	imperium_in_imperio	Glycerol	nanos_gigantum_humeris_insidentes	labor_ipse_voluptas
NonDICOMpathologyImages	CDS-IMAGE-842807	CDS-NonDICOMpathologyImages-871934	Other	Not applicable	Poloxamer	None	IHC	haec_olim_meminisse_iuvabit	barba_crescit_caput_nescit	Oil	Obedientia_civium_urbis_felicitas	salus_in_arduis
NonDICOMpathologyImages	CDS-IMAGE-642228	CDS-NonDICOMpathologyImages-149509	Autopsy	Tumor post-therapy	Not applicable	DMEM	MERFISH	faber_est_suae_quisque_fortunae	pace_tua	Water	scientiae_cedit_mare	scientia_imperii_decus_et_tutamen
NonDICOMpathologyImages	CDS-IMAGE-169188	CDS-NonDICOMpathologyImages-839506	Forceps Biopsy	Tissue	Poloxamer	PBS+Serum	MERFISH	haec_olim_meminisse_iuvabit	id_quod_plerumque_accidit	Water	cacatum_non_est_pictum	Gallia_est_omnis_divisa_in_partes_tres
NonDICOMpathologyImages	CDS-IMAGE-280105	CDS-NonDICOMpathologyImages-394041	Sentinel node biopsy	Recurrent	Poloxamer	None	MxIF	faber_est_suae_quisque_fortunae	haec_olim_meminisse_iuvabit	Multi	e_causa_ignota	nanos_gigantum_humeris_insidentes
NonDICOMpathologyImages	CDS-IMAGE-464262	CDS-NonDICOMpathologyImages-277014	Not applicable	Tumor post-adjuvant therapy	Formalin	PBS+Serum	mIHC	O_Tite_tute_Tati_tibi_tanta_tyranne_tulisti	a_bene_placito	Water	cacatum_non_est_pictum	Macte_animo_Generose_puer_sic_itur_ad_astra
NonDICOMpathologyImages	CDS-IMAGE-369886	CDS-NonDICOMpathologyImages-215922	Punch biopsy	Tumor post-neoadjuvant therapy	Alcohol	RPMI+Serum	SABER	barba_crescit_caput_nescit	damnant_quod_non_intellegunt	Water	labor_ipse_voluptas	a_bene_placito
NonDICOMpathologyImages	CDS-IMAGE-283244	CDS-NonDICOMpathologyImages-279970	Not specified	Tumor post-adjuvant therapy	Not applicable	None	CyCIF	nanos_gigantum_humeris_insidentes	a_bene_placito	Other	scientia_et_labor	nanos_gigantum_humeris_insidentes
NonDICOMpathologyImages	CDS-IMAGE-844835	CDS-NonDICOMpathologyImages-711479	Other	Normal adjacent	TCL Lysis Buffer	PBS+Serum	GeoMX-DSP	O_Tite_tute_Tati_tibi_tanta_tyranne_tulisti	barba_crescit_caput_nescit	Water	damnant_quod_non_intellegunt	imperium_in_imperio
NonDICOMpathologyImages	CDS-IMAGE-694041	CDS-NonDICOMpathologyImages-552666	Forceps Biopsy	Tumor post-therapy	NP40 Lysis Buffer	DMEM	CODEX	labor_ipse_voluptas	sapiens_qui_prospicit	Glycerol	sapiens_qui_prospicit	pace_tua
NonDICOMpathologyImages	CDS-IMAGE-689905	CDS-NonDICOMpathologyImages-306633	Excisional Biopsy	Not reported	Carbodiimide	PBS+Serum	mIHC	haec_olim_meminisse_iuvabit	Obedientia_civium_urbis_felicitas	Air	scientia_et_labor	barba_crescit_caput_nescit
NonDICOMpathologyImages	CDS-IMAGE-526007	CDS-NonDICOMpathologyImages-823086	Other	Local recurrence	Formalin	None	MIBI	scientia_imperii_decus_et_tutamen	scientia,_aere_perennius	Multi	id_quod_plerumque_accidit	scientia,_aere_perennius
NonDICOMpathologyImages	CDS-IMAGE-488316	CDS-NonDICOMpathologyImages-457515	Sentinel node biopsy	Tumor post-therapy	Carnoy's Solution	DMEM	CODEX	O_Tite_tute_Tati_tibi_tanta_tyranne_tulisti	O_Tite_tute_Tati_tibi_tanta_tyranne_tulisti	Air	id_quod_plerumque_accidit	scientia,_aere_perennius
NonDICOMpathologyImages	CDS-IMAGE-336280	CDS-NonDICOMpathologyImages-686727	Forceps Biopsy	Normal	Dimethylacetamide	DMEM	IMC	haec_olim_meminisse_iuvabit	haec_olim_meminisse_iuvabit	Water	damnant_quod_non_intellegunt	scientia,_aere_perennius
NonDICOMpathologyImages	CDS-IMAGE-509933	CDS-NonDICOMpathologyImages-687670	Sentinel node biopsy	Tumor specimen from de novo untreated malignancy of the bladder	TCL Lysis Buffer	DMEM+Serum	SABER	scientia_imperii_decus_et_tutamen	barba_crescit_caput_nescit	Air	nanos_gigantum_humeris_insidentes	Gallia_est_omnis_divisa_in_partes_tres
NonDICOMpathologyImages	CDS-IMAGE-182794	CDS-NonDICOMpathologyImages-732459	Autopsy	Recurrent	Unknown	DMEM+Serum	MxIF	haec_olim_meminisse_iuvabit	id_quod_plerumque_accidit	Oil	O_Tite_tute_Tati_tibi_tanta_tyranne_tulisti	a_bene_placito
NonDICOMpathologyImages	CDS-IMAGE-104968	CDS-NonDICOMpathologyImages-918077	Autopsy	Metastatic	PAXgene Tissue	RPMI+Serum	IMC	nanos_gigantum_humeris_insidentes	labor_ipse_voluptas	Oil	pace_tua	nascentes_morimur_finisque_ab_origine_pendet
NonDICOMpathologyImages	CDS-IMAGE-690557	CDS-NonDICOMpathologyImages-400818	Blood draw	Premalignant - in situ	None	RPMI+Serum	H&E	nascentes_morimur_finisque_ab_origine_pendet	scientia_et_sapientia	Glycerol	nascentes_morimur_finisque_ab_origine_pendet	Obedientia_civium_urbis_felicitas
NonDICOMpathologyImages	CDS-IMAGE-865143	CDS-NonDICOMpathologyImages-441947	Re-excision	Xenograft	Glutaraldehyde	DMEM	Not Applicable	damnant_quod_non_intellegunt	e_causa_ignota	Air	labor_ipse_voluptas	Gallia_est_omnis_divisa_in_partes_tres
NonDICOMpathologyImages	CDS-IMAGE-705810	CDS-NonDICOMpathologyImages-954427	Shave biopsy	Normal	Methacarn	RPMI+Serum	ExSeq	saltus_in_demonstrando	damnant_quod_non_intellegunt	Glycerol	scientiae_et_patriae	O_Tite_tute_Tati_tibi_tanta_tyranne_tulisti
NonDICOMpathologyImages	CDS-IMAGE-999547	CDS-NonDICOMpathologyImages-374115	Core needle biopsy	Tumor post-therapy	Saline	PBS+Serum	GeoMX-DSP	scientiae_cedit_mare	sapiens_qui_prospicit	Oil	haec_olim_meminisse_iuvabit	labor_ipse_voluptas
NonDICOMpathologyImages	CDS-IMAGE-433230	CDS-NonDICOMpathologyImages-989674	Sentinel node biopsy	Primary	Acetone	RPMI+Serum	GeoMX-DSP	barba_crescit_caput_nescit	scientiae_cedit_mare	Glycerol	scientia_et_sapientia	scientiae_cedit_mare
NonDICOMpathologyImages	CDS-IMAGE-646852	CDS-NonDICOMpathologyImages-941805	Lymphadenectomy (regional nodes)	Premalignant	Other	RPMI+Serum	MERFISH	nascentes_morimur_finisque_ab_origine_pendet	Gallia_est_omnis_divisa_in_partes_tres	Other	haec_olim_meminisse_iuvabit	scientiae_et_patriae
NonDICOMpathologyImages	CDS-IMAGE-959793	CDS-NonDICOMpathologyImages-411148	Not reported	Recurrent	Not applicable	RPMI+Serum	t-CyCIF	damnant_quod_non_intellegunt	scientia_imperii_decus_et_tutamen	Water	Gallia_est_omnis_divisa_in_partes_tres	cacatum_non_est_pictum
NonDICOMpathologyImages	CDS-IMAGE-497095	CDS-NonDICOMpathologyImages-137061	Surgical Resection	Additional Primary	Alcohol	PBS+Serum	CyCIF	scientia_et_labor	saltus_in_demonstrando	Other	cacatum_non_est_pictum	haec_olim_meminisse_iuvabit
NonDICOMpathologyImages	CDS-IMAGE-578594	CDS-NonDICOMpathologyImages-635037	Pancreaticoduodenectomy	Not reported	Dimethylacetamide	DMEM+Serum	Not Applicable	haec_olim_meminisse_iuvabit	pace_tua	Oil	pace_tua	haec_olim_meminisse_iuvabit
NonDICOMpathologyImages	CDS-IMAGE-580804	CDS-NonDICOMpathologyImages-359324	Unknown	Tumor post-adjuvant therapy	TCL Lysis Buffer	PBS+Serum	t-CyCIF	faber_est_suae_quisque_fortunae	O_Tite_tute_Tati_tibi_tanta_tyranne_tulisti	Air	sapiens_qui_prospicit	O_Tite_tute_Tati_tibi_tanta_tyranne_tulisti
NonDICOMpathologyImages	CDS-IMAGE-430658	CDS-NonDICOMpathologyImages-113994	Not reported	Tumor post-therapy	None	DMEM+Serum	H&E	nanos_gigantum_humeris_insidentes	a_bene_placito	Water	Obedientia_civium_urbis_felicitas	scientiae_et_patriae
NonDICOMpathologyImages	CDS-IMAGE-483717	CDS-NonDICOMpathologyImages-880659	Punch biopsy	Normal distant	Dimethylacetamide	PBS+Serum	Not Applicable	faber_est_suae_quisque_fortunae	Macte_animo_Generose_puer_sic_itur_ad_astra	Water	saltus_in_demonstrando	scientiae_et_patriae
NonDICOMpathologyImages	CDS-IMAGE-976671	CDS-NonDICOMpathologyImages-758961	Other	Not reported	Alcohol	PBS+Serum	t-CyCIF	pace_tua	pace_tua	Other	scientiae_et_patriae	nanos_gigantum_humeris_insidentes
NonDICOMpathologyImages	CDS-IMAGE-211966	CDS-NonDICOMpathologyImages-606998	Unknown	Local recurrence	None	DMEM+Serum	GeoMX-DSP	salus_in_arduis	saltus_in_demonstrando	Oil	scientia_imperii_decus_et_tutamen	cacatum_non_est_pictum
NonDICOMpathologyImages	CDS-IMAGE-418366	CDS-NonDICOMpathologyImages-612687	Not specified	Not applicable	Dimethylacetamide	RPMI+Serum	SABER	imperium_in_imperio	O_Tite_tute_Tati_tibi_tanta_tyranne_tulisti	Air	e_causa_ignota	sapiens_qui_prospicit
NonDICOMpathologyImages	CDS-IMAGE-204910	CDS-NonDICOMpathologyImages-963186	Not reported	Tumor post-adjuvant therapy	None	PBS+Serum	MERFISH	a_bene_placito	labor_ipse_voluptas	Other	O_Tite_tute_Tati_tibi_tanta_tyranne_tulisti	faber_est_suae_quisque_fortunae
NonDICOMpathologyImages	CDS-IMAGE-613946	CDS-NonDICOMpathologyImages-424710	Lymphadenectomy (regional nodes)	Tumor post-therapy	Unknown	None	ExSeq	Macte_animo_Generose_puer_sic_itur_ad_astra	haec_olim_meminisse_iuvabit	Air	e_causa_ignota	imperium_in_imperio
NonDICOMpathologyImages	CDS-IMAGE-915844	CDS-NonDICOMpathologyImages-520374	Not applicable	Not reported	95% Ethanol	PBS+Serum	Not Applicable	scientia_imperii_decus_et_tutamen	barba_crescit_caput_nescit	Multi	O_Tite_tute_Tati_tibi_tanta_tyranne_tulisti	labor_ipse_voluptas
NonDICOMpathologyImages	CDS-IMAGE-493332	CDS-NonDICOMpathologyImages-943791	Surgical Resection	Metastatic	Carbodiimide	PBS+Serum	IHC	nanos_gigantum_humeris_insidentes	Macte_animo_Generose_puer_sic_itur_ad_astra	Glycerol	imperium_in_imperio	scientia_et_labor
NonDICOMpathologyImages	CDS-IMAGE-508779	CDS-NonDICOMpathologyImages-880400	Excisional Biopsy	Normal adjacent	Unknown	PBS+Serum	MxIF	saltus_in_demonstrando	scientia_et_sapientia	Oil	Gallia_est_omnis_divisa_in_partes_tres	O_Tite_tute_Tati_tibi_tanta_tyranne_tulisti
NonDICOMpathologyImages	CDS-IMAGE-336262	CDS-NonDICOMpathologyImages-423820	Incisional Biopsy	Premalignant	Carnoy's Solution	DMEM	IHC	pace_tua	salus_in_arduis	Glycerol	scientia_et_labor	Obedientia_civium_urbis_felicitas
NonDICOMpathologyImages	CDS-IMAGE-998718	CDS-NonDICOMpathologyImages-899725	Surgical Resection	Additional Primary	PAXgene Tissue	RPMI+Serum	CODEX	nanos_gigantum_humeris_insidentes	sapiens_qui_prospicit	Multi	haec_olim_meminisse_iuvabit	Obedientia_civium_urbis_felicitas
NonDICOMpathologyImages	CDS-IMAGE-989668	CDS-NonDICOMpathologyImages-864469	Pancreaticoduodenectomy	Local recurrence	Carbodiimide	DMEM+Serum	MxIF	id_quod_plerumque_accidit	faber_est_suae_quisque_fortunae	Other	nanos_gigantum_humeris_insidentes	scientia_et_labor
NonDICOMpathologyImages	CDS-IMAGE-705494	CDS-NonDICOMpathologyImages-628709	Other	Tumor specimen from de novo untreated malignancy of the bladder	CryoStor	PBS+Serum	t-CyCIF	haec_olim_meminisse_iuvabit	scientia_et_sapientia	Oil	labor_ipse_voluptas	O_Tite_tute_Tati_tibi_tanta_tyranne_tulisti
NonDICOMpathologyImages	CDS-IMAGE-483946	CDS-NonDICOMpathologyImages-355197	Lymphadenectomy (regional nodes)	Atypia or hyperplasia	None	PBS+Serum	IMC	nascentes_morimur_finisque_ab_origine_pendet	labor_ipse_voluptas	Multi	nanos_gigantum_humeris_insidentes	scientia_et_sapientia
NonDICOMpathologyImages	CDS-IMAGE-800565	CDS-NonDICOMpathologyImages-461978	Shave biopsy	Primary	Saline	DMEM+Serum	MIBI	nanos_gigantum_humeris_insidentes	Gallia_est_omnis_divisa_in_partes_tres	Water	scientiae_et_patriae	labor_ipse_voluptas
NonDICOMpathologyImages	CDS-IMAGE-204439	CDS-NonDICOMpathologyImages-433460	Surgical Resection	Normal distant	Carbodiimide	RPMI+Serum	IHC	Obedientia_civium_urbis_felicitas	imperium_in_imperio	Air	e_causa_ignota	scientia_et_labor
NonDICOMpathologyImages	CDS-IMAGE-707630	CDS-NonDICOMpathologyImages-303646	Fine needle aspirate	Xenograft	PAXgene Tissue	RPMI+Serum	IMC	labor_ipse_voluptas	faber_est_suae_quisque_fortunae	Glycerol	sapiens_qui_prospicit	id_quod_plerumque_accidit
NonDICOMpathologyImages	CDS-IMAGE-911207	CDS-NonDICOMpathologyImages-175390	Autopsy	Local recurrence	None	DMEM+Serum	CyCIF	scientia_et_labor	scientia_imperii_decus_et_tutamen	Other	e_causa_ignota	scientia_imperii_decus_et_tutamen
NonDICOMpathologyImages	CDS-IMAGE-876995	CDS-NonDICOMpathologyImages-449664	Forceps Biopsy	Tumor post-neoadjuvant therapy	Poloxamer	DMEM	MxIF	scientia_et_labor	scientia_imperii_decus_et_tutamen	Water	labor_ipse_voluptas	a_bene_placito
NonDICOMpathologyImages	CDS-IMAGE-532011	CDS-NonDICOMpathologyImages-132089	Pancreaticoduodenectomy	Tumor post-therapy	Not applicable	PBS+Serum	GeoMX-DSP	cacatum_non_est_pictum	labor_ipse_voluptas	Other	scientia_et_sapientia	salus_in_arduis
NonDICOMpathologyImages	CDS-IMAGE-575011	CDS-NonDICOMpathologyImages-672494	Autopsy	Normal	95% Ethanol	PBS+Serum	mIHC	scientia_imperii_decus_et_tutamen	imperium_in_imperio	Glycerol	nanos_gigantum_humeris_insidentes	barba_crescit_caput_nescit
NonDICOMpathologyImages	CDS-IMAGE-977087	CDS-NonDICOMpathologyImages-408579	Incisional Biopsy	Local recurrence	TCL Lysis Buffer	PBS+Serum	CODEX	Obedientia_civium_urbis_felicitas	a_bene_placito	Oil	haec_olim_meminisse_iuvabit	Obedientia_civium_urbis_felicitas
NonDICOMpathologyImages	CDS-IMAGE-542414	CDS-NonDICOMpathologyImages-312760	Core needle biopsy	Tumor post-therapy	Carnoy's Solution	RPMI+Serum	CyCIF	e_causa_ignota	imperium_in_imperio	Multi	scientia,_aere_perennius	scientiae_cedit_mare
NonDICOMpathologyImages	CDS-IMAGE-451859	CDS-NonDICOMpathologyImages-245149	Surgical Resection	Atypia or hyperplasia	Saline	PBS+Serum	MERFISH	nanos_gigantum_humeris_insidentes	O_Tite_tute_Tati_tibi_tanta_tyranne_tulisti	Multi	scientia_et_labor	Gallia_est_omnis_divisa_in_partes_tres
NonDICOMpathologyImages	CDS-IMAGE-859522	CDS-NonDICOMpathologyImages-331766	Incisional Biopsy	Tumor post-neoadjuvant therapy	95% Ethanol	None	MERFISH	haec_olim_meminisse_iuvabit	nascentes_morimur_finisque_ab_origine_pendet	Glycerol	labor_ipse_voluptas	O_Tite_tute_Tati_tibi_tanta_tyranne_tulisti
NonDICOMpathologyImages	CDS-IMAGE-423935	CDS-NonDICOMpathologyImages-766708	Forceps Biopsy	Local recurrence	TCL Lysis Buffer	DMEM	Not Applicable	scientia_et_labor	salus_in_arduis	Oil	nanos_gigantum_humeris_insidentes	scientia_et_labor
NonDICOMpathologyImages	CDS-IMAGE-119908	CDS-NonDICOMpathologyImages-198924	Excisional Biopsy	Primary	Not applicable	DMEM+Serum	GeoMX-DSP	id_quod_plerumque_accidit	scientia,_aere_perennius	Other	Obedientia_civium_urbis_felicitas	nascentes_morimur_finisque_ab_origine_pendet
NonDICOMpathologyImages	CDS-IMAGE-415334	CDS-NonDICOMpathologyImages-985799	Punch biopsy	Normal distant	95% Ethanol	None	IHC	nascentes_morimur_finisque_ab_origine_pendet	cacatum_non_est_pictum	Water	labor_ipse_voluptas	damnant_quod_non_intellegunt
NonDICOMpathologyImages	CDS-IMAGE-700211	CDS-NonDICOMpathologyImages-615844	Surgical Resection	Not reported	Poloxamer	DMEM	IMC	O_Tite_tute_Tati_tibi_tanta_tyranne_tulisti	nascentes_morimur_finisque_ab_origine_pendet	Other	salus_in_arduis	barba_crescit_caput_nescit
NonDICOMpathologyImages	CDS-IMAGE-528193	CDS-NonDICOMpathologyImages-566701	Surgical Resection	Not applicable	CryoStor	None	t-CyCIF	faber_est_suae_quisque_fortunae	a_bene_placito	Glycerol	imperium_in_imperio	scientiae_et_patriae
NonDICOMpathologyImages	CDS-IMAGE-244090	CDS-NonDICOMpathologyImages-205560	Excisional Biopsy	Unknown	Unknown	RPMI+Serum	ExSeq	Obedientia_civium_urbis_felicitas	scientiae_cedit_mare	Oil	e_causa_ignota	salus_in_arduis
NonDICOMpathologyImages	CDS-IMAGE-146042	CDS-NonDICOMpathologyImages-183527	Sentinel node biopsy	NOS	CryoStor	PBS+Serum	IHC	saltus_in_demonstrando	id_quod_plerumque_accidit	Oil	faber_est_suae_quisque_fortunae	O_Tite_tute_Tati_tibi_tanta_tyranne_tulisti
NonDICOMpathologyImages	CDS-IMAGE-714275	CDS-NonDICOMpathologyImages-793767	Other	NOS	NP40 Lysis Buffer	DMEM	IHC	Macte_animo_Generose_puer_sic_itur_ad_astra	Obedientia_civium_urbis_felicitas	Multi	scientiae_et_patriae	haec_olim_meminisse_iuvabit
NonDICOMpathologyImages	CDS-IMAGE-581296	CDS-NonDICOMpathologyImages-847264	Lymphadenectomy (regional nodes)	Normal	Carbodiimide	DMEM	CODEX	id_quod_plerumque_accidit	nascentes_morimur_finisque_ab_origine_pendet	Other	a_bene_placito	sapiens_qui_prospicit
NonDICOMpathologyImages	CDS-IMAGE-169775	CDS-NonDICOMpathologyImages-181743	Other	Additional Primary	95% Ethanol	RPMI+Serum	GeoMX-DSP	Obedientia_civium_urbis_felicitas	Gallia_est_omnis_divisa_in_partes_tres	Water	sapiens_qui_prospicit	scientia,_aere_perennius
NonDICOMpathologyImages	CDS-IMAGE-206235	CDS-NonDICOMpathologyImages-411628	Punch biopsy	Recurrent	Diimidoester	None	t-CyCIF	labor_ipse_voluptas	Gallia_est_omnis_divisa_in_partes_tres	Other	nascentes_morimur_finisque_ab_origine_pendet	labor_ipse_voluptas
NonDICOMpathologyImages	CDS-IMAGE-787556	CDS-NonDICOMpathologyImages-505723	Not specified	Normal	Diimidoester	None	mIHC	cacatum_non_est_pictum	barba_crescit_caput_nescit	Water	barba_crescit_caput_nescit	id_quod_plerumque_accidit
NonDICOMpathologyImages	CDS-IMAGE-183746	CDS-NonDICOMpathologyImages-996283	Sentinel node biopsy	Premalignant	Diimidoester	RPMI+Serum	MERFISH	cacatum_non_est_pictum	scientiae_et_patriae	Other	salus_in_arduis	Obedientia_civium_urbis_felicitas
NonDICOMpathologyImages	CDS-IMAGE-179905	CDS-NonDICOMpathologyImages-581270	Excisional Biopsy	Premalignant	Glutaraldehyde	PBS+Serum	CyCIF	e_causa_ignota	scientia_imperii_decus_et_tutamen	Air	a_bene_placito	e_causa_ignota
NonDICOMpathologyImages	CDS-IMAGE-996040	CDS-NonDICOMpathologyImages-386122	Pancreaticoduodenectomy	Tumor post-therapy	Unknown	DMEM+Serum	MIBI	e_causa_ignota	labor_ipse_voluptas	Water	Obedientia_civium_urbis_felicitas	faber_est_suae_quisque_fortunae
NonDICOMpathologyImages	CDS-IMAGE-573930	CDS-NonDICOMpathologyImages-223189	Not applicable	Tumor post-adjuvant therapy	Not applicable	DMEM+Serum	CyCIF	scientia_imperii_decus_et_tutamen	Macte_animo_Generose_puer_sic_itur_ad_astra	Multi	nascentes_morimur_finisque_ab_origine_pendet	scientia_et_sapientia
NonDICOMpathologyImages	CDS-IMAGE-574997	CDS-NonDICOMpathologyImages-489704	Not specified	Normal distant	TCL Lysis Buffer	RPMI+Serum	GeoMX-DSP	nanos_gigantum_humeris_insidentes	sapiens_qui_prospicit	Other	a_bene_placito	haec_olim_meminisse_iuvabit
NonDICOMpathologyImages	CDS-IMAGE-811509	CDS-NonDICOMpathologyImages-450992	Punch biopsy	Unknown	Formalin	RPMI+Serum	H&E	nanos_gigantum_humeris_insidentes	imperium_in_imperio	Multi	labor_ipse_voluptas	sapiens_qui_prospicit
NonDICOMpathologyImages	CDS-IMAGE-410223	CDS-NonDICOMpathologyImages-329858	Not specified	Primary	OCT media	DMEM	mIHC	scientia_et_sapientia	barba_crescit_caput_nescit	Air	labor_ipse_voluptas	scientiae_et_patriae
NonDICOMpathologyImages	CDS-IMAGE-224546	CDS-NonDICOMpathologyImages-990859	Sentinel node biopsy	Normal distant	Carnoy's Solution	RPMI+Serum	CODEX	nascentes_morimur_finisque_ab_origine_pendet	e_causa_ignota	Other	sapiens_qui_prospicit	Gallia_est_omnis_divisa_in_partes_tres
NonDICOMpathologyImages	CDS-IMAGE-484442	CDS-NonDICOMpathologyImages-968707	Other	Unknown	Poloxamer	DMEM	t-CyCIF	imperium_in_imperio	faber_est_suae_quisque_fortunae	Multi	saltus_in_demonstrando	Macte_animo_Generose_puer_sic_itur_ad_astra
NonDICOMpathologyImages	CDS-IMAGE-975691	CDS-NonDICOMpathologyImages-888977	Other	Tumor specimen from de novo untreated malignancy of the bladder	TCL Lysis Buffer	DMEM	mIHC	nanos_gigantum_humeris_insidentes	scientiae_cedit_mare	Multi	imperium_in_imperio	scientia_et_labor
NonDICOMpathologyImages	CDS-IMAGE-745497	CDS-NonDICOMpathologyImages-551973	Core needle biopsy	Not reported	Formalin	None	t-CyCIF	scientia,_aere_perennius	faber_est_suae_quisque_fortunae	Other	id_quod_plerumque_accidit	labor_ipse_voluptas
NonDICOMpathologyImages	CDS-IMAGE-751187	CDS-NonDICOMpathologyImages-946643	Punch biopsy	Tissue	Poloxamer	RPMI+Serum	MIBI	scientiae_cedit_mare	id_quod_plerumque_accidit	Multi	saltus_in_demonstrando	haec_olim_meminisse_iuvabit
NonDICOMpathologyImages	CDS-IMAGE-260886	CDS-NonDICOMpathologyImages-743856	Not specified	Primary	Acetone	PBS+Serum	IHC	faber_est_suae_quisque_fortunae	labor_ipse_voluptas	Oil	scientia_et_labor	Gallia_est_omnis_divisa_in_partes_tres
NonDICOMpathologyImages	CDS-IMAGE-718034	CDS-NonDICOMpathologyImages-159602	Not reported	Normal distant	NP40 Lysis Buffer	RPMI+Serum	ExSeq	saltus_in_demonstrando	imperium_in_imperio	Multi	e_causa_ignota	imperium_in_imperio
NonDICOMpathologyImages	CDS-IMAGE-891235	CDS-NonDICOMpathologyImages-443133	Not applicable	Not applicable	Para-benzoquinone	PBS+Serum	SABER	damnant_quod_non_intellegunt	scientia_et_sapientia	Multi	salus_in_arduis	scientiae_cedit_mare
NonDICOMpathologyImages	CDS-IMAGE-861288	CDS-NonDICOMpathologyImages-404848	Re-excision	Unknown	Poloxamer	PBS+Serum	t-CyCIF	labor_ipse_voluptas	Gallia_est_omnis_divisa_in_partes_tres	Other	labor_ipse_voluptas	imperium_in_imperio
NonDICOMpathologyImages	CDS-IMAGE-681719	CDS-NonDICOMpathologyImages-262073	Punch biopsy	Unknown	Not recorded	DMEM+Serum	MxIF	Gallia_est_omnis_divisa_in_partes_tres	sapiens_qui_prospicit	Glycerol	O_Tite_tute_Tati_tibi_tanta_tyranne_tulisti	barba_crescit_caput_nescit
NonDICOMpathologyImages	CDS-IMAGE-882990	CDS-NonDICOMpathologyImages-804576	Fine needle aspirate	Premalignant	Unknown	None	CyCIF	faber_est_suae_quisque_fortunae	faber_est_suae_quisque_fortunae	Water	scientiae_cedit_mare	nanos_gigantum_humeris_insidentes
NonDICOMpathologyImages	CDS-IMAGE-620410	CDS-NonDICOMpathologyImages-805723	Punch biopsy	Local recurrence	Methacarn	PBS+Serum	IHC	nanos_gigantum_humeris_insidentes	Macte_animo_Generose_puer_sic_itur_ad_astra	Water	pace_tua	id_quod_plerumque_accidit
NonDICOMpathologyImages	CDS-IMAGE-188641	CDS-NonDICOMpathologyImages-700616	Forceps Biopsy	Additional Primary	Unknown	DMEM+Serum	ExSeq	sapiens_qui_prospicit	scientia,_aere_perennius	Air	sapiens_qui_prospicit	Gallia_est_omnis_divisa_in_partes_tres
NonDICOMpathologyImages	CDS-IMAGE-302946	CDS-NonDICOMpathologyImages-153841	Lymphadenectomy (regional nodes)	Tumor specimen from de novo untreated malignancy of the bladder	OCT media	DMEM	CyCIF	Macte_animo_Generose_puer_sic_itur_ad_astra	pace_tua	Multi	id_quod_plerumque_accidit	scientiae_et_patriae
NonDICOMpathologyImages	CDS-IMAGE-545680	CDS-NonDICOMpathologyImages-896327	Not specified	Atypia or hyperplasia	Glutaraldehyde	DMEM	ExSeq	scientia_et_labor	saltus_in_demonstrando	Other	a_bene_placito	faber_est_suae_quisque_fortunae
NonDICOMpathologyImages	CDS-IMAGE-696888	CDS-NonDICOMpathologyImages-385042	Pancreaticoduodenectomy	Normal distant	None	DMEM+Serum	CODEX	cacatum_non_est_pictum	faber_est_suae_quisque_fortunae	Other	salus_in_arduis	sapiens_qui_prospicit
