type	image.study_link_id	NonDICOMpathologyImages_id	acquisition_method_type	tumor_tissue_type	tissue_fixative	embedding_medium	staining_method	objective	nominal_magnification	immersion	lens_numerical_aperture	crdc_id
NonDICOMpathologyImages	GC-IMAGE-752120	GC-NonDICOMpathologyImages-646655	Pancreaticoduodenectomy	Premalignant - in situ	PAXgene Tissue	Fresh Dissociated	t-CyCIF	haec_olim_meminisse_iuvabit	pace_tua	Other	id_quod_plerumque_accidit	nascentes_morimur_finisque_ab_origine_pendet
NonDICOMpathologyImages	GC-IMAGE-454505	GC-NonDICOMpathologyImages-524796	Sentinel node biopsy	Additional Primary	Formalin	Snap Frozen	ExSeq	scientia,_aere_perennius	damnant_quod_non_intellegunt	Oil	scientiae_et_patriae	labor_ipse_voluptas
NonDICOMpathologyImages	GC-IMAGE-858271	GC-NonDICOMpathologyImages-270166	Punch biopsy	Normal	None	Liquid Nitrogen	Not Applicable	barba_crescit_caput_nescit	faber_est_suae_quisque_fortunae	Air	scientiae_cedit_mare	faber_est_suae_quisque_fortunae
NonDICOMpathologyImages	GC-IMAGE-912797	GC-NonDICOMpathologyImages-857035	Punch biopsy	Tumor specimen from de novo untreated malignancy of the bladder	Poloxamer	Snap Frozen	CyCIF	scientiae_cedit_mare	salus_in_arduis	Air	barba_crescit_caput_nescit	Gallia_est_omnis_divisa_in_partes_tres
NonDICOMpathologyImages	GC-IMAGE-975280	GC-NonDICOMpathologyImages-874081	Not specified	Tumor specimen from de novo untreated malignancy of the bladder	Dimethylacetamide	-20 degrees C	Not Applicable	sapiens_qui_prospicit	cacatum_non_est_pictum	Glycerol	Macte_animo_Generose_puer_sic_itur_ad_astra	pace_tua
NonDICOMpathologyImages	GC-IMAGE-436874	GC-NonDICOMpathologyImages-497863	Sentinel node biopsy	Tumor specimen from de novo untreated malignancy of the bladder	RNAlater	Cytospin Slide	SABER	Gallia_est_omnis_divisa_in_partes_tres	barba_crescit_caput_nescit	Air	pace_tua	barba_crescit_caput_nescit
NonDICOMpathologyImages	GC-IMAGE-882264	GC-NonDICOMpathologyImages-568289	Not applicable	Recurrent	CryoStor	Fresh Dissociated and Single Cell Sorted	CyCIF	scientia_et_sapientia	scientia_imperii_decus_et_tutamen	Multi	scientia_imperii_decus_et_tutamen	scientia_et_labor
NonDICOMpathologyImages	GC-IMAGE-265468	GC-NonDICOMpathologyImages-654257	Not reported	Not applicable	Other	Unknown	MIBI	saltus_in_demonstrando	scientia_et_labor	Oil	faber_est_suae_quisque_fortunae	id_quod_plerumque_accidit
NonDICOMpathologyImages	GC-IMAGE-591422	GC-NonDICOMpathologyImages-252717	Core needle biopsy	Primary	Formalin	Isopentane	IHC	cacatum_non_est_pictum	scientia,_aere_perennius	Oil	nascentes_morimur_finisque_ab_origine_pendet	O_Tite_tute_Tati_tibi_tanta_tyranne_tulisti
NonDICOMpathologyImages	GC-IMAGE-573919	GC-NonDICOMpathologyImages-235049	Forceps Biopsy	Local recurrence	Unknown	Formalin Fixed - Buffered	mIHC	scientia_imperii_decus_et_tutamen	saltus_in_demonstrando	Air	scientia,_aere_perennius	nascentes_morimur_finisque_ab_origine_pendet
NonDICOMpathologyImages	GC-IMAGE-992039	GC-NonDICOMpathologyImages-333730	Blood draw	Premalignant	Methacarn	TRIzol	H&E	a_bene_placito	pace_tua	Glycerol	scientia_et_sapientia	nanos_gigantum_humeris_insidentes
NonDICOMpathologyImages	GC-IMAGE-303270	GC-NonDICOMpathologyImages-571320	Fine needle aspirate	Metastatic	Dimethylacetamide	Fresh Dissociated and Single Cell Sorted	MERFISH	nascentes_morimur_finisque_ab_origine_pendet	labor_ipse_voluptas	Multi	saltus_in_demonstrando	Obedientia_civium_urbis_felicitas
NonDICOMpathologyImages	GC-IMAGE-309035	GC-NonDICOMpathologyImages-838931	Incisional Biopsy	Tissue	Formalin	Snap Frozen	MxIF	O_Tite_tute_Tati_tibi_tanta_tyranne_tulisti	sapiens_qui_prospicit	Oil	pace_tua	imperium_in_imperio
NonDICOMpathologyImages	GC-IMAGE-721272	GC-NonDICOMpathologyImages-986174	Surgical Resection	Not reported	CryoStor	Fresh Dissociated and Single Cell Sorted	CODEX	saltus_in_demonstrando	e_causa_ignota	Other	O_Tite_tute_Tati_tibi_tanta_tyranne_tulisti	barba_crescit_caput_nescit
NonDICOMpathologyImages	GC-IMAGE-801694	GC-NonDICOMpathologyImages-100737	Unknown	Not reported	Formalin	Cytospin Slide	MIBI	damnant_quod_non_intellegunt	a_bene_placito	Oil	Macte_animo_Generose_puer_sic_itur_ad_astra	Macte_animo_Generose_puer_sic_itur_ad_astra
NonDICOMpathologyImages	GC-IMAGE-796793	GC-NonDICOMpathologyImages-339383	Punch biopsy	Premalignant - in situ	Dimethylacetamide	Cryopreserved	H&E	scientia_imperii_decus_et_tutamen	scientia_imperii_decus_et_tutamen	Glycerol	a_bene_placito	pace_tua
NonDICOMpathologyImages	GC-IMAGE-224092	GC-NonDICOMpathologyImages-411659	Unknown	Tumor post-adjuvant therapy	Poloxamer	Isopentane	Not Applicable	a_bene_placito	cacatum_non_est_pictum	Water	nanos_gigantum_humeris_insidentes	labor_ipse_voluptas
NonDICOMpathologyImages	GC-IMAGE-876327	GC-NonDICOMpathologyImages-635409	Surgical Resection	Premalignant	Carbodiimide	Fresh Dissociated and Single Cell Sorted into Plates	IMC	pace_tua	sapiens_qui_prospicit	Air	haec_olim_meminisse_iuvabit	salus_in_arduis
NonDICOMpathologyImages	GC-IMAGE-581984	GC-NonDICOMpathologyImages-169496	Core needle biopsy	Not applicable	Glutaraldehyde	Cryopreserved	CODEX	faber_est_suae_quisque_fortunae	damnant_quod_non_intellegunt	Glycerol	scientia_et_sapientia	scientia_et_labor
NonDICOMpathologyImages	GC-IMAGE-806057	GC-NonDICOMpathologyImages-289409	Lymphadenectomy (regional nodes)	Local recurrence	Alcohol	Unknown	MIBI	Gallia_est_omnis_divisa_in_partes_tres	nascentes_morimur_finisque_ab_origine_pendet	Glycerol	imperium_in_imperio	damnant_quod_non_intellegunt
NonDICOMpathologyImages	GC-IMAGE-971458	GC-NonDICOMpathologyImages-275538	Unknown	Premalignant - in situ	Para-benzoquinone	Isopentane	Not Applicable	nanos_gigantum_humeris_insidentes	scientia_imperii_decus_et_tutamen	Air	e_causa_ignota	scientia_et_sapientia
NonDICOMpathologyImages	GC-IMAGE-615183	GC-NonDICOMpathologyImages-143572	Re-excision	NOS	Formalin	Unknown	IHC	scientia_imperii_decus_et_tutamen	scientia_et_labor	Other	scientia_et_labor	faber_est_suae_quisque_fortunae
NonDICOMpathologyImages	GC-IMAGE-595889	GC-NonDICOMpathologyImages-745392	Not applicable	Additional Primary	NP40 Lysis Buffer	EDTA	IMC	O_Tite_tute_Tati_tibi_tanta_tyranne_tulisti	nascentes_morimur_finisque_ab_origine_pendet	Oil	O_Tite_tute_Tati_tibi_tanta_tyranne_tulisti	scientia,_aere_perennius
NonDICOMpathologyImages	GC-IMAGE-670202	GC-NonDICOMpathologyImages-362013	Fine needle aspirate	Metastatic	Para-benzoquinone	-80 degrees C	IHC	cacatum_non_est_pictum	nanos_gigantum_humeris_insidentes	Water	scientia_et_labor	Obedientia_civium_urbis_felicitas
NonDICOMpathologyImages	GC-IMAGE-398084	GC-NonDICOMpathologyImages-105786	Sentinel node biopsy	Premalignant - in situ	Other	-80 degrees C	ExSeq	Obedientia_civium_urbis_felicitas	salus_in_arduis	Air	Gallia_est_omnis_divisa_in_partes_tres	scientia_et_sapientia
NonDICOMpathologyImages	GC-IMAGE-649842	GC-NonDICOMpathologyImages-535683	Unknown	Tumor specimen from de novo untreated malignancy of the bladder	Carnoy's Solution	Isopentane	MxIF	imperium_in_imperio	scientia_et_labor	Glycerol	pace_tua	imperium_in_imperio
NonDICOMpathologyImages	GC-IMAGE-953472	GC-NonDICOMpathologyImages-192643	Surgical Resection	Not reported	CryoStor	Isopentane	mIHC	scientia_et_labor	id_quod_plerumque_accidit	Oil	Obedientia_civium_urbis_felicitas	Obedientia_civium_urbis_felicitas
NonDICOMpathologyImages	GC-IMAGE-665411	GC-NonDICOMpathologyImages-460012	Not specified	Unknown	Not recorded	Cytospin Slide	IHC	salus_in_arduis	barba_crescit_caput_nescit	Oil	Obedientia_civium_urbis_felicitas	e_causa_ignota
NonDICOMpathologyImages	GC-IMAGE-511493	GC-NonDICOMpathologyImages-744063	Other	Premalignant	CryoStor	Not Applicable	Not Applicable	Gallia_est_omnis_divisa_in_partes_tres	a_bene_placito	Multi	nascentes_morimur_finisque_ab_origine_pendet	sapiens_qui_prospicit
NonDICOMpathologyImages	GC-IMAGE-443259	GC-NonDICOMpathologyImages-656005	Punch biopsy	Normal adjacent	TCL Lysis Buffer	Fresh	mIHC	pace_tua	scientia_imperii_decus_et_tutamen	Oil	O_Tite_tute_Tati_tibi_tanta_tyranne_tulisti	id_quod_plerumque_accidit
NonDICOMpathologyImages	GC-IMAGE-166923	GC-NonDICOMpathologyImages-310937	Re-excision	Premalignant - in situ	95% Ethanol	Formalin Fixed Tissue	IHC	scientiae_et_patriae	faber_est_suae_quisque_fortunae	Water	scientia_et_sapientia	Macte_animo_Generose_puer_sic_itur_ad_astra
NonDICOMpathologyImages	GC-IMAGE-169160	GC-NonDICOMpathologyImages-536628	Autopsy	Atypia or hyperplasia	Other	Formalin Fixed - Unbuffered	ExSeq	O_Tite_tute_Tati_tibi_tanta_tyranne_tulisti	O_Tite_tute_Tati_tibi_tanta_tyranne_tulisti	Other	O_Tite_tute_Tati_tibi_tanta_tyranne_tulisti	faber_est_suae_quisque_fortunae
NonDICOMpathologyImages	GC-IMAGE-875351	GC-NonDICOMpathologyImages-189970	Unknown	Tumor specimen from de novo untreated malignancy of the bladder	TCL Lysis Buffer	Not Reported	Not Applicable	nanos_gigantum_humeris_insidentes	Obedientia_civium_urbis_felicitas	Other	saltus_in_demonstrando	pace_tua
NonDICOMpathologyImages	GC-IMAGE-744481	GC-NonDICOMpathologyImages-615177	Other	Tumor post-adjuvant therapy	Carbodiimide	Fresh Dissociated and Single Cell Sorted	IHC	scientia_imperii_decus_et_tutamen	haec_olim_meminisse_iuvabit	Air	Macte_animo_Generose_puer_sic_itur_ad_astra	scientiae_cedit_mare
NonDICOMpathologyImages	GC-IMAGE-387074	GC-NonDICOMpathologyImages-873970	Not specified	Premalignant - in situ	None	Cytospin Slide	MIBI	scientia_et_sapientia	id_quod_plerumque_accidit	Other	scientia,_aere_perennius	scientiae_cedit_mare
NonDICOMpathologyImages	GC-IMAGE-433806	GC-NonDICOMpathologyImages-294098	Lymphadenectomy (regional nodes)	Tissue	Formalin	Fresh Dissociated and Single Cell Sorted	MxIF	scientia,_aere_perennius	scientia_et_sapientia	Water	barba_crescit_caput_nescit	damnant_quod_non_intellegunt
NonDICOMpathologyImages	GC-IMAGE-297717	GC-NonDICOMpathologyImages-663597	Punch biopsy	NOS	Formalin	Cryopreserved	CODEX	nascentes_morimur_finisque_ab_origine_pendet	faber_est_suae_quisque_fortunae	Oil	a_bene_placito	barba_crescit_caput_nescit
NonDICOMpathologyImages	GC-IMAGE-488980	GC-NonDICOMpathologyImages-579629	Blood draw	Atypia or hyperplasia	Methacarn	Fresh	MERFISH	saltus_in_demonstrando	scientiae_et_patriae	Multi	imperium_in_imperio	haec_olim_meminisse_iuvabit
NonDICOMpathologyImages	GC-IMAGE-246977	GC-NonDICOMpathologyImages-743458	Not reported	Normal	PAXgene Tissue	Liquid Nitrogen	Not Applicable	Gallia_est_omnis_divisa_in_partes_tres	scientia_imperii_decus_et_tutamen	Water	Gallia_est_omnis_divisa_in_partes_tres	damnant_quod_non_intellegunt
NonDICOMpathologyImages	GC-IMAGE-567275	GC-NonDICOMpathologyImages-249657	Not applicable	Metastatic	Formalin	Frozen	H&E	id_quod_plerumque_accidit	scientiae_et_patriae	Glycerol	scientia,_aere_perennius	scientia,_aere_perennius
NonDICOMpathologyImages	GC-IMAGE-925567	GC-NonDICOMpathologyImages-322591	Forceps Biopsy	Tumor post-neoadjuvant therapy	None	Liquid Nitrogen	MxIF	scientia_et_labor	damnant_quod_non_intellegunt	Multi	nanos_gigantum_humeris_insidentes	a_bene_placito
NonDICOMpathologyImages	GC-IMAGE-810924	GC-NonDICOMpathologyImages-911531	Re-excision	Premalignant - in situ	TCL Lysis Buffer	RNALater	IMC	cacatum_non_est_pictum	faber_est_suae_quisque_fortunae	Multi	haec_olim_meminisse_iuvabit	haec_olim_meminisse_iuvabit
NonDICOMpathologyImages	GC-IMAGE-987283	GC-NonDICOMpathologyImages-194327	Biopsy	Xenograft	Carbodiimide	Not Reported	CODEX	saltus_in_demonstrando	scientiae_cedit_mare	Oil	scientia,_aere_perennius	scientia,_aere_perennius
NonDICOMpathologyImages	GC-IMAGE-461975	GC-NonDICOMpathologyImages-218282	Other	Recurrent	Diimidoester	RNALater	SABER	haec_olim_meminisse_iuvabit	a_bene_placito	Multi	nascentes_morimur_finisque_ab_origine_pendet	scientiae_et_patriae
NonDICOMpathologyImages	GC-IMAGE-461652	GC-NonDICOMpathologyImages-970840	Fine needle aspirate	Unknown	Other	Cryopreserved	MIBI	Obedientia_civium_urbis_felicitas	barba_crescit_caput_nescit	Water	Gallia_est_omnis_divisa_in_partes_tres	pace_tua
NonDICOMpathologyImages	GC-IMAGE-139823	GC-NonDICOMpathologyImages-412346	Blood draw	Tumor specimen from de novo untreated malignancy of the bladder	Not recorded	Not Reported	SABER	scientiae_cedit_mare	nanos_gigantum_humeris_insidentes	Glycerol	nanos_gigantum_humeris_insidentes	scientia_et_sapientia
NonDICOMpathologyImages	GC-IMAGE-536476	GC-NonDICOMpathologyImages-540296	Punch biopsy	Metastatic	Saline	Fresh Dissociated	H&E	haec_olim_meminisse_iuvabit	sapiens_qui_prospicit	Water	Gallia_est_omnis_divisa_in_partes_tres	labor_ipse_voluptas
NonDICOMpathologyImages	GC-IMAGE-203869	GC-NonDICOMpathologyImages-129470	Incisional Biopsy	Local recurrence	Not applicable	Not Reported	H&E	saltus_in_demonstrando	a_bene_placito	Oil	barba_crescit_caput_nescit	barba_crescit_caput_nescit
NonDICOMpathologyImages	GC-IMAGE-858216	GC-NonDICOMpathologyImages-921538	Excisional Biopsy	Recurrent	Para-benzoquinone	OCT	Not Applicable	scientia_imperii_decus_et_tutamen	haec_olim_meminisse_iuvabit	Other	Gallia_est_omnis_divisa_in_partes_tres	pace_tua
NonDICOMpathologyImages	GC-IMAGE-562552	GC-NonDICOMpathologyImages-331423	Forceps Biopsy	Tissue	Carnoy's Solution	Frozen	MIBI	haec_olim_meminisse_iuvabit	Obedientia_civium_urbis_felicitas	Multi	cacatum_non_est_pictum	scientiae_cedit_mare
NonDICOMpathologyImages	GC-IMAGE-235905	GC-NonDICOMpathologyImages-341774	Lymphadenectomy (regional nodes)	Normal	Not recorded	Fresh Dissociated and Single Cell Sorted into Plates	mIHC	haec_olim_meminisse_iuvabit	scientiae_et_patriae	Air	barba_crescit_caput_nescit	nascentes_morimur_finisque_ab_origine_pendet
NonDICOMpathologyImages	GC-IMAGE-460868	GC-NonDICOMpathologyImages-898633	Lymphadenectomy (regional nodes)	Atypia or hyperplasia	Unknown	Cryopreserved	ExSeq	a_bene_placito	imperium_in_imperio	Air	cacatum_non_est_pictum	a_bene_placito
NonDICOMpathologyImages	GC-IMAGE-905092	GC-NonDICOMpathologyImages-718689	Not applicable	Not applicable	Not recorded	TRIzol	CODEX	saltus_in_demonstrando	a_bene_placito	Multi	imperium_in_imperio	scientia_et_sapientia
NonDICOMpathologyImages	GC-IMAGE-562161	GC-NonDICOMpathologyImages-870364	Unknown	Unknown	RNAlater	Fresh Dissociated and Single Cell Sorted into Plates	MIBI	sapiens_qui_prospicit	saltus_in_demonstrando	Water	saltus_in_demonstrando	cacatum_non_est_pictum
NonDICOMpathologyImages	GC-IMAGE-243533	GC-NonDICOMpathologyImages-258796	Excisional Biopsy	Normal	NP40 Lysis Buffer	Snap Frozen	IMC	labor_ipse_voluptas	saltus_in_demonstrando	Oil	haec_olim_meminisse_iuvabit	a_bene_placito
NonDICOMpathologyImages	GC-IMAGE-881213	GC-NonDICOMpathologyImages-690387	Not specified	Premalignant	None	Snap Frozen	IHC	saltus_in_demonstrando	e_causa_ignota	Air	haec_olim_meminisse_iuvabit	scientia_et_sapientia
NonDICOMpathologyImages	GC-IMAGE-971373	GC-NonDICOMpathologyImages-130224	Autopsy	Recurrent	TCL Lysis Buffer	Formalin Fixed - Buffered	t-CyCIF	scientia_imperii_decus_et_tutamen	imperium_in_imperio	Air	imperium_in_imperio	imperium_in_imperio
NonDICOMpathologyImages	GC-IMAGE-766646	GC-NonDICOMpathologyImages-660771	Lymphadenectomy (regional nodes)	Tissue	OCT media	Cytospin Slide	IMC	barba_crescit_caput_nescit	sapiens_qui_prospicit	Air	scientia_et_sapientia	a_bene_placito
NonDICOMpathologyImages	GC-IMAGE-876065	GC-NonDICOMpathologyImages-518974	Unknown	Tumor post-neoadjuvant therapy	Dimethylacetamide	Frozen	H&E	faber_est_suae_quisque_fortunae	cacatum_non_est_pictum	Air	cacatum_non_est_pictum	imperium_in_imperio
NonDICOMpathologyImages	GC-IMAGE-778424	GC-NonDICOMpathologyImages-339182	Sentinel node biopsy	Atypia or hyperplasia	Other	RNALater	Not Applicable	saltus_in_demonstrando	labor_ipse_voluptas	Air	scientia,_aere_perennius	scientia_et_labor
NonDICOMpathologyImages	GC-IMAGE-120980	GC-NonDICOMpathologyImages-223037	Shave biopsy	Normal adjacent	OCT media	Frozen	ExSeq	scientia_et_labor	scientiae_cedit_mare	Air	Obedientia_civium_urbis_felicitas	Gallia_est_omnis_divisa_in_partes_tres
NonDICOMpathologyImages	GC-IMAGE-323969	GC-NonDICOMpathologyImages-311251	Not applicable	Premalignant	NP40 Lysis Buffer	Fresh	mIHC	scientiae_et_patriae	barba_crescit_caput_nescit	Oil	sapiens_qui_prospicit	scientia_et_sapientia
NonDICOMpathologyImages	GC-IMAGE-198702	GC-NonDICOMpathologyImages-986309	Incisional Biopsy	Tumor post-therapy	Diimidoester	Unknown	IHC	faber_est_suae_quisque_fortunae	barba_crescit_caput_nescit	Water	nascentes_morimur_finisque_ab_origine_pendet	Macte_animo_Generose_puer_sic_itur_ad_astra
NonDICOMpathologyImages	GC-IMAGE-480530	GC-NonDICOMpathologyImages-475414	Other	Not applicable	PAXgene Tissue	Cryopreserved	SABER	haec_olim_meminisse_iuvabit	Macte_animo_Generose_puer_sic_itur_ad_astra	Oil	cacatum_non_est_pictum	faber_est_suae_quisque_fortunae
NonDICOMpathologyImages	GC-IMAGE-240351	GC-NonDICOMpathologyImages-311375	Excisional Biopsy	Tumor post-adjuvant therapy	Carnoy's Solution	Frozen	MxIF	O_Tite_tute_Tati_tibi_tanta_tyranne_tulisti	Macte_animo_Generose_puer_sic_itur_ad_astra	Oil	saltus_in_demonstrando	haec_olim_meminisse_iuvabit
NonDICOMpathologyImages	GC-IMAGE-698664	GC-NonDICOMpathologyImages-182280	Not reported	Not reported	TCL Lysis Buffer	-80 degrees C	IHC	Obedientia_civium_urbis_felicitas	a_bene_placito	Water	id_quod_plerumque_accidit	barba_crescit_caput_nescit
NonDICOMpathologyImages	GC-IMAGE-315806	GC-NonDICOMpathologyImages-271593	Sentinel node biopsy	Premalignant	95% Ethanol	Snap Frozen	MxIF	haec_olim_meminisse_iuvabit	barba_crescit_caput_nescit	Water	scientiae_et_patriae	O_Tite_tute_Tati_tibi_tanta_tyranne_tulisti
NonDICOMpathologyImages	GC-IMAGE-426055	GC-NonDICOMpathologyImages-340852	Autopsy	Recurrent	Diimidoester	Not Applicable	t-CyCIF	sapiens_qui_prospicit	e_causa_ignota	Other	e_causa_ignota	barba_crescit_caput_nescit
NonDICOMpathologyImages	GC-IMAGE-511722	GC-NonDICOMpathologyImages-994565	Fine needle aspirate	Atypia or hyperplasia	NP40 Lysis Buffer	Formalin Fixed - Buffered	t-CyCIF	Gallia_est_omnis_divisa_in_partes_tres	barba_crescit_caput_nescit	Multi	faber_est_suae_quisque_fortunae	labor_ipse_voluptas
NonDICOMpathologyImages	GC-IMAGE-885942	GC-NonDICOMpathologyImages-928671	Not reported	Tumor post-neoadjuvant therapy	Not recorded	Not Applicable	CODEX	scientiae_et_patriae	Macte_animo_Generose_puer_sic_itur_ad_astra	Multi	e_causa_ignota	labor_ipse_voluptas
NonDICOMpathologyImages	GC-IMAGE-150996	GC-NonDICOMpathologyImages-598106	Biopsy	NOS	None	Formalin Fixed - Unbuffered	t-CyCIF	labor_ipse_voluptas	labor_ipse_voluptas	Multi	Macte_animo_Generose_puer_sic_itur_ad_astra	haec_olim_meminisse_iuvabit
NonDICOMpathologyImages	GC-IMAGE-244124	GC-NonDICOMpathologyImages-146294	Forceps Biopsy	Not reported	Para-benzoquinone	Fresh Dissociated and Single Cell Sorted	t-CyCIF	pace_tua	imperium_in_imperio	Oil	scientia_et_labor	Macte_animo_Generose_puer_sic_itur_ad_astra
NonDICOMpathologyImages	GC-IMAGE-971045	GC-NonDICOMpathologyImages-463543	Not applicable	Additional Primary	Not applicable	Fresh	MxIF	faber_est_suae_quisque_fortunae	scientia_et_sapientia	Multi	faber_est_suae_quisque_fortunae	Macte_animo_Generose_puer_sic_itur_ad_astra
NonDICOMpathologyImages	GC-IMAGE-522865	GC-NonDICOMpathologyImages-991983	Unknown	Additional Primary	Acetone	Isopentane	IMC	faber_est_suae_quisque_fortunae	pace_tua	Oil	Gallia_est_omnis_divisa_in_partes_tres	scientia_et_sapientia
NonDICOMpathologyImages	GC-IMAGE-390308	GC-NonDICOMpathologyImages-672128	Punch biopsy	Tumor specimen from de novo untreated malignancy of the bladder	Formalin	OCT	H&E	pace_tua	barba_crescit_caput_nescit	Glycerol	scientia_imperii_decus_et_tutamen	id_quod_plerumque_accidit
NonDICOMpathologyImages	GC-IMAGE-408246	GC-NonDICOMpathologyImages-474021	Shave biopsy	Xenograft	Alcohol	Fresh	SABER	sapiens_qui_prospicit	scientiae_et_patriae	Other	damnant_quod_non_intellegunt	nanos_gigantum_humeris_insidentes
NonDICOMpathologyImages	GC-IMAGE-466961	GC-NonDICOMpathologyImages-306805	Core needle biopsy	Premalignant - in situ	Dimethylacetamide	Fresh Dissociated and Single Cell Sorted into Plates	ExSeq	scientia_imperii_decus_et_tutamen	scientia_et_sapientia	Glycerol	Obedientia_civium_urbis_felicitas	haec_olim_meminisse_iuvabit
NonDICOMpathologyImages	GC-IMAGE-218254	GC-NonDICOMpathologyImages-211313	Core needle biopsy	Atypia or hyperplasia	Acetone	Liquid Nitrogen	IHC	sapiens_qui_prospicit	cacatum_non_est_pictum	Other	scientia_et_sapientia	imperium_in_imperio
NonDICOMpathologyImages	GC-IMAGE-975097	GC-NonDICOMpathologyImages-812803	Re-excision	Tumor post-neoadjuvant therapy	Glutaraldehyde	Formalin Fixed Tissue	t-CyCIF	scientiae_et_patriae	Gallia_est_omnis_divisa_in_partes_tres	Glycerol	Macte_animo_Generose_puer_sic_itur_ad_astra	salus_in_arduis
NonDICOMpathologyImages	GC-IMAGE-811890	GC-NonDICOMpathologyImages-110627	Lymphadenectomy (regional nodes)	Atypia or hyperplasia	Alcohol	Isopentane	SABER	scientiae_et_patriae	O_Tite_tute_Tati_tibi_tanta_tyranne_tulisti	Air	scientiae_cedit_mare	e_causa_ignota
NonDICOMpathologyImages	GC-IMAGE-748459	GC-NonDICOMpathologyImages-728629	Blood draw	Xenograft	NP40 Lysis Buffer	Fresh Dissociated	Not Applicable	sapiens_qui_prospicit	barba_crescit_caput_nescit	Other	a_bene_placito	e_causa_ignota
NonDICOMpathologyImages	GC-IMAGE-818291	GC-NonDICOMpathologyImages-554564	Sentinel node biopsy	Recurrent	Unknown	RNALater	MERFISH	e_causa_ignota	faber_est_suae_quisque_fortunae	Air	damnant_quod_non_intellegunt	Macte_animo_Generose_puer_sic_itur_ad_astra
NonDICOMpathologyImages	GC-IMAGE-999278	GC-NonDICOMpathologyImages-316194	Forceps Biopsy	Recurrent	Alcohol	OCT	MxIF	imperium_in_imperio	scientia_imperii_decus_et_tutamen	Air	saltus_in_demonstrando	salus_in_arduis
NonDICOMpathologyImages	GC-IMAGE-162912	GC-NonDICOMpathologyImages-631238	Other	Tumor post-neoadjuvant therapy	None	Isopentane	t-CyCIF	Macte_animo_Generose_puer_sic_itur_ad_astra	O_Tite_tute_Tati_tibi_tanta_tyranne_tulisti	Air	scientia_imperii_decus_et_tutamen	scientia_et_sapientia
NonDICOMpathologyImages	GC-IMAGE-133948	GC-NonDICOMpathologyImages-962335	Lymphadenectomy (regional nodes)	NOS	Para-benzoquinone	Cryopreserved	IMC	Obedientia_civium_urbis_felicitas	id_quod_plerumque_accidit	Glycerol	nanos_gigantum_humeris_insidentes	a_bene_placito
NonDICOMpathologyImages	GC-IMAGE-954852	GC-NonDICOMpathologyImages-159253	Punch biopsy	Unknown	Saline	Cytospin Slide	t-CyCIF	sapiens_qui_prospicit	salus_in_arduis	Multi	damnant_quod_non_intellegunt	scientiae_cedit_mare
NonDICOMpathologyImages	GC-IMAGE-424731	GC-NonDICOMpathologyImages-872660	Not specified	Additional Primary	Formalin	Not Reported	CyCIF	nanos_gigantum_humeris_insidentes	imperium_in_imperio	Air	imperium_in_imperio	a_bene_placito
NonDICOMpathologyImages	GC-IMAGE-715783	GC-NonDICOMpathologyImages-976212	Punch biopsy	Premalignant	Formalin	Isopentane	MERFISH	scientia,_aere_perennius	e_causa_ignota	Water	scientia_imperii_decus_et_tutamen	sapiens_qui_prospicit
NonDICOMpathologyImages	GC-IMAGE-948699	GC-NonDICOMpathologyImages-600760	Not specified	Not reported	95% Ethanol	Isopentane	MIBI	nanos_gigantum_humeris_insidentes	e_causa_ignota	Water	sapiens_qui_prospicit	scientia_et_sapientia
NonDICOMpathologyImages	GC-IMAGE-498162	GC-NonDICOMpathologyImages-434724	Pancreaticoduodenectomy	Metastatic	95% Ethanol	OCT	MxIF	cacatum_non_est_pictum	faber_est_suae_quisque_fortunae	Other	scientia_et_labor	damnant_quod_non_intellegunt
NonDICOMpathologyImages	GC-IMAGE-103257	GC-NonDICOMpathologyImages-473753	Fine needle aspirate	Atypia or hyperplasia	Carnoy's Solution	Liquid Nitrogen	SABER	pace_tua	Gallia_est_omnis_divisa_in_partes_tres	Multi	O_Tite_tute_Tati_tibi_tanta_tyranne_tulisti	faber_est_suae_quisque_fortunae
NonDICOMpathologyImages	GC-IMAGE-623287	GC-NonDICOMpathologyImages-433480	Shave biopsy	Tumor post-adjuvant therapy	PAXgene Tissue	Formalin Fixed - Unbuffered	mIHC	Gallia_est_omnis_divisa_in_partes_tres	nascentes_morimur_finisque_ab_origine_pendet	Water	pace_tua	scientia_et_sapientia
NonDICOMpathologyImages	GC-IMAGE-358298	GC-NonDICOMpathologyImages-836761	Excisional Biopsy	Tumor post-therapy	95% Ethanol	-20 degrees C	IMC	salus_in_arduis	barba_crescit_caput_nescit	Other	O_Tite_tute_Tati_tibi_tanta_tyranne_tulisti	labor_ipse_voluptas
NonDICOMpathologyImages	GC-IMAGE-433917	GC-NonDICOMpathologyImages-206484	Not specified	Recurrent	Methacarn	Formalin Fixed Tissue	t-CyCIF	scientiae_et_patriae	Obedientia_civium_urbis_felicitas	Oil	faber_est_suae_quisque_fortunae	Obedientia_civium_urbis_felicitas
NonDICOMpathologyImages	GC-IMAGE-509155	GC-NonDICOMpathologyImages-739080	Blood draw	Not applicable	Unknown	Snap Frozen	MIBI	e_causa_ignota	saltus_in_demonstrando	Water	a_bene_placito	scientia_imperii_decus_et_tutamen
NonDICOMpathologyImages	GC-IMAGE-341174	GC-NonDICOMpathologyImages-166373	Not applicable	Tissue	Acetone	Fresh Dissociated and Single Cell Sorted	H&E	damnant_quod_non_intellegunt	scientia_et_labor	Air	scientia_et_labor	Obedientia_civium_urbis_felicitas
NonDICOMpathologyImages	GC-IMAGE-580052	GC-NonDICOMpathologyImages-222453	Core needle biopsy	Premalignant - in situ	Saline	Isopentane	H&E	scientia_et_labor	scientia_et_labor	Oil	O_Tite_tute_Tati_tibi_tanta_tyranne_tulisti	faber_est_suae_quisque_fortunae
NonDICOMpathologyImages	GC-IMAGE-334261	GC-NonDICOMpathologyImages-396004	Unknown	Atypia or hyperplasia	Dimethylacetamide	Snap Frozen	mIHC	labor_ipse_voluptas	labor_ipse_voluptas	Glycerol	saltus_in_demonstrando	id_quod_plerumque_accidit
NonDICOMpathologyImages	GC-IMAGE-891084	GC-NonDICOMpathologyImages-104393	Not applicable	Normal adjacent	CryoStor	Not Applicable	CyCIF	scientia,_aere_perennius	Gallia_est_omnis_divisa_in_partes_tres	Water	nascentes_morimur_finisque_ab_origine_pendet	nanos_gigantum_humeris_insidentes
NonDICOMpathologyImages	GC-IMAGE-183009	GC-NonDICOMpathologyImages-265254	Biopsy	Normal distant	Poloxamer	Fresh Dissociated	MxIF	imperium_in_imperio	saltus_in_demonstrando	Air	imperium_in_imperio	scientia_et_sapientia
NonDICOMpathologyImages	GC-IMAGE-700433	GC-NonDICOMpathologyImages-343044	Core needle biopsy	Primary	Not recorded	Fresh Dissociated and Single Cell Sorted	IMC	barba_crescit_caput_nescit	pace_tua	Water	Obedientia_civium_urbis_felicitas	nanos_gigantum_humeris_insidentes
NonDICOMpathologyImages	GC-IMAGE-740671	GC-NonDICOMpathologyImages-450644	Not reported	Tumor post-therapy	Not recorded	Not Applicable	CyCIF	imperium_in_imperio	cacatum_non_est_pictum	Water	pace_tua	barba_crescit_caput_nescit
NonDICOMpathologyImages	GC-IMAGE-511646	GC-NonDICOMpathologyImages-430219	Not applicable	Recurrent	NP40 Lysis Buffer	Fresh Dissociated	ExSeq	nascentes_morimur_finisque_ab_origine_pendet	a_bene_placito	Multi	Macte_animo_Generose_puer_sic_itur_ad_astra	scientia_et_sapientia
NonDICOMpathologyImages	GC-IMAGE-616699	GC-NonDICOMpathologyImages-611732	Incisional Biopsy	Xenograft	Carnoy's Solution	Cytospin Slide	t-CyCIF	a_bene_placito	scientia_imperii_decus_et_tutamen	Other	scientia,_aere_perennius	pace_tua
NonDICOMpathologyImages	GC-IMAGE-385883	GC-NonDICOMpathologyImages-901007	Sentinel node biopsy	Tumor post-therapy	None	RNALater	Not Applicable	scientia_imperii_decus_et_tutamen	haec_olim_meminisse_iuvabit	Other	scientiae_cedit_mare	saltus_in_demonstrando
NonDICOMpathologyImages	GC-IMAGE-537766	GC-NonDICOMpathologyImages-237828	Punch biopsy	Unknown	Formalin	-20 degrees C	MxIF	scientia_imperii_decus_et_tutamen	pace_tua	Air	scientia_imperii_decus_et_tutamen	e_causa_ignota
NonDICOMpathologyImages	GC-IMAGE-252153	GC-NonDICOMpathologyImages-999884	Other	Primary	CryoStor	RNALater	MxIF	scientiae_cedit_mare	pace_tua	Water	e_causa_ignota	Gallia_est_omnis_divisa_in_partes_tres
NonDICOMpathologyImages	GC-IMAGE-464995	GC-NonDICOMpathologyImages-960362	Autopsy	Premalignant	RNAlater	Cryopreserved	IHC	salus_in_arduis	damnant_quod_non_intellegunt	Air	scientiae_et_patriae	scientia,_aere_perennius
NonDICOMpathologyImages	GC-IMAGE-633704	GC-NonDICOMpathologyImages-768889	Autopsy	Xenograft	Diimidoester	Liquid Nitrogen	t-CyCIF	damnant_quod_non_intellegunt	scientia,_aere_perennius	Air	cacatum_non_est_pictum	scientia_et_sapientia
NonDICOMpathologyImages	GC-IMAGE-770716	GC-NonDICOMpathologyImages-346593	Lymphadenectomy (regional nodes)	Tissue	Saline	Fresh Dissociated and Single Cell Sorted	IHC	nascentes_morimur_finisque_ab_origine_pendet	Obedientia_civium_urbis_felicitas	Air	a_bene_placito	pace_tua
NonDICOMpathologyImages	GC-IMAGE-838461	GC-NonDICOMpathologyImages-230175	Fine needle aspirate	Unknown	PAXgene Tissue	Liquid Nitrogen	IMC	O_Tite_tute_Tati_tibi_tanta_tyranne_tulisti	Macte_animo_Generose_puer_sic_itur_ad_astra	Multi	id_quod_plerumque_accidit	damnant_quod_non_intellegunt
NonDICOMpathologyImages	GC-IMAGE-201513	GC-NonDICOMpathologyImages-587943	Excisional Biopsy	Tumor post-neoadjuvant therapy	95% Ethanol	Cytospin Slide	GeoMX-DSP	barba_crescit_caput_nescit	imperium_in_imperio	Glycerol	damnant_quod_non_intellegunt	Gallia_est_omnis_divisa_in_partes_tres
NonDICOMpathologyImages	GC-IMAGE-977401	GC-NonDICOMpathologyImages-640877	Unknown	Tumor specimen from de novo untreated malignancy of the bladder	Dimethylacetamide	Fresh Dissociated	MxIF	salus_in_arduis	Gallia_est_omnis_divisa_in_partes_tres	Oil	barba_crescit_caput_nescit	salus_in_arduis
NonDICOMpathologyImages	GC-IMAGE-114983	GC-NonDICOMpathologyImages-566060	Autopsy	Tumor specimen from de novo untreated malignancy of the bladder	CryoStor	Frozen	H&E	scientia_et_sapientia	scientia_et_sapientia	Other	a_bene_placito	scientiae_et_patriae
NonDICOMpathologyImages	GC-IMAGE-219335	GC-NonDICOMpathologyImages-303428	Surgical Resection	Tumor post-therapy	TCL Lysis Buffer	-80 degrees C	SABER	sapiens_qui_prospicit	e_causa_ignota	Multi	id_quod_plerumque_accidit	salus_in_arduis
NonDICOMpathologyImages	GC-IMAGE-213224	GC-NonDICOMpathologyImages-534980	Surgical Resection	Not applicable	Diimidoester	Fresh	IHC	scientia_et_sapientia	haec_olim_meminisse_iuvabit	Water	barba_crescit_caput_nescit	imperium_in_imperio
NonDICOMpathologyImages	GC-IMAGE-398893	GC-NonDICOMpathologyImages-222637	Unknown	Additional Primary	Other	Snap Frozen	CODEX	labor_ipse_voluptas	Obedientia_civium_urbis_felicitas	Water	scientiae_cedit_mare	Gallia_est_omnis_divisa_in_partes_tres
NonDICOMpathologyImages	GC-IMAGE-781146	GC-NonDICOMpathologyImages-200291	Fine needle aspirate	Premalignant - in situ	Diimidoester	Liquid Nitrogen	H&E	sapiens_qui_prospicit	e_causa_ignota	Water	Macte_animo_Generose_puer_sic_itur_ad_astra	Gallia_est_omnis_divisa_in_partes_tres
NonDICOMpathologyImages	GC-IMAGE-844203	GC-NonDICOMpathologyImages-727086	Sentinel node biopsy	Local recurrence	Poloxamer	Fresh Dissociated and Single Cell Sorted	SABER	labor_ipse_voluptas	salus_in_arduis	Water	pace_tua	faber_est_suae_quisque_fortunae
NonDICOMpathologyImages	GC-IMAGE-924781	GC-NonDICOMpathologyImages-184686	Unknown	Tumor specimen from de novo untreated malignancy of the bladder	None	Cryopreserved	ExSeq	scientiae_et_patriae	pace_tua	Air	e_causa_ignota	Gallia_est_omnis_divisa_in_partes_tres
NonDICOMpathologyImages	GC-IMAGE-859934	GC-NonDICOMpathologyImages-684352	Lymphadenectomy (regional nodes)	Additional Primary	OCT media	Liquid Nitrogen	H&E	sapiens_qui_prospicit	barba_crescit_caput_nescit	Other	nanos_gigantum_humeris_insidentes	salus_in_arduis
NonDICOMpathologyImages	GC-IMAGE-272248	GC-NonDICOMpathologyImages-961278	Fine needle aspirate	Tumor post-neoadjuvant therapy	Glutaraldehyde	FFPE	MxIF	faber_est_suae_quisque_fortunae	salus_in_arduis	Multi	Macte_animo_Generose_puer_sic_itur_ad_astra	scientia,_aere_perennius
NonDICOMpathologyImages	GC-IMAGE-738439	GC-NonDICOMpathologyImages-415350	Autopsy	Tumor post-adjuvant therapy	Carbodiimide	Isopentane	H&E	id_quod_plerumque_accidit	barba_crescit_caput_nescit	Other	faber_est_suae_quisque_fortunae	cacatum_non_est_pictum
NonDICOMpathologyImages	GC-IMAGE-711199	GC-NonDICOMpathologyImages-114276	Pancreaticoduodenectomy	Metastatic	NP40 Lysis Buffer	-80 degrees C	Not Applicable	scientia_imperii_decus_et_tutamen	barba_crescit_caput_nescit	Oil	sapiens_qui_prospicit	e_causa_ignota
NonDICOMpathologyImages	GC-IMAGE-775530	GC-NonDICOMpathologyImages-447250	Incisional Biopsy	Normal	RNAlater	Formalin Fixed - Unbuffered	ExSeq	a_bene_placito	O_Tite_tute_Tati_tibi_tanta_tyranne_tulisti	Other	scientia_et_sapientia	id_quod_plerumque_accidit
NonDICOMpathologyImages	GC-IMAGE-434506	GC-NonDICOMpathologyImages-557233	Not reported	Normal distant	Not recorded	Cryopreserved	t-CyCIF	scientiae_cedit_mare	id_quod_plerumque_accidit	Multi	nanos_gigantum_humeris_insidentes	O_Tite_tute_Tati_tibi_tanta_tyranne_tulisti
NonDICOMpathologyImages	GC-IMAGE-112350	GC-NonDICOMpathologyImages-928825	Blood draw	Not applicable	Other	Cytospin Slide	GeoMX-DSP	Macte_animo_Generose_puer_sic_itur_ad_astra	O_Tite_tute_Tati_tibi_tanta_tyranne_tulisti	Oil	scientia_et_labor	a_bene_placito
NonDICOMpathologyImages	GC-IMAGE-381284	GC-NonDICOMpathologyImages-781734	Lymphadenectomy (regional nodes)	Not applicable	Methacarn	Cryopreserved	mIHC	sapiens_qui_prospicit	e_causa_ignota	Multi	Macte_animo_Generose_puer_sic_itur_ad_astra	nascentes_morimur_finisque_ab_origine_pendet
NonDICOMpathologyImages	GC-IMAGE-194484	GC-NonDICOMpathologyImages-748377	Biopsy	Tumor post-adjuvant therapy	PAXgene Tissue	Isopentane	H&E	Macte_animo_Generose_puer_sic_itur_ad_astra	Gallia_est_omnis_divisa_in_partes_tres	Multi	scientia_et_labor	nanos_gigantum_humeris_insidentes
NonDICOMpathologyImages	GC-IMAGE-637974	GC-NonDICOMpathologyImages-689089	Forceps Biopsy	Premalignant - in situ	Formalin	Cytospin Slide	CODEX	imperium_in_imperio	id_quod_plerumque_accidit	Glycerol	id_quod_plerumque_accidit	scientiae_et_patriae
NonDICOMpathologyImages	GC-IMAGE-243066	GC-NonDICOMpathologyImages-940136	Autopsy	Tumor specimen from de novo untreated malignancy of the bladder	Acetone	-80 degrees C	GeoMX-DSP	damnant_quod_non_intellegunt	imperium_in_imperio	Oil	sapiens_qui_prospicit	haec_olim_meminisse_iuvabit
NonDICOMpathologyImages	GC-IMAGE-196567	GC-NonDICOMpathologyImages-550226	Unknown	Local recurrence	Glutaraldehyde	Formalin Fixed - Buffered	ExSeq	scientia_et_labor	scientia_et_sapientia	Oil	labor_ipse_voluptas	O_Tite_tute_Tati_tibi_tanta_tyranne_tulisti
NonDICOMpathologyImages	GC-IMAGE-160177	GC-NonDICOMpathologyImages-293398	Lymphadenectomy (regional nodes)	Unknown	PAXgene Tissue	Formalin Fixed - Buffered	CyCIF	scientiae_et_patriae	e_causa_ignota	Other	O_Tite_tute_Tati_tibi_tanta_tyranne_tulisti	Macte_animo_Generose_puer_sic_itur_ad_astra
NonDICOMpathologyImages	GC-IMAGE-930689	GC-NonDICOMpathologyImages-900562	Blood draw	Xenograft	Not recorded	RNALater	t-CyCIF	id_quod_plerumque_accidit	scientiae_cedit_mare	Glycerol	nanos_gigantum_humeris_insidentes	damnant_quod_non_intellegunt
NonDICOMpathologyImages	GC-IMAGE-868756	GC-NonDICOMpathologyImages-138239	Incisional Biopsy	NOS	Diimidoester	Formalin Fixed Tissue	SABER	barba_crescit_caput_nescit	saltus_in_demonstrando	Other	Gallia_est_omnis_divisa_in_partes_tres	faber_est_suae_quisque_fortunae
NonDICOMpathologyImages	GC-IMAGE-150049	GC-NonDICOMpathologyImages-516094	Not specified	Not reported	Not applicable	Snap Frozen	mIHC	e_causa_ignota	saltus_in_demonstrando	Multi	Macte_animo_Generose_puer_sic_itur_ad_astra	faber_est_suae_quisque_fortunae
NonDICOMpathologyImages	GC-IMAGE-248468	GC-NonDICOMpathologyImages-881775	Incisional Biopsy	Not applicable	TCL Lysis Buffer	Not Reported	IMC	saltus_in_demonstrando	cacatum_non_est_pictum	Water	scientia_et_sapientia	salus_in_arduis
NonDICOMpathologyImages	GC-IMAGE-500433	GC-NonDICOMpathologyImages-892497	Surgical Resection	Additional Primary	Unknown	Fresh	SABER	scientiae_et_patriae	scientiae_et_patriae	Multi	faber_est_suae_quisque_fortunae	scientia_et_labor
NonDICOMpathologyImages	GC-IMAGE-787266	GC-NonDICOMpathologyImages-947347	Re-excision	Tumor post-neoadjuvant therapy	Glutaraldehyde	Snap Frozen	t-CyCIF	damnant_quod_non_intellegunt	barba_crescit_caput_nescit	Multi	sapiens_qui_prospicit	scientia_imperii_decus_et_tutamen
NonDICOMpathologyImages	GC-IMAGE-144131	GC-NonDICOMpathologyImages-418939	Unknown	Atypia or hyperplasia	TCL Lysis Buffer	OCT	t-CyCIF	scientia_et_labor	scientia_et_sapientia	Air	sapiens_qui_prospicit	e_causa_ignota
NonDICOMpathologyImages	GC-IMAGE-155771	GC-NonDICOMpathologyImages-163076	Punch biopsy	Normal distant	Unknown	Formalin Fixed - Buffered	MxIF	salus_in_arduis	a_bene_placito	Multi	saltus_in_demonstrando	saltus_in_demonstrando
NonDICOMpathologyImages	GC-IMAGE-955700	GC-NonDICOMpathologyImages-802433	Not reported	Tumor post-therapy	Carbodiimide	Cryopreserved	Not Applicable	a_bene_placito	pace_tua	Other	scientia,_aere_perennius	cacatum_non_est_pictum
NonDICOMpathologyImages	GC-IMAGE-728040	GC-NonDICOMpathologyImages-420685	Other	Not applicable	NP40 Lysis Buffer	Liquid Nitrogen	MERFISH	scientia_et_labor	nascentes_morimur_finisque_ab_origine_pendet	Air	scientiae_et_patriae	O_Tite_tute_Tati_tibi_tanta_tyranne_tulisti
NonDICOMpathologyImages	GC-IMAGE-829457	GC-NonDICOMpathologyImages-482181	Sentinel node biopsy	Primary	Carnoy's Solution	-80 degrees C	Not Applicable	scientia_imperii_decus_et_tutamen	Macte_animo_Generose_puer_sic_itur_ad_astra	Air	id_quod_plerumque_accidit	faber_est_suae_quisque_fortunae
NonDICOMpathologyImages	GC-IMAGE-357342	GC-NonDICOMpathologyImages-166159	Not applicable	Recurrent	CryoStor	Liquid Nitrogen	MxIF	O_Tite_tute_Tati_tibi_tanta_tyranne_tulisti	scientiae_et_patriae	Oil	nanos_gigantum_humeris_insidentes	nascentes_morimur_finisque_ab_origine_pendet
NonDICOMpathologyImages	GC-IMAGE-352970	GC-NonDICOMpathologyImages-355346	Other	Additional Primary	Carbodiimide	Frozen	H&E	e_causa_ignota	damnant_quod_non_intellegunt	Multi	Obedientia_civium_urbis_felicitas	saltus_in_demonstrando
NonDICOMpathologyImages	GC-IMAGE-945701	GC-NonDICOMpathologyImages-439241	Unknown	Normal adjacent	Carnoy's Solution	Formalin Fixed - Unbuffered	SABER	saltus_in_demonstrando	e_causa_ignota	Multi	scientiae_et_patriae	damnant_quod_non_intellegunt
NonDICOMpathologyImages	GC-IMAGE-420400	GC-NonDICOMpathologyImages-712592	Not reported	Not reported	Poloxamer	Cytospin Slide	SABER	barba_crescit_caput_nescit	labor_ipse_voluptas	Other	haec_olim_meminisse_iuvabit	pace_tua
NonDICOMpathologyImages	GC-IMAGE-555112	GC-NonDICOMpathologyImages-539714	Not reported	Tumor specimen from de novo untreated malignancy of the bladder	Acetone	RNALater	IHC	barba_crescit_caput_nescit	haec_olim_meminisse_iuvabit	Other	Gallia_est_omnis_divisa_in_partes_tres	scientia_et_sapientia
NonDICOMpathologyImages	GC-IMAGE-781546	GC-NonDICOMpathologyImages-400339	Excisional Biopsy	Premalignant	None	RNALater	GeoMX-DSP	e_causa_ignota	imperium_in_imperio	Other	scientiae_cedit_mare	nascentes_morimur_finisque_ab_origine_pendet
NonDICOMpathologyImages	GC-IMAGE-786576	GC-NonDICOMpathologyImages-548042	Pancreaticoduodenectomy	Not applicable	OCT media	Cryopreserved	MIBI	nanos_gigantum_humeris_insidentes	scientiae_et_patriae	Air	scientiae_cedit_mare	e_causa_ignota
NonDICOMpathologyImages	GC-IMAGE-454650	GC-NonDICOMpathologyImages-913578	Re-excision	Atypia or hyperplasia	Formalin	Not Applicable	Not Applicable	labor_ipse_voluptas	nascentes_morimur_finisque_ab_origine_pendet	Glycerol	nascentes_morimur_finisque_ab_origine_pendet	pace_tua
NonDICOMpathologyImages	GC-IMAGE-589482	GC-NonDICOMpathologyImages-774635	Fine needle aspirate	Tumor post-neoadjuvant therapy	Carbodiimide	Liquid Nitrogen	mIHC	scientia_imperii_decus_et_tutamen	barba_crescit_caput_nescit	Multi	nascentes_morimur_finisque_ab_origine_pendet	scientiae_cedit_mare
NonDICOMpathologyImages	GC-IMAGE-237630	GC-NonDICOMpathologyImages-727752	Unknown	Tumor post-neoadjuvant therapy	Not recorded	Formalin Fixed - Unbuffered	MERFISH	id_quod_plerumque_accidit	cacatum_non_est_pictum	Air	barba_crescit_caput_nescit	scientiae_et_patriae
NonDICOMpathologyImages	GC-IMAGE-361738	GC-NonDICOMpathologyImages-131856	Re-excision	Tissue	Carnoy's Solution	Liquid Nitrogen	IMC	labor_ipse_voluptas	damnant_quod_non_intellegunt	Glycerol	scientia_et_sapientia	salus_in_arduis
NonDICOMpathologyImages	GC-IMAGE-126224	GC-NonDICOMpathologyImages-885014	Not reported	Primary	TCL Lysis Buffer	Liquid Nitrogen	ExSeq	pace_tua	scientia_imperii_decus_et_tutamen	Oil	Macte_animo_Generose_puer_sic_itur_ad_astra	sapiens_qui_prospicit
NonDICOMpathologyImages	GC-IMAGE-219222	GC-NonDICOMpathologyImages-204425	Biopsy	Premalignant - in situ	Not recorded	Fresh	IHC	scientia,_aere_perennius	scientia,_aere_perennius	Glycerol	nanos_gigantum_humeris_insidentes	barba_crescit_caput_nescit
NonDICOMpathologyImages	GC-IMAGE-152799	GC-NonDICOMpathologyImages-461541	Forceps Biopsy	Recurrent	Saline	TRIzol	MERFISH	salus_in_arduis	Obedientia_civium_urbis_felicitas	Air	imperium_in_imperio	imperium_in_imperio
NonDICOMpathologyImages	GC-IMAGE-788428	GC-NonDICOMpathologyImages-855880	Shave biopsy	Tumor post-therapy	PAXgene Tissue	Fresh	MxIF	damnant_quod_non_intellegunt	scientia,_aere_perennius	Water	haec_olim_meminisse_iuvabit	pace_tua
NonDICOMpathologyImages	GC-IMAGE-230380	GC-NonDICOMpathologyImages-700114	Unknown	Primary	Other	TRIzol	Not Applicable	Obedientia_civium_urbis_felicitas	scientia,_aere_perennius	Multi	saltus_in_demonstrando	scientia_et_sapientia
NonDICOMpathologyImages	GC-IMAGE-251578	GC-NonDICOMpathologyImages-939929	Other	Tumor post-adjuvant therapy	Acetone	TRIzol	IMC	cacatum_non_est_pictum	barba_crescit_caput_nescit	Water	scientiae_et_patriae	scientia,_aere_perennius
NonDICOMpathologyImages	GC-IMAGE-616922	GC-NonDICOMpathologyImages-841235	Core needle biopsy	Tumor specimen from de novo untreated malignancy of the bladder	Para-benzoquinone	Fresh Dissociated	H&E	nascentes_morimur_finisque_ab_origine_pendet	nascentes_morimur_finisque_ab_origine_pendet	Oil	scientia_imperii_decus_et_tutamen	O_Tite_tute_Tati_tibi_tanta_tyranne_tulisti
NonDICOMpathologyImages	GC-IMAGE-776831	GC-NonDICOMpathologyImages-272139	Shave biopsy	Primary	RNAlater	OCT	SABER	cacatum_non_est_pictum	saltus_in_demonstrando	Air	id_quod_plerumque_accidit	Macte_animo_Generose_puer_sic_itur_ad_astra
NonDICOMpathologyImages	GC-IMAGE-158576	GC-NonDICOMpathologyImages-973253	Pancreaticoduodenectomy	Normal	Saline	Fresh Dissociated and Single Cell Sorted	MIBI	labor_ipse_voluptas	scientiae_et_patriae	Other	cacatum_non_est_pictum	scientia,_aere_perennius
NonDICOMpathologyImages	GC-IMAGE-136405	GC-NonDICOMpathologyImages-681448	Re-excision	Normal distant	RNAlater	Formalin Fixed Tissue	H&E	id_quod_plerumque_accidit	scientiae_et_patriae	Water	id_quod_plerumque_accidit	nanos_gigantum_humeris_insidentes
NonDICOMpathologyImages	GC-IMAGE-204262	GC-NonDICOMpathologyImages-305392	Lymphadenectomy (regional nodes)	Not applicable	PAXgene Tissue	Cytospin Slide	H&E	damnant_quod_non_intellegunt	scientia,_aere_perennius	Oil	labor_ipse_voluptas	O_Tite_tute_Tati_tibi_tanta_tyranne_tulisti
NonDICOMpathologyImages	GC-IMAGE-312305	GC-NonDICOMpathologyImages-653239	Excisional Biopsy	Normal adjacent	CryoStor	TRIzol	Not Applicable	saltus_in_demonstrando	scientia,_aere_perennius	Air	a_bene_placito	salus_in_arduis
NonDICOMpathologyImages	GC-IMAGE-296231	GC-NonDICOMpathologyImages-248657	Fine needle aspirate	Normal adjacent	Methacarn	Cytospin Slide	mIHC	scientia_et_sapientia	Obedientia_civium_urbis_felicitas	Multi	id_quod_plerumque_accidit	a_bene_placito
NonDICOMpathologyImages	GC-IMAGE-211113	GC-NonDICOMpathologyImages-122089	Not reported	Xenograft	Poloxamer	Not Applicable	MIBI	Gallia_est_omnis_divisa_in_partes_tres	labor_ipse_voluptas	Water	barba_crescit_caput_nescit	nascentes_morimur_finisque_ab_origine_pendet
NonDICOMpathologyImages	GC-IMAGE-462271	GC-NonDICOMpathologyImages-563290	Not specified	Normal adjacent	Unknown	Fresh Dissociated	MERFISH	faber_est_suae_quisque_fortunae	scientia_imperii_decus_et_tutamen	Air	faber_est_suae_quisque_fortunae	faber_est_suae_quisque_fortunae
NonDICOMpathologyImages	GC-IMAGE-586479	GC-NonDICOMpathologyImages-239128	Core needle biopsy	Primary	Diimidoester	Formalin Fixed Tissue	SABER	imperium_in_imperio	scientia_imperii_decus_et_tutamen	Multi	scientiae_cedit_mare	scientia_et_sapientia
NonDICOMpathologyImages	GC-IMAGE-649952	GC-NonDICOMpathologyImages-591345	Punch biopsy	Atypia or hyperplasia	Methacarn	Not Reported	MxIF	O_Tite_tute_Tati_tibi_tanta_tyranne_tulisti	scientia_et_labor	Oil	pace_tua	e_causa_ignota
NonDICOMpathologyImages	GC-IMAGE-178478	GC-NonDICOMpathologyImages-118002	Not specified	Premalignant - in situ	Unknown	Fresh Dissociated and Single Cell Sorted	MIBI	haec_olim_meminisse_iuvabit	scientiae_cedit_mare	Air	cacatum_non_est_pictum	Obedientia_civium_urbis_felicitas
NonDICOMpathologyImages	GC-IMAGE-422322	GC-NonDICOMpathologyImages-549655	Autopsy	Metastatic	Carbodiimide	-20 degrees C	ExSeq	scientia_et_sapientia	scientiae_et_patriae	Multi	Gallia_est_omnis_divisa_in_partes_tres	id_quod_plerumque_accidit
NonDICOMpathologyImages	GC-IMAGE-422997	GC-NonDICOMpathologyImages-172045	Not applicable	Normal adjacent	Dimethylacetamide	TRIzol	CyCIF	O_Tite_tute_Tati_tibi_tanta_tyranne_tulisti	Macte_animo_Generose_puer_sic_itur_ad_astra	Air	labor_ipse_voluptas	scientia,_aere_perennius
NonDICOMpathologyImages	GC-IMAGE-538266	GC-NonDICOMpathologyImages-823435	Fine needle aspirate	Not reported	Not applicable	Formalin Fixed Tissue	ExSeq	saltus_in_demonstrando	sapiens_qui_prospicit	Air	faber_est_suae_quisque_fortunae	saltus_in_demonstrando
NonDICOMpathologyImages	GC-IMAGE-865762	GC-NonDICOMpathologyImages-452321	Pancreaticoduodenectomy	Tumor post-neoadjuvant therapy	Dimethylacetamide	Unknown	ExSeq	damnant_quod_non_intellegunt	scientia_et_sapientia	Glycerol	haec_olim_meminisse_iuvabit	scientia_et_sapientia
NonDICOMpathologyImages	GC-IMAGE-638340	GC-NonDICOMpathologyImages-926897	Other	Recurrent	Dimethylacetamide	Fresh Dissociated	IMC	scientiae_cedit_mare	salus_in_arduis	Glycerol	faber_est_suae_quisque_fortunae	a_bene_placito
NonDICOMpathologyImages	GC-IMAGE-749100	GC-NonDICOMpathologyImages-395071	Unknown	Normal adjacent	None	-80 degrees C	MxIF	scientia_imperii_decus_et_tutamen	nanos_gigantum_humeris_insidentes	Multi	id_quod_plerumque_accidit	e_causa_ignota
NonDICOMpathologyImages	GC-IMAGE-961130	GC-NonDICOMpathologyImages-194669	Fine needle aspirate	NOS	RNAlater	Unknown	SABER	saltus_in_demonstrando	sapiens_qui_prospicit	Oil	labor_ipse_voluptas	scientia_et_sapientia
NonDICOMpathologyImages	GC-IMAGE-440762	GC-NonDICOMpathologyImages-717407	Re-excision	Not reported	Carnoy's Solution	TRIzol	IMC	salus_in_arduis	salus_in_arduis	Multi	O_Tite_tute_Tati_tibi_tanta_tyranne_tulisti	scientia_et_labor
NonDICOMpathologyImages	GC-IMAGE-931637	GC-NonDICOMpathologyImages-894061	Blood draw	Atypia or hyperplasia	OCT media	EDTA	MxIF	nascentes_morimur_finisque_ab_origine_pendet	Gallia_est_omnis_divisa_in_partes_tres	Air	labor_ipse_voluptas	Gallia_est_omnis_divisa_in_partes_tres
NonDICOMpathologyImages	GC-IMAGE-914911	GC-NonDICOMpathologyImages-547788	Shave biopsy	NOS	OCT media	Unknown	t-CyCIF	e_causa_ignota	scientia_et_labor	Other	e_causa_ignota	scientia,_aere_perennius
NonDICOMpathologyImages	GC-IMAGE-917853	GC-NonDICOMpathologyImages-832824	Fine needle aspirate	Not reported	PAXgene Tissue	Liquid Nitrogen	mIHC	Macte_animo_Generose_puer_sic_itur_ad_astra	scientia_imperii_decus_et_tutamen	Glycerol	Obedientia_civium_urbis_felicitas	labor_ipse_voluptas
NonDICOMpathologyImages	GC-IMAGE-120597	GC-NonDICOMpathologyImages-561570	Blood draw	Normal	Poloxamer	EDTA	mIHC	scientia_et_labor	Gallia_est_omnis_divisa_in_partes_tres	Oil	e_causa_ignota	labor_ipse_voluptas
NonDICOMpathologyImages	GC-IMAGE-638796	GC-NonDICOMpathologyImages-149902	Incisional Biopsy	Normal distant	PAXgene Tissue	Not Reported	H&E	scientiae_et_patriae	saltus_in_demonstrando	Air	damnant_quod_non_intellegunt	pace_tua
NonDICOMpathologyImages	GC-IMAGE-976066	GC-NonDICOMpathologyImages-876946	Excisional Biopsy	Local recurrence	None	Liquid Nitrogen	mIHC	scientiae_et_patriae	scientia,_aere_perennius	Water	Macte_animo_Generose_puer_sic_itur_ad_astra	Obedientia_civium_urbis_felicitas
NonDICOMpathologyImages	GC-IMAGE-364903	GC-NonDICOMpathologyImages-664575	Unknown	Normal adjacent	Not applicable	Cytospin Slide	MxIF	scientia_imperii_decus_et_tutamen	scientia_et_labor	Air	haec_olim_meminisse_iuvabit	labor_ipse_voluptas
NonDICOMpathologyImages	GC-IMAGE-221655	GC-NonDICOMpathologyImages-763631	Incisional Biopsy	Premalignant - in situ	Not recorded	-20 degrees C	MERFISH	saltus_in_demonstrando	scientiae_et_patriae	Water	faber_est_suae_quisque_fortunae	scientia,_aere_perennius
NonDICOMpathologyImages	GC-IMAGE-426937	GC-NonDICOMpathologyImages-766655	Surgical Resection	Primary	CryoStor	Isopentane	t-CyCIF	haec_olim_meminisse_iuvabit	scientiae_cedit_mare	Air	sapiens_qui_prospicit	scientiae_et_patriae
NonDICOMpathologyImages	GC-IMAGE-759189	GC-NonDICOMpathologyImages-493037	Excisional Biopsy	Tumor post-neoadjuvant therapy	Dimethylacetamide	-20 degrees C	ExSeq	scientiae_et_patriae	pace_tua	Glycerol	damnant_quod_non_intellegunt	nascentes_morimur_finisque_ab_origine_pendet
NonDICOMpathologyImages	GC-IMAGE-728514	GC-NonDICOMpathologyImages-127551	Sentinel node biopsy	Tumor post-adjuvant therapy	RNAlater	RNALater	IHC	scientiae_et_patriae	pace_tua	Water	a_bene_placito	Macte_animo_Generose_puer_sic_itur_ad_astra
NonDICOMpathologyImages	GC-IMAGE-469485	GC-NonDICOMpathologyImages-698053	Sentinel node biopsy	Tumor specimen from de novo untreated malignancy of the bladder	Para-benzoquinone	TRIzol	SABER	scientiae_cedit_mare	sapiens_qui_prospicit	Oil	scientia_et_sapientia	nanos_gigantum_humeris_insidentes
NonDICOMpathologyImages	GC-IMAGE-690584	GC-NonDICOMpathologyImages-798664	Pancreaticoduodenectomy	Premalignant - in situ	Acetone	Snap Frozen	mIHC	damnant_quod_non_intellegunt	scientia_et_sapientia	Multi	barba_crescit_caput_nescit	Obedientia_civium_urbis_felicitas
NonDICOMpathologyImages	GC-IMAGE-780655	GC-NonDICOMpathologyImages-460234	Unknown	Unknown	CryoStor	Fresh Dissociated and Single Cell Sorted into Plates	MxIF	haec_olim_meminisse_iuvabit	scientiae_cedit_mare	Other	damnant_quod_non_intellegunt	nanos_gigantum_humeris_insidentes
NonDICOMpathologyImages	GC-IMAGE-561653	GC-NonDICOMpathologyImages-760791	Pancreaticoduodenectomy	Normal	None	Fresh Dissociated and Single Cell Sorted into Plates	GeoMX-DSP	saltus_in_demonstrando	saltus_in_demonstrando	Multi	damnant_quod_non_intellegunt	scientiae_cedit_mare
NonDICOMpathologyImages	GC-IMAGE-489650	GC-NonDICOMpathologyImages-932498	Autopsy	Tumor specimen from de novo untreated malignancy of the bladder	OCT media	Not Reported	ExSeq	pace_tua	a_bene_placito	Oil	damnant_quod_non_intellegunt	cacatum_non_est_pictum
NonDICOMpathologyImages	GC-IMAGE-299740	GC-NonDICOMpathologyImages-320096	Other	Atypia or hyperplasia	Carnoy's Solution	Liquid Nitrogen	IHC	damnant_quod_non_intellegunt	faber_est_suae_quisque_fortunae	Multi	imperium_in_imperio	labor_ipse_voluptas
NonDICOMpathologyImages	GC-IMAGE-931223	GC-NonDICOMpathologyImages-681112	Blood draw	Not reported	Alcohol	Formalin Fixed - Unbuffered	Not Applicable	faber_est_suae_quisque_fortunae	damnant_quod_non_intellegunt	Other	salus_in_arduis	nascentes_morimur_finisque_ab_origine_pendet
NonDICOMpathologyImages	GC-IMAGE-479293	GC-NonDICOMpathologyImages-626161	Incisional Biopsy	Metastatic	Unknown	Not Reported	IHC	id_quod_plerumque_accidit	cacatum_non_est_pictum	Other	id_quod_plerumque_accidit	Macte_animo_Generose_puer_sic_itur_ad_astra
