type	image.study_link_id	NonDICOMpathologyImages_id	acquisition_method_type	tumor_tissue_type	tissue_fixative	embedding_medium	staining_method	objective	nominal_magnification	immersion	lens_numerical_aperture	crdc_id
NonDICOMpathologyImages	CDS-IMAGE-477404	CDS-NonDICOMpathologyImages-611236	Pancreaticoduodenectomy	NOS	Carbodiimide	DMEM	H&E	faber_est_suae_quisque_fortunae	saltus_in_demonstrando	Multi	saltus_in_demonstrando	e_causa_ignota
NonDICOMpathologyImages	CDS-IMAGE-264447	CDS-NonDICOMpathologyImages-328240	Excisional Biopsy	Premalignant - in situ	None	None	H&E	a_bene_placito	sapiens_qui_prospicit	Water	O_Tite_tute_Tati_tibi_tanta_tyranne_tulisti	imperium_in_imperio
NonDICOMpathologyImages	CDS-IMAGE-456822	CDS-NonDICOMpathologyImages-694936	Autopsy	Premalignant	Poloxamer	None	ExSeq	scientia_et_labor	id_quod_plerumque_accidit	Multi	scientia_et_labor	scientia,_aere_perennius
NonDICOMpathologyImages	CDS-IMAGE-258661	CDS-NonDICOMpathologyImages-246477	Autopsy	Not reported	None	DMEM+Serum	MIBI	saltus_in_demonstrando	scientiae_et_patriae	Air	cacatum_non_est_pictum	scientia_et_labor
NonDICOMpathologyImages	CDS-IMAGE-820789	CDS-NonDICOMpathologyImages-340291	Excisional Biopsy	Tumor specimen from de novo untreated malignancy of the bladder	Methacarn	PBS+Serum	CODEX	sapiens_qui_prospicit	scientia_et_labor	Multi	saltus_in_demonstrando	barba_crescit_caput_nescit
NonDICOMpathologyImages	CDS-IMAGE-492694	CDS-NonDICOMpathologyImages-155751	Autopsy	Not applicable	None	PBS+Serum	mIHC	pace_tua	cacatum_non_est_pictum	Water	sapiens_qui_prospicit	scientia_imperii_decus_et_tutamen
NonDICOMpathologyImages	CDS-IMAGE-865072	CDS-NonDICOMpathologyImages-401256	Biopsy	Tissue	Acetone	PBS+Serum	H&E	Obedientia_civium_urbis_felicitas	scientiae_cedit_mare	Other	scientiae_et_patriae	faber_est_suae_quisque_fortunae
NonDICOMpathologyImages	CDS-IMAGE-932048	CDS-NonDICOMpathologyImages-590599	Incisional Biopsy	Xenograft	CryoStor	None	t-CyCIF	id_quod_plerumque_accidit	faber_est_suae_quisque_fortunae	Air	Macte_animo_Generose_puer_sic_itur_ad_astra	faber_est_suae_quisque_fortunae
NonDICOMpathologyImages	CDS-IMAGE-675635	CDS-NonDICOMpathologyImages-364913	Re-excision	Premalignant - in situ	95% Ethanol	PBS+Serum	MERFISH	cacatum_non_est_pictum	salus_in_arduis	Water	damnant_quod_non_intellegunt	barba_crescit_caput_nescit
NonDICOMpathologyImages	CDS-IMAGE-991213	CDS-NonDICOMpathologyImages-912399	Surgical Resection	Xenograft	Acetone	None	Not Applicable	faber_est_suae_quisque_fortunae	id_quod_plerumque_accidit	Oil	labor_ipse_voluptas	Macte_animo_Generose_puer_sic_itur_ad_astra
NonDICOMpathologyImages	CDS-IMAGE-405235	CDS-NonDICOMpathologyImages-112262	Punch biopsy	Local recurrence	Unknown	None	mIHC	labor_ipse_voluptas	Obedientia_civium_urbis_felicitas	Other	scientia_imperii_decus_et_tutamen	barba_crescit_caput_nescit
NonDICOMpathologyImages	CDS-IMAGE-388586	CDS-NonDICOMpathologyImages-371070	Pancreaticoduodenectomy	Tumor post-neoadjuvant therapy	Para-benzoquinone	RPMI+Serum	IHC	nascentes_morimur_finisque_ab_origine_pendet	a_bene_placito	Other	haec_olim_meminisse_iuvabit	barba_crescit_caput_nescit
NonDICOMpathologyImages	CDS-IMAGE-811512	CDS-NonDICOMpathologyImages-153400	Forceps Biopsy	Primary	Other	DMEM	IMC	scientia_et_sapientia	haec_olim_meminisse_iuvabit	Other	scientiae_cedit_mare	barba_crescit_caput_nescit
NonDICOMpathologyImages	CDS-IMAGE-157300	CDS-NonDICOMpathologyImages-300961	Lymphadenectomy (regional nodes)	Normal	Carbodiimide	RPMI+Serum	MERFISH	scientiae_cedit_mare	sapiens_qui_prospicit	Glycerol	a_bene_placito	labor_ipse_voluptas
NonDICOMpathologyImages	CDS-IMAGE-257799	CDS-NonDICOMpathologyImages-532172	Unknown	Additional Primary	Carbodiimide	PBS+Serum	ExSeq	a_bene_placito	sapiens_qui_prospicit	Other	pace_tua	saltus_in_demonstrando
NonDICOMpathologyImages	CDS-IMAGE-241503	CDS-NonDICOMpathologyImages-155703	Not applicable	Xenograft	RNAlater	PBS+Serum	t-CyCIF	cacatum_non_est_pictum	Gallia_est_omnis_divisa_in_partes_tres	Air	nanos_gigantum_humeris_insidentes	damnant_quod_non_intellegunt
NonDICOMpathologyImages	CDS-IMAGE-289865	CDS-NonDICOMpathologyImages-858320	Re-excision	Tumor specimen from de novo untreated malignancy of the bladder	Diimidoester	None	ExSeq	scientia_et_labor	sapiens_qui_prospicit	Glycerol	saltus_in_demonstrando	scientia_et_sapientia
NonDICOMpathologyImages	CDS-IMAGE-964911	CDS-NonDICOMpathologyImages-768677	Shave biopsy	Normal distant	95% Ethanol	RPMI+Serum	IMC	labor_ipse_voluptas	scientia,_aere_perennius	Multi	nascentes_morimur_finisque_ab_origine_pendet	faber_est_suae_quisque_fortunae
NonDICOMpathologyImages	CDS-IMAGE-448652	CDS-NonDICOMpathologyImages-669114	Blood draw	Normal	Dimethylacetamide	DMEM+Serum	CyCIF	imperium_in_imperio	cacatum_non_est_pictum	Air	scientiae_et_patriae	nanos_gigantum_humeris_insidentes
NonDICOMpathologyImages	CDS-IMAGE-193615	CDS-NonDICOMpathologyImages-191328	Forceps Biopsy	Xenograft	RNAlater	DMEM+Serum	GeoMX-DSP	scientiae_et_patriae	saltus_in_demonstrando	Water	scientiae_cedit_mare	scientiae_cedit_mare
NonDICOMpathologyImages	CDS-IMAGE-162893	CDS-NonDICOMpathologyImages-217019	Incisional Biopsy	Metastatic	Methacarn	DMEM	GeoMX-DSP	scientia_et_sapientia	a_bene_placito	Other	O_Tite_tute_Tati_tibi_tanta_tyranne_tulisti	nanos_gigantum_humeris_insidentes
NonDICOMpathologyImages	CDS-IMAGE-927868	CDS-NonDICOMpathologyImages-417753	Fine needle aspirate	Premalignant - in situ	RNAlater	RPMI+Serum	MERFISH	haec_olim_meminisse_iuvabit	scientia_et_sapientia	Water	sapiens_qui_prospicit	scientia_et_sapientia
NonDICOMpathologyImages	CDS-IMAGE-684119	CDS-NonDICOMpathologyImages-445510	Biopsy	Additional Primary	CryoStor	None	mIHC	labor_ipse_voluptas	Obedientia_civium_urbis_felicitas	Glycerol	scientia_et_sapientia	a_bene_placito
NonDICOMpathologyImages	CDS-IMAGE-323593	CDS-NonDICOMpathologyImages-618265	Biopsy	Premalignant	Unknown	None	MERFISH	faber_est_suae_quisque_fortunae	labor_ipse_voluptas	Glycerol	scientia_imperii_decus_et_tutamen	a_bene_placito
NonDICOMpathologyImages	CDS-IMAGE-347391	CDS-NonDICOMpathologyImages-806634	Fine needle aspirate	Unknown	PAXgene Tissue	RPMI+Serum	IHC	scientia_et_labor	sapiens_qui_prospicit	Multi	salus_in_arduis	barba_crescit_caput_nescit
NonDICOMpathologyImages	CDS-IMAGE-221862	CDS-NonDICOMpathologyImages-210709	Not specified	Tumor post-neoadjuvant therapy	NP40 Lysis Buffer	None	ExSeq	id_quod_plerumque_accidit	a_bene_placito	Oil	Obedientia_civium_urbis_felicitas	nascentes_morimur_finisque_ab_origine_pendet
NonDICOMpathologyImages	CDS-IMAGE-480852	CDS-NonDICOMpathologyImages-387549	Forceps Biopsy	Tumor post-therapy	CryoStor	None	mIHC	scientia,_aere_perennius	salus_in_arduis	Glycerol	scientiae_cedit_mare	nascentes_morimur_finisque_ab_origine_pendet
NonDICOMpathologyImages	CDS-IMAGE-701933	CDS-NonDICOMpathologyImages-508951	Excisional Biopsy	Tissue	Unknown	PBS+Serum	GeoMX-DSP	salus_in_arduis	scientia_imperii_decus_et_tutamen	Water	e_causa_ignota	scientia_et_labor
NonDICOMpathologyImages	CDS-IMAGE-647561	CDS-NonDICOMpathologyImages-897923	Punch biopsy	Normal	Para-benzoquinone	None	IHC	id_quod_plerumque_accidit	labor_ipse_voluptas	Multi	scientia_imperii_decus_et_tutamen	saltus_in_demonstrando
NonDICOMpathologyImages	CDS-IMAGE-201642	CDS-NonDICOMpathologyImages-500016	Not applicable	Not applicable	Dimethylacetamide	DMEM+Serum	GeoMX-DSP	scientiae_cedit_mare	Gallia_est_omnis_divisa_in_partes_tres	Water	labor_ipse_voluptas	a_bene_placito
NonDICOMpathologyImages	CDS-IMAGE-789473	CDS-NonDICOMpathologyImages-270081	Forceps Biopsy	Tissue	NP40 Lysis Buffer	None	CyCIF	damnant_quod_non_intellegunt	a_bene_placito	Multi	pace_tua	scientia_imperii_decus_et_tutamen
NonDICOMpathologyImages	CDS-IMAGE-833379	CDS-NonDICOMpathologyImages-387376	Core needle biopsy	Not applicable	Carbodiimide	None	CyCIF	salus_in_arduis	salus_in_arduis	Water	Gallia_est_omnis_divisa_in_partes_tres	sapiens_qui_prospicit
NonDICOMpathologyImages	CDS-IMAGE-706009	CDS-NonDICOMpathologyImages-398833	Forceps Biopsy	Unknown	Carbodiimide	DMEM	CyCIF	scientia_imperii_decus_et_tutamen	e_causa_ignota	Oil	haec_olim_meminisse_iuvabit	haec_olim_meminisse_iuvabit
NonDICOMpathologyImages	CDS-IMAGE-916622	CDS-NonDICOMpathologyImages-430985	Punch biopsy	Tissue	PAXgene Tissue	RPMI+Serum	IMC	id_quod_plerumque_accidit	nascentes_morimur_finisque_ab_origine_pendet	Multi	e_causa_ignota	scientiae_cedit_mare
NonDICOMpathologyImages	CDS-IMAGE-301791	CDS-NonDICOMpathologyImages-608831	Biopsy	Premalignant - in situ	Saline	DMEM+Serum	IHC	scientia_imperii_decus_et_tutamen	scientia_imperii_decus_et_tutamen	Oil	haec_olim_meminisse_iuvabit	nanos_gigantum_humeris_insidentes
NonDICOMpathologyImages	CDS-IMAGE-307810	CDS-NonDICOMpathologyImages-553613	Not specified	Tumor post-neoadjuvant therapy	Glutaraldehyde	RPMI+Serum	ExSeq	scientia_et_sapientia	pace_tua	Water	imperium_in_imperio	e_causa_ignota
NonDICOMpathologyImages	CDS-IMAGE-355149	CDS-NonDICOMpathologyImages-197847	Not reported	Primary	Acetone	DMEM+Serum	mIHC	scientia_et_labor	scientiae_cedit_mare	Multi	a_bene_placito	scientia_imperii_decus_et_tutamen
NonDICOMpathologyImages	CDS-IMAGE-144549	CDS-NonDICOMpathologyImages-699305	Autopsy	Premalignant	Not recorded	DMEM	IMC	scientia_et_sapientia	nanos_gigantum_humeris_insidentes	Oil	saltus_in_demonstrando	Obedientia_civium_urbis_felicitas
NonDICOMpathologyImages	CDS-IMAGE-758660	CDS-NonDICOMpathologyImages-810310	Punch biopsy	Local recurrence	Acetone	DMEM+Serum	MxIF	imperium_in_imperio	salus_in_arduis	Water	O_Tite_tute_Tati_tibi_tanta_tyranne_tulisti	Gallia_est_omnis_divisa_in_partes_tres
NonDICOMpathologyImages	CDS-IMAGE-428450	CDS-NonDICOMpathologyImages-961429	Blood draw	Unknown	Carnoy's Solution	DMEM	GeoMX-DSP	sapiens_qui_prospicit	scientia_et_sapientia	Multi	damnant_quod_non_intellegunt	haec_olim_meminisse_iuvabit
NonDICOMpathologyImages	CDS-IMAGE-386927	CDS-NonDICOMpathologyImages-800480	Surgical Resection	Atypia or hyperplasia	Diimidoester	RPMI+Serum	H&E	faber_est_suae_quisque_fortunae	nascentes_morimur_finisque_ab_origine_pendet	Oil	barba_crescit_caput_nescit	scientia,_aere_perennius
NonDICOMpathologyImages	CDS-IMAGE-127115	CDS-NonDICOMpathologyImages-589164	Blood draw	Xenograft	Other	RPMI+Serum	MIBI	nanos_gigantum_humeris_insidentes	scientia_et_labor	Water	nanos_gigantum_humeris_insidentes	faber_est_suae_quisque_fortunae
NonDICOMpathologyImages	CDS-IMAGE-723573	CDS-NonDICOMpathologyImages-939289	Excisional Biopsy	Normal adjacent	PAXgene Tissue	DMEM	CyCIF	salus_in_arduis	scientiae_cedit_mare	Oil	cacatum_non_est_pictum	labor_ipse_voluptas
NonDICOMpathologyImages	CDS-IMAGE-308106	CDS-NonDICOMpathologyImages-796585	Sentinel node biopsy	Tumor post-therapy	Not recorded	None	t-CyCIF	barba_crescit_caput_nescit	nanos_gigantum_humeris_insidentes	Water	imperium_in_imperio	faber_est_suae_quisque_fortunae
NonDICOMpathologyImages	CDS-IMAGE-315466	CDS-NonDICOMpathologyImages-581717	Fine needle aspirate	Normal distant	Diimidoester	PBS+Serum	Not Applicable	id_quod_plerumque_accidit	imperium_in_imperio	Multi	Macte_animo_Generose_puer_sic_itur_ad_astra	scientiae_cedit_mare
NonDICOMpathologyImages	CDS-IMAGE-259996	CDS-NonDICOMpathologyImages-129162	Blood draw	Premalignant	Formalin	None	GeoMX-DSP	saltus_in_demonstrando	scientia_et_labor	Air	e_causa_ignota	scientia_imperii_decus_et_tutamen
NonDICOMpathologyImages	CDS-IMAGE-155385	CDS-NonDICOMpathologyImages-689480	Unknown	Normal	RNAlater	RPMI+Serum	MxIF	Gallia_est_omnis_divisa_in_partes_tres	id_quod_plerumque_accidit	Water	e_causa_ignota	Gallia_est_omnis_divisa_in_partes_tres
NonDICOMpathologyImages	CDS-IMAGE-644125	CDS-NonDICOMpathologyImages-716067	Incisional Biopsy	Xenograft	Carnoy's Solution	RPMI+Serum	Not Applicable	damnant_quod_non_intellegunt	cacatum_non_est_pictum	Air	cacatum_non_est_pictum	saltus_in_demonstrando
NonDICOMpathologyImages	CDS-IMAGE-163842	CDS-NonDICOMpathologyImages-177294	Autopsy	Xenograft	Dimethylacetamide	PBS+Serum	CyCIF	scientia_et_labor	cacatum_non_est_pictum	Water	e_causa_ignota	scientia,_aere_perennius
NonDICOMpathologyImages	CDS-IMAGE-715529	CDS-NonDICOMpathologyImages-839765	Fine needle aspirate	Tumor post-adjuvant therapy	Unknown	RPMI+Serum	MxIF	faber_est_suae_quisque_fortunae	sapiens_qui_prospicit	Other	damnant_quod_non_intellegunt	nascentes_morimur_finisque_ab_origine_pendet
NonDICOMpathologyImages	CDS-IMAGE-105578	CDS-NonDICOMpathologyImages-407439	Forceps Biopsy	Not reported	Other	PBS+Serum	MxIF	Macte_animo_Generose_puer_sic_itur_ad_astra	cacatum_non_est_pictum	Oil	imperium_in_imperio	salus_in_arduis
NonDICOMpathologyImages	CDS-IMAGE-996260	CDS-NonDICOMpathologyImages-260517	Surgical Resection	Metastatic	Other	RPMI+Serum	ExSeq	barba_crescit_caput_nescit	damnant_quod_non_intellegunt	Oil	a_bene_placito	cacatum_non_est_pictum
NonDICOMpathologyImages	CDS-IMAGE-295661	CDS-NonDICOMpathologyImages-954836	Not reported	Premalignant	Unknown	PBS+Serum	SABER	id_quod_plerumque_accidit	sapiens_qui_prospicit	Oil	salus_in_arduis	sapiens_qui_prospicit
NonDICOMpathologyImages	CDS-IMAGE-356687	CDS-NonDICOMpathologyImages-305270	Re-excision	Premalignant - in situ	CryoStor	PBS+Serum	MERFISH	scientia,_aere_perennius	faber_est_suae_quisque_fortunae	Other	a_bene_placito	Gallia_est_omnis_divisa_in_partes_tres
NonDICOMpathologyImages	CDS-IMAGE-672672	CDS-NonDICOMpathologyImages-557510	Unknown	Additional Primary	Not applicable	RPMI+Serum	GeoMX-DSP	saltus_in_demonstrando	Gallia_est_omnis_divisa_in_partes_tres	Other	salus_in_arduis	saltus_in_demonstrando
NonDICOMpathologyImages	CDS-IMAGE-760745	CDS-NonDICOMpathologyImages-134110	Other	Tumor post-therapy	CryoStor	PBS+Serum	CODEX	labor_ipse_voluptas	id_quod_plerumque_accidit	Air	scientiae_et_patriae	scientia_et_sapientia
NonDICOMpathologyImages	CDS-IMAGE-447835	CDS-NonDICOMpathologyImages-712277	Excisional Biopsy	Tumor post-adjuvant therapy	PAXgene Tissue	PBS+Serum	H&E	sapiens_qui_prospicit	salus_in_arduis	Water	sapiens_qui_prospicit	scientiae_cedit_mare
NonDICOMpathologyImages	CDS-IMAGE-449047	CDS-NonDICOMpathologyImages-185405	Excisional Biopsy	Metastatic	PAXgene Tissue	RPMI+Serum	MERFISH	a_bene_placito	scientia,_aere_perennius	Water	Gallia_est_omnis_divisa_in_partes_tres	id_quod_plerumque_accidit
NonDICOMpathologyImages	CDS-IMAGE-502829	CDS-NonDICOMpathologyImages-762064	Sentinel node biopsy	Not reported	Alcohol	DMEM+Serum	H&E	scientia_et_labor	a_bene_placito	Water	faber_est_suae_quisque_fortunae	cacatum_non_est_pictum
NonDICOMpathologyImages	CDS-IMAGE-517058	CDS-NonDICOMpathologyImages-659888	Other	Tumor specimen from de novo untreated malignancy of the bladder	OCT media	RPMI+Serum	CyCIF	cacatum_non_est_pictum	cacatum_non_est_pictum	Glycerol	scientiae_cedit_mare	scientia_et_labor
NonDICOMpathologyImages	CDS-IMAGE-313975	CDS-NonDICOMpathologyImages-500335	Pancreaticoduodenectomy	Premalignant - in situ	RNAlater	None	mIHC	cacatum_non_est_pictum	imperium_in_imperio	Oil	scientia,_aere_perennius	imperium_in_imperio
NonDICOMpathologyImages	CDS-IMAGE-969559	CDS-NonDICOMpathologyImages-240684	Biopsy	Premalignant	Carbodiimide	None	MIBI	scientiae_cedit_mare	scientia,_aere_perennius	Water	scientiae_cedit_mare	scientia,_aere_perennius
NonDICOMpathologyImages	CDS-IMAGE-960776	CDS-NonDICOMpathologyImages-843865	Core needle biopsy	Premalignant - in situ	TCL Lysis Buffer	PBS+Serum	Not Applicable	e_causa_ignota	imperium_in_imperio	Glycerol	sapiens_qui_prospicit	scientia_et_labor
NonDICOMpathologyImages	CDS-IMAGE-275645	CDS-NonDICOMpathologyImages-800303	Re-excision	Tumor post-therapy	OCT media	None	CODEX	e_causa_ignota	Macte_animo_Generose_puer_sic_itur_ad_astra	Glycerol	cacatum_non_est_pictum	sapiens_qui_prospicit
NonDICOMpathologyImages	CDS-IMAGE-294393	CDS-NonDICOMpathologyImages-301395	Incisional Biopsy	Premalignant - in situ	Saline	None	GeoMX-DSP	scientia_et_labor	scientia,_aere_perennius	Oil	e_causa_ignota	faber_est_suae_quisque_fortunae
NonDICOMpathologyImages	CDS-IMAGE-716232	CDS-NonDICOMpathologyImages-798581	Biopsy	Premalignant - in situ	Formalin	RPMI+Serum	MIBI	scientia_imperii_decus_et_tutamen	scientiae_cedit_mare	Oil	nanos_gigantum_humeris_insidentes	scientiae_et_patriae
NonDICOMpathologyImages	CDS-IMAGE-581730	CDS-NonDICOMpathologyImages-840941	Shave biopsy	Recurrent	Para-benzoquinone	DMEM	t-CyCIF	scientiae_cedit_mare	cacatum_non_est_pictum	Oil	e_causa_ignota	faber_est_suae_quisque_fortunae
NonDICOMpathologyImages	CDS-IMAGE-895263	CDS-NonDICOMpathologyImages-633024	Core needle biopsy	Tumor post-therapy	Poloxamer	PBS+Serum	CyCIF	Gallia_est_omnis_divisa_in_partes_tres	haec_olim_meminisse_iuvabit	Oil	faber_est_suae_quisque_fortunae	scientia_et_labor
NonDICOMpathologyImages	CDS-IMAGE-252406	CDS-NonDICOMpathologyImages-460861	Incisional Biopsy	Primary	Glutaraldehyde	PBS+Serum	MxIF	nascentes_morimur_finisque_ab_origine_pendet	Macte_animo_Generose_puer_sic_itur_ad_astra	Oil	scientia_et_sapientia	O_Tite_tute_Tati_tibi_tanta_tyranne_tulisti
NonDICOMpathologyImages	CDS-IMAGE-801798	CDS-NonDICOMpathologyImages-701642	Incisional Biopsy	Not applicable	Poloxamer	DMEM	H&E	id_quod_plerumque_accidit	pace_tua	Oil	labor_ipse_voluptas	O_Tite_tute_Tati_tibi_tanta_tyranne_tulisti
NonDICOMpathologyImages	CDS-IMAGE-831938	CDS-NonDICOMpathologyImages-206400	Biopsy	Recurrent	Not applicable	PBS+Serum	IHC	cacatum_non_est_pictum	faber_est_suae_quisque_fortunae	Air	salus_in_arduis	salus_in_arduis
NonDICOMpathologyImages	CDS-IMAGE-232205	CDS-NonDICOMpathologyImages-432158	Shave biopsy	Not applicable	Dimethylacetamide	DMEM+Serum	MxIF	damnant_quod_non_intellegunt	nascentes_morimur_finisque_ab_origine_pendet	Glycerol	cacatum_non_est_pictum	haec_olim_meminisse_iuvabit
NonDICOMpathologyImages	CDS-IMAGE-976532	CDS-NonDICOMpathologyImages-432203	Excisional Biopsy	Normal distant	Dimethylacetamide	RPMI+Serum	IMC	scientia_imperii_decus_et_tutamen	damnant_quod_non_intellegunt	Oil	scientia_et_labor	salus_in_arduis
NonDICOMpathologyImages	CDS-IMAGE-437110	CDS-NonDICOMpathologyImages-163030	Punch biopsy	Not reported	Methacarn	RPMI+Serum	ExSeq	scientia_et_sapientia	scientia_imperii_decus_et_tutamen	Other	Macte_animo_Generose_puer_sic_itur_ad_astra	haec_olim_meminisse_iuvabit
NonDICOMpathologyImages	CDS-IMAGE-487436	CDS-NonDICOMpathologyImages-261634	Surgical Resection	Tumor specimen from de novo untreated malignancy of the bladder	Other	DMEM+Serum	Not Applicable	nanos_gigantum_humeris_insidentes	scientia,_aere_perennius	Glycerol	haec_olim_meminisse_iuvabit	O_Tite_tute_Tati_tibi_tanta_tyranne_tulisti
NonDICOMpathologyImages	CDS-IMAGE-744923	CDS-NonDICOMpathologyImages-302782	Forceps Biopsy	Normal distant	PAXgene Tissue	PBS+Serum	H&E	nascentes_morimur_finisque_ab_origine_pendet	imperium_in_imperio	Other	nascentes_morimur_finisque_ab_origine_pendet	scientia_et_labor
NonDICOMpathologyImages	CDS-IMAGE-305132	CDS-NonDICOMpathologyImages-445333	Punch biopsy	Premalignant	RNAlater	PBS+Serum	SABER	nascentes_morimur_finisque_ab_origine_pendet	labor_ipse_voluptas	Water	Obedientia_civium_urbis_felicitas	cacatum_non_est_pictum
NonDICOMpathologyImages	CDS-IMAGE-324996	CDS-NonDICOMpathologyImages-532770	Excisional Biopsy	Tumor post-neoadjuvant therapy	PAXgene Tissue	None	MxIF	damnant_quod_non_intellegunt	labor_ipse_voluptas	Glycerol	salus_in_arduis	scientia_et_sapientia
NonDICOMpathologyImages	CDS-IMAGE-986376	CDS-NonDICOMpathologyImages-753293	Core needle biopsy	Normal	Poloxamer	None	IHC	Obedientia_civium_urbis_felicitas	labor_ipse_voluptas	Multi	scientia_imperii_decus_et_tutamen	nanos_gigantum_humeris_insidentes
NonDICOMpathologyImages	CDS-IMAGE-532724	CDS-NonDICOMpathologyImages-458519	Biopsy	Normal	PAXgene Tissue	DMEM	MERFISH	faber_est_suae_quisque_fortunae	Macte_animo_Generose_puer_sic_itur_ad_astra	Air	id_quod_plerumque_accidit	salus_in_arduis
NonDICOMpathologyImages	CDS-IMAGE-221504	CDS-NonDICOMpathologyImages-592108	Biopsy	Tumor post-adjuvant therapy	Acetone	PBS+Serum	IHC	salus_in_arduis	imperium_in_imperio	Oil	a_bene_placito	Macte_animo_Generose_puer_sic_itur_ad_astra
NonDICOMpathologyImages	CDS-IMAGE-594689	CDS-NonDICOMpathologyImages-877192	Not applicable	Premalignant	CryoStor	DMEM	mIHC	scientiae_et_patriae	scientia_et_labor	Glycerol	Gallia_est_omnis_divisa_in_partes_tres	scientiae_cedit_mare
NonDICOMpathologyImages	CDS-IMAGE-817027	CDS-NonDICOMpathologyImages-878260	Fine needle aspirate	Tumor post-therapy	Not recorded	RPMI+Serum	MxIF	saltus_in_demonstrando	damnant_quod_non_intellegunt	Water	scientia_et_labor	scientiae_cedit_mare
NonDICOMpathologyImages	CDS-IMAGE-139555	CDS-NonDICOMpathologyImages-550166	Lymphadenectomy (regional nodes)	Tumor specimen from de novo untreated malignancy of the bladder	Methacarn	RPMI+Serum	CyCIF	scientia_et_labor	O_Tite_tute_Tati_tibi_tanta_tyranne_tulisti	Water	barba_crescit_caput_nescit	sapiens_qui_prospicit
NonDICOMpathologyImages	CDS-IMAGE-815029	CDS-NonDICOMpathologyImages-372735	Other	Metastatic	Dimethylacetamide	None	Not Applicable	scientiae_cedit_mare	O_Tite_tute_Tati_tibi_tanta_tyranne_tulisti	Oil	labor_ipse_voluptas	barba_crescit_caput_nescit
NonDICOMpathologyImages	CDS-IMAGE-179349	CDS-NonDICOMpathologyImages-436937	Not applicable	Not applicable	Not recorded	RPMI+Serum	ExSeq	nascentes_morimur_finisque_ab_origine_pendet	pace_tua	Other	scientia_imperii_decus_et_tutamen	sapiens_qui_prospicit
NonDICOMpathologyImages	CDS-IMAGE-432538	CDS-NonDICOMpathologyImages-231247	Shave biopsy	Premalignant - in situ	Saline	PBS+Serum	MERFISH	Gallia_est_omnis_divisa_in_partes_tres	haec_olim_meminisse_iuvabit	Other	scientiae_cedit_mare	faber_est_suae_quisque_fortunae
NonDICOMpathologyImages	CDS-IMAGE-207611	CDS-NonDICOMpathologyImages-915867	Fine needle aspirate	Tumor post-neoadjuvant therapy	Diimidoester	RPMI+Serum	IMC	labor_ipse_voluptas	damnant_quod_non_intellegunt	Water	Gallia_est_omnis_divisa_in_partes_tres	scientiae_cedit_mare
NonDICOMpathologyImages	CDS-IMAGE-284302	CDS-NonDICOMpathologyImages-331808	Core needle biopsy	Additional Primary	Unknown	DMEM	MxIF	Obedientia_civium_urbis_felicitas	a_bene_placito	Multi	Gallia_est_omnis_divisa_in_partes_tres	scientia_et_sapientia
NonDICOMpathologyImages	CDS-IMAGE-937522	CDS-NonDICOMpathologyImages-534935	Lymphadenectomy (regional nodes)	Normal	Diimidoester	DMEM	GeoMX-DSP	scientia_et_sapientia	e_causa_ignota	Other	scientiae_et_patriae	labor_ipse_voluptas
NonDICOMpathologyImages	CDS-IMAGE-357602	CDS-NonDICOMpathologyImages-256883	Fine needle aspirate	Normal distant	Formalin	DMEM+Serum	IMC	scientia,_aere_perennius	imperium_in_imperio	Air	Gallia_est_omnis_divisa_in_partes_tres	nanos_gigantum_humeris_insidentes
NonDICOMpathologyImages	CDS-IMAGE-174662	CDS-NonDICOMpathologyImages-294305	Excisional Biopsy	Premalignant	NP40 Lysis Buffer	DMEM	CODEX	faber_est_suae_quisque_fortunae	scientiae_cedit_mare	Oil	nanos_gigantum_humeris_insidentes	Gallia_est_omnis_divisa_in_partes_tres
NonDICOMpathologyImages	CDS-IMAGE-348665	CDS-NonDICOMpathologyImages-127328	Pancreaticoduodenectomy	Not applicable	Glutaraldehyde	DMEM+Serum	H&E	scientia,_aere_perennius	damnant_quod_non_intellegunt	Oil	a_bene_placito	e_causa_ignota
NonDICOMpathologyImages	CDS-IMAGE-584133	CDS-NonDICOMpathologyImages-136158	Autopsy	Normal	Not applicable	RPMI+Serum	IHC	cacatum_non_est_pictum	Macte_animo_Generose_puer_sic_itur_ad_astra	Air	nanos_gigantum_humeris_insidentes	nascentes_morimur_finisque_ab_origine_pendet
NonDICOMpathologyImages	CDS-IMAGE-704340	CDS-NonDICOMpathologyImages-253292	Re-excision	Premalignant - in situ	Poloxamer	None	t-CyCIF	barba_crescit_caput_nescit	Obedientia_civium_urbis_felicitas	Glycerol	labor_ipse_voluptas	Macte_animo_Generose_puer_sic_itur_ad_astra
NonDICOMpathologyImages	CDS-IMAGE-370010	CDS-NonDICOMpathologyImages-318799	Core needle biopsy	Tumor post-adjuvant therapy	PAXgene Tissue	PBS+Serum	CODEX	nascentes_morimur_finisque_ab_origine_pendet	faber_est_suae_quisque_fortunae	Glycerol	scientiae_cedit_mare	scientiae_cedit_mare
NonDICOMpathologyImages	CDS-IMAGE-328203	CDS-NonDICOMpathologyImages-791201	Not specified	NOS	PAXgene Tissue	DMEM+Serum	MxIF	cacatum_non_est_pictum	pace_tua	Air	scientiae_cedit_mare	Macte_animo_Generose_puer_sic_itur_ad_astra
NonDICOMpathologyImages	CDS-IMAGE-449145	CDS-NonDICOMpathologyImages-852612	Unknown	NOS	Acetone	RPMI+Serum	Not Applicable	Gallia_est_omnis_divisa_in_partes_tres	pace_tua	Other	cacatum_non_est_pictum	labor_ipse_voluptas
NonDICOMpathologyImages	CDS-IMAGE-233274	CDS-NonDICOMpathologyImages-195589	Fine needle aspirate	Tumor post-neoadjuvant therapy	Poloxamer	None	GeoMX-DSP	id_quod_plerumque_accidit	scientia,_aere_perennius	Oil	Gallia_est_omnis_divisa_in_partes_tres	imperium_in_imperio
NonDICOMpathologyImages	CDS-IMAGE-248757	CDS-NonDICOMpathologyImages-797454	Not reported	Tumor post-neoadjuvant therapy	Carbodiimide	PBS+Serum	MERFISH	e_causa_ignota	O_Tite_tute_Tati_tibi_tanta_tyranne_tulisti	Air	sapiens_qui_prospicit	Obedientia_civium_urbis_felicitas
NonDICOMpathologyImages	CDS-IMAGE-678258	CDS-NonDICOMpathologyImages-432479	Biopsy	Not applicable	Methacarn	PBS+Serum	IMC	a_bene_placito	Gallia_est_omnis_divisa_in_partes_tres	Other	barba_crescit_caput_nescit	cacatum_non_est_pictum
NonDICOMpathologyImages	CDS-IMAGE-848824	CDS-NonDICOMpathologyImages-273028	Forceps Biopsy	Atypia or hyperplasia	TCL Lysis Buffer	DMEM	ExSeq	id_quod_plerumque_accidit	cacatum_non_est_pictum	Water	labor_ipse_voluptas	scientia_imperii_decus_et_tutamen
NonDICOMpathologyImages	CDS-IMAGE-338352	CDS-NonDICOMpathologyImages-363598	Incisional Biopsy	Local recurrence	Alcohol	RPMI+Serum	GeoMX-DSP	O_Tite_tute_Tati_tibi_tanta_tyranne_tulisti	Obedientia_civium_urbis_felicitas	Other	id_quod_plerumque_accidit	nascentes_morimur_finisque_ab_origine_pendet
NonDICOMpathologyImages	CDS-IMAGE-630235	CDS-NonDICOMpathologyImages-480894	Biopsy	NOS	PAXgene Tissue	None	CODEX	salus_in_arduis	pace_tua	Glycerol	scientia_imperii_decus_et_tutamen	nascentes_morimur_finisque_ab_origine_pendet
NonDICOMpathologyImages	CDS-IMAGE-367090	CDS-NonDICOMpathologyImages-812896	Blood draw	Recurrent	Methacarn	DMEM	mIHC	salus_in_arduis	O_Tite_tute_Tati_tibi_tanta_tyranne_tulisti	Multi	Obedientia_civium_urbis_felicitas	faber_est_suae_quisque_fortunae
NonDICOMpathologyImages	CDS-IMAGE-531593	CDS-NonDICOMpathologyImages-700707	Core needle biopsy	Premalignant - in situ	NP40 Lysis Buffer	PBS+Serum	GeoMX-DSP	nanos_gigantum_humeris_insidentes	e_causa_ignota	Air	scientia_et_labor	cacatum_non_est_pictum
NonDICOMpathologyImages	CDS-IMAGE-529404	CDS-NonDICOMpathologyImages-563322	Lymphadenectomy (regional nodes)	Primary	Methacarn	DMEM	GeoMX-DSP	scientiae_cedit_mare	nanos_gigantum_humeris_insidentes	Multi	id_quod_plerumque_accidit	Macte_animo_Generose_puer_sic_itur_ad_astra
NonDICOMpathologyImages	CDS-IMAGE-171301	CDS-NonDICOMpathologyImages-645197	Excisional Biopsy	Unknown	Dimethylacetamide	DMEM	IHC	Macte_animo_Generose_puer_sic_itur_ad_astra	scientia_imperii_decus_et_tutamen	Water	faber_est_suae_quisque_fortunae	labor_ipse_voluptas
NonDICOMpathologyImages	CDS-IMAGE-544663	CDS-NonDICOMpathologyImages-601154	Core needle biopsy	Recurrent	PAXgene Tissue	DMEM	SABER	scientia_et_sapientia	scientia_et_sapientia	Air	scientia_imperii_decus_et_tutamen	a_bene_placito
NonDICOMpathologyImages	CDS-IMAGE-296419	CDS-NonDICOMpathologyImages-151141	Re-excision	Primary	Saline	None	ExSeq	cacatum_non_est_pictum	a_bene_placito	Glycerol	scientia_et_labor	id_quod_plerumque_accidit
NonDICOMpathologyImages	CDS-IMAGE-452418	CDS-NonDICOMpathologyImages-123216	Sentinel node biopsy	Tumor post-neoadjuvant therapy	OCT media	PBS+Serum	CyCIF	saltus_in_demonstrando	Gallia_est_omnis_divisa_in_partes_tres	Glycerol	haec_olim_meminisse_iuvabit	nascentes_morimur_finisque_ab_origine_pendet
NonDICOMpathologyImages	CDS-IMAGE-155821	CDS-NonDICOMpathologyImages-764073	Pancreaticoduodenectomy	Premalignant - in situ	Methacarn	DMEM+Serum	MERFISH	id_quod_plerumque_accidit	nanos_gigantum_humeris_insidentes	Oil	cacatum_non_est_pictum	faber_est_suae_quisque_fortunae
NonDICOMpathologyImages	CDS-IMAGE-365753	CDS-NonDICOMpathologyImages-716726	Shave biopsy	Recurrent	OCT media	None	MERFISH	barba_crescit_caput_nescit	scientia_et_sapientia	Other	damnant_quod_non_intellegunt	saltus_in_demonstrando
NonDICOMpathologyImages	CDS-IMAGE-766020	CDS-NonDICOMpathologyImages-745563	Forceps Biopsy	Premalignant	OCT media	RPMI+Serum	ExSeq	O_Tite_tute_Tati_tibi_tanta_tyranne_tulisti	cacatum_non_est_pictum	Air	scientia,_aere_perennius	barba_crescit_caput_nescit
NonDICOMpathologyImages	CDS-IMAGE-106515	CDS-NonDICOMpathologyImages-407994	Unknown	Xenograft	Not applicable	RPMI+Serum	CODEX	saltus_in_demonstrando	sapiens_qui_prospicit	Water	faber_est_suae_quisque_fortunae	saltus_in_demonstrando
NonDICOMpathologyImages	CDS-IMAGE-886901	CDS-NonDICOMpathologyImages-567068	Punch biopsy	Normal adjacent	Glutaraldehyde	None	H&E	damnant_quod_non_intellegunt	faber_est_suae_quisque_fortunae	Glycerol	Macte_animo_Generose_puer_sic_itur_ad_astra	id_quod_plerumque_accidit
NonDICOMpathologyImages	CDS-IMAGE-127885	CDS-NonDICOMpathologyImages-723669	Biopsy	Local recurrence	Methacarn	DMEM	MERFISH	Gallia_est_omnis_divisa_in_partes_tres	Macte_animo_Generose_puer_sic_itur_ad_astra	Other	scientiae_cedit_mare	scientia_et_sapientia
NonDICOMpathologyImages	CDS-IMAGE-429419	CDS-NonDICOMpathologyImages-223296	Unknown	Tumor post-therapy	None	None	CODEX	haec_olim_meminisse_iuvabit	scientia_et_sapientia	Glycerol	Obedientia_civium_urbis_felicitas	labor_ipse_voluptas
NonDICOMpathologyImages	CDS-IMAGE-961332	CDS-NonDICOMpathologyImages-512623	Other	Normal distant	CryoStor	None	CODEX	scientiae_cedit_mare	O_Tite_tute_Tati_tibi_tanta_tyranne_tulisti	Oil	scientia_et_labor	Obedientia_civium_urbis_felicitas
NonDICOMpathologyImages	CDS-IMAGE-830300	CDS-NonDICOMpathologyImages-168337	Punch biopsy	Recurrent	TCL Lysis Buffer	None	CyCIF	salus_in_arduis	scientia_imperii_decus_et_tutamen	Oil	barba_crescit_caput_nescit	a_bene_placito
NonDICOMpathologyImages	CDS-IMAGE-498012	CDS-NonDICOMpathologyImages-937293	Not reported	Recurrent	Acetone	PBS+Serum	Not Applicable	Obedientia_civium_urbis_felicitas	a_bene_placito	Air	labor_ipse_voluptas	nanos_gigantum_humeris_insidentes
NonDICOMpathologyImages	CDS-IMAGE-646939	CDS-NonDICOMpathologyImages-198161	Pancreaticoduodenectomy	Atypia or hyperplasia	Dimethylacetamide	None	MERFISH	Gallia_est_omnis_divisa_in_partes_tres	a_bene_placito	Oil	scientia,_aere_perennius	Gallia_est_omnis_divisa_in_partes_tres
NonDICOMpathologyImages	CDS-IMAGE-458878	CDS-NonDICOMpathologyImages-794154	Blood draw	Tissue	Carbodiimide	PBS+Serum	CyCIF	O_Tite_tute_Tati_tibi_tanta_tyranne_tulisti	pace_tua	Glycerol	pace_tua	faber_est_suae_quisque_fortunae
NonDICOMpathologyImages	CDS-IMAGE-558875	CDS-NonDICOMpathologyImages-497255	Not reported	Additional Primary	Acetone	DMEM	MIBI	scientia_et_labor	barba_crescit_caput_nescit	Oil	scientia_imperii_decus_et_tutamen	cacatum_non_est_pictum
NonDICOMpathologyImages	CDS-IMAGE-929624	CDS-NonDICOMpathologyImages-362052	Surgical Resection	NOS	Not recorded	None	Not Applicable	scientiae_et_patriae	nanos_gigantum_humeris_insidentes	Water	pace_tua	pace_tua
NonDICOMpathologyImages	CDS-IMAGE-163523	CDS-NonDICOMpathologyImages-317365	Excisional Biopsy	Metastatic	Not recorded	DMEM+Serum	MERFISH	sapiens_qui_prospicit	imperium_in_imperio	Water	Macte_animo_Generose_puer_sic_itur_ad_astra	Gallia_est_omnis_divisa_in_partes_tres
NonDICOMpathologyImages	CDS-IMAGE-457372	CDS-NonDICOMpathologyImages-711511	Pancreaticoduodenectomy	Local recurrence	Methacarn	PBS+Serum	MIBI	scientia_imperii_decus_et_tutamen	Macte_animo_Generose_puer_sic_itur_ad_astra	Water	Macte_animo_Generose_puer_sic_itur_ad_astra	Gallia_est_omnis_divisa_in_partes_tres
NonDICOMpathologyImages	CDS-IMAGE-795234	CDS-NonDICOMpathologyImages-370074	Excisional Biopsy	Normal distant	TCL Lysis Buffer	RPMI+Serum	ExSeq	e_causa_ignota	scientia_et_sapientia	Air	barba_crescit_caput_nescit	Gallia_est_omnis_divisa_in_partes_tres
NonDICOMpathologyImages	CDS-IMAGE-828166	CDS-NonDICOMpathologyImages-862635	Not applicable	NOS	Formalin	RPMI+Serum	CODEX	faber_est_suae_quisque_fortunae	Macte_animo_Generose_puer_sic_itur_ad_astra	Oil	labor_ipse_voluptas	O_Tite_tute_Tati_tibi_tanta_tyranne_tulisti
NonDICOMpathologyImages	CDS-IMAGE-377448	CDS-NonDICOMpathologyImages-972179	Biopsy	Not applicable	Not recorded	None	GeoMX-DSP	scientia,_aere_perennius	cacatum_non_est_pictum	Water	e_causa_ignota	nascentes_morimur_finisque_ab_origine_pendet
NonDICOMpathologyImages	CDS-IMAGE-434147	CDS-NonDICOMpathologyImages-368632	Pancreaticoduodenectomy	Unknown	Saline	DMEM	ExSeq	scientiae_et_patriae	scientiae_et_patriae	Other	pace_tua	labor_ipse_voluptas
NonDICOMpathologyImages	CDS-IMAGE-421875	CDS-NonDICOMpathologyImages-328372	Pancreaticoduodenectomy	Premalignant - in situ	PAXgene Tissue	RPMI+Serum	GeoMX-DSP	scientiae_cedit_mare	e_causa_ignota	Glycerol	scientia_et_sapientia	damnant_quod_non_intellegunt
NonDICOMpathologyImages	CDS-IMAGE-962520	CDS-NonDICOMpathologyImages-751119	Surgical Resection	Tumor post-adjuvant therapy	Carbodiimide	DMEM+Serum	IMC	O_Tite_tute_Tati_tibi_tanta_tyranne_tulisti	nanos_gigantum_humeris_insidentes	Water	scientia_et_labor	scientiae_et_patriae
NonDICOMpathologyImages	CDS-IMAGE-199747	CDS-NonDICOMpathologyImages-507024	Other	NOS	95% Ethanol	None	SABER	nascentes_morimur_finisque_ab_origine_pendet	scientia_et_labor	Oil	e_causa_ignota	a_bene_placito
NonDICOMpathologyImages	CDS-IMAGE-962627	CDS-NonDICOMpathologyImages-607626	Pancreaticoduodenectomy	Atypia or hyperplasia	Carnoy's Solution	DMEM+Serum	ExSeq	saltus_in_demonstrando	nascentes_morimur_finisque_ab_origine_pendet	Oil	O_Tite_tute_Tati_tibi_tanta_tyranne_tulisti	sapiens_qui_prospicit
NonDICOMpathologyImages	CDS-IMAGE-576855	CDS-NonDICOMpathologyImages-262569	Core needle biopsy	Metastatic	Not recorded	None	IMC	scientiae_et_patriae	id_quod_plerumque_accidit	Other	labor_ipse_voluptas	scientiae_cedit_mare
NonDICOMpathologyImages	CDS-IMAGE-367154	CDS-NonDICOMpathologyImages-863943	Other	Premalignant	Diimidoester	PBS+Serum	ExSeq	damnant_quod_non_intellegunt	scientia_imperii_decus_et_tutamen	Water	pace_tua	Macte_animo_Generose_puer_sic_itur_ad_astra
NonDICOMpathologyImages	CDS-IMAGE-135878	CDS-NonDICOMpathologyImages-648594	Forceps Biopsy	Normal adjacent	TCL Lysis Buffer	RPMI+Serum	MxIF	haec_olim_meminisse_iuvabit	nascentes_morimur_finisque_ab_origine_pendet	Multi	scientiae_cedit_mare	O_Tite_tute_Tati_tibi_tanta_tyranne_tulisti
NonDICOMpathologyImages	CDS-IMAGE-311050	CDS-NonDICOMpathologyImages-973632	Sentinel node biopsy	Tumor post-neoadjuvant therapy	Not recorded	RPMI+Serum	CODEX	scientia,_aere_perennius	pace_tua	Glycerol	Obedientia_civium_urbis_felicitas	nanos_gigantum_humeris_insidentes
NonDICOMpathologyImages	CDS-IMAGE-167243	CDS-NonDICOMpathologyImages-338561	Incisional Biopsy	Premalignant - in situ	Para-benzoquinone	PBS+Serum	CyCIF	barba_crescit_caput_nescit	scientiae_et_patriae	Water	O_Tite_tute_Tati_tibi_tanta_tyranne_tulisti	nanos_gigantum_humeris_insidentes
NonDICOMpathologyImages	CDS-IMAGE-391906	CDS-NonDICOMpathologyImages-805025	Autopsy	Unknown	Not applicable	RPMI+Serum	mIHC	cacatum_non_est_pictum	O_Tite_tute_Tati_tibi_tanta_tyranne_tulisti	Water	scientia_imperii_decus_et_tutamen	scientiae_cedit_mare
NonDICOMpathologyImages	CDS-IMAGE-164743	CDS-NonDICOMpathologyImages-116983	Other	Xenograft	Carbodiimide	DMEM+Serum	MIBI	faber_est_suae_quisque_fortunae	faber_est_suae_quisque_fortunae	Air	barba_crescit_caput_nescit	damnant_quod_non_intellegunt
NonDICOMpathologyImages	CDS-IMAGE-123468	CDS-NonDICOMpathologyImages-948889	Blood draw	Normal adjacent	Diimidoester	None	ExSeq	barba_crescit_caput_nescit	e_causa_ignota	Glycerol	scientia_imperii_decus_et_tutamen	saltus_in_demonstrando
NonDICOMpathologyImages	CDS-IMAGE-254404	CDS-NonDICOMpathologyImages-644386	Excisional Biopsy	Not reported	Not recorded	None	SABER	a_bene_placito	scientia_et_sapientia	Oil	haec_olim_meminisse_iuvabit	nascentes_morimur_finisque_ab_origine_pendet
NonDICOMpathologyImages	CDS-IMAGE-961445	CDS-NonDICOMpathologyImages-896252	Excisional Biopsy	Not applicable	Other	DMEM+Serum	MxIF	pace_tua	scientiae_cedit_mare	Other	nanos_gigantum_humeris_insidentes	labor_ipse_voluptas
NonDICOMpathologyImages	CDS-IMAGE-302109	CDS-NonDICOMpathologyImages-958816	Sentinel node biopsy	Normal adjacent	Poloxamer	DMEM+Serum	ExSeq	O_Tite_tute_Tati_tibi_tanta_tyranne_tulisti	barba_crescit_caput_nescit	Other	damnant_quod_non_intellegunt	scientia_et_sapientia
NonDICOMpathologyImages	CDS-IMAGE-105707	CDS-NonDICOMpathologyImages-326501	Incisional Biopsy	Atypia or hyperplasia	Not applicable	DMEM	MERFISH	scientiae_et_patriae	damnant_quod_non_intellegunt	Multi	scientia_imperii_decus_et_tutamen	damnant_quod_non_intellegunt
NonDICOMpathologyImages	CDS-IMAGE-903517	CDS-NonDICOMpathologyImages-981026	Pancreaticoduodenectomy	Xenograft	Glutaraldehyde	DMEM+Serum	SABER	a_bene_placito	Obedientia_civium_urbis_felicitas	Air	salus_in_arduis	scientia_et_sapientia
NonDICOMpathologyImages	CDS-IMAGE-163544	CDS-NonDICOMpathologyImages-326687	Shave biopsy	Metastatic	Formalin	DMEM	MxIF	damnant_quod_non_intellegunt	barba_crescit_caput_nescit	Water	Obedientia_civium_urbis_felicitas	cacatum_non_est_pictum
NonDICOMpathologyImages	CDS-IMAGE-513415	CDS-NonDICOMpathologyImages-364595	Surgical Resection	Metastatic	Carnoy's Solution	PBS+Serum	MIBI	nascentes_morimur_finisque_ab_origine_pendet	id_quod_plerumque_accidit	Other	scientia_et_sapientia	scientiae_et_patriae
NonDICOMpathologyImages	CDS-IMAGE-598380	CDS-NonDICOMpathologyImages-502181	Other	Normal adjacent	Not recorded	DMEM+Serum	mIHC	damnant_quod_non_intellegunt	labor_ipse_voluptas	Air	damnant_quod_non_intellegunt	faber_est_suae_quisque_fortunae
NonDICOMpathologyImages	CDS-IMAGE-939598	CDS-NonDICOMpathologyImages-409597	Not applicable	Tumor post-neoadjuvant therapy	None	None	SABER	id_quod_plerumque_accidit	saltus_in_demonstrando	Oil	id_quod_plerumque_accidit	labor_ipse_voluptas
NonDICOMpathologyImages	CDS-IMAGE-573997	CDS-NonDICOMpathologyImages-199879	Incisional Biopsy	Premalignant	Para-benzoquinone	DMEM	IMC	haec_olim_meminisse_iuvabit	Obedientia_civium_urbis_felicitas	Oil	sapiens_qui_prospicit	nanos_gigantum_humeris_insidentes
NonDICOMpathologyImages	CDS-IMAGE-647453	CDS-NonDICOMpathologyImages-862792	Incisional Biopsy	Primary	Saline	PBS+Serum	ExSeq	labor_ipse_voluptas	O_Tite_tute_Tati_tibi_tanta_tyranne_tulisti	Oil	haec_olim_meminisse_iuvabit	haec_olim_meminisse_iuvabit
NonDICOMpathologyImages	CDS-IMAGE-261602	CDS-NonDICOMpathologyImages-559682	Incisional Biopsy	Not reported	RNAlater	PBS+Serum	H&E	nanos_gigantum_humeris_insidentes	haec_olim_meminisse_iuvabit	Water	barba_crescit_caput_nescit	scientiae_cedit_mare
NonDICOMpathologyImages	CDS-IMAGE-389585	CDS-NonDICOMpathologyImages-367304	Blood draw	Premalignant - in situ	Unknown	PBS+Serum	mIHC	Gallia_est_omnis_divisa_in_partes_tres	Obedientia_civium_urbis_felicitas	Oil	scientia_et_labor	barba_crescit_caput_nescit
NonDICOMpathologyImages	CDS-IMAGE-961457	CDS-NonDICOMpathologyImages-690006	Excisional Biopsy	Premalignant	Carnoy's Solution	None	t-CyCIF	scientia_et_sapientia	sapiens_qui_prospicit	Oil	nanos_gigantum_humeris_insidentes	Obedientia_civium_urbis_felicitas
NonDICOMpathologyImages	CDS-IMAGE-987570	CDS-NonDICOMpathologyImages-881026	Forceps Biopsy	Recurrent	Formalin	PBS+Serum	MIBI	id_quod_plerumque_accidit	saltus_in_demonstrando	Multi	nanos_gigantum_humeris_insidentes	scientiae_cedit_mare
NonDICOMpathologyImages	CDS-IMAGE-949585	CDS-NonDICOMpathologyImages-953292	Excisional Biopsy	NOS	Not recorded	None	MxIF	Obedientia_civium_urbis_felicitas	a_bene_placito	Air	cacatum_non_est_pictum	id_quod_plerumque_accidit
NonDICOMpathologyImages	CDS-IMAGE-566085	CDS-NonDICOMpathologyImages-677756	Autopsy	Local recurrence	TCL Lysis Buffer	PBS+Serum	Not Applicable	Gallia_est_omnis_divisa_in_partes_tres	Macte_animo_Generose_puer_sic_itur_ad_astra	Multi	scientiae_et_patriae	haec_olim_meminisse_iuvabit
NonDICOMpathologyImages	CDS-IMAGE-987129	CDS-NonDICOMpathologyImages-649845	Pancreaticoduodenectomy	Normal distant	CryoStor	PBS+Serum	GeoMX-DSP	damnant_quod_non_intellegunt	haec_olim_meminisse_iuvabit	Glycerol	e_causa_ignota	sapiens_qui_prospicit
NonDICOMpathologyImages	CDS-IMAGE-822062	CDS-NonDICOMpathologyImages-153974	Autopsy	Tumor post-neoadjuvant therapy	OCT media	None	t-CyCIF	Macte_animo_Generose_puer_sic_itur_ad_astra	salus_in_arduis	Multi	scientiae_cedit_mare	Gallia_est_omnis_divisa_in_partes_tres
NonDICOMpathologyImages	CDS-IMAGE-312065	CDS-NonDICOMpathologyImages-125318	Not applicable	Premalignant - in situ	Para-benzoquinone	DMEM	CODEX	nanos_gigantum_humeris_insidentes	labor_ipse_voluptas	Other	scientiae_et_patriae	id_quod_plerumque_accidit
NonDICOMpathologyImages	CDS-IMAGE-756498	CDS-NonDICOMpathologyImages-832971	Shave biopsy	Premalignant - in situ	Saline	DMEM+Serum	t-CyCIF	salus_in_arduis	Obedientia_civium_urbis_felicitas	Multi	scientia,_aere_perennius	scientia_imperii_decus_et_tutamen
NonDICOMpathologyImages	CDS-IMAGE-251080	CDS-NonDICOMpathologyImages-302689	Sentinel node biopsy	Not reported	Formalin	DMEM	GeoMX-DSP	id_quod_plerumque_accidit	a_bene_placito	Oil	scientia_imperii_decus_et_tutamen	damnant_quod_non_intellegunt
NonDICOMpathologyImages	CDS-IMAGE-145197	CDS-NonDICOMpathologyImages-251952	Unknown	Unknown	Unknown	PBS+Serum	H&E	cacatum_non_est_pictum	Gallia_est_omnis_divisa_in_partes_tres	Air	Gallia_est_omnis_divisa_in_partes_tres	faber_est_suae_quisque_fortunae
NonDICOMpathologyImages	CDS-IMAGE-534799	CDS-NonDICOMpathologyImages-878620	Autopsy	Premalignant - in situ	RNAlater	None	IMC	Macte_animo_Generose_puer_sic_itur_ad_astra	damnant_quod_non_intellegunt	Glycerol	cacatum_non_est_pictum	cacatum_non_est_pictum
NonDICOMpathologyImages	CDS-IMAGE-937046	CDS-NonDICOMpathologyImages-443163	Blood draw	Normal adjacent	NP40 Lysis Buffer	PBS+Serum	t-CyCIF	sapiens_qui_prospicit	scientiae_cedit_mare	Other	scientia_et_labor	e_causa_ignota
NonDICOMpathologyImages	CDS-IMAGE-326443	CDS-NonDICOMpathologyImages-643216	Punch biopsy	Tumor specimen from de novo untreated malignancy of the bladder	OCT media	PBS+Serum	mIHC	nascentes_morimur_finisque_ab_origine_pendet	barba_crescit_caput_nescit	Oil	scientia,_aere_perennius	salus_in_arduis
NonDICOMpathologyImages	CDS-IMAGE-984368	CDS-NonDICOMpathologyImages-379596	Excisional Biopsy	Normal adjacent	Formalin	DMEM	CyCIF	sapiens_qui_prospicit	damnant_quod_non_intellegunt	Water	Gallia_est_omnis_divisa_in_partes_tres	salus_in_arduis
NonDICOMpathologyImages	CDS-IMAGE-590957	CDS-NonDICOMpathologyImages-784007	Blood draw	Normal distant	Diimidoester	DMEM	MIBI	scientia,_aere_perennius	e_causa_ignota	Glycerol	O_Tite_tute_Tati_tibi_tanta_tyranne_tulisti	scientiae_cedit_mare
NonDICOMpathologyImages	CDS-IMAGE-109551	CDS-NonDICOMpathologyImages-160133	Forceps Biopsy	Normal distant	95% Ethanol	None	IHC	haec_olim_meminisse_iuvabit	faber_est_suae_quisque_fortunae	Multi	O_Tite_tute_Tati_tibi_tanta_tyranne_tulisti	id_quod_plerumque_accidit
NonDICOMpathologyImages	CDS-IMAGE-850176	CDS-NonDICOMpathologyImages-326155	Re-excision	Primary	Saline	PBS+Serum	H&E	damnant_quod_non_intellegunt	O_Tite_tute_Tati_tibi_tanta_tyranne_tulisti	Water	haec_olim_meminisse_iuvabit	scientiae_cedit_mare
NonDICOMpathologyImages	CDS-IMAGE-271093	CDS-NonDICOMpathologyImages-342150	Core needle biopsy	Premalignant	Carnoy's Solution	PBS+Serum	SABER	scientia_et_labor	pace_tua	Air	labor_ipse_voluptas	scientiae_et_patriae
NonDICOMpathologyImages	CDS-IMAGE-261242	CDS-NonDICOMpathologyImages-257556	Autopsy	Primary	Dimethylacetamide	None	IMC	scientiae_et_patriae	a_bene_placito	Water	faber_est_suae_quisque_fortunae	scientia_imperii_decus_et_tutamen
NonDICOMpathologyImages	CDS-IMAGE-220292	CDS-NonDICOMpathologyImages-447078	Not applicable	Normal adjacent	Diimidoester	PBS+Serum	CODEX	labor_ipse_voluptas	scientia_et_labor	Water	Gallia_est_omnis_divisa_in_partes_tres	cacatum_non_est_pictum
NonDICOMpathologyImages	CDS-IMAGE-566132	CDS-NonDICOMpathologyImages-692802	Not reported	Tumor post-neoadjuvant therapy	None	DMEM+Serum	SABER	scientia_et_sapientia	id_quod_plerumque_accidit	Air	scientia_et_labor	faber_est_suae_quisque_fortunae
NonDICOMpathologyImages	CDS-IMAGE-232518	CDS-NonDICOMpathologyImages-765255	Surgical Resection	Premalignant	95% Ethanol	None	SABER	O_Tite_tute_Tati_tibi_tanta_tyranne_tulisti	scientiae_et_patriae	Glycerol	sapiens_qui_prospicit	scientia_et_sapientia
NonDICOMpathologyImages	CDS-IMAGE-295636	CDS-NonDICOMpathologyImages-645723	Other	Primary	Acetone	DMEM+Serum	CyCIF	O_Tite_tute_Tati_tibi_tanta_tyranne_tulisti	O_Tite_tute_Tati_tibi_tanta_tyranne_tulisti	Other	damnant_quod_non_intellegunt	a_bene_placito
NonDICOMpathologyImages	CDS-IMAGE-808470	CDS-NonDICOMpathologyImages-276335	Unknown	Tumor specimen from de novo untreated malignancy of the bladder	Carnoy's Solution	RPMI+Serum	IMC	e_causa_ignota	scientia,_aere_perennius	Other	e_causa_ignota	cacatum_non_est_pictum
NonDICOMpathologyImages	CDS-IMAGE-527323	CDS-NonDICOMpathologyImages-362294	Core needle biopsy	Tumor post-therapy	TCL Lysis Buffer	PBS+Serum	GeoMX-DSP	scientiae_et_patriae	scientia_imperii_decus_et_tutamen	Air	sapiens_qui_prospicit	pace_tua
NonDICOMpathologyImages	CDS-IMAGE-571044	CDS-NonDICOMpathologyImages-204654	Blood draw	Not applicable	Carnoy's Solution	None	Not Applicable	scientiae_et_patriae	pace_tua	Water	Macte_animo_Generose_puer_sic_itur_ad_astra	scientia,_aere_perennius
NonDICOMpathologyImages	CDS-IMAGE-502085	CDS-NonDICOMpathologyImages-227602	Excisional Biopsy	Additional Primary	Not recorded	DMEM+Serum	t-CyCIF	Obedientia_civium_urbis_felicitas	a_bene_placito	Water	pace_tua	scientia,_aere_perennius
NonDICOMpathologyImages	CDS-IMAGE-344943	CDS-NonDICOMpathologyImages-283843	Shave biopsy	Tumor post-adjuvant therapy	95% Ethanol	DMEM+Serum	MIBI	e_causa_ignota	scientia_et_sapientia	Air	nanos_gigantum_humeris_insidentes	salus_in_arduis
NonDICOMpathologyImages	CDS-IMAGE-778598	CDS-NonDICOMpathologyImages-943487	Excisional Biopsy	Xenograft	Poloxamer	PBS+Serum	MIBI	scientia_imperii_decus_et_tutamen	barba_crescit_caput_nescit	Water	scientiae_cedit_mare	id_quod_plerumque_accidit
NonDICOMpathologyImages	CDS-IMAGE-199149	CDS-NonDICOMpathologyImages-606383	Re-excision	Recurrent	Acetone	RPMI+Serum	IHC	scientiae_et_patriae	scientia_et_labor	Glycerol	pace_tua	Gallia_est_omnis_divisa_in_partes_tres
NonDICOMpathologyImages	CDS-IMAGE-573047	CDS-NonDICOMpathologyImages-234662	Sentinel node biopsy	NOS	PAXgene Tissue	None	IHC	Obedientia_civium_urbis_felicitas	labor_ipse_voluptas	Glycerol	labor_ipse_voluptas	salus_in_arduis
NonDICOMpathologyImages	CDS-IMAGE-898351	CDS-NonDICOMpathologyImages-238989	Lymphadenectomy (regional nodes)	Local recurrence	RNAlater	None	ExSeq	scientia_et_sapientia	Obedientia_civium_urbis_felicitas	Glycerol	Gallia_est_omnis_divisa_in_partes_tres	scientiae_cedit_mare
NonDICOMpathologyImages	CDS-IMAGE-684245	CDS-NonDICOMpathologyImages-249897	Blood draw	Premalignant	Dimethylacetamide	DMEM	mIHC	Obedientia_civium_urbis_felicitas	barba_crescit_caput_nescit	Oil	e_causa_ignota	haec_olim_meminisse_iuvabit
NonDICOMpathologyImages	CDS-IMAGE-320603	CDS-NonDICOMpathologyImages-386130	Sentinel node biopsy	Not reported	Poloxamer	RPMI+Serum	mIHC	labor_ipse_voluptas	salus_in_arduis	Multi	nanos_gigantum_humeris_insidentes	barba_crescit_caput_nescit
NonDICOMpathologyImages	CDS-IMAGE-352944	CDS-NonDICOMpathologyImages-711388	Other	Premalignant - in situ	Unknown	DMEM	SABER	cacatum_non_est_pictum	labor_ipse_voluptas	Glycerol	a_bene_placito	haec_olim_meminisse_iuvabit
NonDICOMpathologyImages	CDS-IMAGE-774475	CDS-NonDICOMpathologyImages-619484	Re-excision	Metastatic	None	PBS+Serum	ExSeq	scientia,_aere_perennius	scientia,_aere_perennius	Other	faber_est_suae_quisque_fortunae	saltus_in_demonstrando
NonDICOMpathologyImages	CDS-IMAGE-530015	CDS-NonDICOMpathologyImages-608833	Surgical Resection	Local recurrence	Carbodiimide	PBS+Serum	MERFISH	Macte_animo_Generose_puer_sic_itur_ad_astra	Gallia_est_omnis_divisa_in_partes_tres	Glycerol	haec_olim_meminisse_iuvabit	imperium_in_imperio
NonDICOMpathologyImages	CDS-IMAGE-170445	CDS-NonDICOMpathologyImages-786691	Not applicable	Premalignant	CryoStor	None	CyCIF	e_causa_ignota	e_causa_ignota	Other	scientiae_et_patriae	pace_tua
NonDICOMpathologyImages	CDS-IMAGE-627727	CDS-NonDICOMpathologyImages-887117	Blood draw	Tumor post-neoadjuvant therapy	Dimethylacetamide	PBS+Serum	IHC	pace_tua	O_Tite_tute_Tati_tibi_tanta_tyranne_tulisti	Oil	cacatum_non_est_pictum	scientiae_et_patriae
NonDICOMpathologyImages	CDS-IMAGE-583161	CDS-NonDICOMpathologyImages-108345	Blood draw	Normal distant	Other	DMEM	SABER	O_Tite_tute_Tati_tibi_tanta_tyranne_tulisti	labor_ipse_voluptas	Oil	scientia_et_labor	scientia_et_sapientia
NonDICOMpathologyImages	CDS-IMAGE-519071	CDS-NonDICOMpathologyImages-664623	Unknown	Premalignant	Diimidoester	PBS+Serum	mIHC	scientia_et_sapientia	saltus_in_demonstrando	Other	cacatum_non_est_pictum	Obedientia_civium_urbis_felicitas
NonDICOMpathologyImages	CDS-IMAGE-553167	CDS-NonDICOMpathologyImages-991685	Not applicable	Atypia or hyperplasia	Dimethylacetamide	PBS+Serum	IMC	labor_ipse_voluptas	Obedientia_civium_urbis_felicitas	Glycerol	scientiae_cedit_mare	barba_crescit_caput_nescit
NonDICOMpathologyImages	CDS-IMAGE-841997	CDS-NonDICOMpathologyImages-765729	Surgical Resection	Primary	Not recorded	RPMI+Serum	GeoMX-DSP	imperium_in_imperio	sapiens_qui_prospicit	Oil	saltus_in_demonstrando	nanos_gigantum_humeris_insidentes
NonDICOMpathologyImages	CDS-IMAGE-324696	CDS-NonDICOMpathologyImages-377134	Re-excision	Recurrent	TCL Lysis Buffer	PBS+Serum	IHC	labor_ipse_voluptas	saltus_in_demonstrando	Air	scientiae_cedit_mare	scientia_et_labor
