type	image.study_link_id	NonDICOMMRimages_id	MRImageAcquisitionProtocolElement_echoPulseSequenceCategoryCode	MRImageAcquisitionProtocolElement_diffusionBValue	MRImageAcquisitionProtocolElement_diffusionDirectionalityCode	MRImageAcquisitionProtocolElement_magneticFieldStrength	MRImageAcquisitionProtocolElement_resonantNucleusCode	MRImageAcquisitionProtocolElement_acquisitionContrastCode	MRImageAcquisitionProtocolElement_inversionRecoveryIndicator	MRImageAcquisitionProtocolElement_pulseSequenceName	MRImageAcquisitionProtocolElement_multipleSpinEchoIndicator	MRImageAcquisitionProtocolElement_phaseContrastIndicator	MRImageAcquisitionProtocolElement_timeOfFlightContrastIndicator	MRImageAcquisitionProtocolElement_arterialSpinLabelingContrastCode	MRImageAcquisitionProtocolElement_steadyStatePulseSequenceCode	MRImageAcquisitionProtocolElement_echoPlanarPulseSequenceIndicator	MRImageAcquisitionProtocolElement_saturationRecoveryIndicator	MRImageAcquisitionProtocolElement_spectrallySelectedSuppressionCode	MRImageReconstructionProtocolElement_complexImageComponentCode	crdc_id
NonDICOMMRimages	GC-IMAGE-752120	GC-NonDICOMMRimages-995319	BOTH	scientia_et_labor	ISOTROPIC	pace_tua	1H	T2_T2 weighted contrast	Yes	scientia_imperii_decus_et_tutamen	Yes	No	Yes	scientia_et_sapientia	FREE PRECESSION	No	No	FAT	REAL	Macte_animo_Generose_puer_sic_itur_ad_astra
NonDICOMMRimages	GC-IMAGE-454505	GC-NonDICOMMRimages-717017	SPIN	pace_tua	DIRECTIONAL	barba_crescit_caput_nescit	23NA	STIR_Short Tau Inversion Recovery	Yes	haec_olim_meminisse_iuvabit	Yes	No	No	salus_in_arduis	TIME REVERSED	Yes	Yes	NONE	MAGNITUDE	e_causa_ignota
NonDICOMMRimages	GC-IMAGE-858271	GC-NonDICOMMRimages-417929	BOTH	Obedientia_civium_urbis_felicitas	NONE	Macte_animo_Generose_puer_sic_itur_ad_astra	13C	STIR_Short Tau Inversion Recovery	Yes	scientia_imperii_decus_et_tutamen	No	No	Yes	scientia,_aere_perennius	NONE	No	Yes	SILICON GEL	PHASE	imperium_in_imperio
NonDICOMMRimages	GC-IMAGE-912797	GC-NonDICOMMRimages-385212	BOTH	salus_in_arduis	NONE	saltus_in_demonstrando	31P	PROTON_DENSITY_Proton Density weighted contrast	Yes	saltus_in_demonstrando	Yes	Yes	Yes	Obedientia_civium_urbis_felicitas	LONGITUDINAL	Yes	No	FAT AND WATER	REAL	a_bene_placito
NonDICOMMRimages	GC-IMAGE-975280	GC-NonDICOMMRimages-333143	BOTH	saltus_in_demonstrando	NONE	scientiae_et_patriae	7LI	T2_T2 weighted contrast	Yes	scientiae_cedit_mare	No	Yes	Yes	Gallia_est_omnis_divisa_in_partes_tres	TRANSVERSE	No	No	WATER	REAL	faber_est_suae_quisque_fortunae
NonDICOMMRimages	GC-IMAGE-436874	GC-NonDICOMMRimages-661404	GRADIENT	haec_olim_meminisse_iuvabit	ISOTROPIC	scientia_et_labor	13C	PERFUSION_Perfusion weighted contrast	Yes	scientiae_et_patriae	No	No	Yes	e_causa_ignota	LONGITUDINAL	Yes	Yes	FAT	MAGNITUDE	damnant_quod_non_intellegunt
NonDICOMMRimages	GC-IMAGE-882264	GC-NonDICOMMRimages-293150	GRADIENT	scientiae_et_patriae	DIRECTIONAL	Gallia_est_omnis_divisa_in_partes_tres	31P	T2_T2 weighted contrast	No	faber_est_suae_quisque_fortunae	No	Yes	No	a_bene_placito	TRANSVERSE	No	No	FAT AND WATER	IMAGINARY	Obedientia_civium_urbis_felicitas
NonDICOMMRimages	GC-IMAGE-265468	GC-NonDICOMMRimages-266166	GRADIENT	O_Tite_tute_Tati_tibi_tanta_tyranne_tulisti	DIRECTIONAL	Macte_animo_Generose_puer_sic_itur_ad_astra	3HE	PERFUSION_Perfusion weighted contrast	Yes	damnant_quod_non_intellegunt	Yes	Yes	Yes	labor_ipse_voluptas	NONE	No	No	FAT AND WATER	IMAGINARY	nanos_gigantum_humeris_insidentes
NonDICOMMRimages	GC-IMAGE-591422	GC-NonDICOMMRimages-982011	GRADIENT	scientia_et_labor	NONE	Gallia_est_omnis_divisa_in_partes_tres	13C	FLUID_ATTENUATED_Fluid Attenuated T2 weighted contrast	Yes	pace_tua	No	Yes	No	saltus_in_demonstrando	NONE	No	Yes	FAT AND WATER	MAGNITUDE	nascentes_morimur_finisque_ab_origine_pendet
NonDICOMMRimages	GC-IMAGE-573919	GC-NonDICOMMRimages-417945	GRADIENT	scientia,_aere_perennius	NONE	pace_tua	129XE	PROTON_DENSITY_Proton Density weighted contrast	Yes	Obedientia_civium_urbis_felicitas	Yes	No	Yes	scientia_et_labor	TIME REVERSED	No	Yes	WATER	REAL	saltus_in_demonstrando
NonDICOMMRimages	GC-IMAGE-992039	GC-NonDICOMMRimages-208010	BOTH	imperium_in_imperio	ISOTROPIC	pace_tua	13C	FLUID_ATTENUATED_Fluid Attenuated T2 weighted contrast	Yes	nascentes_morimur_finisque_ab_origine_pendet	No	No	No	Obedientia_civium_urbis_felicitas	TIME REVERSED	Yes	Yes	SILICON GEL	IMAGINARY	haec_olim_meminisse_iuvabit
NonDICOMMRimages	GC-IMAGE-303270	GC-NonDICOMMRimages-423913	BOTH	labor_ipse_voluptas	DIRECTIONAL	pace_tua	19F	TOF_Time Of Flight weighted contrast	Yes	salus_in_arduis	No	No	Yes	salus_in_arduis	LONGITUDINAL	No	No	FAT	PHASE	saltus_in_demonstrando
NonDICOMMRimages	GC-IMAGE-309035	GC-NonDICOMMRimages-574743	GRADIENT	nascentes_morimur_finisque_ab_origine_pendet	ISOTROPIC	scientiae_cedit_mare	13C	TOF_Time Of Flight weighted contrast	No	scientiae_et_patriae	Yes	Yes	No	damnant_quod_non_intellegunt	NONE	No	Yes	SILICON GEL	REAL	scientia_et_sapientia
NonDICOMMRimages	GC-IMAGE-721272	GC-NonDICOMMRimages-721102	BOTH	scientiae_et_patriae	ISOTROPIC	e_causa_ignota	1H	T1_T1 weighted contrast	Yes	scientiae_et_patriae	Yes	No	No	scientia_imperii_decus_et_tutamen	LONGITUDINAL	No	Yes	SILICON GEL	IMAGINARY	O_Tite_tute_Tati_tibi_tanta_tyranne_tulisti
NonDICOMMRimages	GC-IMAGE-801694	GC-NonDICOMMRimages-469444	BOTH	scientia_imperii_decus_et_tutamen	BMATRIX	scientia_et_sapientia	3HE	FLOW_ENCODED_Flow Encoded contrast	Yes	scientiae_et_patriae	No	No	Yes	Obedientia_civium_urbis_felicitas	LONGITUDINAL	No	Yes	FAT AND WATER	REAL	sapiens_qui_prospicit
NonDICOMMRimages	GC-IMAGE-796793	GC-NonDICOMMRimages-918778	GRADIENT	haec_olim_meminisse_iuvabit	BMATRIX	salus_in_arduis	129XE	STIR_Short Tau Inversion Recovery	Yes	scientiae_cedit_mare	No	Yes	No	labor_ipse_voluptas	TRANSVERSE	No	Yes	WATER	PHASE	scientiae_et_patriae
NonDICOMMRimages	GC-IMAGE-224092	GC-NonDICOMMRimages-430570	BOTH	sapiens_qui_prospicit	NONE	haec_olim_meminisse_iuvabit	13C	T1_T1 weighted contrast	Yes	cacatum_non_est_pictum	Yes	Yes	No	Gallia_est_omnis_divisa_in_partes_tres	FREE PRECESSION	Yes	No	FAT AND WATER	IMAGINARY	imperium_in_imperio
NonDICOMMRimages	GC-IMAGE-876327	GC-NonDICOMMRimages-234216	SPIN	scientiae_cedit_mare	DIRECTIONAL	a_bene_placito	19F	TAGGING_Superposition of thin saturation bands onto image	Yes	saltus_in_demonstrando	Yes	Yes	No	scientia,_aere_perennius	FREE PRECESSION	Yes	Yes	FAT AND WATER	IMAGINARY	nanos_gigantum_humeris_insidentes
NonDICOMMRimages	GC-IMAGE-581984	GC-NonDICOMMRimages-999726	BOTH	scientia,_aere_perennius	NONE	scientiae_et_patriae	23NA	T1_T1 weighted contrast	Yes	damnant_quod_non_intellegunt	No	Yes	Yes	haec_olim_meminisse_iuvabit	FREE PRECESSION	No	Yes	WATER	PHASE	nascentes_morimur_finisque_ab_origine_pendet
NonDICOMMRimages	GC-IMAGE-806057	GC-NonDICOMMRimages-792583	SPIN	labor_ipse_voluptas	NONE	pace_tua	31P	T1_T1 weighted contrast	No	barba_crescit_caput_nescit	Yes	No	No	nanos_gigantum_humeris_insidentes	TRANSVERSE	No	No	NONE	PHASE	salus_in_arduis
NonDICOMMRimages	GC-IMAGE-971458	GC-NonDICOMMRimages-990186	SPIN	scientiae_cedit_mare	BMATRIX	scientiae_et_patriae	1H	PERFUSION_Perfusion weighted contrast	Yes	Macte_animo_Generose_puer_sic_itur_ad_astra	No	No	No	scientiae_et_patriae	TIME REVERSED	No	No	FAT AND WATER	PHASE	salus_in_arduis
NonDICOMMRimages	GC-IMAGE-615183	GC-NonDICOMMRimages-339981	SPIN	barba_crescit_caput_nescit	BMATRIX	faber_est_suae_quisque_fortunae	19F	FLUID_ATTENUATED_Fluid Attenuated T2 weighted contrast	Yes	cacatum_non_est_pictum	Yes	No	No	salus_in_arduis	LONGITUDINAL	Yes	No	WATER	REAL	haec_olim_meminisse_iuvabit
NonDICOMMRimages	GC-IMAGE-595889	GC-NonDICOMMRimages-250659	GRADIENT	scientia_et_labor	NONE	scientia_imperii_decus_et_tutamen	1H	FLUID_ATTENUATED_Fluid Attenuated T2 weighted contrast	Yes	barba_crescit_caput_nescit	Yes	No	No	haec_olim_meminisse_iuvabit	LONGITUDINAL	Yes	No	SILICON GEL	REAL	nanos_gigantum_humeris_insidentes
NonDICOMMRimages	GC-IMAGE-670202	GC-NonDICOMMRimages-681669	GRADIENT	O_Tite_tute_Tati_tibi_tanta_tyranne_tulisti	NONE	saltus_in_demonstrando	3HE	DIFFUSION	No	a_bene_placito	No	No	No	imperium_in_imperio	NONE	Yes	Yes	FAT	REAL	O_Tite_tute_Tati_tibi_tanta_tyranne_tulisti
NonDICOMMRimages	GC-IMAGE-398084	GC-NonDICOMMRimages-810375	BOTH	Macte_animo_Generose_puer_sic_itur_ad_astra	BMATRIX	nascentes_morimur_finisque_ab_origine_pendet	129XE	T1_T1 weighted contrast	Yes	scientia,_aere_perennius	No	No	Yes	cacatum_non_est_pictum	TIME REVERSED	Yes	Yes	FAT	PHASE	nanos_gigantum_humeris_insidentes
NonDICOMMRimages	GC-IMAGE-649842	GC-NonDICOMMRimages-904074	SPIN	nascentes_morimur_finisque_ab_origine_pendet	NONE	damnant_quod_non_intellegunt	31P	FLUID_ATTENUATED_Fluid Attenuated T2 weighted contrast	No	scientia,_aere_perennius	No	Yes	Yes	scientia_et_sapientia	TRANSVERSE	No	Yes	WATER	MAGNITUDE	scientia,_aere_perennius
NonDICOMMRimages	GC-IMAGE-953472	GC-NonDICOMMRimages-604544	GRADIENT	Gallia_est_omnis_divisa_in_partes_tres	ISOTROPIC	a_bene_placito	1H	DIFFUSION	No	nanos_gigantum_humeris_insidentes	Yes	No	No	barba_crescit_caput_nescit	FREE PRECESSION	No	No	SILICON GEL	IMAGINARY	scientiae_cedit_mare
NonDICOMMRimages	GC-IMAGE-665411	GC-NonDICOMMRimages-526355	BOTH	nascentes_morimur_finisque_ab_origine_pendet	ISOTROPIC	e_causa_ignota	7LI	PROTON_DENSITY_Proton Density weighted contrast	Yes	salus_in_arduis	Yes	Yes	No	imperium_in_imperio	NONE	No	No	FAT AND WATER	REAL	barba_crescit_caput_nescit
NonDICOMMRimages	GC-IMAGE-511493	GC-NonDICOMMRimages-466649	BOTH	a_bene_placito	BMATRIX	cacatum_non_est_pictum	3HE	TAGGING_Superposition of thin saturation bands onto image	No	O_Tite_tute_Tati_tibi_tanta_tyranne_tulisti	No	No	No	nanos_gigantum_humeris_insidentes	FREE PRECESSION	No	Yes	WATER	IMAGINARY	nanos_gigantum_humeris_insidentes
NonDICOMMRimages	GC-IMAGE-443259	GC-NonDICOMMRimages-747807	GRADIENT	sapiens_qui_prospicit	DIRECTIONAL	scientia_et_labor	19F	T2_STAR_T2* weighted contrast	Yes	e_causa_ignota	Yes	Yes	Yes	id_quod_plerumque_accidit	TRANSVERSE	No	No	SILICON GEL	REAL	saltus_in_demonstrando
NonDICOMMRimages	GC-IMAGE-166923	GC-NonDICOMMRimages-389514	SPIN	pace_tua	BMATRIX	labor_ipse_voluptas	7LI	FLOW_ENCODED_Flow Encoded contrast	No	haec_olim_meminisse_iuvabit	No	Yes	No	scientia_et_labor	NONE	No	No	SILICON GEL	PHASE	scientiae_cedit_mare
NonDICOMMRimages	GC-IMAGE-169160	GC-NonDICOMMRimages-360241	SPIN	scientiae_cedit_mare	BMATRIX	labor_ipse_voluptas	19F	FLOW_ENCODED_Flow Encoded contrast	Yes	Obedientia_civium_urbis_felicitas	Yes	No	Yes	O_Tite_tute_Tati_tibi_tanta_tyranne_tulisti	LONGITUDINAL	No	No	FAT AND WATER	MAGNITUDE	nanos_gigantum_humeris_insidentes
NonDICOMMRimages	GC-IMAGE-875351	GC-NonDICOMMRimages-390862	SPIN	scientia_et_sapientia	NONE	a_bene_placito	3HE	T2_T2 weighted contrast	No	salus_in_arduis	No	Yes	No	scientia_imperii_decus_et_tutamen	TRANSVERSE	No	Yes	WATER	PHASE	scientia_et_sapientia
NonDICOMMRimages	GC-IMAGE-744481	GC-NonDICOMMRimages-887196	SPIN	damnant_quod_non_intellegunt	BMATRIX	a_bene_placito	7LI	T2_T2 weighted contrast	Yes	barba_crescit_caput_nescit	No	Yes	Yes	salus_in_arduis	LONGITUDINAL	Yes	No	FAT AND WATER	REAL	scientiae_cedit_mare
NonDICOMMRimages	GC-IMAGE-387074	GC-NonDICOMMRimages-900223	GRADIENT	faber_est_suae_quisque_fortunae	DIRECTIONAL	e_causa_ignota	7LI	TOF_Time Of Flight weighted contrast	No	damnant_quod_non_intellegunt	Yes	Yes	No	scientia,_aere_perennius	FREE PRECESSION	No	Yes	FAT AND WATER	REAL	scientiae_cedit_mare
NonDICOMMRimages	GC-IMAGE-433806	GC-NonDICOMMRimages-392574	BOTH	scientiae_et_patriae	DIRECTIONAL	scientia_imperii_decus_et_tutamen	23NA	PERFUSION_Perfusion weighted contrast	Yes	O_Tite_tute_Tati_tibi_tanta_tyranne_tulisti	No	No	No	haec_olim_meminisse_iuvabit	LONGITUDINAL	Yes	Yes	FAT	PHASE	scientia_et_sapientia
NonDICOMMRimages	GC-IMAGE-297717	GC-NonDICOMMRimages-433164	SPIN	Gallia_est_omnis_divisa_in_partes_tres	ISOTROPIC	labor_ipse_voluptas	1H	STIR_Short Tau Inversion Recovery	Yes	damnant_quod_non_intellegunt	Yes	No	Yes	faber_est_suae_quisque_fortunae	LONGITUDINAL	No	No	NONE	IMAGINARY	faber_est_suae_quisque_fortunae
NonDICOMMRimages	GC-IMAGE-488980	GC-NonDICOMMRimages-932316	BOTH	Gallia_est_omnis_divisa_in_partes_tres	DIRECTIONAL	imperium_in_imperio	19F	TAGGING_Superposition of thin saturation bands onto image	Yes	labor_ipse_voluptas	Yes	No	No	nascentes_morimur_finisque_ab_origine_pendet	TRANSVERSE	No	Yes	FAT AND WATER	REAL	imperium_in_imperio
NonDICOMMRimages	GC-IMAGE-246977	GC-NonDICOMMRimages-352108	SPIN	haec_olim_meminisse_iuvabit	ISOTROPIC	Obedientia_civium_urbis_felicitas	7LI	FLOW_ENCODED_Flow Encoded contrast	No	Obedientia_civium_urbis_felicitas	Yes	Yes	No	faber_est_suae_quisque_fortunae	NONE	Yes	Yes	WATER	REAL	imperium_in_imperio
NonDICOMMRimages	GC-IMAGE-567275	GC-NonDICOMMRimages-791478	BOTH	faber_est_suae_quisque_fortunae	BMATRIX	scientia,_aere_perennius	13C	STIR_Short Tau Inversion Recovery	No	a_bene_placito	No	No	No	id_quod_plerumque_accidit	LONGITUDINAL	No	Yes	NONE	REAL	saltus_in_demonstrando
NonDICOMMRimages	GC-IMAGE-925567	GC-NonDICOMMRimages-465430	BOTH	sapiens_qui_prospicit	ISOTROPIC	pace_tua	3HE	T2_T2 weighted contrast	No	haec_olim_meminisse_iuvabit	Yes	Yes	Yes	e_causa_ignota	NONE	Yes	No	FAT AND WATER	IMAGINARY	scientia_et_sapientia
NonDICOMMRimages	GC-IMAGE-810924	GC-NonDICOMMRimages-771271	BOTH	saltus_in_demonstrando	NONE	scientiae_cedit_mare	19F	T2_STAR_T2* weighted contrast	No	damnant_quod_non_intellegunt	No	No	No	e_causa_ignota	FREE PRECESSION	Yes	No	SILICON GEL	REAL	Obedientia_civium_urbis_felicitas
NonDICOMMRimages	GC-IMAGE-987283	GC-NonDICOMMRimages-443744	SPIN	Macte_animo_Generose_puer_sic_itur_ad_astra	BMATRIX	O_Tite_tute_Tati_tibi_tanta_tyranne_tulisti	19F	T2_T2 weighted contrast	No	Gallia_est_omnis_divisa_in_partes_tres	Yes	Yes	Yes	a_bene_placito	FREE PRECESSION	Yes	No	FAT	MAGNITUDE	scientiae_et_patriae
NonDICOMMRimages	GC-IMAGE-461975	GC-NonDICOMMRimages-912512	SPIN	Macte_animo_Generose_puer_sic_itur_ad_astra	NONE	haec_olim_meminisse_iuvabit	3HE	T1_T1 weighted contrast	Yes	salus_in_arduis	No	No	Yes	a_bene_placito	TIME REVERSED	Yes	Yes	FAT	REAL	a_bene_placito
NonDICOMMRimages	GC-IMAGE-461652	GC-NonDICOMMRimages-444632	SPIN	scientiae_et_patriae	NONE	cacatum_non_est_pictum	129XE	PERFUSION_Perfusion weighted contrast	Yes	scientia_et_labor	Yes	No	Yes	nanos_gigantum_humeris_insidentes	FREE PRECESSION	Yes	No	SILICON GEL	IMAGINARY	scientiae_cedit_mare
NonDICOMMRimages	GC-IMAGE-139823	GC-NonDICOMMRimages-714155	SPIN	saltus_in_demonstrando	NONE	haec_olim_meminisse_iuvabit	1H	PERFUSION_Perfusion weighted contrast	Yes	scientia_et_labor	No	No	No	nanos_gigantum_humeris_insidentes	NONE	No	No	WATER	IMAGINARY	saltus_in_demonstrando
NonDICOMMRimages	GC-IMAGE-536476	GC-NonDICOMMRimages-450105	GRADIENT	labor_ipse_voluptas	ISOTROPIC	id_quod_plerumque_accidit	1H	STIR_Short Tau Inversion Recovery	Yes	Obedientia_civium_urbis_felicitas	No	Yes	No	faber_est_suae_quisque_fortunae	FREE PRECESSION	Yes	Yes	NONE	PHASE	imperium_in_imperio
NonDICOMMRimages	GC-IMAGE-203869	GC-NonDICOMMRimages-950143	SPIN	haec_olim_meminisse_iuvabit	BMATRIX	scientia_et_sapientia	3HE	FLUID_ATTENUATED_Fluid Attenuated T2 weighted contrast	No	saltus_in_demonstrando	No	No	No	cacatum_non_est_pictum	NONE	Yes	Yes	FAT	IMAGINARY	barba_crescit_caput_nescit
NonDICOMMRimages	GC-IMAGE-858216	GC-NonDICOMMRimages-981894	BOTH	damnant_quod_non_intellegunt	ISOTROPIC	scientiae_et_patriae	19F	DIFFUSION	No	labor_ipse_voluptas	Yes	Yes	Yes	damnant_quod_non_intellegunt	TRANSVERSE	Yes	No	FAT AND WATER	PHASE	haec_olim_meminisse_iuvabit
NonDICOMMRimages	GC-IMAGE-562552	GC-NonDICOMMRimages-206598	BOTH	salus_in_arduis	ISOTROPIC	saltus_in_demonstrando	7LI	TAGGING_Superposition of thin saturation bands onto image	No	O_Tite_tute_Tati_tibi_tanta_tyranne_tulisti	No	Yes	Yes	scientia_et_labor	TIME REVERSED	Yes	No	SILICON GEL	PHASE	O_Tite_tute_Tati_tibi_tanta_tyranne_tulisti
NonDICOMMRimages	GC-IMAGE-235905	GC-NonDICOMMRimages-691680	SPIN	labor_ipse_voluptas	NONE	Obedientia_civium_urbis_felicitas	7LI	FLUID_ATTENUATED_Fluid Attenuated T2 weighted contrast	No	id_quod_plerumque_accidit	Yes	Yes	Yes	nascentes_morimur_finisque_ab_origine_pendet	FREE PRECESSION	No	Yes	NONE	PHASE	sapiens_qui_prospicit
NonDICOMMRimages	GC-IMAGE-460868	GC-NonDICOMMRimages-358438	GRADIENT	scientia_et_sapientia	DIRECTIONAL	sapiens_qui_prospicit	31P	T2_T2 weighted contrast	No	salus_in_arduis	No	Yes	Yes	cacatum_non_est_pictum	LONGITUDINAL	No	Yes	WATER	PHASE	scientia_imperii_decus_et_tutamen
NonDICOMMRimages	GC-IMAGE-905092	GC-NonDICOMMRimages-374083	GRADIENT	scientia_et_sapientia	NONE	labor_ipse_voluptas	19F	PROTON_DENSITY_Proton Density weighted contrast	Yes	nascentes_morimur_finisque_ab_origine_pendet	No	Yes	No	scientia,_aere_perennius	TIME REVERSED	No	No	SILICON GEL	MAGNITUDE	barba_crescit_caput_nescit
NonDICOMMRimages	GC-IMAGE-562161	GC-NonDICOMMRimages-608554	GRADIENT	scientia,_aere_perennius	BMATRIX	a_bene_placito	19F	TAGGING_Superposition of thin saturation bands onto image	No	haec_olim_meminisse_iuvabit	No	No	No	sapiens_qui_prospicit	NONE	No	Yes	FAT	IMAGINARY	imperium_in_imperio
NonDICOMMRimages	GC-IMAGE-243533	GC-NonDICOMMRimages-926099	GRADIENT	scientiae_et_patriae	NONE	saltus_in_demonstrando	129XE	FLUID_ATTENUATED_Fluid Attenuated T2 weighted contrast	Yes	sapiens_qui_prospicit	Yes	No	No	faber_est_suae_quisque_fortunae	TRANSVERSE	No	Yes	FAT	MAGNITUDE	haec_olim_meminisse_iuvabit
NonDICOMMRimages	GC-IMAGE-881213	GC-NonDICOMMRimages-739668	BOTH	cacatum_non_est_pictum	ISOTROPIC	e_causa_ignota	7LI	FLOW_ENCODED_Flow Encoded contrast	No	Gallia_est_omnis_divisa_in_partes_tres	No	Yes	No	nanos_gigantum_humeris_insidentes	LONGITUDINAL	Yes	No	WATER	REAL	imperium_in_imperio
NonDICOMMRimages	GC-IMAGE-971373	GC-NonDICOMMRimages-261601	BOTH	id_quod_plerumque_accidit	DIRECTIONAL	scientia_imperii_decus_et_tutamen	7LI	PERFUSION_Perfusion weighted contrast	Yes	cacatum_non_est_pictum	Yes	No	Yes	labor_ipse_voluptas	TRANSVERSE	Yes	Yes	FAT	MAGNITUDE	O_Tite_tute_Tati_tibi_tanta_tyranne_tulisti
NonDICOMMRimages	GC-IMAGE-766646	GC-NonDICOMMRimages-955415	SPIN	salus_in_arduis	BMATRIX	scientiae_cedit_mare	31P	DIFFUSION	Yes	scientiae_et_patriae	No	No	Yes	e_causa_ignota	TRANSVERSE	Yes	No	NONE	MAGNITUDE	Gallia_est_omnis_divisa_in_partes_tres
NonDICOMMRimages	GC-IMAGE-876065	GC-NonDICOMMRimages-615680	SPIN	saltus_in_demonstrando	DIRECTIONAL	imperium_in_imperio	31P	T1_T1 weighted contrast	No	scientia_imperii_decus_et_tutamen	Yes	No	Yes	Obedientia_civium_urbis_felicitas	LONGITUDINAL	Yes	No	FAT	REAL	e_causa_ignota
NonDICOMMRimages	GC-IMAGE-778424	GC-NonDICOMMRimages-413679	SPIN	Gallia_est_omnis_divisa_in_partes_tres	ISOTROPIC	scientia_et_labor	3HE	STIR_Short Tau Inversion Recovery	No	nascentes_morimur_finisque_ab_origine_pendet	Yes	No	No	a_bene_placito	TRANSVERSE	Yes	No	FAT	PHASE	saltus_in_demonstrando
NonDICOMMRimages	GC-IMAGE-120980	GC-NonDICOMMRimages-474737	SPIN	id_quod_plerumque_accidit	NONE	salus_in_arduis	19F	TOF_Time Of Flight weighted contrast	No	haec_olim_meminisse_iuvabit	No	Yes	No	scientia_et_sapientia	TRANSVERSE	Yes	Yes	SILICON GEL	IMAGINARY	e_causa_ignota
NonDICOMMRimages	GC-IMAGE-323969	GC-NonDICOMMRimages-846576	BOTH	nascentes_morimur_finisque_ab_origine_pendet	DIRECTIONAL	a_bene_placito	13C	TAGGING_Superposition of thin saturation bands onto image	No	nanos_gigantum_humeris_insidentes	Yes	No	Yes	nanos_gigantum_humeris_insidentes	TIME REVERSED	Yes	Yes	WATER	REAL	labor_ipse_voluptas
NonDICOMMRimages	GC-IMAGE-198702	GC-NonDICOMMRimages-915352	SPIN	scientia_et_labor	BMATRIX	saltus_in_demonstrando	3HE	T2_STAR_T2* weighted contrast	No	cacatum_non_est_pictum	Yes	No	No	nascentes_morimur_finisque_ab_origine_pendet	FREE PRECESSION	No	No	FAT AND WATER	PHASE	cacatum_non_est_pictum
NonDICOMMRimages	GC-IMAGE-480530	GC-NonDICOMMRimages-262428	BOTH	scientia_et_labor	DIRECTIONAL	e_causa_ignota	19F	TAGGING_Superposition of thin saturation bands onto image	Yes	faber_est_suae_quisque_fortunae	No	No	Yes	labor_ipse_voluptas	TIME REVERSED	No	No	FAT AND WATER	IMAGINARY	damnant_quod_non_intellegunt
NonDICOMMRimages	GC-IMAGE-240351	GC-NonDICOMMRimages-894396	GRADIENT	id_quod_plerumque_accidit	NONE	e_causa_ignota	13C	STIR_Short Tau Inversion Recovery	No	nascentes_morimur_finisque_ab_origine_pendet	No	No	No	Macte_animo_Generose_puer_sic_itur_ad_astra	TRANSVERSE	Yes	No	FAT AND WATER	MAGNITUDE	a_bene_placito
NonDICOMMRimages	GC-IMAGE-698664	GC-NonDICOMMRimages-490130	GRADIENT	Gallia_est_omnis_divisa_in_partes_tres	ISOTROPIC	saltus_in_demonstrando	13C	T1_T1 weighted contrast	No	scientia_et_labor	No	Yes	Yes	Macte_animo_Generose_puer_sic_itur_ad_astra	TIME REVERSED	Yes	No	FAT	PHASE	Gallia_est_omnis_divisa_in_partes_tres
NonDICOMMRimages	GC-IMAGE-315806	GC-NonDICOMMRimages-243139	BOTH	a_bene_placito	NONE	nascentes_morimur_finisque_ab_origine_pendet	7LI	FLUID_ATTENUATED_Fluid Attenuated T2 weighted contrast	Yes	Macte_animo_Generose_puer_sic_itur_ad_astra	Yes	No	Yes	Macte_animo_Generose_puer_sic_itur_ad_astra	LONGITUDINAL	Yes	Yes	WATER	MAGNITUDE	pace_tua
NonDICOMMRimages	GC-IMAGE-426055	GC-NonDICOMMRimages-956949	GRADIENT	labor_ipse_voluptas	DIRECTIONAL	sapiens_qui_prospicit	23NA	TOF_Time Of Flight weighted contrast	Yes	damnant_quod_non_intellegunt	Yes	Yes	No	sapiens_qui_prospicit	FREE PRECESSION	No	Yes	SILICON GEL	MAGNITUDE	nascentes_morimur_finisque_ab_origine_pendet
NonDICOMMRimages	GC-IMAGE-511722	GC-NonDICOMMRimages-271739	BOTH	pace_tua	NONE	cacatum_non_est_pictum	7LI	FLOW_ENCODED_Flow Encoded contrast	No	salus_in_arduis	No	Yes	No	pace_tua	FREE PRECESSION	Yes	Yes	FAT	IMAGINARY	id_quod_plerumque_accidit
NonDICOMMRimages	GC-IMAGE-885942	GC-NonDICOMMRimages-159696	BOTH	nanos_gigantum_humeris_insidentes	NONE	scientia_et_sapientia	13C	STIR_Short Tau Inversion Recovery	Yes	cacatum_non_est_pictum	Yes	Yes	Yes	labor_ipse_voluptas	TRANSVERSE	Yes	Yes	FAT AND WATER	PHASE	faber_est_suae_quisque_fortunae
NonDICOMMRimages	GC-IMAGE-150996	GC-NonDICOMMRimages-274310	SPIN	scientia_et_sapientia	NONE	a_bene_placito	129XE	TOF_Time Of Flight weighted contrast	Yes	faber_est_suae_quisque_fortunae	No	Yes	Yes	scientiae_cedit_mare	FREE PRECESSION	Yes	Yes	FAT AND WATER	REAL	sapiens_qui_prospicit
NonDICOMMRimages	GC-IMAGE-244124	GC-NonDICOMMRimages-679016	BOTH	Macte_animo_Generose_puer_sic_itur_ad_astra	DIRECTIONAL	damnant_quod_non_intellegunt	13C	T2_T2 weighted contrast	Yes	nascentes_morimur_finisque_ab_origine_pendet	Yes	No	Yes	id_quod_plerumque_accidit	TIME REVERSED	No	Yes	SILICON GEL	IMAGINARY	scientiae_et_patriae
NonDICOMMRimages	GC-IMAGE-971045	GC-NonDICOMMRimages-690906	GRADIENT	O_Tite_tute_Tati_tibi_tanta_tyranne_tulisti	DIRECTIONAL	saltus_in_demonstrando	3HE	TOF_Time Of Flight weighted contrast	No	barba_crescit_caput_nescit	Yes	No	No	barba_crescit_caput_nescit	TRANSVERSE	No	No	FAT	MAGNITUDE	sapiens_qui_prospicit
NonDICOMMRimages	GC-IMAGE-522865	GC-NonDICOMMRimages-609642	GRADIENT	faber_est_suae_quisque_fortunae	NONE	Gallia_est_omnis_divisa_in_partes_tres	7LI	STIR_Short Tau Inversion Recovery	No	nanos_gigantum_humeris_insidentes	Yes	Yes	Yes	a_bene_placito	TRANSVERSE	No	No	NONE	PHASE	a_bene_placito
NonDICOMMRimages	GC-IMAGE-390308	GC-NonDICOMMRimages-213202	BOTH	sapiens_qui_prospicit	ISOTROPIC	scientia_imperii_decus_et_tutamen	3HE	DIFFUSION	No	Macte_animo_Generose_puer_sic_itur_ad_astra	No	No	Yes	imperium_in_imperio	TIME REVERSED	Yes	Yes	WATER	IMAGINARY	O_Tite_tute_Tati_tibi_tanta_tyranne_tulisti
NonDICOMMRimages	GC-IMAGE-408246	GC-NonDICOMMRimages-805974	BOTH	O_Tite_tute_Tati_tibi_tanta_tyranne_tulisti	BMATRIX	sapiens_qui_prospicit	19F	TAGGING_Superposition of thin saturation bands onto image	No	faber_est_suae_quisque_fortunae	No	No	No	O_Tite_tute_Tati_tibi_tanta_tyranne_tulisti	NONE	Yes	No	FAT	MAGNITUDE	scientiae_et_patriae
NonDICOMMRimages	GC-IMAGE-466961	GC-NonDICOMMRimages-420688	SPIN	nascentes_morimur_finisque_ab_origine_pendet	DIRECTIONAL	scientia_et_sapientia	7LI	TAGGING_Superposition of thin saturation bands onto image	No	scientia_et_sapientia	Yes	No	Yes	pace_tua	NONE	Yes	Yes	SILICON GEL	IMAGINARY	Gallia_est_omnis_divisa_in_partes_tres
NonDICOMMRimages	GC-IMAGE-218254	GC-NonDICOMMRimages-397375	GRADIENT	Obedientia_civium_urbis_felicitas	BMATRIX	nascentes_morimur_finisque_ab_origine_pendet	129XE	T1_T1 weighted contrast	Yes	barba_crescit_caput_nescit	Yes	Yes	No	scientia_et_labor	LONGITUDINAL	Yes	Yes	WATER	IMAGINARY	salus_in_arduis
NonDICOMMRimages	GC-IMAGE-975097	GC-NonDICOMMRimages-270428	BOTH	scientia,_aere_perennius	ISOTROPIC	salus_in_arduis	7LI	STIR_Short Tau Inversion Recovery	Yes	Macte_animo_Generose_puer_sic_itur_ad_astra	No	Yes	No	haec_olim_meminisse_iuvabit	NONE	Yes	No	WATER	REAL	Macte_animo_Generose_puer_sic_itur_ad_astra
NonDICOMMRimages	GC-IMAGE-811890	GC-NonDICOMMRimages-576061	GRADIENT	e_causa_ignota	ISOTROPIC	Macte_animo_Generose_puer_sic_itur_ad_astra	7LI	FLOW_ENCODED_Flow Encoded contrast	Yes	barba_crescit_caput_nescit	Yes	Yes	Yes	labor_ipse_voluptas	NONE	No	No	NONE	PHASE	scientia_et_labor
NonDICOMMRimages	GC-IMAGE-748459	GC-NonDICOMMRimages-157615	BOTH	Obedientia_civium_urbis_felicitas	BMATRIX	O_Tite_tute_Tati_tibi_tanta_tyranne_tulisti	1H	FLUID_ATTENUATED_Fluid Attenuated T2 weighted contrast	No	Obedientia_civium_urbis_felicitas	Yes	No	Yes	sapiens_qui_prospicit	TRANSVERSE	No	No	WATER	PHASE	salus_in_arduis
NonDICOMMRimages	GC-IMAGE-818291	GC-NonDICOMMRimages-109987	GRADIENT	saltus_in_demonstrando	DIRECTIONAL	Macte_animo_Generose_puer_sic_itur_ad_astra	19F	FLUID_ATTENUATED_Fluid Attenuated T2 weighted contrast	No	faber_est_suae_quisque_fortunae	No	No	Yes	scientiae_cedit_mare	TRANSVERSE	No	No	SILICON GEL	MAGNITUDE	Macte_animo_Generose_puer_sic_itur_ad_astra
NonDICOMMRimages	GC-IMAGE-999278	GC-NonDICOMMRimages-339551	BOTH	damnant_quod_non_intellegunt	DIRECTIONAL	Gallia_est_omnis_divisa_in_partes_tres	19F	T2_STAR_T2* weighted contrast	Yes	salus_in_arduis	Yes	No	Yes	scientiae_cedit_mare	LONGITUDINAL	No	No	NONE	PHASE	Gallia_est_omnis_divisa_in_partes_tres
NonDICOMMRimages	GC-IMAGE-162912	GC-NonDICOMMRimages-410193	GRADIENT	Macte_animo_Generose_puer_sic_itur_ad_astra	ISOTROPIC	faber_est_suae_quisque_fortunae	13C	TAGGING_Superposition of thin saturation bands onto image	Yes	faber_est_suae_quisque_fortunae	No	Yes	Yes	a_bene_placito	TRANSVERSE	Yes	Yes	FAT	PHASE	barba_crescit_caput_nescit
NonDICOMMRimages	GC-IMAGE-133948	GC-NonDICOMMRimages-962194	SPIN	faber_est_suae_quisque_fortunae	ISOTROPIC	scientia_imperii_decus_et_tutamen	13C	T2_STAR_T2* weighted contrast	No	scientia_et_labor	No	No	Yes	barba_crescit_caput_nescit	LONGITUDINAL	Yes	Yes	WATER	REAL	nanos_gigantum_humeris_insidentes
NonDICOMMRimages	GC-IMAGE-954852	GC-NonDICOMMRimages-906824	GRADIENT	nascentes_morimur_finisque_ab_origine_pendet	ISOTROPIC	O_Tite_tute_Tati_tibi_tanta_tyranne_tulisti	129XE	STIR_Short Tau Inversion Recovery	No	cacatum_non_est_pictum	Yes	Yes	No	saltus_in_demonstrando	FREE PRECESSION	No	No	NONE	PHASE	e_causa_ignota
NonDICOMMRimages	GC-IMAGE-424731	GC-NonDICOMMRimages-518923	SPIN	scientia,_aere_perennius	NONE	scientiae_cedit_mare	3HE	FLUID_ATTENUATED_Fluid Attenuated T2 weighted contrast	Yes	a_bene_placito	Yes	Yes	Yes	scientia_et_labor	TIME REVERSED	Yes	Yes	NONE	PHASE	id_quod_plerumque_accidit
NonDICOMMRimages	GC-IMAGE-715783	GC-NonDICOMMRimages-623765	GRADIENT	saltus_in_demonstrando	ISOTROPIC	salus_in_arduis	7LI	T2_T2 weighted contrast	No	nascentes_morimur_finisque_ab_origine_pendet	Yes	Yes	Yes	Macte_animo_Generose_puer_sic_itur_ad_astra	LONGITUDINAL	Yes	No	FAT AND WATER	PHASE	nanos_gigantum_humeris_insidentes
NonDICOMMRimages	GC-IMAGE-948699	GC-NonDICOMMRimages-804252	BOTH	scientia,_aere_perennius	ISOTROPIC	Gallia_est_omnis_divisa_in_partes_tres	19F	TAGGING_Superposition of thin saturation bands onto image	Yes	scientiae_et_patriae	Yes	Yes	Yes	scientiae_cedit_mare	NONE	No	No	WATER	IMAGINARY	Macte_animo_Generose_puer_sic_itur_ad_astra
NonDICOMMRimages	GC-IMAGE-498162	GC-NonDICOMMRimages-899703	SPIN	pace_tua	ISOTROPIC	a_bene_placito	23NA	PERFUSION_Perfusion weighted contrast	Yes	Gallia_est_omnis_divisa_in_partes_tres	Yes	No	No	scientiae_et_patriae	FREE PRECESSION	No	Yes	FAT	PHASE	salus_in_arduis
NonDICOMMRimages	GC-IMAGE-103257	GC-NonDICOMMRimages-697307	GRADIENT	O_Tite_tute_Tati_tibi_tanta_tyranne_tulisti	NONE	haec_olim_meminisse_iuvabit	23NA	FLUID_ATTENUATED_Fluid Attenuated T2 weighted contrast	No	e_causa_ignota	No	No	No	imperium_in_imperio	NONE	No	Yes	NONE	MAGNITUDE	Gallia_est_omnis_divisa_in_partes_tres
NonDICOMMRimages	GC-IMAGE-623287	GC-NonDICOMMRimages-574762	SPIN	a_bene_placito	NONE	scientiae_et_patriae	7LI	FLOW_ENCODED_Flow Encoded contrast	Yes	e_causa_ignota	Yes	No	No	scientia_et_labor	NONE	Yes	No	WATER	REAL	faber_est_suae_quisque_fortunae
NonDICOMMRimages	GC-IMAGE-358298	GC-NonDICOMMRimages-406102	BOTH	scientiae_et_patriae	DIRECTIONAL	O_Tite_tute_Tati_tibi_tanta_tyranne_tulisti	7LI	FLUID_ATTENUATED_Fluid Attenuated T2 weighted contrast	Yes	scientia_et_labor	No	No	Yes	sapiens_qui_prospicit	LONGITUDINAL	No	No	SILICON GEL	MAGNITUDE	nanos_gigantum_humeris_insidentes
NonDICOMMRimages	GC-IMAGE-433917	GC-NonDICOMMRimages-965612	GRADIENT	scientia_et_sapientia	NONE	labor_ipse_voluptas	7LI	T2_T2 weighted contrast	No	sapiens_qui_prospicit	No	No	No	nascentes_morimur_finisque_ab_origine_pendet	NONE	Yes	No	NONE	MAGNITUDE	barba_crescit_caput_nescit
NonDICOMMRimages	GC-IMAGE-509155	GC-NonDICOMMRimages-169855	BOTH	id_quod_plerumque_accidit	DIRECTIONAL	cacatum_non_est_pictum	23NA	FLUID_ATTENUATED_Fluid Attenuated T2 weighted contrast	No	faber_est_suae_quisque_fortunae	Yes	Yes	Yes	scientia_et_sapientia	TRANSVERSE	Yes	No	FAT	MAGNITUDE	Macte_animo_Generose_puer_sic_itur_ad_astra
NonDICOMMRimages	GC-IMAGE-341174	GC-NonDICOMMRimages-463727	BOTH	nanos_gigantum_humeris_insidentes	NONE	salus_in_arduis	7LI	FLUID_ATTENUATED_Fluid Attenuated T2 weighted contrast	Yes	scientia,_aere_perennius	Yes	Yes	Yes	Gallia_est_omnis_divisa_in_partes_tres	NONE	Yes	Yes	WATER	PHASE	faber_est_suae_quisque_fortunae
NonDICOMMRimages	GC-IMAGE-580052	GC-NonDICOMMRimages-530373	BOTH	haec_olim_meminisse_iuvabit	DIRECTIONAL	id_quod_plerumque_accidit	23NA	TAGGING_Superposition of thin saturation bands onto image	Yes	Gallia_est_omnis_divisa_in_partes_tres	No	Yes	No	Macte_animo_Generose_puer_sic_itur_ad_astra	NONE	Yes	No	WATER	PHASE	scientia_et_labor
NonDICOMMRimages	GC-IMAGE-334261	GC-NonDICOMMRimages-278722	SPIN	a_bene_placito	DIRECTIONAL	cacatum_non_est_pictum	1H	FLUID_ATTENUATED_Fluid Attenuated T2 weighted contrast	No	Macte_animo_Generose_puer_sic_itur_ad_astra	No	Yes	No	imperium_in_imperio	LONGITUDINAL	Yes	Yes	SILICON GEL	PHASE	sapiens_qui_prospicit
NonDICOMMRimages	GC-IMAGE-891084	GC-NonDICOMMRimages-820755	BOTH	pace_tua	ISOTROPIC	nanos_gigantum_humeris_insidentes	23NA	T2_STAR_T2* weighted contrast	Yes	scientia_et_sapientia	Yes	Yes	Yes	O_Tite_tute_Tati_tibi_tanta_tyranne_tulisti	LONGITUDINAL	Yes	Yes	SILICON GEL	PHASE	Macte_animo_Generose_puer_sic_itur_ad_astra
NonDICOMMRimages	GC-IMAGE-183009	GC-NonDICOMMRimages-733814	BOTH	O_Tite_tute_Tati_tibi_tanta_tyranne_tulisti	ISOTROPIC	salus_in_arduis	129XE	PERFUSION_Perfusion weighted contrast	Yes	salus_in_arduis	No	Yes	No	scientiae_cedit_mare	FREE PRECESSION	Yes	Yes	SILICON GEL	IMAGINARY	scientia,_aere_perennius
NonDICOMMRimages	GC-IMAGE-700433	GC-NonDICOMMRimages-440879	BOTH	nascentes_morimur_finisque_ab_origine_pendet	ISOTROPIC	scientiae_cedit_mare	3HE	DIFFUSION	Yes	id_quod_plerumque_accidit	No	Yes	No	nascentes_morimur_finisque_ab_origine_pendet	TRANSVERSE	No	No	WATER	REAL	saltus_in_demonstrando
NonDICOMMRimages	GC-IMAGE-740671	GC-NonDICOMMRimages-196545	GRADIENT	labor_ipse_voluptas	ISOTROPIC	a_bene_placito	3HE	T1_T1 weighted contrast	No	Gallia_est_omnis_divisa_in_partes_tres	Yes	Yes	No	salus_in_arduis	TIME REVERSED	No	No	FAT	REAL	nascentes_morimur_finisque_ab_origine_pendet
NonDICOMMRimages	GC-IMAGE-511646	GC-NonDICOMMRimages-794702	BOTH	e_causa_ignota	NONE	O_Tite_tute_Tati_tibi_tanta_tyranne_tulisti	13C	T1_T1 weighted contrast	No	haec_olim_meminisse_iuvabit	Yes	Yes	No	imperium_in_imperio	TIME REVERSED	Yes	Yes	FAT AND WATER	REAL	scientia_et_sapientia
NonDICOMMRimages	GC-IMAGE-616699	GC-NonDICOMMRimages-317250	GRADIENT	saltus_in_demonstrando	ISOTROPIC	labor_ipse_voluptas	23NA	FLUID_ATTENUATED_Fluid Attenuated T2 weighted contrast	Yes	a_bene_placito	Yes	No	Yes	id_quod_plerumque_accidit	FREE PRECESSION	No	Yes	FAT	PHASE	scientia_imperii_decus_et_tutamen
NonDICOMMRimages	GC-IMAGE-385883	GC-NonDICOMMRimages-332686	BOTH	saltus_in_demonstrando	NONE	scientia_et_labor	3HE	DIFFUSION	Yes	a_bene_placito	Yes	No	No	salus_in_arduis	FREE PRECESSION	Yes	Yes	SILICON GEL	REAL	nanos_gigantum_humeris_insidentes
NonDICOMMRimages	GC-IMAGE-537766	GC-NonDICOMMRimages-221384	GRADIENT	scientia,_aere_perennius	BMATRIX	faber_est_suae_quisque_fortunae	129XE	TOF_Time Of Flight weighted contrast	No	scientia_et_labor	No	No	Yes	Obedientia_civium_urbis_felicitas	TRANSVERSE	Yes	No	FAT AND WATER	MAGNITUDE	Obedientia_civium_urbis_felicitas
NonDICOMMRimages	GC-IMAGE-252153	GC-NonDICOMMRimages-499674	GRADIENT	scientiae_et_patriae	BMATRIX	faber_est_suae_quisque_fortunae	1H	DIFFUSION	Yes	damnant_quod_non_intellegunt	Yes	No	No	labor_ipse_voluptas	NONE	No	Yes	NONE	IMAGINARY	nascentes_morimur_finisque_ab_origine_pendet
NonDICOMMRimages	GC-IMAGE-464995	GC-NonDICOMMRimages-906888	BOTH	imperium_in_imperio	BMATRIX	sapiens_qui_prospicit	31P	T2_STAR_T2* weighted contrast	Yes	scientiae_cedit_mare	Yes	Yes	No	nascentes_morimur_finisque_ab_origine_pendet	NONE	Yes	No	FAT	MAGNITUDE	Macte_animo_Generose_puer_sic_itur_ad_astra
NonDICOMMRimages	GC-IMAGE-633704	GC-NonDICOMMRimages-509707	SPIN	id_quod_plerumque_accidit	ISOTROPIC	scientiae_et_patriae	129XE	TAGGING_Superposition of thin saturation bands onto image	No	sapiens_qui_prospicit	Yes	Yes	Yes	scientia_imperii_decus_et_tutamen	TIME REVERSED	No	Yes	WATER	REAL	faber_est_suae_quisque_fortunae
NonDICOMMRimages	GC-IMAGE-770716	GC-NonDICOMMRimages-598750	GRADIENT	scientia,_aere_perennius	ISOTROPIC	nanos_gigantum_humeris_insidentes	129XE	T1_T1 weighted contrast	No	id_quod_plerumque_accidit	Yes	No	Yes	damnant_quod_non_intellegunt	FREE PRECESSION	Yes	Yes	FAT	PHASE	haec_olim_meminisse_iuvabit
NonDICOMMRimages	GC-IMAGE-838461	GC-NonDICOMMRimages-220416	BOTH	labor_ipse_voluptas	ISOTROPIC	pace_tua	129XE	T1_T1 weighted contrast	No	cacatum_non_est_pictum	Yes	Yes	No	e_causa_ignota	TIME REVERSED	Yes	Yes	FAT AND WATER	PHASE	nanos_gigantum_humeris_insidentes
NonDICOMMRimages	GC-IMAGE-201513	GC-NonDICOMMRimages-419579	SPIN	barba_crescit_caput_nescit	ISOTROPIC	scientiae_cedit_mare	23NA	DIFFUSION	Yes	scientia_et_labor	No	Yes	No	scientia,_aere_perennius	NONE	No	No	FAT	REAL	imperium_in_imperio
NonDICOMMRimages	GC-IMAGE-977401	GC-NonDICOMMRimages-879385	BOTH	scientiae_et_patriae	ISOTROPIC	e_causa_ignota	23NA	T2_STAR_T2* weighted contrast	Yes	nanos_gigantum_humeris_insidentes	Yes	No	No	id_quod_plerumque_accidit	NONE	No	No	FAT	REAL	sapiens_qui_prospicit
NonDICOMMRimages	GC-IMAGE-114983	GC-NonDICOMMRimages-363020	SPIN	Obedientia_civium_urbis_felicitas	BMATRIX	damnant_quod_non_intellegunt	19F	PROTON_DENSITY_Proton Density weighted contrast	No	scientia_et_sapientia	No	No	Yes	faber_est_suae_quisque_fortunae	TRANSVERSE	No	Yes	FAT	PHASE	pace_tua
NonDICOMMRimages	GC-IMAGE-219335	GC-NonDICOMMRimages-926275	SPIN	scientia,_aere_perennius	ISOTROPIC	scientia_et_sapientia	19F	T2_T2 weighted contrast	No	scientia_et_sapientia	Yes	No	No	scientiae_et_patriae	FREE PRECESSION	No	No	FAT	IMAGINARY	barba_crescit_caput_nescit
NonDICOMMRimages	GC-IMAGE-213224	GC-NonDICOMMRimages-162526	SPIN	nascentes_morimur_finisque_ab_origine_pendet	DIRECTIONAL	damnant_quod_non_intellegunt	1H	FLUID_ATTENUATED_Fluid Attenuated T2 weighted contrast	Yes	labor_ipse_voluptas	Yes	Yes	Yes	pace_tua	TIME REVERSED	Yes	No	WATER	PHASE	barba_crescit_caput_nescit
NonDICOMMRimages	GC-IMAGE-398893	GC-NonDICOMMRimages-875045	SPIN	Obedientia_civium_urbis_felicitas	DIRECTIONAL	a_bene_placito	31P	TAGGING_Superposition of thin saturation bands onto image	Yes	nanos_gigantum_humeris_insidentes	Yes	No	No	scientiae_cedit_mare	FREE PRECESSION	No	No	NONE	IMAGINARY	scientiae_cedit_mare
NonDICOMMRimages	GC-IMAGE-781146	GC-NonDICOMMRimages-506790	SPIN	Gallia_est_omnis_divisa_in_partes_tres	DIRECTIONAL	scientia_et_sapientia	7LI	T2_STAR_T2* weighted contrast	No	damnant_quod_non_intellegunt	Yes	No	No	faber_est_suae_quisque_fortunae	TIME REVERSED	No	No	FAT AND WATER	REAL	saltus_in_demonstrando
NonDICOMMRimages	GC-IMAGE-844203	GC-NonDICOMMRimages-351398	BOTH	scientiae_cedit_mare	DIRECTIONAL	Obedientia_civium_urbis_felicitas	1H	T2_STAR_T2* weighted contrast	Yes	id_quod_plerumque_accidit	Yes	Yes	Yes	faber_est_suae_quisque_fortunae	TIME REVERSED	Yes	Yes	SILICON GEL	MAGNITUDE	scientia_imperii_decus_et_tutamen
NonDICOMMRimages	GC-IMAGE-924781	GC-NonDICOMMRimages-571263	GRADIENT	scientiae_et_patriae	NONE	saltus_in_demonstrando	129XE	FLUID_ATTENUATED_Fluid Attenuated T2 weighted contrast	No	haec_olim_meminisse_iuvabit	Yes	Yes	No	labor_ipse_voluptas	NONE	Yes	Yes	FAT AND WATER	MAGNITUDE	scientia_et_labor
NonDICOMMRimages	GC-IMAGE-859934	GC-NonDICOMMRimages-465688	SPIN	damnant_quod_non_intellegunt	ISOTROPIC	scientiae_et_patriae	19F	T2_T2 weighted contrast	Yes	cacatum_non_est_pictum	No	Yes	Yes	faber_est_suae_quisque_fortunae	LONGITUDINAL	No	Yes	FAT AND WATER	MAGNITUDE	scientia_et_sapientia
NonDICOMMRimages	GC-IMAGE-272248	GC-NonDICOMMRimages-337681	GRADIENT	cacatum_non_est_pictum	NONE	a_bene_placito	13C	PROTON_DENSITY_Proton Density weighted contrast	Yes	id_quod_plerumque_accidit	No	No	No	faber_est_suae_quisque_fortunae	NONE	Yes	Yes	WATER	REAL	cacatum_non_est_pictum
NonDICOMMRimages	GC-IMAGE-738439	GC-NonDICOMMRimages-310259	GRADIENT	scientia,_aere_perennius	DIRECTIONAL	Obedientia_civium_urbis_felicitas	1H	FLUID_ATTENUATED_Fluid Attenuated T2 weighted contrast	No	saltus_in_demonstrando	No	Yes	Yes	scientia_imperii_decus_et_tutamen	TIME REVERSED	No	Yes	FAT AND WATER	REAL	sapiens_qui_prospicit
NonDICOMMRimages	GC-IMAGE-711199	GC-NonDICOMMRimages-662639	SPIN	a_bene_placito	DIRECTIONAL	haec_olim_meminisse_iuvabit	23NA	PROTON_DENSITY_Proton Density weighted contrast	Yes	pace_tua	Yes	No	Yes	imperium_in_imperio	FREE PRECESSION	No	No	NONE	IMAGINARY	O_Tite_tute_Tati_tibi_tanta_tyranne_tulisti
NonDICOMMRimages	GC-IMAGE-775530	GC-NonDICOMMRimages-440623	GRADIENT	salus_in_arduis	ISOTROPIC	damnant_quod_non_intellegunt	23NA	PROTON_DENSITY_Proton Density weighted contrast	No	scientia_et_sapientia	No	No	Yes	imperium_in_imperio	FREE PRECESSION	Yes	Yes	SILICON GEL	PHASE	scientia_imperii_decus_et_tutamen
NonDICOMMRimages	GC-IMAGE-434506	GC-NonDICOMMRimages-912765	SPIN	labor_ipse_voluptas	DIRECTIONAL	Obedientia_civium_urbis_felicitas	129XE	PROTON_DENSITY_Proton Density weighted contrast	Yes	a_bene_placito	Yes	Yes	No	nanos_gigantum_humeris_insidentes	FREE PRECESSION	No	Yes	NONE	MAGNITUDE	faber_est_suae_quisque_fortunae
NonDICOMMRimages	GC-IMAGE-112350	GC-NonDICOMMRimages-939428	BOTH	nascentes_morimur_finisque_ab_origine_pendet	DIRECTIONAL	scientiae_cedit_mare	129XE	FLOW_ENCODED_Flow Encoded contrast	Yes	labor_ipse_voluptas	Yes	Yes	Yes	scientia_et_labor	TIME REVERSED	No	Yes	SILICON GEL	REAL	nascentes_morimur_finisque_ab_origine_pendet
NonDICOMMRimages	GC-IMAGE-381284	GC-NonDICOMMRimages-450057	BOTH	labor_ipse_voluptas	BMATRIX	id_quod_plerumque_accidit	23NA	FLOW_ENCODED_Flow Encoded contrast	Yes	nanos_gigantum_humeris_insidentes	Yes	No	No	Macte_animo_Generose_puer_sic_itur_ad_astra	LONGITUDINAL	Yes	No	SILICON GEL	PHASE	scientia_et_labor
NonDICOMMRimages	GC-IMAGE-194484	GC-NonDICOMMRimages-831333	SPIN	labor_ipse_voluptas	NONE	Gallia_est_omnis_divisa_in_partes_tres	1H	PERFUSION_Perfusion weighted contrast	Yes	faber_est_suae_quisque_fortunae	No	Yes	Yes	barba_crescit_caput_nescit	LONGITUDINAL	No	No	WATER	REAL	imperium_in_imperio
NonDICOMMRimages	GC-IMAGE-637974	GC-NonDICOMMRimages-856181	SPIN	scientia_et_sapientia	NONE	sapiens_qui_prospicit	1H	DIFFUSION	No	a_bene_placito	No	Yes	No	id_quod_plerumque_accidit	FREE PRECESSION	Yes	Yes	FAT	PHASE	salus_in_arduis
NonDICOMMRimages	GC-IMAGE-243066	GC-NonDICOMMRimages-585262	BOTH	sapiens_qui_prospicit	BMATRIX	saltus_in_demonstrando	13C	FLOW_ENCODED_Flow Encoded contrast	No	a_bene_placito	Yes	No	Yes	imperium_in_imperio	TRANSVERSE	Yes	Yes	SILICON GEL	PHASE	e_causa_ignota
NonDICOMMRimages	GC-IMAGE-196567	GC-NonDICOMMRimages-617801	BOTH	Macte_animo_Generose_puer_sic_itur_ad_astra	BMATRIX	scientiae_cedit_mare	19F	TAGGING_Superposition of thin saturation bands onto image	Yes	cacatum_non_est_pictum	Yes	Yes	No	labor_ipse_voluptas	TRANSVERSE	Yes	Yes	NONE	MAGNITUDE	e_causa_ignota
NonDICOMMRimages	GC-IMAGE-160177	GC-NonDICOMMRimages-659837	GRADIENT	scientia,_aere_perennius	NONE	Macte_animo_Generose_puer_sic_itur_ad_astra	19F	FLUID_ATTENUATED_Fluid Attenuated T2 weighted contrast	Yes	id_quod_plerumque_accidit	Yes	No	No	pace_tua	TIME REVERSED	Yes	Yes	FAT	MAGNITUDE	Gallia_est_omnis_divisa_in_partes_tres
NonDICOMMRimages	GC-IMAGE-930689	GC-NonDICOMMRimages-229308	SPIN	O_Tite_tute_Tati_tibi_tanta_tyranne_tulisti	BMATRIX	damnant_quod_non_intellegunt	129XE	TAGGING_Superposition of thin saturation bands onto image	No	sapiens_qui_prospicit	No	Yes	No	scientia_et_labor	NONE	No	No	SILICON GEL	REAL	barba_crescit_caput_nescit
NonDICOMMRimages	GC-IMAGE-868756	GC-NonDICOMMRimages-763446	SPIN	barba_crescit_caput_nescit	ISOTROPIC	saltus_in_demonstrando	7LI	PERFUSION_Perfusion weighted contrast	No	faber_est_suae_quisque_fortunae	Yes	Yes	Yes	barba_crescit_caput_nescit	FREE PRECESSION	No	No	FAT	MAGNITUDE	scientia_et_sapientia
NonDICOMMRimages	GC-IMAGE-150049	GC-NonDICOMMRimages-601606	SPIN	O_Tite_tute_Tati_tibi_tanta_tyranne_tulisti	ISOTROPIC	O_Tite_tute_Tati_tibi_tanta_tyranne_tulisti	19F	T1_T1 weighted contrast	Yes	O_Tite_tute_Tati_tibi_tanta_tyranne_tulisti	No	Yes	No	barba_crescit_caput_nescit	TIME REVERSED	No	Yes	WATER	REAL	haec_olim_meminisse_iuvabit
NonDICOMMRimages	GC-IMAGE-248468	GC-NonDICOMMRimages-540797	SPIN	scientiae_cedit_mare	ISOTROPIC	barba_crescit_caput_nescit	19F	FLUID_ATTENUATED_Fluid Attenuated T2 weighted contrast	Yes	pace_tua	No	No	No	scientia,_aere_perennius	FREE PRECESSION	No	No	NONE	REAL	labor_ipse_voluptas
NonDICOMMRimages	GC-IMAGE-500433	GC-NonDICOMMRimages-813661	GRADIENT	labor_ipse_voluptas	ISOTROPIC	Obedientia_civium_urbis_felicitas	7LI	T2_T2 weighted contrast	Yes	damnant_quod_non_intellegunt	Yes	Yes	Yes	nascentes_morimur_finisque_ab_origine_pendet	TIME REVERSED	No	No	WATER	REAL	nanos_gigantum_humeris_insidentes
NonDICOMMRimages	GC-IMAGE-787266	GC-NonDICOMMRimages-835592	SPIN	scientia_imperii_decus_et_tutamen	DIRECTIONAL	faber_est_suae_quisque_fortunae	23NA	FLOW_ENCODED_Flow Encoded contrast	No	pace_tua	No	Yes	No	scientia_et_sapientia	LONGITUDINAL	Yes	Yes	SILICON GEL	MAGNITUDE	barba_crescit_caput_nescit
NonDICOMMRimages	GC-IMAGE-144131	GC-NonDICOMMRimages-308456	SPIN	salus_in_arduis	ISOTROPIC	Macte_animo_Generose_puer_sic_itur_ad_astra	19F	T2_T2 weighted contrast	No	Macte_animo_Generose_puer_sic_itur_ad_astra	No	Yes	Yes	nanos_gigantum_humeris_insidentes	TIME REVERSED	Yes	Yes	NONE	PHASE	damnant_quod_non_intellegunt
NonDICOMMRimages	GC-IMAGE-155771	GC-NonDICOMMRimages-791225	GRADIENT	id_quod_plerumque_accidit	NONE	scientia_et_sapientia	7LI	T2_STAR_T2* weighted contrast	No	saltus_in_demonstrando	No	Yes	Yes	sapiens_qui_prospicit	TRANSVERSE	Yes	Yes	FAT AND WATER	MAGNITUDE	scientia_et_labor
NonDICOMMRimages	GC-IMAGE-955700	GC-NonDICOMMRimages-901721	GRADIENT	imperium_in_imperio	DIRECTIONAL	Macte_animo_Generose_puer_sic_itur_ad_astra	23NA	FLUID_ATTENUATED_Fluid Attenuated T2 weighted contrast	Yes	a_bene_placito	Yes	Yes	Yes	barba_crescit_caput_nescit	TIME REVERSED	Yes	No	WATER	REAL	nanos_gigantum_humeris_insidentes
NonDICOMMRimages	GC-IMAGE-728040	GC-NonDICOMMRimages-428377	BOTH	sapiens_qui_prospicit	NONE	pace_tua	19F	PERFUSION_Perfusion weighted contrast	No	salus_in_arduis	Yes	No	No	cacatum_non_est_pictum	NONE	Yes	No	SILICON GEL	MAGNITUDE	faber_est_suae_quisque_fortunae
NonDICOMMRimages	GC-IMAGE-829457	GC-NonDICOMMRimages-146436	SPIN	id_quod_plerumque_accidit	DIRECTIONAL	pace_tua	129XE	DIFFUSION	No	saltus_in_demonstrando	Yes	No	Yes	pace_tua	NONE	No	Yes	FAT AND WATER	PHASE	Gallia_est_omnis_divisa_in_partes_tres
NonDICOMMRimages	GC-IMAGE-357342	GC-NonDICOMMRimages-174306	BOTH	damnant_quod_non_intellegunt	ISOTROPIC	labor_ipse_voluptas	13C	STIR_Short Tau Inversion Recovery	No	imperium_in_imperio	No	No	Yes	haec_olim_meminisse_iuvabit	FREE PRECESSION	Yes	No	NONE	PHASE	scientia_et_sapientia
NonDICOMMRimages	GC-IMAGE-352970	GC-NonDICOMMRimages-693069	SPIN	pace_tua	BMATRIX	scientia_et_labor	13C	T2_STAR_T2* weighted contrast	Yes	sapiens_qui_prospicit	No	No	Yes	barba_crescit_caput_nescit	TRANSVERSE	No	No	NONE	REAL	O_Tite_tute_Tati_tibi_tanta_tyranne_tulisti
NonDICOMMRimages	GC-IMAGE-945701	GC-NonDICOMMRimages-732514	GRADIENT	scientia_imperii_decus_et_tutamen	DIRECTIONAL	barba_crescit_caput_nescit	7LI	TOF_Time Of Flight weighted contrast	No	scientia_imperii_decus_et_tutamen	Yes	Yes	No	nanos_gigantum_humeris_insidentes	NONE	No	No	WATER	MAGNITUDE	nanos_gigantum_humeris_insidentes
NonDICOMMRimages	GC-IMAGE-420400	GC-NonDICOMMRimages-662032	GRADIENT	faber_est_suae_quisque_fortunae	DIRECTIONAL	imperium_in_imperio	1H	PERFUSION_Perfusion weighted contrast	No	scientia_et_labor	Yes	No	Yes	Gallia_est_omnis_divisa_in_partes_tres	LONGITUDINAL	No	Yes	NONE	REAL	nascentes_morimur_finisque_ab_origine_pendet
NonDICOMMRimages	GC-IMAGE-555112	GC-NonDICOMMRimages-633685	GRADIENT	cacatum_non_est_pictum	NONE	imperium_in_imperio	3HE	T2_STAR_T2* weighted contrast	No	scientiae_cedit_mare	No	No	No	scientia_imperii_decus_et_tutamen	LONGITUDINAL	No	No	NONE	MAGNITUDE	haec_olim_meminisse_iuvabit
NonDICOMMRimages	GC-IMAGE-781546	GC-NonDICOMMRimages-924835	GRADIENT	haec_olim_meminisse_iuvabit	ISOTROPIC	scientia_imperii_decus_et_tutamen	19F	DIFFUSION	Yes	damnant_quod_non_intellegunt	Yes	Yes	No	salus_in_arduis	NONE	Yes	Yes	FAT	MAGNITUDE	damnant_quod_non_intellegunt
NonDICOMMRimages	GC-IMAGE-786576	GC-NonDICOMMRimages-477995	GRADIENT	scientiae_et_patriae	NONE	nascentes_morimur_finisque_ab_origine_pendet	23NA	PERFUSION_Perfusion weighted contrast	Yes	Macte_animo_Generose_puer_sic_itur_ad_astra	Yes	Yes	No	sapiens_qui_prospicit	NONE	Yes	Yes	SILICON GEL	PHASE	labor_ipse_voluptas
NonDICOMMRimages	GC-IMAGE-454650	GC-NonDICOMMRimages-407725	GRADIENT	a_bene_placito	ISOTROPIC	salus_in_arduis	19F	FLOW_ENCODED_Flow Encoded contrast	No	cacatum_non_est_pictum	Yes	No	No	haec_olim_meminisse_iuvabit	TIME REVERSED	Yes	No	WATER	IMAGINARY	nanos_gigantum_humeris_insidentes
NonDICOMMRimages	GC-IMAGE-589482	GC-NonDICOMMRimages-146737	SPIN	nascentes_morimur_finisque_ab_origine_pendet	DIRECTIONAL	sapiens_qui_prospicit	31P	PERFUSION_Perfusion weighted contrast	No	Macte_animo_Generose_puer_sic_itur_ad_astra	No	No	No	saltus_in_demonstrando	FREE PRECESSION	No	Yes	FAT	MAGNITUDE	pace_tua
NonDICOMMRimages	GC-IMAGE-237630	GC-NonDICOMMRimages-892158	BOTH	e_causa_ignota	DIRECTIONAL	sapiens_qui_prospicit	7LI	DIFFUSION	No	scientiae_et_patriae	Yes	No	No	scientia,_aere_perennius	LONGITUDINAL	Yes	No	WATER	PHASE	e_causa_ignota
NonDICOMMRimages	GC-IMAGE-361738	GC-NonDICOMMRimages-390832	SPIN	sapiens_qui_prospicit	ISOTROPIC	Macte_animo_Generose_puer_sic_itur_ad_astra	1H	STIR_Short Tau Inversion Recovery	No	pace_tua	No	No	Yes	salus_in_arduis	TRANSVERSE	No	No	NONE	IMAGINARY	scientia_et_sapientia
NonDICOMMRimages	GC-IMAGE-126224	GC-NonDICOMMRimages-695933	GRADIENT	scientia_et_labor	DIRECTIONAL	O_Tite_tute_Tati_tibi_tanta_tyranne_tulisti	13C	PERFUSION_Perfusion weighted contrast	Yes	scientia,_aere_perennius	No	Yes	Yes	faber_est_suae_quisque_fortunae	FREE PRECESSION	No	Yes	NONE	MAGNITUDE	e_causa_ignota
NonDICOMMRimages	GC-IMAGE-219222	GC-NonDICOMMRimages-627409	SPIN	barba_crescit_caput_nescit	BMATRIX	imperium_in_imperio	1H	PERFUSION_Perfusion weighted contrast	No	salus_in_arduis	Yes	Yes	No	scientiae_et_patriae	TIME REVERSED	No	Yes	FAT	IMAGINARY	nascentes_morimur_finisque_ab_origine_pendet
NonDICOMMRimages	GC-IMAGE-152799	GC-NonDICOMMRimages-837724	GRADIENT	Obedientia_civium_urbis_felicitas	BMATRIX	scientia_et_labor	1H	T2_STAR_T2* weighted contrast	No	salus_in_arduis	Yes	Yes	Yes	scientia_imperii_decus_et_tutamen	TRANSVERSE	No	Yes	NONE	PHASE	sapiens_qui_prospicit
NonDICOMMRimages	GC-IMAGE-788428	GC-NonDICOMMRimages-872071	BOTH	a_bene_placito	ISOTROPIC	scientiae_cedit_mare	7LI	T1_T1 weighted contrast	No	Macte_animo_Generose_puer_sic_itur_ad_astra	Yes	Yes	No	scientia,_aere_perennius	FREE PRECESSION	Yes	Yes	NONE	IMAGINARY	barba_crescit_caput_nescit
NonDICOMMRimages	GC-IMAGE-230380	GC-NonDICOMMRimages-756516	SPIN	O_Tite_tute_Tati_tibi_tanta_tyranne_tulisti	ISOTROPIC	scientiae_et_patriae	3HE	T2_STAR_T2* weighted contrast	No	e_causa_ignota	Yes	Yes	No	O_Tite_tute_Tati_tibi_tanta_tyranne_tulisti	LONGITUDINAL	Yes	Yes	FAT AND WATER	MAGNITUDE	scientiae_cedit_mare
NonDICOMMRimages	GC-IMAGE-251578	GC-NonDICOMMRimages-700850	BOTH	cacatum_non_est_pictum	BMATRIX	scientia_et_sapientia	19F	T1_T1 weighted contrast	Yes	e_causa_ignota	Yes	No	Yes	barba_crescit_caput_nescit	FREE PRECESSION	Yes	Yes	FAT AND WATER	IMAGINARY	imperium_in_imperio
NonDICOMMRimages	GC-IMAGE-616922	GC-NonDICOMMRimages-965203	BOTH	labor_ipse_voluptas	DIRECTIONAL	scientiae_cedit_mare	31P	TAGGING_Superposition of thin saturation bands onto image	Yes	scientiae_cedit_mare	Yes	No	Yes	id_quod_plerumque_accidit	LONGITUDINAL	No	Yes	FAT	PHASE	damnant_quod_non_intellegunt
NonDICOMMRimages	GC-IMAGE-776831	GC-NonDICOMMRimages-582896	SPIN	saltus_in_demonstrando	ISOTROPIC	a_bene_placito	31P	STIR_Short Tau Inversion Recovery	Yes	Obedientia_civium_urbis_felicitas	No	No	Yes	O_Tite_tute_Tati_tibi_tanta_tyranne_tulisti	NONE	No	Yes	NONE	REAL	imperium_in_imperio
NonDICOMMRimages	GC-IMAGE-158576	GC-NonDICOMMRimages-459107	GRADIENT	barba_crescit_caput_nescit	NONE	scientia_et_labor	23NA	T2_T2 weighted contrast	No	cacatum_non_est_pictum	Yes	Yes	No	imperium_in_imperio	LONGITUDINAL	No	No	NONE	PHASE	scientia,_aere_perennius
NonDICOMMRimages	GC-IMAGE-136405	GC-NonDICOMMRimages-218618	GRADIENT	scientia_imperii_decus_et_tutamen	ISOTROPIC	damnant_quod_non_intellegunt	7LI	STIR_Short Tau Inversion Recovery	Yes	O_Tite_tute_Tati_tibi_tanta_tyranne_tulisti	No	No	Yes	scientia_imperii_decus_et_tutamen	NONE	No	Yes	FAT	PHASE	Gallia_est_omnis_divisa_in_partes_tres
NonDICOMMRimages	GC-IMAGE-204262	GC-NonDICOMMRimages-684571	GRADIENT	imperium_in_imperio	NONE	scientia,_aere_perennius	13C	FLOW_ENCODED_Flow Encoded contrast	No	O_Tite_tute_Tati_tibi_tanta_tyranne_tulisti	No	No	No	saltus_in_demonstrando	TIME REVERSED	Yes	No	SILICON GEL	IMAGINARY	Macte_animo_Generose_puer_sic_itur_ad_astra
NonDICOMMRimages	GC-IMAGE-312305	GC-NonDICOMMRimages-846696	SPIN	faber_est_suae_quisque_fortunae	ISOTROPIC	Obedientia_civium_urbis_felicitas	13C	TOF_Time Of Flight weighted contrast	No	sapiens_qui_prospicit	Yes	No	No	scientia_et_sapientia	NONE	No	No	WATER	MAGNITUDE	Gallia_est_omnis_divisa_in_partes_tres
NonDICOMMRimages	GC-IMAGE-296231	GC-NonDICOMMRimages-476800	BOTH	nanos_gigantum_humeris_insidentes	NONE	nascentes_morimur_finisque_ab_origine_pendet	7LI	T1_T1 weighted contrast	No	Obedientia_civium_urbis_felicitas	No	No	Yes	salus_in_arduis	LONGITUDINAL	Yes	Yes	FAT AND WATER	PHASE	nanos_gigantum_humeris_insidentes
NonDICOMMRimages	GC-IMAGE-211113	GC-NonDICOMMRimages-481008	GRADIENT	saltus_in_demonstrando	ISOTROPIC	a_bene_placito	129XE	T2_T2 weighted contrast	Yes	nanos_gigantum_humeris_insidentes	No	No	Yes	faber_est_suae_quisque_fortunae	TIME REVERSED	No	No	WATER	REAL	scientia_et_labor
NonDICOMMRimages	GC-IMAGE-462271	GC-NonDICOMMRimages-984423	BOTH	haec_olim_meminisse_iuvabit	ISOTROPIC	scientia_imperii_decus_et_tutamen	129XE	TAGGING_Superposition of thin saturation bands onto image	Yes	nascentes_morimur_finisque_ab_origine_pendet	Yes	Yes	Yes	imperium_in_imperio	FREE PRECESSION	No	Yes	WATER	REAL	scientia_et_labor
NonDICOMMRimages	GC-IMAGE-586479	GC-NonDICOMMRimages-650179	SPIN	e_causa_ignota	ISOTROPIC	imperium_in_imperio	129XE	STIR_Short Tau Inversion Recovery	No	saltus_in_demonstrando	Yes	Yes	No	damnant_quod_non_intellegunt	NONE	Yes	Yes	SILICON GEL	MAGNITUDE	labor_ipse_voluptas
NonDICOMMRimages	GC-IMAGE-649952	GC-NonDICOMMRimages-854827	GRADIENT	imperium_in_imperio	ISOTROPIC	saltus_in_demonstrando	13C	T2_T2 weighted contrast	No	sapiens_qui_prospicit	No	No	Yes	saltus_in_demonstrando	TIME REVERSED	Yes	No	SILICON GEL	REAL	imperium_in_imperio
NonDICOMMRimages	GC-IMAGE-178478	GC-NonDICOMMRimages-317716	BOTH	scientia_et_labor	BMATRIX	Macte_animo_Generose_puer_sic_itur_ad_astra	7LI	T2_STAR_T2* weighted contrast	No	scientia_et_labor	Yes	No	No	pace_tua	FREE PRECESSION	Yes	No	FAT	REAL	Gallia_est_omnis_divisa_in_partes_tres
NonDICOMMRimages	GC-IMAGE-422322	GC-NonDICOMMRimages-902021	SPIN	sapiens_qui_prospicit	DIRECTIONAL	labor_ipse_voluptas	19F	T2_T2 weighted contrast	Yes	haec_olim_meminisse_iuvabit	No	Yes	Yes	pace_tua	TRANSVERSE	No	No	SILICON GEL	REAL	scientia_et_labor
NonDICOMMRimages	GC-IMAGE-422997	GC-NonDICOMMRimages-823365	GRADIENT	haec_olim_meminisse_iuvabit	BMATRIX	labor_ipse_voluptas	7LI	T2_STAR_T2* weighted contrast	Yes	haec_olim_meminisse_iuvabit	No	No	Yes	scientia_et_labor	TIME REVERSED	No	No	SILICON GEL	IMAGINARY	faber_est_suae_quisque_fortunae
NonDICOMMRimages	GC-IMAGE-538266	GC-NonDICOMMRimages-519622	BOTH	Gallia_est_omnis_divisa_in_partes_tres	NONE	sapiens_qui_prospicit	7LI	T1_T1 weighted contrast	Yes	scientia_et_labor	Yes	Yes	No	cacatum_non_est_pictum	TIME REVERSED	Yes	Yes	NONE	REAL	scientia_imperii_decus_et_tutamen
NonDICOMMRimages	GC-IMAGE-865762	GC-NonDICOMMRimages-554593	GRADIENT	scientiae_cedit_mare	BMATRIX	cacatum_non_est_pictum	129XE	T1_T1 weighted contrast	No	scientiae_et_patriae	No	No	Yes	pace_tua	FREE PRECESSION	Yes	Yes	SILICON GEL	IMAGINARY	pace_tua
NonDICOMMRimages	GC-IMAGE-638340	GC-NonDICOMMRimages-244082	GRADIENT	scientia_et_sapientia	DIRECTIONAL	imperium_in_imperio	3HE	T2_T2 weighted contrast	Yes	imperium_in_imperio	Yes	Yes	Yes	haec_olim_meminisse_iuvabit	LONGITUDINAL	Yes	No	NONE	MAGNITUDE	barba_crescit_caput_nescit
NonDICOMMRimages	GC-IMAGE-749100	GC-NonDICOMMRimages-624464	BOTH	cacatum_non_est_pictum	ISOTROPIC	haec_olim_meminisse_iuvabit	23NA	PERFUSION_Perfusion weighted contrast	No	O_Tite_tute_Tati_tibi_tanta_tyranne_tulisti	Yes	No	No	O_Tite_tute_Tati_tibi_tanta_tyranne_tulisti	FREE PRECESSION	No	Yes	NONE	MAGNITUDE	Gallia_est_omnis_divisa_in_partes_tres
NonDICOMMRimages	GC-IMAGE-961130	GC-NonDICOMMRimages-168588	SPIN	cacatum_non_est_pictum	DIRECTIONAL	sapiens_qui_prospicit	7LI	PERFUSION_Perfusion weighted contrast	Yes	cacatum_non_est_pictum	Yes	No	No	Macte_animo_Generose_puer_sic_itur_ad_astra	LONGITUDINAL	No	No	SILICON GEL	REAL	salus_in_arduis
NonDICOMMRimages	GC-IMAGE-440762	GC-NonDICOMMRimages-430384	BOTH	nascentes_morimur_finisque_ab_origine_pendet	NONE	Obedientia_civium_urbis_felicitas	13C	STIR_Short Tau Inversion Recovery	Yes	scientia_et_sapientia	Yes	Yes	Yes	Gallia_est_omnis_divisa_in_partes_tres	NONE	No	No	FAT	PHASE	scientia,_aere_perennius
NonDICOMMRimages	GC-IMAGE-931637	GC-NonDICOMMRimages-384154	SPIN	imperium_in_imperio	NONE	cacatum_non_est_pictum	23NA	T1_T1 weighted contrast	No	faber_est_suae_quisque_fortunae	No	Yes	Yes	haec_olim_meminisse_iuvabit	TRANSVERSE	No	Yes	FAT AND WATER	IMAGINARY	damnant_quod_non_intellegunt
NonDICOMMRimages	GC-IMAGE-914911	GC-NonDICOMMRimages-404433	BOTH	id_quod_plerumque_accidit	BMATRIX	Gallia_est_omnis_divisa_in_partes_tres	129XE	FLOW_ENCODED_Flow Encoded contrast	No	Obedientia_civium_urbis_felicitas	No	Yes	Yes	scientia_et_labor	FREE PRECESSION	No	Yes	WATER	MAGNITUDE	scientia_et_sapientia
NonDICOMMRimages	GC-IMAGE-917853	GC-NonDICOMMRimages-209951	BOTH	scientia,_aere_perennius	NONE	scientia_imperii_decus_et_tutamen	13C	T2_STAR_T2* weighted contrast	Yes	scientiae_et_patriae	Yes	Yes	No	scientia,_aere_perennius	LONGITUDINAL	Yes	Yes	FAT AND WATER	IMAGINARY	nanos_gigantum_humeris_insidentes
NonDICOMMRimages	GC-IMAGE-120597	GC-NonDICOMMRimages-730120	SPIN	saltus_in_demonstrando	BMATRIX	scientia_et_labor	31P	DIFFUSION	No	scientiae_cedit_mare	Yes	No	Yes	scientia_et_labor	TRANSVERSE	Yes	No	FAT AND WATER	PHASE	haec_olim_meminisse_iuvabit
NonDICOMMRimages	GC-IMAGE-638796	GC-NonDICOMMRimages-940756	SPIN	scientia_imperii_decus_et_tutamen	ISOTROPIC	Obedientia_civium_urbis_felicitas	23NA	TOF_Time Of Flight weighted contrast	Yes	e_causa_ignota	Yes	No	No	scientia_imperii_decus_et_tutamen	TRANSVERSE	Yes	No	WATER	IMAGINARY	scientiae_et_patriae
NonDICOMMRimages	GC-IMAGE-976066	GC-NonDICOMMRimages-623397	GRADIENT	scientia_et_sapientia	DIRECTIONAL	id_quod_plerumque_accidit	1H	FLUID_ATTENUATED_Fluid Attenuated T2 weighted contrast	Yes	scientia_et_sapientia	No	Yes	No	labor_ipse_voluptas	TIME REVERSED	Yes	No	SILICON GEL	MAGNITUDE	imperium_in_imperio
NonDICOMMRimages	GC-IMAGE-364903	GC-NonDICOMMRimages-529290	SPIN	sapiens_qui_prospicit	ISOTROPIC	imperium_in_imperio	129XE	FLUID_ATTENUATED_Fluid Attenuated T2 weighted contrast	Yes	scientia_imperii_decus_et_tutamen	Yes	No	No	scientiae_cedit_mare	LONGITUDINAL	Yes	No	NONE	MAGNITUDE	sapiens_qui_prospicit
NonDICOMMRimages	GC-IMAGE-221655	GC-NonDICOMMRimages-350893	GRADIENT	haec_olim_meminisse_iuvabit	NONE	haec_olim_meminisse_iuvabit	31P	PERFUSION_Perfusion weighted contrast	Yes	Obedientia_civium_urbis_felicitas	No	No	Yes	labor_ipse_voluptas	NONE	Yes	Yes	FAT	IMAGINARY	nascentes_morimur_finisque_ab_origine_pendet
NonDICOMMRimages	GC-IMAGE-426937	GC-NonDICOMMRimages-280060	SPIN	nanos_gigantum_humeris_insidentes	DIRECTIONAL	Gallia_est_omnis_divisa_in_partes_tres	31P	DIFFUSION	No	id_quod_plerumque_accidit	No	Yes	Yes	scientia_et_sapientia	TRANSVERSE	No	Yes	WATER	IMAGINARY	scientiae_et_patriae
NonDICOMMRimages	GC-IMAGE-759189	GC-NonDICOMMRimages-287316	GRADIENT	imperium_in_imperio	NONE	labor_ipse_voluptas	31P	T2_T2 weighted contrast	Yes	haec_olim_meminisse_iuvabit	Yes	No	No	damnant_quod_non_intellegunt	TRANSVERSE	No	No	FAT AND WATER	PHASE	Macte_animo_Generose_puer_sic_itur_ad_astra
NonDICOMMRimages	GC-IMAGE-728514	GC-NonDICOMMRimages-592594	GRADIENT	faber_est_suae_quisque_fortunae	BMATRIX	scientia_et_sapientia	13C	PERFUSION_Perfusion weighted contrast	No	Macte_animo_Generose_puer_sic_itur_ad_astra	No	Yes	Yes	damnant_quod_non_intellegunt	TRANSVERSE	No	Yes	FAT AND WATER	MAGNITUDE	a_bene_placito
NonDICOMMRimages	GC-IMAGE-469485	GC-NonDICOMMRimages-722381	GRADIENT	O_Tite_tute_Tati_tibi_tanta_tyranne_tulisti	ISOTROPIC	nanos_gigantum_humeris_insidentes	1H	DIFFUSION	No	scientia_et_labor	No	No	No	scientia_et_sapientia	NONE	No	No	NONE	REAL	nanos_gigantum_humeris_insidentes
NonDICOMMRimages	GC-IMAGE-690584	GC-NonDICOMMRimages-255257	SPIN	saltus_in_demonstrando	DIRECTIONAL	labor_ipse_voluptas	1H	TOF_Time Of Flight weighted contrast	No	labor_ipse_voluptas	No	Yes	No	haec_olim_meminisse_iuvabit	TRANSVERSE	Yes	No	NONE	PHASE	Macte_animo_Generose_puer_sic_itur_ad_astra
NonDICOMMRimages	GC-IMAGE-780655	GC-NonDICOMMRimages-102259	GRADIENT	salus_in_arduis	BMATRIX	pace_tua	3HE	PROTON_DENSITY_Proton Density weighted contrast	Yes	id_quod_plerumque_accidit	No	Yes	Yes	O_Tite_tute_Tati_tibi_tanta_tyranne_tulisti	NONE	No	Yes	NONE	PHASE	salus_in_arduis
NonDICOMMRimages	GC-IMAGE-561653	GC-NonDICOMMRimages-784316	SPIN	O_Tite_tute_Tati_tibi_tanta_tyranne_tulisti	BMATRIX	nascentes_morimur_finisque_ab_origine_pendet	7LI	PERFUSION_Perfusion weighted contrast	Yes	nascentes_morimur_finisque_ab_origine_pendet	Yes	No	Yes	imperium_in_imperio	TRANSVERSE	No	Yes	NONE	PHASE	O_Tite_tute_Tati_tibi_tanta_tyranne_tulisti
NonDICOMMRimages	GC-IMAGE-489650	GC-NonDICOMMRimages-675165	BOTH	scientia_et_sapientia	BMATRIX	nanos_gigantum_humeris_insidentes	1H	T2_T2 weighted contrast	No	haec_olim_meminisse_iuvabit	No	Yes	No	scientia,_aere_perennius	TRANSVERSE	Yes	No	SILICON GEL	IMAGINARY	nascentes_morimur_finisque_ab_origine_pendet
NonDICOMMRimages	GC-IMAGE-299740	GC-NonDICOMMRimages-844417	GRADIENT	Gallia_est_omnis_divisa_in_partes_tres	DIRECTIONAL	imperium_in_imperio	3HE	DIFFUSION	No	cacatum_non_est_pictum	Yes	Yes	Yes	Macte_animo_Generose_puer_sic_itur_ad_astra	FREE PRECESSION	Yes	Yes	NONE	MAGNITUDE	imperium_in_imperio
NonDICOMMRimages	GC-IMAGE-931223	GC-NonDICOMMRimages-462590	GRADIENT	scientia_imperii_decus_et_tutamen	BMATRIX	Macte_animo_Generose_puer_sic_itur_ad_astra	13C	FLOW_ENCODED_Flow Encoded contrast	No	scientia_et_sapientia	No	No	Yes	scientia_imperii_decus_et_tutamen	FREE PRECESSION	No	No	SILICON GEL	IMAGINARY	salus_in_arduis
NonDICOMMRimages	GC-IMAGE-479293	GC-NonDICOMMRimages-778006	SPIN	scientiae_cedit_mare	BMATRIX	Obedientia_civium_urbis_felicitas	13C	DIFFUSION	No	labor_ipse_voluptas	No	No	No	haec_olim_meminisse_iuvabit	NONE	Yes	Yes	WATER	PHASE	sapiens_qui_prospicit
