type	image.study_link_id	NonDICOMCTimages_id	CTAquisitionProtocolElement_singleCollimationWidth	CTAquisitionProtocolElement_totalCollimationWidth	CTAquisitionProtocolElement_gantryDetectorTilt	CTAquisitionProtocolElement_spiralPitchFactor	CTAquisitionProtocolElement_ctdiVol	CTAquisitionProtocolElement_ctdiPhantomTypeCode	CTAquisitionProtocolElement_kVp	CTAquisitionProtocolElement_exposureModulationType_Code	CTImageReconstructionProtocolElement_convolutionKernel	CTImageReconstructionProtocolElement_convolutionKernelGroupCode	crdc_id
NonDICOMCTimages	CDS-IMAGE-451544	CDS-NonDICOMCTimages-600998	Gallia_est_omnis_divisa_in_partes_tres	scientia_et_sapientia	nanos_gigantum_humeris_insidentes	e.g., 2:1	saltus_in_demonstrando	O_Tite_tute_Tati_tibi_tanta_tyranne_tulisti	faber_est_suae_quisque_fortunae	ANGULAR	pace_tua	pace_tua	scientia,_aere_perennius
NonDICOMCTimages	CDS-IMAGE-808335	CDS-NonDICOMCTimages-774757	Macte_animo_Generose_puer_sic_itur_ad_astra	barba_crescit_caput_nescit	scientia_et_labor	e.g., 2:1	scientia_et_sapientia	e_causa_ignota	e_causa_ignota	NONE	O_Tite_tute_Tati_tibi_tanta_tyranne_tulisti	Gallia_est_omnis_divisa_in_partes_tres	nascentes_morimur_finisque_ab_origine_pendet
NonDICOMCTimages	CDS-IMAGE-231997	CDS-NonDICOMCTimages-345364	O_Tite_tute_Tati_tibi_tanta_tyranne_tulisti	Obedientia_civium_urbis_felicitas	sapiens_qui_prospicit	e.g., 2:1	scientia_et_sapientia	nascentes_morimur_finisque_ab_origine_pendet	Gallia_est_omnis_divisa_in_partes_tres	NONE	scientia,_aere_perennius	scientia_et_sapientia	scientiae_et_patriae
NonDICOMCTimages	CDS-IMAGE-602407	CDS-NonDICOMCTimages-943751	a_bene_placito	Gallia_est_omnis_divisa_in_partes_tres	scientia_et_labor	e.g., 2:1	faber_est_suae_quisque_fortunae	haec_olim_meminisse_iuvabit	O_Tite_tute_Tati_tibi_tanta_tyranne_tulisti	ANGULAR	haec_olim_meminisse_iuvabit	scientia_et_labor	imperium_in_imperio
NonDICOMCTimages	CDS-IMAGE-188862	CDS-NonDICOMCTimages-296482	a_bene_placito	Obedientia_civium_urbis_felicitas	haec_olim_meminisse_iuvabit	e.g., 2:1	scientia_et_sapientia	O_Tite_tute_Tati_tibi_tanta_tyranne_tulisti	faber_est_suae_quisque_fortunae	ECG-BASED	sapiens_qui_prospicit	nanos_gigantum_humeris_insidentes	nascentes_morimur_finisque_ab_origine_pendet
NonDICOMCTimages	CDS-IMAGE-101542	CDS-NonDICOMCTimages-365741	imperium_in_imperio	a_bene_placito	nanos_gigantum_humeris_insidentes	e.g., 2:1	faber_est_suae_quisque_fortunae	labor_ipse_voluptas	scientiae_et_patriae	ORGAN-BASED	scientia_imperii_decus_et_tutamen	scientia,_aere_perennius	faber_est_suae_quisque_fortunae
NonDICOMCTimages	CDS-IMAGE-197359	CDS-NonDICOMCTimages-677386	cacatum_non_est_pictum	labor_ipse_voluptas	sapiens_qui_prospicit	e.g., 2:1	O_Tite_tute_Tati_tibi_tanta_tyranne_tulisti	scientiae_et_patriae	scientia_et_labor	ORGAN-BASED	salus_in_arduis	Obedientia_civium_urbis_felicitas	scientia,_aere_perennius
NonDICOMCTimages	CDS-IMAGE-208970	CDS-NonDICOMCTimages-146016	nanos_gigantum_humeris_insidentes	Macte_animo_Generose_puer_sic_itur_ad_astra	saltus_in_demonstrando	e.g., 2:1	scientia_et_sapientia	saltus_in_demonstrando	e_causa_ignota	ANGULAR	haec_olim_meminisse_iuvabit	saltus_in_demonstrando	damnant_quod_non_intellegunt
NonDICOMCTimages	CDS-IMAGE-224630	CDS-NonDICOMCTimages-668972	nascentes_morimur_finisque_ab_origine_pendet	a_bene_placito	scientia_et_labor	e.g., 2:1	scientia_et_sapientia	cacatum_non_est_pictum	labor_ipse_voluptas	LONGITUDINAL	scientia_imperii_decus_et_tutamen	Macte_animo_Generose_puer_sic_itur_ad_astra	imperium_in_imperio
NonDICOMCTimages	CDS-IMAGE-545212	CDS-NonDICOMCTimages-614538	scientia_imperii_decus_et_tutamen	scientia_imperii_decus_et_tutamen	scientia_imperii_decus_et_tutamen	e.g., 2:1	faber_est_suae_quisque_fortunae	Macte_animo_Generose_puer_sic_itur_ad_astra	salus_in_arduis	ORGAN-BASED	saltus_in_demonstrando	scientiae_cedit_mare	e_causa_ignota
NonDICOMCTimages	CDS-IMAGE-768683	CDS-NonDICOMCTimages-968692	id_quod_plerumque_accidit	scientia_imperii_decus_et_tutamen	labor_ipse_voluptas	e.g., 2:1	scientia_et_sapientia	damnant_quod_non_intellegunt	pace_tua	ORGAN-BASED	Gallia_est_omnis_divisa_in_partes_tres	O_Tite_tute_Tati_tibi_tanta_tyranne_tulisti	a_bene_placito
NonDICOMCTimages	CDS-IMAGE-180830	CDS-NonDICOMCTimages-102478	e_causa_ignota	Gallia_est_omnis_divisa_in_partes_tres	Macte_animo_Generose_puer_sic_itur_ad_astra	e.g., 2:1	barba_crescit_caput_nescit	scientia_et_sapientia	barba_crescit_caput_nescit	ECG-BASED	salus_in_arduis	imperium_in_imperio	scientia_et_sapientia
NonDICOMCTimages	CDS-IMAGE-621216	CDS-NonDICOMCTimages-782568	salus_in_arduis	labor_ipse_voluptas	id_quod_plerumque_accidit	e.g., 2:1	faber_est_suae_quisque_fortunae	pace_tua	saltus_in_demonstrando	ORGAN-BASED	scientiae_cedit_mare	pace_tua	e_causa_ignota
NonDICOMCTimages	CDS-IMAGE-775811	CDS-NonDICOMCTimages-456468	haec_olim_meminisse_iuvabit	O_Tite_tute_Tati_tibi_tanta_tyranne_tulisti	salus_in_arduis	e.g., 2:1	Obedientia_civium_urbis_felicitas	haec_olim_meminisse_iuvabit	Gallia_est_omnis_divisa_in_partes_tres	NONE	Obedientia_civium_urbis_felicitas	a_bene_placito	saltus_in_demonstrando
NonDICOMCTimages	CDS-IMAGE-769171	CDS-NonDICOMCTimages-268577	a_bene_placito	scientia_et_sapientia	cacatum_non_est_pictum	e.g., 2:1	scientia_imperii_decus_et_tutamen	labor_ipse_voluptas	scientia_imperii_decus_et_tutamen	ECG-BASED	Macte_animo_Generose_puer_sic_itur_ad_astra	barba_crescit_caput_nescit	Gallia_est_omnis_divisa_in_partes_tres
NonDICOMCTimages	CDS-IMAGE-106062	CDS-NonDICOMCTimages-620020	scientiae_et_patriae	Macte_animo_Generose_puer_sic_itur_ad_astra	faber_est_suae_quisque_fortunae	e.g., 2:1	a_bene_placito	a_bene_placito	scientiae_cedit_mare	LONGITUDINAL	cacatum_non_est_pictum	faber_est_suae_quisque_fortunae	sapiens_qui_prospicit
NonDICOMCTimages	CDS-IMAGE-690498	CDS-NonDICOMCTimages-117275	pace_tua	scientia_et_sapientia	scientia_et_sapientia	e.g., 2:1	faber_est_suae_quisque_fortunae	pace_tua	barba_crescit_caput_nescit	ORGAN-BASED	O_Tite_tute_Tati_tibi_tanta_tyranne_tulisti	pace_tua	Macte_animo_Generose_puer_sic_itur_ad_astra
NonDICOMCTimages	CDS-IMAGE-609452	CDS-NonDICOMCTimages-495646	a_bene_placito	e_causa_ignota	imperium_in_imperio	e.g., 2:1	scientiae_et_patriae	labor_ipse_voluptas	Obedientia_civium_urbis_felicitas	ORGAN-BASED	id_quod_plerumque_accidit	faber_est_suae_quisque_fortunae	scientia_imperii_decus_et_tutamen
NonDICOMCTimages	CDS-IMAGE-646481	CDS-NonDICOMCTimages-307451	salus_in_arduis	barba_crescit_caput_nescit	labor_ipse_voluptas	e.g., 2:1	faber_est_suae_quisque_fortunae	saltus_in_demonstrando	faber_est_suae_quisque_fortunae	ECG-BASED	scientia_et_sapientia	scientia_et_sapientia	salus_in_arduis
NonDICOMCTimages	CDS-IMAGE-434854	CDS-NonDICOMCTimages-493791	haec_olim_meminisse_iuvabit	nascentes_morimur_finisque_ab_origine_pendet	salus_in_arduis	e.g., 2:1	saltus_in_demonstrando	damnant_quod_non_intellegunt	sapiens_qui_prospicit	ANGULAR	salus_in_arduis	scientia_et_labor	Obedientia_civium_urbis_felicitas
NonDICOMCTimages	CDS-IMAGE-390008	CDS-NonDICOMCTimages-278583	O_Tite_tute_Tati_tibi_tanta_tyranne_tulisti	cacatum_non_est_pictum	scientiae_cedit_mare	e.g., 2:1	e_causa_ignota	scientia,_aere_perennius	cacatum_non_est_pictum	ORGAN-BASED	sapiens_qui_prospicit	scientia_et_labor	barba_crescit_caput_nescit
NonDICOMCTimages	CDS-IMAGE-330119	CDS-NonDICOMCTimages-237971	labor_ipse_voluptas	saltus_in_demonstrando	labor_ipse_voluptas	e.g., 2:1	scientiae_cedit_mare	pace_tua	imperium_in_imperio	LONGITUDINAL	nanos_gigantum_humeris_insidentes	scientiae_cedit_mare	scientia,_aere_perennius
NonDICOMCTimages	CDS-IMAGE-593529	CDS-NonDICOMCTimages-759327	O_Tite_tute_Tati_tibi_tanta_tyranne_tulisti	nascentes_morimur_finisque_ab_origine_pendet	Macte_animo_Generose_puer_sic_itur_ad_astra	e.g., 2:1	labor_ipse_voluptas	e_causa_ignota	e_causa_ignota	LONGITUDINAL	salus_in_arduis	scientiae_et_patriae	barba_crescit_caput_nescit
NonDICOMCTimages	CDS-IMAGE-415640	CDS-NonDICOMCTimages-209524	id_quod_plerumque_accidit	scientiae_et_patriae	scientiae_et_patriae	e.g., 2:1	salus_in_arduis	Gallia_est_omnis_divisa_in_partes_tres	scientiae_cedit_mare	ORGAN-BASED	scientiae_cedit_mare	faber_est_suae_quisque_fortunae	damnant_quod_non_intellegunt
NonDICOMCTimages	CDS-IMAGE-961733	CDS-NonDICOMCTimages-678337	damnant_quod_non_intellegunt	e_causa_ignota	scientiae_cedit_mare	e.g., 2:1	scientia,_aere_perennius	scientia_imperii_decus_et_tutamen	nanos_gigantum_humeris_insidentes	ORGAN-BASED	Gallia_est_omnis_divisa_in_partes_tres	Obedientia_civium_urbis_felicitas	cacatum_non_est_pictum
NonDICOMCTimages	CDS-IMAGE-489653	CDS-NonDICOMCTimages-608266	scientiae_cedit_mare	Obedientia_civium_urbis_felicitas	imperium_in_imperio	e.g., 2:1	sapiens_qui_prospicit	id_quod_plerumque_accidit	faber_est_suae_quisque_fortunae	ORGAN-BASED	imperium_in_imperio	faber_est_suae_quisque_fortunae	damnant_quod_non_intellegunt
NonDICOMCTimages	CDS-IMAGE-627015	CDS-NonDICOMCTimages-861031	id_quod_plerumque_accidit	barba_crescit_caput_nescit	O_Tite_tute_Tati_tibi_tanta_tyranne_tulisti	e.g., 2:1	scientiae_cedit_mare	nascentes_morimur_finisque_ab_origine_pendet	barba_crescit_caput_nescit	ECG-BASED	nanos_gigantum_humeris_insidentes	a_bene_placito	scientia,_aere_perennius
NonDICOMCTimages	CDS-IMAGE-406087	CDS-NonDICOMCTimages-514281	pace_tua	saltus_in_demonstrando	scientiae_cedit_mare	e.g., 2:1	barba_crescit_caput_nescit	a_bene_placito	nascentes_morimur_finisque_ab_origine_pendet	ECG-BASED	faber_est_suae_quisque_fortunae	e_causa_ignota	scientia_imperii_decus_et_tutamen
NonDICOMCTimages	CDS-IMAGE-759445	CDS-NonDICOMCTimages-286986	id_quod_plerumque_accidit	nanos_gigantum_humeris_insidentes	pace_tua	e.g., 2:1	cacatum_non_est_pictum	cacatum_non_est_pictum	haec_olim_meminisse_iuvabit	ANGULAR	scientia_et_labor	barba_crescit_caput_nescit	Macte_animo_Generose_puer_sic_itur_ad_astra
NonDICOMCTimages	CDS-IMAGE-107281	CDS-NonDICOMCTimages-837543	a_bene_placito	imperium_in_imperio	saltus_in_demonstrando	e.g., 2:1	saltus_in_demonstrando	scientiae_et_patriae	a_bene_placito	ORGAN-BASED	cacatum_non_est_pictum	nanos_gigantum_humeris_insidentes	labor_ipse_voluptas
NonDICOMCTimages	CDS-IMAGE-221977	CDS-NonDICOMCTimages-926437	scientia_imperii_decus_et_tutamen	e_causa_ignota	scientia_imperii_decus_et_tutamen	e.g., 2:1	scientiae_et_patriae	damnant_quod_non_intellegunt	pace_tua	ANGULAR	barba_crescit_caput_nescit	cacatum_non_est_pictum	haec_olim_meminisse_iuvabit
NonDICOMCTimages	CDS-IMAGE-510885	CDS-NonDICOMCTimages-785186	a_bene_placito	sapiens_qui_prospicit	scientia_et_sapientia	e.g., 2:1	scientia_et_sapientia	damnant_quod_non_intellegunt	Obedientia_civium_urbis_felicitas	LONGITUDINAL	O_Tite_tute_Tati_tibi_tanta_tyranne_tulisti	a_bene_placito	Obedientia_civium_urbis_felicitas
NonDICOMCTimages	CDS-IMAGE-553694	CDS-NonDICOMCTimages-723807	Obedientia_civium_urbis_felicitas	sapiens_qui_prospicit	haec_olim_meminisse_iuvabit	e.g., 2:1	haec_olim_meminisse_iuvabit	nanos_gigantum_humeris_insidentes	cacatum_non_est_pictum	LONGITUDINAL	sapiens_qui_prospicit	nascentes_morimur_finisque_ab_origine_pendet	scientia_imperii_decus_et_tutamen
NonDICOMCTimages	CDS-IMAGE-371560	CDS-NonDICOMCTimages-867686	Obedientia_civium_urbis_felicitas	Macte_animo_Generose_puer_sic_itur_ad_astra	O_Tite_tute_Tati_tibi_tanta_tyranne_tulisti	e.g., 2:1	cacatum_non_est_pictum	id_quod_plerumque_accidit	faber_est_suae_quisque_fortunae	ANGULAR	saltus_in_demonstrando	nascentes_morimur_finisque_ab_origine_pendet	Gallia_est_omnis_divisa_in_partes_tres
NonDICOMCTimages	CDS-IMAGE-130130	CDS-NonDICOMCTimages-441301	faber_est_suae_quisque_fortunae	barba_crescit_caput_nescit	salus_in_arduis	e.g., 2:1	imperium_in_imperio	scientia,_aere_perennius	scientia_imperii_decus_et_tutamen	ORGAN-BASED	Gallia_est_omnis_divisa_in_partes_tres	Obedientia_civium_urbis_felicitas	Gallia_est_omnis_divisa_in_partes_tres
NonDICOMCTimages	CDS-IMAGE-472479	CDS-NonDICOMCTimages-334732	scientiae_et_patriae	Gallia_est_omnis_divisa_in_partes_tres	pace_tua	e.g., 2:1	scientiae_et_patriae	id_quod_plerumque_accidit	Obedientia_civium_urbis_felicitas	ECG-BASED	nascentes_morimur_finisque_ab_origine_pendet	scientia_imperii_decus_et_tutamen	Obedientia_civium_urbis_felicitas
NonDICOMCTimages	CDS-IMAGE-515700	CDS-NonDICOMCTimages-220265	a_bene_placito	Obedientia_civium_urbis_felicitas	a_bene_placito	e.g., 2:1	scientia_et_labor	barba_crescit_caput_nescit	cacatum_non_est_pictum	ECG-BASED	O_Tite_tute_Tati_tibi_tanta_tyranne_tulisti	damnant_quod_non_intellegunt	scientia_et_labor
NonDICOMCTimages	CDS-IMAGE-911456	CDS-NonDICOMCTimages-445621	scientiae_et_patriae	scientiae_cedit_mare	scientia_et_labor	e.g., 2:1	imperium_in_imperio	O_Tite_tute_Tati_tibi_tanta_tyranne_tulisti	scientia,_aere_perennius	ANGULAR	sapiens_qui_prospicit	scientia,_aere_perennius	imperium_in_imperio
NonDICOMCTimages	CDS-IMAGE-179893	CDS-NonDICOMCTimages-384802	Gallia_est_omnis_divisa_in_partes_tres	saltus_in_demonstrando	scientia,_aere_perennius	e.g., 2:1	scientia_et_sapientia	nascentes_morimur_finisque_ab_origine_pendet	Macte_animo_Generose_puer_sic_itur_ad_astra	NONE	labor_ipse_voluptas	Macte_animo_Generose_puer_sic_itur_ad_astra	nascentes_morimur_finisque_ab_origine_pendet
NonDICOMCTimages	CDS-IMAGE-399133	CDS-NonDICOMCTimages-197121	scientia_et_labor	a_bene_placito	scientia_et_labor	e.g., 2:1	salus_in_arduis	sapiens_qui_prospicit	labor_ipse_voluptas	NONE	labor_ipse_voluptas	damnant_quod_non_intellegunt	scientiae_cedit_mare
NonDICOMCTimages	CDS-IMAGE-782338	CDS-NonDICOMCTimages-397017	O_Tite_tute_Tati_tibi_tanta_tyranne_tulisti	nascentes_morimur_finisque_ab_origine_pendet	scientia_et_sapientia	e.g., 2:1	nanos_gigantum_humeris_insidentes	nascentes_morimur_finisque_ab_origine_pendet	scientiae_et_patriae	ECG-BASED	scientia_et_sapientia	sapiens_qui_prospicit	haec_olim_meminisse_iuvabit
NonDICOMCTimages	CDS-IMAGE-385918	CDS-NonDICOMCTimages-644408	labor_ipse_voluptas	sapiens_qui_prospicit	faber_est_suae_quisque_fortunae	e.g., 2:1	scientiae_cedit_mare	damnant_quod_non_intellegunt	faber_est_suae_quisque_fortunae	ORGAN-BASED	nanos_gigantum_humeris_insidentes	damnant_quod_non_intellegunt	haec_olim_meminisse_iuvabit
NonDICOMCTimages	CDS-IMAGE-664615	CDS-NonDICOMCTimages-258341	scientia_et_sapientia	cacatum_non_est_pictum	faber_est_suae_quisque_fortunae	e.g., 2:1	pace_tua	nascentes_morimur_finisque_ab_origine_pendet	cacatum_non_est_pictum	ANGULAR	sapiens_qui_prospicit	damnant_quod_non_intellegunt	id_quod_plerumque_accidit
NonDICOMCTimages	CDS-IMAGE-357672	CDS-NonDICOMCTimages-515045	scientia_imperii_decus_et_tutamen	scientia_et_sapientia	scientia,_aere_perennius	e.g., 2:1	scientia_et_sapientia	scientia_imperii_decus_et_tutamen	haec_olim_meminisse_iuvabit	ECG-BASED	scientia_imperii_decus_et_tutamen	O_Tite_tute_Tati_tibi_tanta_tyranne_tulisti	salus_in_arduis
NonDICOMCTimages	CDS-IMAGE-924507	CDS-NonDICOMCTimages-864922	barba_crescit_caput_nescit	saltus_in_demonstrando	scientiae_cedit_mare	e.g., 2:1	scientia_et_labor	scientiae_cedit_mare	O_Tite_tute_Tati_tibi_tanta_tyranne_tulisti	ORGAN-BASED	cacatum_non_est_pictum	damnant_quod_non_intellegunt	a_bene_placito
NonDICOMCTimages	CDS-IMAGE-228272	CDS-NonDICOMCTimages-606863	scientiae_cedit_mare	O_Tite_tute_Tati_tibi_tanta_tyranne_tulisti	O_Tite_tute_Tati_tibi_tanta_tyranne_tulisti	e.g., 2:1	damnant_quod_non_intellegunt	id_quod_plerumque_accidit	salus_in_arduis	LONGITUDINAL	pace_tua	haec_olim_meminisse_iuvabit	faber_est_suae_quisque_fortunae
NonDICOMCTimages	CDS-IMAGE-444108	CDS-NonDICOMCTimages-295736	scientiae_et_patriae	cacatum_non_est_pictum	labor_ipse_voluptas	e.g., 2:1	scientia_et_sapientia	scientia_et_sapientia	damnant_quod_non_intellegunt	ECG-BASED	id_quod_plerumque_accidit	haec_olim_meminisse_iuvabit	id_quod_plerumque_accidit
NonDICOMCTimages	CDS-IMAGE-659737	CDS-NonDICOMCTimages-154220	Gallia_est_omnis_divisa_in_partes_tres	damnant_quod_non_intellegunt	saltus_in_demonstrando	e.g., 2:1	imperium_in_imperio	scientia,_aere_perennius	barba_crescit_caput_nescit	LONGITUDINAL	scientia_et_sapientia	sapiens_qui_prospicit	haec_olim_meminisse_iuvabit
NonDICOMCTimages	CDS-IMAGE-140484	CDS-NonDICOMCTimages-793309	nascentes_morimur_finisque_ab_origine_pendet	sapiens_qui_prospicit	labor_ipse_voluptas	e.g., 2:1	salus_in_arduis	scientia_et_sapientia	e_causa_ignota	ANGULAR	Obedientia_civium_urbis_felicitas	nascentes_morimur_finisque_ab_origine_pendet	salus_in_arduis
NonDICOMCTimages	CDS-IMAGE-641659	CDS-NonDICOMCTimages-904034	scientia_et_sapientia	scientia_et_labor	Macte_animo_Generose_puer_sic_itur_ad_astra	e.g., 2:1	haec_olim_meminisse_iuvabit	scientiae_cedit_mare	e_causa_ignota	NONE	sapiens_qui_prospicit	Gallia_est_omnis_divisa_in_partes_tres	barba_crescit_caput_nescit
NonDICOMCTimages	CDS-IMAGE-660450	CDS-NonDICOMCTimages-365221	Obedientia_civium_urbis_felicitas	scientia_et_labor	nascentes_morimur_finisque_ab_origine_pendet	e.g., 2:1	O_Tite_tute_Tati_tibi_tanta_tyranne_tulisti	damnant_quod_non_intellegunt	scientiae_cedit_mare	NONE	imperium_in_imperio	O_Tite_tute_Tati_tibi_tanta_tyranne_tulisti	labor_ipse_voluptas
NonDICOMCTimages	CDS-IMAGE-239841	CDS-NonDICOMCTimages-143799	scientiae_cedit_mare	sapiens_qui_prospicit	faber_est_suae_quisque_fortunae	e.g., 2:1	scientia_imperii_decus_et_tutamen	Gallia_est_omnis_divisa_in_partes_tres	haec_olim_meminisse_iuvabit	ECG-BASED	nascentes_morimur_finisque_ab_origine_pendet	e_causa_ignota	scientiae_et_patriae
NonDICOMCTimages	CDS-IMAGE-645266	CDS-NonDICOMCTimages-641394	O_Tite_tute_Tati_tibi_tanta_tyranne_tulisti	damnant_quod_non_intellegunt	scientia_et_sapientia	e.g., 2:1	sapiens_qui_prospicit	Macte_animo_Generose_puer_sic_itur_ad_astra	imperium_in_imperio	NONE	Macte_animo_Generose_puer_sic_itur_ad_astra	scientiae_cedit_mare	Macte_animo_Generose_puer_sic_itur_ad_astra
NonDICOMCTimages	CDS-IMAGE-698026	CDS-NonDICOMCTimages-287810	nascentes_morimur_finisque_ab_origine_pendet	haec_olim_meminisse_iuvabit	cacatum_non_est_pictum	e.g., 2:1	pace_tua	scientia_et_sapientia	imperium_in_imperio	NONE	scientia_imperii_decus_et_tutamen	haec_olim_meminisse_iuvabit	damnant_quod_non_intellegunt
NonDICOMCTimages	CDS-IMAGE-365574	CDS-NonDICOMCTimages-496552	damnant_quod_non_intellegunt	scientia,_aere_perennius	a_bene_placito	e.g., 2:1	labor_ipse_voluptas	damnant_quod_non_intellegunt	e_causa_ignota	ANGULAR	a_bene_placito	scientia_et_labor	damnant_quod_non_intellegunt
NonDICOMCTimages	CDS-IMAGE-359935	CDS-NonDICOMCTimages-508978	faber_est_suae_quisque_fortunae	scientia,_aere_perennius	faber_est_suae_quisque_fortunae	e.g., 2:1	nanos_gigantum_humeris_insidentes	haec_olim_meminisse_iuvabit	O_Tite_tute_Tati_tibi_tanta_tyranne_tulisti	NONE	nanos_gigantum_humeris_insidentes	sapiens_qui_prospicit	scientia_et_labor
NonDICOMCTimages	CDS-IMAGE-174765	CDS-NonDICOMCTimages-470053	scientia,_aere_perennius	barba_crescit_caput_nescit	pace_tua	e.g., 2:1	id_quod_plerumque_accidit	imperium_in_imperio	Gallia_est_omnis_divisa_in_partes_tres	ORGAN-BASED	a_bene_placito	scientia_et_labor	Gallia_est_omnis_divisa_in_partes_tres
NonDICOMCTimages	CDS-IMAGE-779986	CDS-NonDICOMCTimages-863430	scientia_imperii_decus_et_tutamen	scientia_et_sapientia	cacatum_non_est_pictum	e.g., 2:1	nanos_gigantum_humeris_insidentes	e_causa_ignota	salus_in_arduis	ANGULAR	sapiens_qui_prospicit	scientiae_et_patriae	barba_crescit_caput_nescit
NonDICOMCTimages	CDS-IMAGE-242849	CDS-NonDICOMCTimages-970337	scientia_imperii_decus_et_tutamen	O_Tite_tute_Tati_tibi_tanta_tyranne_tulisti	Gallia_est_omnis_divisa_in_partes_tres	e.g., 2:1	damnant_quod_non_intellegunt	labor_ipse_voluptas	haec_olim_meminisse_iuvabit	LONGITUDINAL	O_Tite_tute_Tati_tibi_tanta_tyranne_tulisti	e_causa_ignota	nascentes_morimur_finisque_ab_origine_pendet
NonDICOMCTimages	CDS-IMAGE-794735	CDS-NonDICOMCTimages-202222	O_Tite_tute_Tati_tibi_tanta_tyranne_tulisti	scientia,_aere_perennius	scientia_imperii_decus_et_tutamen	e.g., 2:1	e_causa_ignota	scientia,_aere_perennius	Obedientia_civium_urbis_felicitas	ECG-BASED	scientiae_cedit_mare	scientia,_aere_perennius	faber_est_suae_quisque_fortunae
NonDICOMCTimages	CDS-IMAGE-666637	CDS-NonDICOMCTimages-750751	scientia_et_sapientia	Gallia_est_omnis_divisa_in_partes_tres	pace_tua	e.g., 2:1	scientia,_aere_perennius	Macte_animo_Generose_puer_sic_itur_ad_astra	damnant_quod_non_intellegunt	ANGULAR	damnant_quod_non_intellegunt	haec_olim_meminisse_iuvabit	O_Tite_tute_Tati_tibi_tanta_tyranne_tulisti
NonDICOMCTimages	CDS-IMAGE-738286	CDS-NonDICOMCTimages-793177	e_causa_ignota	haec_olim_meminisse_iuvabit	Obedientia_civium_urbis_felicitas	e.g., 2:1	pace_tua	id_quod_plerumque_accidit	Gallia_est_omnis_divisa_in_partes_tres	NONE	barba_crescit_caput_nescit	saltus_in_demonstrando	salus_in_arduis
NonDICOMCTimages	CDS-IMAGE-476848	CDS-NonDICOMCTimages-614289	a_bene_placito	id_quod_plerumque_accidit	scientiae_et_patriae	e.g., 2:1	haec_olim_meminisse_iuvabit	scientia,_aere_perennius	e_causa_ignota	NONE	imperium_in_imperio	damnant_quod_non_intellegunt	cacatum_non_est_pictum
NonDICOMCTimages	CDS-IMAGE-827233	CDS-NonDICOMCTimages-820998	scientiae_et_patriae	e_causa_ignota	Obedientia_civium_urbis_felicitas	e.g., 2:1	scientia,_aere_perennius	faber_est_suae_quisque_fortunae	faber_est_suae_quisque_fortunae	LONGITUDINAL	pace_tua	Obedientia_civium_urbis_felicitas	imperium_in_imperio
NonDICOMCTimages	CDS-IMAGE-726610	CDS-NonDICOMCTimages-289423	O_Tite_tute_Tati_tibi_tanta_tyranne_tulisti	O_Tite_tute_Tati_tibi_tanta_tyranne_tulisti	scientiae_et_patriae	e.g., 2:1	damnant_quod_non_intellegunt	Gallia_est_omnis_divisa_in_partes_tres	faber_est_suae_quisque_fortunae	ECG-BASED	scientiae_et_patriae	saltus_in_demonstrando	damnant_quod_non_intellegunt
NonDICOMCTimages	CDS-IMAGE-696443	CDS-NonDICOMCTimages-282228	scientia_imperii_decus_et_tutamen	imperium_in_imperio	faber_est_suae_quisque_fortunae	e.g., 2:1	scientia_et_sapientia	pace_tua	barba_crescit_caput_nescit	NONE	saltus_in_demonstrando	scientia_et_labor	e_causa_ignota
NonDICOMCTimages	CDS-IMAGE-263008	CDS-NonDICOMCTimages-310305	damnant_quod_non_intellegunt	salus_in_arduis	scientia_et_labor	e.g., 2:1	scientiae_cedit_mare	Macte_animo_Generose_puer_sic_itur_ad_astra	scientia,_aere_perennius	ORGAN-BASED	scientia_imperii_decus_et_tutamen	cacatum_non_est_pictum	Obedientia_civium_urbis_felicitas
NonDICOMCTimages	CDS-IMAGE-435780	CDS-NonDICOMCTimages-849408	scientia_imperii_decus_et_tutamen	cacatum_non_est_pictum	Macte_animo_Generose_puer_sic_itur_ad_astra	e.g., 2:1	scientia,_aere_perennius	Macte_animo_Generose_puer_sic_itur_ad_astra	saltus_in_demonstrando	NONE	O_Tite_tute_Tati_tibi_tanta_tyranne_tulisti	Obedientia_civium_urbis_felicitas	saltus_in_demonstrando
NonDICOMCTimages	CDS-IMAGE-921704	CDS-NonDICOMCTimages-437200	saltus_in_demonstrando	salus_in_arduis	Obedientia_civium_urbis_felicitas	e.g., 2:1	e_causa_ignota	pace_tua	nanos_gigantum_humeris_insidentes	LONGITUDINAL	scientiae_cedit_mare	scientia_imperii_decus_et_tutamen	sapiens_qui_prospicit
NonDICOMCTimages	CDS-IMAGE-597871	CDS-NonDICOMCTimages-477895	Macte_animo_Generose_puer_sic_itur_ad_astra	scientiae_cedit_mare	cacatum_non_est_pictum	e.g., 2:1	scientia,_aere_perennius	scientiae_cedit_mare	imperium_in_imperio	ANGULAR	scientiae_et_patriae	imperium_in_imperio	haec_olim_meminisse_iuvabit
NonDICOMCTimages	CDS-IMAGE-604984	CDS-NonDICOMCTimages-541210	imperium_in_imperio	nascentes_morimur_finisque_ab_origine_pendet	scientiae_cedit_mare	e.g., 2:1	a_bene_placito	labor_ipse_voluptas	Macte_animo_Generose_puer_sic_itur_ad_astra	ANGULAR	a_bene_placito	scientiae_cedit_mare	barba_crescit_caput_nescit
NonDICOMCTimages	CDS-IMAGE-973579	CDS-NonDICOMCTimages-294508	Obedientia_civium_urbis_felicitas	sapiens_qui_prospicit	sapiens_qui_prospicit	e.g., 2:1	scientia_et_sapientia	faber_est_suae_quisque_fortunae	scientia_imperii_decus_et_tutamen	ECG-BASED	sapiens_qui_prospicit	pace_tua	damnant_quod_non_intellegunt
NonDICOMCTimages	CDS-IMAGE-354844	CDS-NonDICOMCTimages-778121	Macte_animo_Generose_puer_sic_itur_ad_astra	damnant_quod_non_intellegunt	damnant_quod_non_intellegunt	e.g., 2:1	Macte_animo_Generose_puer_sic_itur_ad_astra	scientia,_aere_perennius	sapiens_qui_prospicit	LONGITUDINAL	scientia,_aere_perennius	scientia_et_sapientia	scientia_et_labor
NonDICOMCTimages	CDS-IMAGE-705989	CDS-NonDICOMCTimages-632588	Macte_animo_Generose_puer_sic_itur_ad_astra	labor_ipse_voluptas	saltus_in_demonstrando	e.g., 2:1	barba_crescit_caput_nescit	e_causa_ignota	e_causa_ignota	LONGITUDINAL	barba_crescit_caput_nescit	scientia_imperii_decus_et_tutamen	imperium_in_imperio
NonDICOMCTimages	CDS-IMAGE-735756	CDS-NonDICOMCTimages-977348	saltus_in_demonstrando	a_bene_placito	sapiens_qui_prospicit	e.g., 2:1	salus_in_arduis	damnant_quod_non_intellegunt	labor_ipse_voluptas	NONE	haec_olim_meminisse_iuvabit	e_causa_ignota	labor_ipse_voluptas
NonDICOMCTimages	CDS-IMAGE-594697	CDS-NonDICOMCTimages-541477	cacatum_non_est_pictum	damnant_quod_non_intellegunt	Macte_animo_Generose_puer_sic_itur_ad_astra	e.g., 2:1	nanos_gigantum_humeris_insidentes	cacatum_non_est_pictum	scientia_et_sapientia	ORGAN-BASED	nanos_gigantum_humeris_insidentes	nascentes_morimur_finisque_ab_origine_pendet	id_quod_plerumque_accidit
NonDICOMCTimages	CDS-IMAGE-285777	CDS-NonDICOMCTimages-402669	faber_est_suae_quisque_fortunae	cacatum_non_est_pictum	salus_in_arduis	e.g., 2:1	O_Tite_tute_Tati_tibi_tanta_tyranne_tulisti	nascentes_morimur_finisque_ab_origine_pendet	pace_tua	LONGITUDINAL	Macte_animo_Generose_puer_sic_itur_ad_astra	faber_est_suae_quisque_fortunae	Macte_animo_Generose_puer_sic_itur_ad_astra
NonDICOMCTimages	CDS-IMAGE-360406	CDS-NonDICOMCTimages-212911	imperium_in_imperio	scientia_et_labor	faber_est_suae_quisque_fortunae	e.g., 2:1	scientia_et_labor	barba_crescit_caput_nescit	id_quod_plerumque_accidit	ECG-BASED	Macte_animo_Generose_puer_sic_itur_ad_astra	haec_olim_meminisse_iuvabit	imperium_in_imperio
NonDICOMCTimages	CDS-IMAGE-933876	CDS-NonDICOMCTimages-283520	O_Tite_tute_Tati_tibi_tanta_tyranne_tulisti	Macte_animo_Generose_puer_sic_itur_ad_astra	faber_est_suae_quisque_fortunae	e.g., 2:1	damnant_quod_non_intellegunt	scientiae_cedit_mare	saltus_in_demonstrando	ECG-BASED	scientia,_aere_perennius	scientiae_et_patriae	Macte_animo_Generose_puer_sic_itur_ad_astra
NonDICOMCTimages	CDS-IMAGE-335125	CDS-NonDICOMCTimages-254723	scientia_et_sapientia	Macte_animo_Generose_puer_sic_itur_ad_astra	sapiens_qui_prospicit	e.g., 2:1	salus_in_arduis	nascentes_morimur_finisque_ab_origine_pendet	imperium_in_imperio	ORGAN-BASED	faber_est_suae_quisque_fortunae	labor_ipse_voluptas	pace_tua
NonDICOMCTimages	CDS-IMAGE-611108	CDS-NonDICOMCTimages-945545	faber_est_suae_quisque_fortunae	O_Tite_tute_Tati_tibi_tanta_tyranne_tulisti	pace_tua	e.g., 2:1	Gallia_est_omnis_divisa_in_partes_tres	imperium_in_imperio	scientia_imperii_decus_et_tutamen	NONE	nanos_gigantum_humeris_insidentes	scientiae_et_patriae	sapiens_qui_prospicit
NonDICOMCTimages	CDS-IMAGE-338442	CDS-NonDICOMCTimages-716151	scientia_imperii_decus_et_tutamen	e_causa_ignota	id_quod_plerumque_accidit	e.g., 2:1	salus_in_arduis	haec_olim_meminisse_iuvabit	scientia_imperii_decus_et_tutamen	ECG-BASED	scientia_imperii_decus_et_tutamen	e_causa_ignota	barba_crescit_caput_nescit
NonDICOMCTimages	CDS-IMAGE-957973	CDS-NonDICOMCTimages-735746	nanos_gigantum_humeris_insidentes	saltus_in_demonstrando	a_bene_placito	e.g., 2:1	e_causa_ignota	salus_in_arduis	nanos_gigantum_humeris_insidentes	ORGAN-BASED	faber_est_suae_quisque_fortunae	nascentes_morimur_finisque_ab_origine_pendet	haec_olim_meminisse_iuvabit
NonDICOMCTimages	CDS-IMAGE-335554	CDS-NonDICOMCTimages-228370	scientia,_aere_perennius	haec_olim_meminisse_iuvabit	Obedientia_civium_urbis_felicitas	e.g., 2:1	cacatum_non_est_pictum	scientia,_aere_perennius	barba_crescit_caput_nescit	ANGULAR	a_bene_placito	scientia,_aere_perennius	faber_est_suae_quisque_fortunae
NonDICOMCTimages	CDS-IMAGE-295222	CDS-NonDICOMCTimages-622865	faber_est_suae_quisque_fortunae	e_causa_ignota	barba_crescit_caput_nescit	e.g., 2:1	salus_in_arduis	scientiae_cedit_mare	scientia_imperii_decus_et_tutamen	ORGAN-BASED	labor_ipse_voluptas	scientia_imperii_decus_et_tutamen	Gallia_est_omnis_divisa_in_partes_tres
NonDICOMCTimages	CDS-IMAGE-997271	CDS-NonDICOMCTimages-615054	labor_ipse_voluptas	imperium_in_imperio	scientiae_et_patriae	e.g., 2:1	Gallia_est_omnis_divisa_in_partes_tres	nascentes_morimur_finisque_ab_origine_pendet	Obedientia_civium_urbis_felicitas	LONGITUDINAL	scientia,_aere_perennius	faber_est_suae_quisque_fortunae	scientia_et_labor
NonDICOMCTimages	CDS-IMAGE-223964	CDS-NonDICOMCTimages-400835	imperium_in_imperio	a_bene_placito	barba_crescit_caput_nescit	e.g., 2:1	barba_crescit_caput_nescit	damnant_quod_non_intellegunt	a_bene_placito	ORGAN-BASED	e_causa_ignota	barba_crescit_caput_nescit	barba_crescit_caput_nescit
NonDICOMCTimages	CDS-IMAGE-992175	CDS-NonDICOMCTimages-964353	Macte_animo_Generose_puer_sic_itur_ad_astra	salus_in_arduis	a_bene_placito	e.g., 2:1	saltus_in_demonstrando	saltus_in_demonstrando	nanos_gigantum_humeris_insidentes	NONE	barba_crescit_caput_nescit	pace_tua	a_bene_placito
NonDICOMCTimages	CDS-IMAGE-138520	CDS-NonDICOMCTimages-635928	a_bene_placito	Obedientia_civium_urbis_felicitas	e_causa_ignota	e.g., 2:1	saltus_in_demonstrando	Gallia_est_omnis_divisa_in_partes_tres	Macte_animo_Generose_puer_sic_itur_ad_astra	ECG-BASED	Obedientia_civium_urbis_felicitas	sapiens_qui_prospicit	pace_tua
NonDICOMCTimages	CDS-IMAGE-678948	CDS-NonDICOMCTimages-601680	sapiens_qui_prospicit	e_causa_ignota	nascentes_morimur_finisque_ab_origine_pendet	e.g., 2:1	O_Tite_tute_Tati_tibi_tanta_tyranne_tulisti	nascentes_morimur_finisque_ab_origine_pendet	scientiae_cedit_mare	ORGAN-BASED	a_bene_placito	scientia_et_labor	saltus_in_demonstrando
NonDICOMCTimages	CDS-IMAGE-794791	CDS-NonDICOMCTimages-719627	Gallia_est_omnis_divisa_in_partes_tres	Gallia_est_omnis_divisa_in_partes_tres	pace_tua	e.g., 2:1	barba_crescit_caput_nescit	e_causa_ignota	scientiae_et_patriae	ECG-BASED	barba_crescit_caput_nescit	cacatum_non_est_pictum	Macte_animo_Generose_puer_sic_itur_ad_astra
NonDICOMCTimages	CDS-IMAGE-995392	CDS-NonDICOMCTimages-395865	O_Tite_tute_Tati_tibi_tanta_tyranne_tulisti	nanos_gigantum_humeris_insidentes	e_causa_ignota	e.g., 2:1	scientiae_et_patriae	e_causa_ignota	sapiens_qui_prospicit	NONE	scientia_et_sapientia	scientia,_aere_perennius	labor_ipse_voluptas
NonDICOMCTimages	CDS-IMAGE-901042	CDS-NonDICOMCTimages-570224	O_Tite_tute_Tati_tibi_tanta_tyranne_tulisti	scientia,_aere_perennius	scientiae_et_patriae	e.g., 2:1	a_bene_placito	scientia_et_sapientia	labor_ipse_voluptas	ECG-BASED	Macte_animo_Generose_puer_sic_itur_ad_astra	scientia_et_labor	scientiae_et_patriae
NonDICOMCTimages	CDS-IMAGE-564242	CDS-NonDICOMCTimages-223464	damnant_quod_non_intellegunt	nascentes_morimur_finisque_ab_origine_pendet	Macte_animo_Generose_puer_sic_itur_ad_astra	e.g., 2:1	labor_ipse_voluptas	pace_tua	scientia_imperii_decus_et_tutamen	LONGITUDINAL	barba_crescit_caput_nescit	labor_ipse_voluptas	faber_est_suae_quisque_fortunae
NonDICOMCTimages	CDS-IMAGE-506809	CDS-NonDICOMCTimages-579212	O_Tite_tute_Tati_tibi_tanta_tyranne_tulisti	haec_olim_meminisse_iuvabit	barba_crescit_caput_nescit	e.g., 2:1	e_causa_ignota	nascentes_morimur_finisque_ab_origine_pendet	scientia_imperii_decus_et_tutamen	ANGULAR	saltus_in_demonstrando	damnant_quod_non_intellegunt	scientia_imperii_decus_et_tutamen
NonDICOMCTimages	CDS-IMAGE-798558	CDS-NonDICOMCTimages-891898	saltus_in_demonstrando	sapiens_qui_prospicit	scientia_imperii_decus_et_tutamen	e.g., 2:1	damnant_quod_non_intellegunt	scientiae_et_patriae	sapiens_qui_prospicit	NONE	a_bene_placito	labor_ipse_voluptas	Obedientia_civium_urbis_felicitas
NonDICOMCTimages	CDS-IMAGE-677615	CDS-NonDICOMCTimages-978957	imperium_in_imperio	scientia,_aere_perennius	scientiae_cedit_mare	e.g., 2:1	imperium_in_imperio	scientia,_aere_perennius	scientia_et_sapientia	LONGITUDINAL	imperium_in_imperio	labor_ipse_voluptas	scientia_et_labor
NonDICOMCTimages	CDS-IMAGE-234902	CDS-NonDICOMCTimages-326251	scientia_imperii_decus_et_tutamen	saltus_in_demonstrando	labor_ipse_voluptas	e.g., 2:1	imperium_in_imperio	Gallia_est_omnis_divisa_in_partes_tres	barba_crescit_caput_nescit	LONGITUDINAL	cacatum_non_est_pictum	O_Tite_tute_Tati_tibi_tanta_tyranne_tulisti	scientiae_cedit_mare
NonDICOMCTimages	CDS-IMAGE-114012	CDS-NonDICOMCTimages-152061	imperium_in_imperio	haec_olim_meminisse_iuvabit	scientia,_aere_perennius	e.g., 2:1	nanos_gigantum_humeris_insidentes	scientia_et_labor	a_bene_placito	ECG-BASED	O_Tite_tute_Tati_tibi_tanta_tyranne_tulisti	faber_est_suae_quisque_fortunae	Gallia_est_omnis_divisa_in_partes_tres
NonDICOMCTimages	CDS-IMAGE-854741	CDS-NonDICOMCTimages-451831	saltus_in_demonstrando	O_Tite_tute_Tati_tibi_tanta_tyranne_tulisti	scientiae_et_patriae	e.g., 2:1	sapiens_qui_prospicit	scientia_et_sapientia	saltus_in_demonstrando	LONGITUDINAL	a_bene_placito	Gallia_est_omnis_divisa_in_partes_tres	labor_ipse_voluptas
NonDICOMCTimages	CDS-IMAGE-830039	CDS-NonDICOMCTimages-169406	e_causa_ignota	faber_est_suae_quisque_fortunae	O_Tite_tute_Tati_tibi_tanta_tyranne_tulisti	e.g., 2:1	scientia_imperii_decus_et_tutamen	salus_in_arduis	salus_in_arduis	ANGULAR	haec_olim_meminisse_iuvabit	sapiens_qui_prospicit	salus_in_arduis
NonDICOMCTimages	CDS-IMAGE-624733	CDS-NonDICOMCTimages-244988	salus_in_arduis	O_Tite_tute_Tati_tibi_tanta_tyranne_tulisti	saltus_in_demonstrando	e.g., 2:1	barba_crescit_caput_nescit	sapiens_qui_prospicit	a_bene_placito	LONGITUDINAL	nanos_gigantum_humeris_insidentes	barba_crescit_caput_nescit	id_quod_plerumque_accidit
NonDICOMCTimages	CDS-IMAGE-807529	CDS-NonDICOMCTimages-144649	nascentes_morimur_finisque_ab_origine_pendet	scientia_et_sapientia	Gallia_est_omnis_divisa_in_partes_tres	e.g., 2:1	labor_ipse_voluptas	scientia_et_sapientia	scientia_imperii_decus_et_tutamen	ECG-BASED	imperium_in_imperio	imperium_in_imperio	Obedientia_civium_urbis_felicitas
NonDICOMCTimages	CDS-IMAGE-455416	CDS-NonDICOMCTimages-944596	e_causa_ignota	scientia_et_labor	scientiae_cedit_mare	e.g., 2:1	sapiens_qui_prospicit	pace_tua	e_causa_ignota	LONGITUDINAL	nascentes_morimur_finisque_ab_origine_pendet	O_Tite_tute_Tati_tibi_tanta_tyranne_tulisti	a_bene_placito
NonDICOMCTimages	CDS-IMAGE-740845	CDS-NonDICOMCTimages-472671	barba_crescit_caput_nescit	saltus_in_demonstrando	Macte_animo_Generose_puer_sic_itur_ad_astra	e.g., 2:1	scientiae_cedit_mare	cacatum_non_est_pictum	sapiens_qui_prospicit	ECG-BASED	Macte_animo_Generose_puer_sic_itur_ad_astra	scientia,_aere_perennius	sapiens_qui_prospicit
NonDICOMCTimages	CDS-IMAGE-679391	CDS-NonDICOMCTimages-356376	imperium_in_imperio	barba_crescit_caput_nescit	a_bene_placito	e.g., 2:1	O_Tite_tute_Tati_tibi_tanta_tyranne_tulisti	saltus_in_demonstrando	O_Tite_tute_Tati_tibi_tanta_tyranne_tulisti	ANGULAR	nascentes_morimur_finisque_ab_origine_pendet	nanos_gigantum_humeris_insidentes	scientia_imperii_decus_et_tutamen
NonDICOMCTimages	CDS-IMAGE-506949	CDS-NonDICOMCTimages-722460	barba_crescit_caput_nescit	scientia_imperii_decus_et_tutamen	scientia_imperii_decus_et_tutamen	e.g., 2:1	Obedientia_civium_urbis_felicitas	e_causa_ignota	scientia_et_sapientia	ORGAN-BASED	id_quod_plerumque_accidit	cacatum_non_est_pictum	pace_tua
NonDICOMCTimages	CDS-IMAGE-214821	CDS-NonDICOMCTimages-927990	labor_ipse_voluptas	saltus_in_demonstrando	nanos_gigantum_humeris_insidentes	e.g., 2:1	nascentes_morimur_finisque_ab_origine_pendet	scientia_et_sapientia	O_Tite_tute_Tati_tibi_tanta_tyranne_tulisti	LONGITUDINAL	sapiens_qui_prospicit	labor_ipse_voluptas	pace_tua
NonDICOMCTimages	CDS-IMAGE-998707	CDS-NonDICOMCTimages-868515	scientiae_cedit_mare	sapiens_qui_prospicit	O_Tite_tute_Tati_tibi_tanta_tyranne_tulisti	e.g., 2:1	barba_crescit_caput_nescit	cacatum_non_est_pictum	e_causa_ignota	ANGULAR	saltus_in_demonstrando	haec_olim_meminisse_iuvabit	nanos_gigantum_humeris_insidentes
NonDICOMCTimages	CDS-IMAGE-131443	CDS-NonDICOMCTimages-606625	O_Tite_tute_Tati_tibi_tanta_tyranne_tulisti	e_causa_ignota	scientia_imperii_decus_et_tutamen	e.g., 2:1	labor_ipse_voluptas	a_bene_placito	a_bene_placito	ECG-BASED	Gallia_est_omnis_divisa_in_partes_tres	Gallia_est_omnis_divisa_in_partes_tres	id_quod_plerumque_accidit
NonDICOMCTimages	CDS-IMAGE-273046	CDS-NonDICOMCTimages-991726	Macte_animo_Generose_puer_sic_itur_ad_astra	cacatum_non_est_pictum	scientia_imperii_decus_et_tutamen	e.g., 2:1	scientia_et_labor	Macte_animo_Generose_puer_sic_itur_ad_astra	faber_est_suae_quisque_fortunae	ORGAN-BASED	scientia_et_labor	labor_ipse_voluptas	labor_ipse_voluptas
NonDICOMCTimages	CDS-IMAGE-744755	CDS-NonDICOMCTimages-930419	id_quod_plerumque_accidit	nanos_gigantum_humeris_insidentes	Gallia_est_omnis_divisa_in_partes_tres	e.g., 2:1	salus_in_arduis	Macte_animo_Generose_puer_sic_itur_ad_astra	scientia_imperii_decus_et_tutamen	ECG-BASED	nanos_gigantum_humeris_insidentes	scientia,_aere_perennius	Obedientia_civium_urbis_felicitas
NonDICOMCTimages	CDS-IMAGE-653580	CDS-NonDICOMCTimages-825885	haec_olim_meminisse_iuvabit	imperium_in_imperio	faber_est_suae_quisque_fortunae	e.g., 2:1	damnant_quod_non_intellegunt	saltus_in_demonstrando	scientia_et_sapientia	LONGITUDINAL	nanos_gigantum_humeris_insidentes	Obedientia_civium_urbis_felicitas	scientia_et_sapientia
NonDICOMCTimages	CDS-IMAGE-842807	CDS-NonDICOMCTimages-410084	Obedientia_civium_urbis_felicitas	sapiens_qui_prospicit	a_bene_placito	e.g., 2:1	haec_olim_meminisse_iuvabit	haec_olim_meminisse_iuvabit	cacatum_non_est_pictum	LONGITUDINAL	salus_in_arduis	saltus_in_demonstrando	damnant_quod_non_intellegunt
NonDICOMCTimages	CDS-IMAGE-642228	CDS-NonDICOMCTimages-373655	scientia_et_labor	O_Tite_tute_Tati_tibi_tanta_tyranne_tulisti	scientia_imperii_decus_et_tutamen	e.g., 2:1	scientia,_aere_perennius	salus_in_arduis	scientia_et_labor	LONGITUDINAL	nascentes_morimur_finisque_ab_origine_pendet	scientia_et_sapientia	O_Tite_tute_Tati_tibi_tanta_tyranne_tulisti
NonDICOMCTimages	CDS-IMAGE-169188	CDS-NonDICOMCTimages-402094	scientia_et_sapientia	Gallia_est_omnis_divisa_in_partes_tres	pace_tua	e.g., 2:1	imperium_in_imperio	scientiae_et_patriae	cacatum_non_est_pictum	ORGAN-BASED	scientiae_cedit_mare	barba_crescit_caput_nescit	nanos_gigantum_humeris_insidentes
NonDICOMCTimages	CDS-IMAGE-280105	CDS-NonDICOMCTimages-153669	faber_est_suae_quisque_fortunae	saltus_in_demonstrando	O_Tite_tute_Tati_tibi_tanta_tyranne_tulisti	e.g., 2:1	faber_est_suae_quisque_fortunae	O_Tite_tute_Tati_tibi_tanta_tyranne_tulisti	scientia_imperii_decus_et_tutamen	ECG-BASED	id_quod_plerumque_accidit	scientiae_et_patriae	nanos_gigantum_humeris_insidentes
NonDICOMCTimages	CDS-IMAGE-464262	CDS-NonDICOMCTimages-769384	O_Tite_tute_Tati_tibi_tanta_tyranne_tulisti	haec_olim_meminisse_iuvabit	haec_olim_meminisse_iuvabit	e.g., 2:1	salus_in_arduis	nanos_gigantum_humeris_insidentes	Macte_animo_Generose_puer_sic_itur_ad_astra	NONE	damnant_quod_non_intellegunt	nanos_gigantum_humeris_insidentes	nascentes_morimur_finisque_ab_origine_pendet
NonDICOMCTimages	CDS-IMAGE-369886	CDS-NonDICOMCTimages-396123	salus_in_arduis	scientia_et_sapientia	scientiae_et_patriae	e.g., 2:1	imperium_in_imperio	scientiae_et_patriae	saltus_in_demonstrando	NONE	faber_est_suae_quisque_fortunae	saltus_in_demonstrando	Obedientia_civium_urbis_felicitas
NonDICOMCTimages	CDS-IMAGE-283244	CDS-NonDICOMCTimages-605786	nascentes_morimur_finisque_ab_origine_pendet	scientiae_cedit_mare	scientia_et_labor	e.g., 2:1	labor_ipse_voluptas	damnant_quod_non_intellegunt	scientiae_et_patriae	ANGULAR	scientiae_cedit_mare	O_Tite_tute_Tati_tibi_tanta_tyranne_tulisti	Macte_animo_Generose_puer_sic_itur_ad_astra
NonDICOMCTimages	CDS-IMAGE-844835	CDS-NonDICOMCTimages-943641	O_Tite_tute_Tati_tibi_tanta_tyranne_tulisti	e_causa_ignota	sapiens_qui_prospicit	e.g., 2:1	scientia_imperii_decus_et_tutamen	pace_tua	scientia_imperii_decus_et_tutamen	ORGAN-BASED	Macte_animo_Generose_puer_sic_itur_ad_astra	scientia_imperii_decus_et_tutamen	cacatum_non_est_pictum
NonDICOMCTimages	CDS-IMAGE-694041	CDS-NonDICOMCTimages-986683	scientiae_et_patriae	scientia_et_labor	damnant_quod_non_intellegunt	e.g., 2:1	barba_crescit_caput_nescit	nanos_gigantum_humeris_insidentes	cacatum_non_est_pictum	ANGULAR	saltus_in_demonstrando	Obedientia_civium_urbis_felicitas	saltus_in_demonstrando
NonDICOMCTimages	CDS-IMAGE-689905	CDS-NonDICOMCTimages-401557	pace_tua	e_causa_ignota	scientia_et_labor	e.g., 2:1	scientiae_et_patriae	cacatum_non_est_pictum	scientia,_aere_perennius	ECG-BASED	damnant_quod_non_intellegunt	Macte_animo_Generose_puer_sic_itur_ad_astra	scientia,_aere_perennius
NonDICOMCTimages	CDS-IMAGE-526007	CDS-NonDICOMCTimages-732179	nascentes_morimur_finisque_ab_origine_pendet	sapiens_qui_prospicit	imperium_in_imperio	e.g., 2:1	saltus_in_demonstrando	a_bene_placito	damnant_quod_non_intellegunt	ANGULAR	nanos_gigantum_humeris_insidentes	Macte_animo_Generose_puer_sic_itur_ad_astra	scientiae_cedit_mare
NonDICOMCTimages	CDS-IMAGE-488316	CDS-NonDICOMCTimages-341910	scientiae_et_patriae	Obedientia_civium_urbis_felicitas	sapiens_qui_prospicit	e.g., 2:1	scientia_et_labor	nascentes_morimur_finisque_ab_origine_pendet	scientia_imperii_decus_et_tutamen	ANGULAR	sapiens_qui_prospicit	barba_crescit_caput_nescit	imperium_in_imperio
NonDICOMCTimages	CDS-IMAGE-336280	CDS-NonDICOMCTimages-135979	labor_ipse_voluptas	barba_crescit_caput_nescit	scientia,_aere_perennius	e.g., 2:1	pace_tua	labor_ipse_voluptas	haec_olim_meminisse_iuvabit	NONE	damnant_quod_non_intellegunt	damnant_quod_non_intellegunt	saltus_in_demonstrando
NonDICOMCTimages	CDS-IMAGE-509933	CDS-NonDICOMCTimages-861732	id_quod_plerumque_accidit	O_Tite_tute_Tati_tibi_tanta_tyranne_tulisti	scientiae_cedit_mare	e.g., 2:1	barba_crescit_caput_nescit	e_causa_ignota	cacatum_non_est_pictum	LONGITUDINAL	saltus_in_demonstrando	scientia_et_sapientia	scientia,_aere_perennius
NonDICOMCTimages	CDS-IMAGE-182794	CDS-NonDICOMCTimages-755064	nanos_gigantum_humeris_insidentes	a_bene_placito	scientia_imperii_decus_et_tutamen	e.g., 2:1	sapiens_qui_prospicit	id_quod_plerumque_accidit	salus_in_arduis	LONGITUDINAL	damnant_quod_non_intellegunt	labor_ipse_voluptas	nanos_gigantum_humeris_insidentes
NonDICOMCTimages	CDS-IMAGE-104968	CDS-NonDICOMCTimages-821354	faber_est_suae_quisque_fortunae	nanos_gigantum_humeris_insidentes	e_causa_ignota	e.g., 2:1	scientiae_et_patriae	cacatum_non_est_pictum	nanos_gigantum_humeris_insidentes	NONE	Macte_animo_Generose_puer_sic_itur_ad_astra	labor_ipse_voluptas	scientiae_et_patriae
NonDICOMCTimages	CDS-IMAGE-690557	CDS-NonDICOMCTimages-128807	scientia_imperii_decus_et_tutamen	Macte_animo_Generose_puer_sic_itur_ad_astra	damnant_quod_non_intellegunt	e.g., 2:1	faber_est_suae_quisque_fortunae	Obedientia_civium_urbis_felicitas	haec_olim_meminisse_iuvabit	ECG-BASED	Macte_animo_Generose_puer_sic_itur_ad_astra	sapiens_qui_prospicit	scientia,_aere_perennius
NonDICOMCTimages	CDS-IMAGE-865143	CDS-NonDICOMCTimages-744364	damnant_quod_non_intellegunt	e_causa_ignota	scientia_imperii_decus_et_tutamen	e.g., 2:1	scientiae_et_patriae	salus_in_arduis	id_quod_plerumque_accidit	ECG-BASED	cacatum_non_est_pictum	haec_olim_meminisse_iuvabit	scientia,_aere_perennius
NonDICOMCTimages	CDS-IMAGE-705810	CDS-NonDICOMCTimages-381022	labor_ipse_voluptas	sapiens_qui_prospicit	cacatum_non_est_pictum	e.g., 2:1	haec_olim_meminisse_iuvabit	salus_in_arduis	a_bene_placito	NONE	labor_ipse_voluptas	Gallia_est_omnis_divisa_in_partes_tres	id_quod_plerumque_accidit
NonDICOMCTimages	CDS-IMAGE-999547	CDS-NonDICOMCTimages-618837	scientiae_et_patriae	labor_ipse_voluptas	haec_olim_meminisse_iuvabit	e.g., 2:1	id_quod_plerumque_accidit	scientia_et_sapientia	damnant_quod_non_intellegunt	NONE	O_Tite_tute_Tati_tibi_tanta_tyranne_tulisti	a_bene_placito	scientia_et_sapientia
NonDICOMCTimages	CDS-IMAGE-433230	CDS-NonDICOMCTimages-532197	barba_crescit_caput_nescit	scientia_et_sapientia	barba_crescit_caput_nescit	e.g., 2:1	scientiae_cedit_mare	nascentes_morimur_finisque_ab_origine_pendet	Macte_animo_Generose_puer_sic_itur_ad_astra	ECG-BASED	damnant_quod_non_intellegunt	saltus_in_demonstrando	barba_crescit_caput_nescit
NonDICOMCTimages	CDS-IMAGE-646852	CDS-NonDICOMCTimages-401497	a_bene_placito	sapiens_qui_prospicit	id_quod_plerumque_accidit	e.g., 2:1	id_quod_plerumque_accidit	a_bene_placito	Gallia_est_omnis_divisa_in_partes_tres	NONE	damnant_quod_non_intellegunt	nanos_gigantum_humeris_insidentes	faber_est_suae_quisque_fortunae
NonDICOMCTimages	CDS-IMAGE-959793	CDS-NonDICOMCTimages-615322	pace_tua	cacatum_non_est_pictum	O_Tite_tute_Tati_tibi_tanta_tyranne_tulisti	e.g., 2:1	scientia_et_labor	scientiae_cedit_mare	Macte_animo_Generose_puer_sic_itur_ad_astra	ECG-BASED	a_bene_placito	labor_ipse_voluptas	damnant_quod_non_intellegunt
NonDICOMCTimages	CDS-IMAGE-497095	CDS-NonDICOMCTimages-643071	cacatum_non_est_pictum	barba_crescit_caput_nescit	haec_olim_meminisse_iuvabit	e.g., 2:1	imperium_in_imperio	scientiae_et_patriae	e_causa_ignota	ORGAN-BASED	Macte_animo_Generose_puer_sic_itur_ad_astra	labor_ipse_voluptas	id_quod_plerumque_accidit
NonDICOMCTimages	CDS-IMAGE-578594	CDS-NonDICOMCTimages-253812	labor_ipse_voluptas	scientiae_cedit_mare	O_Tite_tute_Tati_tibi_tanta_tyranne_tulisti	e.g., 2:1	Macte_animo_Generose_puer_sic_itur_ad_astra	nanos_gigantum_humeris_insidentes	sapiens_qui_prospicit	ORGAN-BASED	Obedientia_civium_urbis_felicitas	id_quod_plerumque_accidit	damnant_quod_non_intellegunt
NonDICOMCTimages	CDS-IMAGE-580804	CDS-NonDICOMCTimages-212129	scientia_et_labor	O_Tite_tute_Tati_tibi_tanta_tyranne_tulisti	nascentes_morimur_finisque_ab_origine_pendet	e.g., 2:1	haec_olim_meminisse_iuvabit	Gallia_est_omnis_divisa_in_partes_tres	scientia_imperii_decus_et_tutamen	LONGITUDINAL	a_bene_placito	labor_ipse_voluptas	labor_ipse_voluptas
NonDICOMCTimages	CDS-IMAGE-430658	CDS-NonDICOMCTimages-525189	sapiens_qui_prospicit	scientiae_cedit_mare	e_causa_ignota	e.g., 2:1	pace_tua	saltus_in_demonstrando	barba_crescit_caput_nescit	ECG-BASED	nanos_gigantum_humeris_insidentes	salus_in_arduis	id_quod_plerumque_accidit
NonDICOMCTimages	CDS-IMAGE-483717	CDS-NonDICOMCTimages-791232	scientia_imperii_decus_et_tutamen	e_causa_ignota	labor_ipse_voluptas	e.g., 2:1	labor_ipse_voluptas	scientiae_cedit_mare	pace_tua	ECG-BASED	nascentes_morimur_finisque_ab_origine_pendet	Macte_animo_Generose_puer_sic_itur_ad_astra	cacatum_non_est_pictum
NonDICOMCTimages	CDS-IMAGE-976671	CDS-NonDICOMCTimages-725224	scientiae_et_patriae	salus_in_arduis	Obedientia_civium_urbis_felicitas	e.g., 2:1	e_causa_ignota	labor_ipse_voluptas	e_causa_ignota	ANGULAR	salus_in_arduis	Gallia_est_omnis_divisa_in_partes_tres	cacatum_non_est_pictum
NonDICOMCTimages	CDS-IMAGE-211966	CDS-NonDICOMCTimages-556499	O_Tite_tute_Tati_tibi_tanta_tyranne_tulisti	a_bene_placito	haec_olim_meminisse_iuvabit	e.g., 2:1	pace_tua	scientia_imperii_decus_et_tutamen	pace_tua	ORGAN-BASED	labor_ipse_voluptas	damnant_quod_non_intellegunt	imperium_in_imperio
NonDICOMCTimages	CDS-IMAGE-418366	CDS-NonDICOMCTimages-570193	labor_ipse_voluptas	id_quod_plerumque_accidit	damnant_quod_non_intellegunt	e.g., 2:1	damnant_quod_non_intellegunt	Macte_animo_Generose_puer_sic_itur_ad_astra	imperium_in_imperio	NONE	scientia_imperii_decus_et_tutamen	id_quod_plerumque_accidit	damnant_quod_non_intellegunt
NonDICOMCTimages	CDS-IMAGE-204910	CDS-NonDICOMCTimages-992128	faber_est_suae_quisque_fortunae	scientia_et_sapientia	nanos_gigantum_humeris_insidentes	e.g., 2:1	barba_crescit_caput_nescit	scientiae_et_patriae	scientiae_cedit_mare	ECG-BASED	e_causa_ignota	Obedientia_civium_urbis_felicitas	nanos_gigantum_humeris_insidentes
NonDICOMCTimages	CDS-IMAGE-613946	CDS-NonDICOMCTimages-494718	faber_est_suae_quisque_fortunae	labor_ipse_voluptas	pace_tua	e.g., 2:1	salus_in_arduis	scientiae_cedit_mare	imperium_in_imperio	ANGULAR	scientia_et_sapientia	nascentes_morimur_finisque_ab_origine_pendet	sapiens_qui_prospicit
NonDICOMCTimages	CDS-IMAGE-915844	CDS-NonDICOMCTimages-372506	scientia_et_labor	salus_in_arduis	damnant_quod_non_intellegunt	e.g., 2:1	nascentes_morimur_finisque_ab_origine_pendet	sapiens_qui_prospicit	e_causa_ignota	ORGAN-BASED	imperium_in_imperio	haec_olim_meminisse_iuvabit	a_bene_placito
NonDICOMCTimages	CDS-IMAGE-493332	CDS-NonDICOMCTimages-795215	O_Tite_tute_Tati_tibi_tanta_tyranne_tulisti	O_Tite_tute_Tati_tibi_tanta_tyranne_tulisti	pace_tua	e.g., 2:1	haec_olim_meminisse_iuvabit	e_causa_ignota	saltus_in_demonstrando	LONGITUDINAL	O_Tite_tute_Tati_tibi_tanta_tyranne_tulisti	imperium_in_imperio	scientia,_aere_perennius
NonDICOMCTimages	CDS-IMAGE-508779	CDS-NonDICOMCTimages-312011	haec_olim_meminisse_iuvabit	faber_est_suae_quisque_fortunae	scientia_et_sapientia	e.g., 2:1	nascentes_morimur_finisque_ab_origine_pendet	O_Tite_tute_Tati_tibi_tanta_tyranne_tulisti	nascentes_morimur_finisque_ab_origine_pendet	LONGITUDINAL	O_Tite_tute_Tati_tibi_tanta_tyranne_tulisti	faber_est_suae_quisque_fortunae	scientia_et_sapientia
NonDICOMCTimages	CDS-IMAGE-336262	CDS-NonDICOMCTimages-865441	scientiae_et_patriae	Gallia_est_omnis_divisa_in_partes_tres	scientia_et_labor	e.g., 2:1	scientia_imperii_decus_et_tutamen	scientia_et_labor	scientia_et_labor	ANGULAR	saltus_in_demonstrando	O_Tite_tute_Tati_tibi_tanta_tyranne_tulisti	pace_tua
NonDICOMCTimages	CDS-IMAGE-998718	CDS-NonDICOMCTimages-194132	sapiens_qui_prospicit	id_quod_plerumque_accidit	sapiens_qui_prospicit	e.g., 2:1	labor_ipse_voluptas	scientiae_cedit_mare	Macte_animo_Generose_puer_sic_itur_ad_astra	ANGULAR	cacatum_non_est_pictum	scientia_et_sapientia	e_causa_ignota
NonDICOMCTimages	CDS-IMAGE-989668	CDS-NonDICOMCTimages-603948	nanos_gigantum_humeris_insidentes	Macte_animo_Generose_puer_sic_itur_ad_astra	haec_olim_meminisse_iuvabit	e.g., 2:1	scientia,_aere_perennius	imperium_in_imperio	faber_est_suae_quisque_fortunae	ORGAN-BASED	nanos_gigantum_humeris_insidentes	scientiae_et_patriae	haec_olim_meminisse_iuvabit
NonDICOMCTimages	CDS-IMAGE-705494	CDS-NonDICOMCTimages-298367	imperium_in_imperio	scientia_et_sapientia	a_bene_placito	e.g., 2:1	scientiae_cedit_mare	scientiae_et_patriae	Obedientia_civium_urbis_felicitas	ANGULAR	O_Tite_tute_Tati_tibi_tanta_tyranne_tulisti	scientiae_cedit_mare	cacatum_non_est_pictum
NonDICOMCTimages	CDS-IMAGE-483946	CDS-NonDICOMCTimages-768738	Gallia_est_omnis_divisa_in_partes_tres	Obedientia_civium_urbis_felicitas	haec_olim_meminisse_iuvabit	e.g., 2:1	saltus_in_demonstrando	damnant_quod_non_intellegunt	faber_est_suae_quisque_fortunae	ANGULAR	cacatum_non_est_pictum	scientia_et_labor	O_Tite_tute_Tati_tibi_tanta_tyranne_tulisti
NonDICOMCTimages	CDS-IMAGE-800565	CDS-NonDICOMCTimages-656575	scientiae_et_patriae	scientia_et_labor	scientia_et_labor	e.g., 2:1	scientiae_cedit_mare	Macte_animo_Generose_puer_sic_itur_ad_astra	barba_crescit_caput_nescit	ECG-BASED	pace_tua	e_causa_ignota	scientia_et_labor
NonDICOMCTimages	CDS-IMAGE-204439	CDS-NonDICOMCTimages-702866	barba_crescit_caput_nescit	nascentes_morimur_finisque_ab_origine_pendet	labor_ipse_voluptas	e.g., 2:1	saltus_in_demonstrando	Macte_animo_Generose_puer_sic_itur_ad_astra	haec_olim_meminisse_iuvabit	ANGULAR	Macte_animo_Generose_puer_sic_itur_ad_astra	scientia_et_sapientia	Gallia_est_omnis_divisa_in_partes_tres
NonDICOMCTimages	CDS-IMAGE-707630	CDS-NonDICOMCTimages-336811	id_quod_plerumque_accidit	scientiae_et_patriae	salus_in_arduis	e.g., 2:1	nanos_gigantum_humeris_insidentes	damnant_quod_non_intellegunt	scientiae_cedit_mare	ORGAN-BASED	saltus_in_demonstrando	saltus_in_demonstrando	Obedientia_civium_urbis_felicitas
NonDICOMCTimages	CDS-IMAGE-911207	CDS-NonDICOMCTimages-739199	nascentes_morimur_finisque_ab_origine_pendet	nascentes_morimur_finisque_ab_origine_pendet	id_quod_plerumque_accidit	e.g., 2:1	a_bene_placito	Gallia_est_omnis_divisa_in_partes_tres	nascentes_morimur_finisque_ab_origine_pendet	ANGULAR	nascentes_morimur_finisque_ab_origine_pendet	scientia,_aere_perennius	imperium_in_imperio
NonDICOMCTimages	CDS-IMAGE-876995	CDS-NonDICOMCTimages-925135	scientiae_et_patriae	Obedientia_civium_urbis_felicitas	a_bene_placito	e.g., 2:1	scientia_imperii_decus_et_tutamen	scientiae_cedit_mare	saltus_in_demonstrando	LONGITUDINAL	Obedientia_civium_urbis_felicitas	O_Tite_tute_Tati_tibi_tanta_tyranne_tulisti	nascentes_morimur_finisque_ab_origine_pendet
NonDICOMCTimages	CDS-IMAGE-532011	CDS-NonDICOMCTimages-633703	barba_crescit_caput_nescit	e_causa_ignota	scientia_et_labor	e.g., 2:1	nascentes_morimur_finisque_ab_origine_pendet	scientiae_et_patriae	labor_ipse_voluptas	ORGAN-BASED	Obedientia_civium_urbis_felicitas	id_quod_plerumque_accidit	a_bene_placito
NonDICOMCTimages	CDS-IMAGE-575011	CDS-NonDICOMCTimages-381899	Gallia_est_omnis_divisa_in_partes_tres	nanos_gigantum_humeris_insidentes	haec_olim_meminisse_iuvabit	e.g., 2:1	scientia_imperii_decus_et_tutamen	cacatum_non_est_pictum	id_quod_plerumque_accidit	NONE	nascentes_morimur_finisque_ab_origine_pendet	pace_tua	O_Tite_tute_Tati_tibi_tanta_tyranne_tulisti
NonDICOMCTimages	CDS-IMAGE-977087	CDS-NonDICOMCTimages-325204	a_bene_placito	Obedientia_civium_urbis_felicitas	salus_in_arduis	e.g., 2:1	salus_in_arduis	haec_olim_meminisse_iuvabit	scientia_et_sapientia	NONE	cacatum_non_est_pictum	damnant_quod_non_intellegunt	scientia_imperii_decus_et_tutamen
NonDICOMCTimages	CDS-IMAGE-542414	CDS-NonDICOMCTimages-368055	id_quod_plerumque_accidit	a_bene_placito	Macte_animo_Generose_puer_sic_itur_ad_astra	e.g., 2:1	O_Tite_tute_Tati_tibi_tanta_tyranne_tulisti	scientia_imperii_decus_et_tutamen	e_causa_ignota	ANGULAR	scientiae_et_patriae	faber_est_suae_quisque_fortunae	pace_tua
NonDICOMCTimages	CDS-IMAGE-451859	CDS-NonDICOMCTimages-233570	scientia,_aere_perennius	nascentes_morimur_finisque_ab_origine_pendet	scientia,_aere_perennius	e.g., 2:1	pace_tua	id_quod_plerumque_accidit	scientia_et_sapientia	ORGAN-BASED	haec_olim_meminisse_iuvabit	scientia_imperii_decus_et_tutamen	barba_crescit_caput_nescit
NonDICOMCTimages	CDS-IMAGE-859522	CDS-NonDICOMCTimages-620703	a_bene_placito	scientia_imperii_decus_et_tutamen	scientia_et_labor	e.g., 2:1	imperium_in_imperio	scientia_et_labor	nascentes_morimur_finisque_ab_origine_pendet	LONGITUDINAL	nascentes_morimur_finisque_ab_origine_pendet	id_quod_plerumque_accidit	sapiens_qui_prospicit
NonDICOMCTimages	CDS-IMAGE-423935	CDS-NonDICOMCTimages-251312	labor_ipse_voluptas	Macte_animo_Generose_puer_sic_itur_ad_astra	id_quod_plerumque_accidit	e.g., 2:1	imperium_in_imperio	haec_olim_meminisse_iuvabit	scientiae_et_patriae	ORGAN-BASED	barba_crescit_caput_nescit	scientia_et_labor	faber_est_suae_quisque_fortunae
NonDICOMCTimages	CDS-IMAGE-119908	CDS-NonDICOMCTimages-616886	cacatum_non_est_pictum	barba_crescit_caput_nescit	Obedientia_civium_urbis_felicitas	e.g., 2:1	barba_crescit_caput_nescit	Gallia_est_omnis_divisa_in_partes_tres	imperium_in_imperio	ECG-BASED	O_Tite_tute_Tati_tibi_tanta_tyranne_tulisti	a_bene_placito	a_bene_placito
NonDICOMCTimages	CDS-IMAGE-415334	CDS-NonDICOMCTimages-362142	haec_olim_meminisse_iuvabit	scientiae_et_patriae	nanos_gigantum_humeris_insidentes	e.g., 2:1	salus_in_arduis	Macte_animo_Generose_puer_sic_itur_ad_astra	haec_olim_meminisse_iuvabit	ORGAN-BASED	scientia_et_labor	damnant_quod_non_intellegunt	scientia_et_sapientia
NonDICOMCTimages	CDS-IMAGE-700211	CDS-NonDICOMCTimages-979069	scientia_imperii_decus_et_tutamen	a_bene_placito	barba_crescit_caput_nescit	e.g., 2:1	Gallia_est_omnis_divisa_in_partes_tres	Obedientia_civium_urbis_felicitas	scientia_imperii_decus_et_tutamen	NONE	a_bene_placito	scientia,_aere_perennius	scientia_imperii_decus_et_tutamen
NonDICOMCTimages	CDS-IMAGE-528193	CDS-NonDICOMCTimages-282213	nanos_gigantum_humeris_insidentes	Obedientia_civium_urbis_felicitas	O_Tite_tute_Tati_tibi_tanta_tyranne_tulisti	e.g., 2:1	Gallia_est_omnis_divisa_in_partes_tres	imperium_in_imperio	faber_est_suae_quisque_fortunae	ECG-BASED	e_causa_ignota	scientiae_et_patriae	barba_crescit_caput_nescit
NonDICOMCTimages	CDS-IMAGE-244090	CDS-NonDICOMCTimages-571438	scientiae_et_patriae	cacatum_non_est_pictum	Gallia_est_omnis_divisa_in_partes_tres	e.g., 2:1	cacatum_non_est_pictum	e_causa_ignota	scientiae_cedit_mare	ECG-BASED	salus_in_arduis	e_causa_ignota	damnant_quod_non_intellegunt
NonDICOMCTimages	CDS-IMAGE-146042	CDS-NonDICOMCTimages-561218	cacatum_non_est_pictum	scientiae_cedit_mare	haec_olim_meminisse_iuvabit	e.g., 2:1	salus_in_arduis	haec_olim_meminisse_iuvabit	Macte_animo_Generose_puer_sic_itur_ad_astra	ANGULAR	sapiens_qui_prospicit	barba_crescit_caput_nescit	pace_tua
NonDICOMCTimages	CDS-IMAGE-714275	CDS-NonDICOMCTimages-973608	sapiens_qui_prospicit	id_quod_plerumque_accidit	a_bene_placito	e.g., 2:1	scientia_et_labor	e_causa_ignota	barba_crescit_caput_nescit	LONGITUDINAL	scientia_imperii_decus_et_tutamen	scientia_et_labor	salus_in_arduis
NonDICOMCTimages	CDS-IMAGE-581296	CDS-NonDICOMCTimages-667451	scientia_et_sapientia	scientia_et_labor	nanos_gigantum_humeris_insidentes	e.g., 2:1	nascentes_morimur_finisque_ab_origine_pendet	pace_tua	pace_tua	ANGULAR	barba_crescit_caput_nescit	e_causa_ignota	scientia_imperii_decus_et_tutamen
NonDICOMCTimages	CDS-IMAGE-169775	CDS-NonDICOMCTimages-315559	scientiae_et_patriae	haec_olim_meminisse_iuvabit	damnant_quod_non_intellegunt	e.g., 2:1	haec_olim_meminisse_iuvabit	imperium_in_imperio	pace_tua	ECG-BASED	scientiae_cedit_mare	id_quod_plerumque_accidit	a_bene_placito
NonDICOMCTimages	CDS-IMAGE-206235	CDS-NonDICOMCTimages-857620	scientia_imperii_decus_et_tutamen	id_quod_plerumque_accidit	Gallia_est_omnis_divisa_in_partes_tres	e.g., 2:1	labor_ipse_voluptas	Gallia_est_omnis_divisa_in_partes_tres	saltus_in_demonstrando	LONGITUDINAL	e_causa_ignota	faber_est_suae_quisque_fortunae	damnant_quod_non_intellegunt
NonDICOMCTimages	CDS-IMAGE-787556	CDS-NonDICOMCTimages-196684	Obedientia_civium_urbis_felicitas	id_quod_plerumque_accidit	haec_olim_meminisse_iuvabit	e.g., 2:1	Gallia_est_omnis_divisa_in_partes_tres	faber_est_suae_quisque_fortunae	nanos_gigantum_humeris_insidentes	LONGITUDINAL	haec_olim_meminisse_iuvabit	id_quod_plerumque_accidit	sapiens_qui_prospicit
NonDICOMCTimages	CDS-IMAGE-183746	CDS-NonDICOMCTimages-845977	nascentes_morimur_finisque_ab_origine_pendet	scientia,_aere_perennius	labor_ipse_voluptas	e.g., 2:1	id_quod_plerumque_accidit	faber_est_suae_quisque_fortunae	barba_crescit_caput_nescit	NONE	Macte_animo_Generose_puer_sic_itur_ad_astra	a_bene_placito	cacatum_non_est_pictum
NonDICOMCTimages	CDS-IMAGE-179905	CDS-NonDICOMCTimages-611217	a_bene_placito	haec_olim_meminisse_iuvabit	imperium_in_imperio	e.g., 2:1	a_bene_placito	id_quod_plerumque_accidit	cacatum_non_est_pictum	LONGITUDINAL	Macte_animo_Generose_puer_sic_itur_ad_astra	faber_est_suae_quisque_fortunae	Macte_animo_Generose_puer_sic_itur_ad_astra
NonDICOMCTimages	CDS-IMAGE-996040	CDS-NonDICOMCTimages-102611	scientia,_aere_perennius	scientia_et_sapientia	Obedientia_civium_urbis_felicitas	e.g., 2:1	id_quod_plerumque_accidit	imperium_in_imperio	scientiae_et_patriae	ORGAN-BASED	id_quod_plerumque_accidit	pace_tua	Macte_animo_Generose_puer_sic_itur_ad_astra
NonDICOMCTimages	CDS-IMAGE-573930	CDS-NonDICOMCTimages-865722	Macte_animo_Generose_puer_sic_itur_ad_astra	scientia_et_labor	e_causa_ignota	e.g., 2:1	nanos_gigantum_humeris_insidentes	haec_olim_meminisse_iuvabit	faber_est_suae_quisque_fortunae	LONGITUDINAL	scientiae_cedit_mare	Macte_animo_Generose_puer_sic_itur_ad_astra	scientia,_aere_perennius
NonDICOMCTimages	CDS-IMAGE-574997	CDS-NonDICOMCTimages-289971	scientiae_et_patriae	scientia_imperii_decus_et_tutamen	imperium_in_imperio	e.g., 2:1	id_quod_plerumque_accidit	Gallia_est_omnis_divisa_in_partes_tres	scientiae_et_patriae	ORGAN-BASED	damnant_quod_non_intellegunt	Gallia_est_omnis_divisa_in_partes_tres	Gallia_est_omnis_divisa_in_partes_tres
NonDICOMCTimages	CDS-IMAGE-811509	CDS-NonDICOMCTimages-320970	O_Tite_tute_Tati_tibi_tanta_tyranne_tulisti	labor_ipse_voluptas	haec_olim_meminisse_iuvabit	e.g., 2:1	saltus_in_demonstrando	pace_tua	sapiens_qui_prospicit	ECG-BASED	faber_est_suae_quisque_fortunae	scientiae_et_patriae	nascentes_morimur_finisque_ab_origine_pendet
NonDICOMCTimages	CDS-IMAGE-410223	CDS-NonDICOMCTimages-785165	Gallia_est_omnis_divisa_in_partes_tres	Gallia_est_omnis_divisa_in_partes_tres	Obedientia_civium_urbis_felicitas	e.g., 2:1	e_causa_ignota	scientiae_cedit_mare	Macte_animo_Generose_puer_sic_itur_ad_astra	ANGULAR	scientia_et_labor	Gallia_est_omnis_divisa_in_partes_tres	scientiae_cedit_mare
NonDICOMCTimages	CDS-IMAGE-224546	CDS-NonDICOMCTimages-175993	Gallia_est_omnis_divisa_in_partes_tres	labor_ipse_voluptas	imperium_in_imperio	e.g., 2:1	scientiae_et_patriae	nascentes_morimur_finisque_ab_origine_pendet	scientia_et_sapientia	ORGAN-BASED	e_causa_ignota	damnant_quod_non_intellegunt	pace_tua
NonDICOMCTimages	CDS-IMAGE-484442	CDS-NonDICOMCTimages-436346	nascentes_morimur_finisque_ab_origine_pendet	Obedientia_civium_urbis_felicitas	labor_ipse_voluptas	e.g., 2:1	labor_ipse_voluptas	scientiae_et_patriae	faber_est_suae_quisque_fortunae	ORGAN-BASED	pace_tua	e_causa_ignota	scientia_et_sapientia
NonDICOMCTimages	CDS-IMAGE-975691	CDS-NonDICOMCTimages-215916	scientia_et_sapientia	scientia_et_labor	cacatum_non_est_pictum	e.g., 2:1	Macte_animo_Generose_puer_sic_itur_ad_astra	nascentes_morimur_finisque_ab_origine_pendet	barba_crescit_caput_nescit	NONE	saltus_in_demonstrando	salus_in_arduis	Macte_animo_Generose_puer_sic_itur_ad_astra
NonDICOMCTimages	CDS-IMAGE-745497	CDS-NonDICOMCTimages-659339	scientiae_et_patriae	faber_est_suae_quisque_fortunae	scientia_imperii_decus_et_tutamen	e.g., 2:1	pace_tua	scientia_et_labor	scientia_et_labor	ORGAN-BASED	imperium_in_imperio	damnant_quod_non_intellegunt	saltus_in_demonstrando
NonDICOMCTimages	CDS-IMAGE-751187	CDS-NonDICOMCTimages-253065	barba_crescit_caput_nescit	barba_crescit_caput_nescit	e_causa_ignota	e.g., 2:1	scientiae_cedit_mare	damnant_quod_non_intellegunt	nanos_gigantum_humeris_insidentes	ANGULAR	scientiae_et_patriae	Gallia_est_omnis_divisa_in_partes_tres	damnant_quod_non_intellegunt
NonDICOMCTimages	CDS-IMAGE-260886	CDS-NonDICOMCTimages-407752	O_Tite_tute_Tati_tibi_tanta_tyranne_tulisti	nascentes_morimur_finisque_ab_origine_pendet	imperium_in_imperio	e.g., 2:1	Obedientia_civium_urbis_felicitas	salus_in_arduis	Obedientia_civium_urbis_felicitas	ANGULAR	cacatum_non_est_pictum	nascentes_morimur_finisque_ab_origine_pendet	haec_olim_meminisse_iuvabit
NonDICOMCTimages	CDS-IMAGE-718034	CDS-NonDICOMCTimages-174106	nascentes_morimur_finisque_ab_origine_pendet	saltus_in_demonstrando	imperium_in_imperio	e.g., 2:1	sapiens_qui_prospicit	e_causa_ignota	damnant_quod_non_intellegunt	LONGITUDINAL	cacatum_non_est_pictum	scientia_et_labor	e_causa_ignota
NonDICOMCTimages	CDS-IMAGE-891235	CDS-NonDICOMCTimages-941197	haec_olim_meminisse_iuvabit	cacatum_non_est_pictum	O_Tite_tute_Tati_tibi_tanta_tyranne_tulisti	e.g., 2:1	a_bene_placito	scientia_et_labor	faber_est_suae_quisque_fortunae	ANGULAR	salus_in_arduis	scientiae_cedit_mare	haec_olim_meminisse_iuvabit
NonDICOMCTimages	CDS-IMAGE-861288	CDS-NonDICOMCTimages-823805	scientiae_cedit_mare	barba_crescit_caput_nescit	sapiens_qui_prospicit	e.g., 2:1	Macte_animo_Generose_puer_sic_itur_ad_astra	saltus_in_demonstrando	scientia_et_labor	NONE	scientia_imperii_decus_et_tutamen	Obedientia_civium_urbis_felicitas	Gallia_est_omnis_divisa_in_partes_tres
NonDICOMCTimages	CDS-IMAGE-681719	CDS-NonDICOMCTimages-899740	saltus_in_demonstrando	scientia_et_sapientia	O_Tite_tute_Tati_tibi_tanta_tyranne_tulisti	e.g., 2:1	scientia_imperii_decus_et_tutamen	damnant_quod_non_intellegunt	scientia,_aere_perennius	ANGULAR	scientia,_aere_perennius	e_causa_ignota	damnant_quod_non_intellegunt
NonDICOMCTimages	CDS-IMAGE-882990	CDS-NonDICOMCTimages-777095	labor_ipse_voluptas	labor_ipse_voluptas	Gallia_est_omnis_divisa_in_partes_tres	e.g., 2:1	haec_olim_meminisse_iuvabit	a_bene_placito	cacatum_non_est_pictum	NONE	pace_tua	saltus_in_demonstrando	Macte_animo_Generose_puer_sic_itur_ad_astra
NonDICOMCTimages	CDS-IMAGE-620410	CDS-NonDICOMCTimages-267197	e_causa_ignota	scientia_imperii_decus_et_tutamen	faber_est_suae_quisque_fortunae	e.g., 2:1	id_quod_plerumque_accidit	scientia,_aere_perennius	scientia_et_sapientia	LONGITUDINAL	faber_est_suae_quisque_fortunae	damnant_quod_non_intellegunt	nanos_gigantum_humeris_insidentes
NonDICOMCTimages	CDS-IMAGE-188641	CDS-NonDICOMCTimages-291838	barba_crescit_caput_nescit	pace_tua	nanos_gigantum_humeris_insidentes	e.g., 2:1	pace_tua	O_Tite_tute_Tati_tibi_tanta_tyranne_tulisti	faber_est_suae_quisque_fortunae	LONGITUDINAL	Gallia_est_omnis_divisa_in_partes_tres	Obedientia_civium_urbis_felicitas	pace_tua
NonDICOMCTimages	CDS-IMAGE-302946	CDS-NonDICOMCTimages-933004	scientia_et_sapientia	pace_tua	scientiae_et_patriae	e.g., 2:1	cacatum_non_est_pictum	Obedientia_civium_urbis_felicitas	faber_est_suae_quisque_fortunae	NONE	scientiae_et_patriae	labor_ipse_voluptas	saltus_in_demonstrando
NonDICOMCTimages	CDS-IMAGE-545680	CDS-NonDICOMCTimages-857728	nanos_gigantum_humeris_insidentes	faber_est_suae_quisque_fortunae	barba_crescit_caput_nescit	e.g., 2:1	O_Tite_tute_Tati_tibi_tanta_tyranne_tulisti	scientia_imperii_decus_et_tutamen	damnant_quod_non_intellegunt	ECG-BASED	Obedientia_civium_urbis_felicitas	labor_ipse_voluptas	sapiens_qui_prospicit
NonDICOMCTimages	CDS-IMAGE-696888	CDS-NonDICOMCTimages-440298	labor_ipse_voluptas	faber_est_suae_quisque_fortunae	barba_crescit_caput_nescit	e.g., 2:1	imperium_in_imperio	barba_crescit_caput_nescit	nascentes_morimur_finisque_ab_origine_pendet	ORGAN-BASED	a_bene_placito	id_quod_plerumque_accidit	pace_tua
