type	study.phs_accession	study_participant_id	participant_id	race	sex	ethnicity	dbGaP_subject_id	crdc_id
participant	CDS-STUDY-601756	CDS-CASE-366360	id_quod_plerumque_accidit	White	Female	Not reported	Macte_animo_Generose_puer_sic_itur_ad_astra	haec_olim_meminisse_iuvabit
participant	CDS-STUDY-601756	CDS-CASE-684720	imperium_in_imperio	Black or African American	Male	Hispanic or Latino	scientia,_aere_perennius	scientiae_et_patriae
participant	CDS-STUDY-601756	CDS-CASE-323682	nascentes_morimur_finisque_ab_origine_pendet	Black or African American	Female	Not Hispanic or Latino	a_bene_placito	scientia_imperii_decus_et_tutamen
participant	CDS-STUDY-601756	CDS-CASE-704136	a_bene_placito	Asian	Female	Not Hispanic or Latino	damnant_quod_non_intellegunt	barba_crescit_caput_nescit
participant	CDS-STUDY-601756	CDS-CASE-256673	pace_tua	White	Female	Not reported	faber_est_suae_quisque_fortunae	Obedientia_civium_urbis_felicitas
participant	CDS-STUDY-601756	CDS-CASE-612259	scientia,_aere_perennius	Asian	Male	Hispanic or Latino	Macte_animo_Generose_puer_sic_itur_ad_astra	scientia_imperii_decus_et_tutamen
participant	CDS-STUDY-601756	CDS-CASE-429405	damnant_quod_non_intellegunt	Not Reported	Male	Not Hispanic or Latino	scientia_et_sapientia	scientia_et_labor
participant	CDS-STUDY-601756	CDS-CASE-736604	O_Tite_tute_Tati_tibi_tanta_tyranne_tulisti	Not Reported	Male	Not allowed to collect	nanos_gigantum_humeris_insidentes	imperium_in_imperio
participant	CDS-STUDY-601756	CDS-CASE-408393	id_quod_plerumque_accidit	Black or African American	Female	Unknown	Obedientia_civium_urbis_felicitas	faber_est_suae_quisque_fortunae
participant	CDS-STUDY-601756	CDS-CASE-691079	O_Tite_tute_Tati_tibi_tanta_tyranne_tulisti	Native Hawaiian or other Pacific Islander	Female	Not allowed to collect	scientiae_cedit_mare	sapiens_qui_prospicit
participant	CDS-STUDY-601756	CDS-CASE-588457	haec_olim_meminisse_iuvabit	Unknown	Male	Unknown	scientiae_cedit_mare	pace_tua
participant	CDS-STUDY-601756	CDS-CASE-550545	Macte_animo_Generose_puer_sic_itur_ad_astra	Not Reported	Female	Not Hispanic or Latino	pace_tua	saltus_in_demonstrando
participant	CDS-STUDY-601756	CDS-CASE-896994	nanos_gigantum_humeris_insidentes	Not Reported	Male	Not allowed to collect	scientiae_et_patriae	Gallia_est_omnis_divisa_in_partes_tres
participant	CDS-STUDY-601756	CDS-CASE-514095	scientiae_cedit_mare	American Indian or Alaska Native	Female	Not allowed to collect	labor_ipse_voluptas	id_quod_plerumque_accidit
participant	CDS-STUDY-601756	CDS-CASE-748215	saltus_in_demonstrando	Black or African American	Male	Not allowed to collect	salus_in_arduis	cacatum_non_est_pictum
participant	CDS-STUDY-601756	CDS-CASE-271027	scientia_imperii_decus_et_tutamen	Not allowed to collect	Female	Not Hispanic or Latino	scientia_imperii_decus_et_tutamen	scientiae_et_patriae
participant	CDS-STUDY-601756	CDS-CASE-297340	cacatum_non_est_pictum	Black or African American	Female	Not Hispanic or Latino	pace_tua	scientia_et_labor
participant	CDS-STUDY-601756	CDS-CASE-489725	scientia_imperii_decus_et_tutamen	Native Hawaiian or other Pacific Islander	Female	Not reported	id_quod_plerumque_accidit	nanos_gigantum_humeris_insidentes
participant	CDS-STUDY-601756	CDS-CASE-912165	Macte_animo_Generose_puer_sic_itur_ad_astra	Not allowed to collect	Female	Not allowed to collect	Macte_animo_Generose_puer_sic_itur_ad_astra	damnant_quod_non_intellegunt
participant	CDS-STUDY-601756	CDS-CASE-299889	e_causa_ignota	White	Male	Not Hispanic or Latino	O_Tite_tute_Tati_tibi_tanta_tyranne_tulisti	barba_crescit_caput_nescit
participant	CDS-STUDY-601756	CDS-CASE-551429	e_causa_ignota	White	Male	Not allowed to collect	sapiens_qui_prospicit	Gallia_est_omnis_divisa_in_partes_tres
participant	CDS-STUDY-601756	CDS-CASE-380565	barba_crescit_caput_nescit	Black or African American	Female	Not allowed to collect	cacatum_non_est_pictum	pace_tua
participant	CDS-STUDY-601756	CDS-CASE-329640	e_causa_ignota	American Indian or Alaska Native	Female	Unknown	scientiae_et_patriae	salus_in_arduis
participant	CDS-STUDY-601756	CDS-CASE-498519	faber_est_suae_quisque_fortunae	Native Hawaiian or other Pacific Islander	Male	Not allowed to collect	barba_crescit_caput_nescit	scientia_et_sapientia
participant	CDS-STUDY-601756	CDS-CASE-199139	saltus_in_demonstrando	Not allowed to collect	Female	Not Hispanic or Latino	Obedientia_civium_urbis_felicitas	id_quod_plerumque_accidit
participant	CDS-STUDY-601756	CDS-CASE-689211	O_Tite_tute_Tati_tibi_tanta_tyranne_tulisti	White	Male	Unknown	saltus_in_demonstrando	imperium_in_imperio
participant	CDS-STUDY-601756	CDS-CASE-752982	saltus_in_demonstrando	American Indian or Alaska Native	Female	Hispanic or Latino	id_quod_plerumque_accidit	Obedientia_civium_urbis_felicitas
participant	CDS-STUDY-601756	CDS-CASE-485076	id_quod_plerumque_accidit	American Indian or Alaska Native	Male	Not allowed to collect	scientia,_aere_perennius	imperium_in_imperio
participant	CDS-STUDY-601756	CDS-CASE-936837	pace_tua	Native Hawaiian or other Pacific Islander	Female	Not reported	pace_tua	scientia_et_labor
participant	CDS-STUDY-601756	CDS-CASE-669928	nascentes_morimur_finisque_ab_origine_pendet	Asian	Male	Not Hispanic or Latino	Obedientia_civium_urbis_felicitas	scientia_imperii_decus_et_tutamen
participant	CDS-STUDY-601756	CDS-CASE-610562	scientia,_aere_perennius	White	Female	Not Hispanic or Latino	salus_in_arduis	Obedientia_civium_urbis_felicitas
participant	CDS-STUDY-601756	CDS-CASE-532530	a_bene_placito	Native Hawaiian or other Pacific Islander	Male	Not reported	scientia_et_sapientia	barba_crescit_caput_nescit
participant	CDS-STUDY-601756	CDS-CASE-492643	saltus_in_demonstrando	Not Reported	Male	Unknown	scientia_imperii_decus_et_tutamen	e_causa_ignota
participant	CDS-STUDY-601756	CDS-CASE-970288	nanos_gigantum_humeris_insidentes	Asian	Male	Unknown	Macte_animo_Generose_puer_sic_itur_ad_astra	O_Tite_tute_Tati_tibi_tanta_tyranne_tulisti
participant	CDS-STUDY-601756	CDS-CASE-882999	saltus_in_demonstrando	Not allowed to collect	Female	Not reported	scientiae_et_patriae	a_bene_placito
participant	CDS-STUDY-601756	CDS-CASE-833310	faber_est_suae_quisque_fortunae	Not allowed to collect	Female	Not allowed to collect	cacatum_non_est_pictum	damnant_quod_non_intellegunt
participant	CDS-STUDY-601756	CDS-CASE-690576	id_quod_plerumque_accidit	Not Reported	Male	Not allowed to collect	nascentes_morimur_finisque_ab_origine_pendet	scientia_et_sapientia
participant	CDS-STUDY-601756	CDS-CASE-549675	cacatum_non_est_pictum	White	Male	Not Hispanic or Latino	a_bene_placito	scientiae_cedit_mare
participant	CDS-STUDY-601756	CDS-CASE-222534	scientiae_cedit_mare	Black or African American	Female	Not reported	id_quod_plerumque_accidit	imperium_in_imperio
participant	CDS-STUDY-601756	CDS-CASE-683936	e_causa_ignota	Unknown	Male	Not Hispanic or Latino	salus_in_arduis	faber_est_suae_quisque_fortunae
participant	CDS-STUDY-601756	CDS-CASE-678608	scientiae_cedit_mare	Not allowed to collect	Female	Not reported	scientiae_cedit_mare	scientia_et_labor
participant	CDS-STUDY-601756	CDS-CASE-421526	nanos_gigantum_humeris_insidentes	Asian	Male	Unknown	id_quod_plerumque_accidit	scientia_et_labor
participant	CDS-STUDY-601756	CDS-CASE-271434	imperium_in_imperio	Asian	Male	Not reported	Macte_animo_Generose_puer_sic_itur_ad_astra	id_quod_plerumque_accidit
participant	CDS-STUDY-601756	CDS-CASE-708260	barba_crescit_caput_nescit	American Indian or Alaska Native	Female	Unknown	scientiae_cedit_mare	Macte_animo_Generose_puer_sic_itur_ad_astra
participant	CDS-STUDY-601756	CDS-CASE-703064	labor_ipse_voluptas	White	Male	Not Hispanic or Latino	imperium_in_imperio	barba_crescit_caput_nescit
participant	CDS-STUDY-601756	CDS-CASE-155554	faber_est_suae_quisque_fortunae	Native Hawaiian or other Pacific Islander	Male	Not reported	saltus_in_demonstrando	scientia_et_sapientia
participant	CDS-STUDY-601756	CDS-CASE-341757	nascentes_morimur_finisque_ab_origine_pendet	Unknown	Female	Not reported	barba_crescit_caput_nescit	pace_tua
participant	CDS-STUDY-601756	CDS-CASE-966985	scientiae_et_patriae	White	Male	Unknown	damnant_quod_non_intellegunt	scientia,_aere_perennius
participant	CDS-STUDY-601756	CDS-CASE-548582	nanos_gigantum_humeris_insidentes	American Indian or Alaska Native	Male	Not Hispanic or Latino	scientiae_cedit_mare	scientiae_et_patriae
participant	CDS-STUDY-601756	CDS-CASE-685965	e_causa_ignota	Black or African American	Male	Unknown	barba_crescit_caput_nescit	id_quod_plerumque_accidit
participant	CDS-STUDY-601756	CDS-CASE-555406	damnant_quod_non_intellegunt	Not Reported	Female	Not allowed to collect	barba_crescit_caput_nescit	pace_tua
participant	CDS-STUDY-601756	CDS-CASE-973829	haec_olim_meminisse_iuvabit	Native Hawaiian or other Pacific Islander	Female	Not reported	faber_est_suae_quisque_fortunae	scientiae_cedit_mare
participant	CDS-STUDY-601756	CDS-CASE-332466	salus_in_arduis	Native Hawaiian or other Pacific Islander	Male	Not Hispanic or Latino	sapiens_qui_prospicit	saltus_in_demonstrando
participant	CDS-STUDY-601756	CDS-CASE-965965	faber_est_suae_quisque_fortunae	Black or African American	Male	Hispanic or Latino	Macte_animo_Generose_puer_sic_itur_ad_astra	scientiae_cedit_mare
participant	CDS-STUDY-601756	CDS-CASE-352522	Obedientia_civium_urbis_felicitas	Unknown	Male	Not Hispanic or Latino	scientia_imperii_decus_et_tutamen	scientia_imperii_decus_et_tutamen
participant	CDS-STUDY-601756	CDS-CASE-870962	cacatum_non_est_pictum	Unknown	Male	Not Hispanic or Latino	a_bene_placito	O_Tite_tute_Tati_tibi_tanta_tyranne_tulisti
participant	CDS-STUDY-601756	CDS-CASE-721817	pace_tua	Black or African American	Male	Not Hispanic or Latino	haec_olim_meminisse_iuvabit	pace_tua
participant	CDS-STUDY-601756	CDS-CASE-114013	scientia_et_labor	Unknown	Male	Not allowed to collect	faber_est_suae_quisque_fortunae	O_Tite_tute_Tati_tibi_tanta_tyranne_tulisti
participant	CDS-STUDY-601756	CDS-CASE-451604	salus_in_arduis	Not allowed to collect	Male	Not allowed to collect	faber_est_suae_quisque_fortunae	barba_crescit_caput_nescit
participant	CDS-STUDY-601756	CDS-CASE-228118	labor_ipse_voluptas	Not Reported	Male	Not Hispanic or Latino	cacatum_non_est_pictum	scientiae_cedit_mare
participant	CDS-STUDY-601756	CDS-CASE-138144	saltus_in_demonstrando	Native Hawaiian or other Pacific Islander	Female	Hispanic or Latino	saltus_in_demonstrando	labor_ipse_voluptas
participant	CDS-STUDY-601756	CDS-CASE-916110	salus_in_arduis	Asian	Female	Hispanic or Latino	a_bene_placito	scientiae_cedit_mare
participant	CDS-STUDY-601756	CDS-CASE-746581	haec_olim_meminisse_iuvabit	American Indian or Alaska Native	Female	Not reported	scientiae_cedit_mare	e_causa_ignota
participant	CDS-STUDY-601756	CDS-CASE-788815	nascentes_morimur_finisque_ab_origine_pendet	American Indian or Alaska Native	Male	Not Hispanic or Latino	haec_olim_meminisse_iuvabit	Gallia_est_omnis_divisa_in_partes_tres
participant	CDS-STUDY-601756	CDS-CASE-582048	Gallia_est_omnis_divisa_in_partes_tres	Unknown	Male	Not reported	haec_olim_meminisse_iuvabit	e_causa_ignota
participant	CDS-STUDY-601756	CDS-CASE-622225	faber_est_suae_quisque_fortunae	Black or African American	Male	Not reported	scientia_imperii_decus_et_tutamen	scientiae_cedit_mare
participant	CDS-STUDY-601756	CDS-CASE-278766	barba_crescit_caput_nescit	Native Hawaiian or other Pacific Islander	Female	Not Hispanic or Latino	Macte_animo_Generose_puer_sic_itur_ad_astra	pace_tua
participant	CDS-STUDY-601756	CDS-CASE-973257	nascentes_morimur_finisque_ab_origine_pendet	Unknown	Female	Hispanic or Latino	faber_est_suae_quisque_fortunae	scientia,_aere_perennius
participant	CDS-STUDY-601756	CDS-CASE-476672	scientia_et_sapientia	Not Reported	Female	Hispanic or Latino	nascentes_morimur_finisque_ab_origine_pendet	nascentes_morimur_finisque_ab_origine_pendet
participant	CDS-STUDY-601756	CDS-CASE-778690	Macte_animo_Generose_puer_sic_itur_ad_astra	Native Hawaiian or other Pacific Islander	Female	Hispanic or Latino	scientia_et_labor	nascentes_morimur_finisque_ab_origine_pendet
participant	CDS-STUDY-601756	CDS-CASE-743583	scientiae_et_patriae	American Indian or Alaska Native	Male	Unknown	scientia_et_sapientia	Macte_animo_Generose_puer_sic_itur_ad_astra
participant	CDS-STUDY-601756	CDS-CASE-523815	scientia_et_sapientia	Native Hawaiian or other Pacific Islander	Female	Hispanic or Latino	sapiens_qui_prospicit	nascentes_morimur_finisque_ab_origine_pendet
participant	CDS-STUDY-601756	CDS-CASE-346989	Gallia_est_omnis_divisa_in_partes_tres	Native Hawaiian or other Pacific Islander	Female	Unknown	scientia_et_labor	Gallia_est_omnis_divisa_in_partes_tres
participant	CDS-STUDY-601756	CDS-CASE-378395	scientia_et_sapientia	American Indian or Alaska Native	Female	Not Hispanic or Latino	scientia_et_sapientia	Gallia_est_omnis_divisa_in_partes_tres
participant	CDS-STUDY-601756	CDS-CASE-288426	damnant_quod_non_intellegunt	American Indian or Alaska Native	Male	Hispanic or Latino	scientiae_et_patriae	salus_in_arduis
participant	CDS-STUDY-601756	CDS-CASE-828969	Gallia_est_omnis_divisa_in_partes_tres	Asian	Male	Hispanic or Latino	salus_in_arduis	haec_olim_meminisse_iuvabit
participant	CDS-STUDY-601756	CDS-CASE-759871	barba_crescit_caput_nescit	Native Hawaiian or other Pacific Islander	Female	Hispanic or Latino	scientia_imperii_decus_et_tutamen	faber_est_suae_quisque_fortunae
participant	CDS-STUDY-601756	CDS-CASE-651136	scientia_imperii_decus_et_tutamen	Asian	Female	Not reported	a_bene_placito	nascentes_morimur_finisque_ab_origine_pendet
participant	CDS-STUDY-601756	CDS-CASE-809909	scientia,_aere_perennius	Native Hawaiian or other Pacific Islander	Female	Unknown	barba_crescit_caput_nescit	cacatum_non_est_pictum
participant	CDS-STUDY-601756	CDS-CASE-993365	faber_est_suae_quisque_fortunae	Not allowed to collect	Male	Hispanic or Latino	a_bene_placito	a_bene_placito
participant	CDS-STUDY-601756	CDS-CASE-367945	pace_tua	White	Male	Not Hispanic or Latino	scientia_et_sapientia	haec_olim_meminisse_iuvabit
participant	CDS-STUDY-601756	CDS-CASE-307856	barba_crescit_caput_nescit	Black or African American	Male	Not allowed to collect	damnant_quod_non_intellegunt	pace_tua
participant	CDS-STUDY-601756	CDS-CASE-882406	scientia_imperii_decus_et_tutamen	Not allowed to collect	Female	Not Hispanic or Latino	salus_in_arduis	scientiae_cedit_mare
participant	CDS-STUDY-601756	CDS-CASE-661104	pace_tua	American Indian or Alaska Native	Female	Unknown	Macte_animo_Generose_puer_sic_itur_ad_astra	imperium_in_imperio
participant	CDS-STUDY-601756	CDS-CASE-902974	labor_ipse_voluptas	Black or African American	Female	Not reported	O_Tite_tute_Tati_tibi_tanta_tyranne_tulisti	id_quod_plerumque_accidit
participant	CDS-STUDY-601756	CDS-CASE-429102	saltus_in_demonstrando	Not Reported	Female	Not allowed to collect	id_quod_plerumque_accidit	barba_crescit_caput_nescit
participant	CDS-STUDY-601756	CDS-CASE-607219	pace_tua	American Indian or Alaska Native	Male	Unknown	O_Tite_tute_Tati_tibi_tanta_tyranne_tulisti	haec_olim_meminisse_iuvabit
participant	CDS-STUDY-601756	CDS-CASE-396068	Obedientia_civium_urbis_felicitas	Black or African American	Female	Not reported	e_causa_ignota	scientia_imperii_decus_et_tutamen
participant	CDS-STUDY-601756	CDS-CASE-268270	sapiens_qui_prospicit	White	Male	Not Hispanic or Latino	nanos_gigantum_humeris_insidentes	scientia_et_labor
participant	CDS-STUDY-601756	CDS-CASE-422435	labor_ipse_voluptas	Native Hawaiian or other Pacific Islander	Female	Hispanic or Latino	scientia,_aere_perennius	cacatum_non_est_pictum
participant	CDS-STUDY-601756	CDS-CASE-266043	sapiens_qui_prospicit	Native Hawaiian or other Pacific Islander	Male	Unknown	scientia,_aere_perennius	damnant_quod_non_intellegunt
participant	CDS-STUDY-601756	CDS-CASE-821468	cacatum_non_est_pictum	Not Reported	Male	Not allowed to collect	scientia_et_sapientia	Gallia_est_omnis_divisa_in_partes_tres
participant	CDS-STUDY-601756	CDS-CASE-747462	Macte_animo_Generose_puer_sic_itur_ad_astra	Unknown	Male	Hispanic or Latino	O_Tite_tute_Tati_tibi_tanta_tyranne_tulisti	labor_ipse_voluptas
participant	CDS-STUDY-601756	CDS-CASE-292886	Gallia_est_omnis_divisa_in_partes_tres	Native Hawaiian or other Pacific Islander	Male	Not allowed to collect	a_bene_placito	scientia_et_sapientia
participant	CDS-STUDY-601756	CDS-CASE-130057	damnant_quod_non_intellegunt	American Indian or Alaska Native	Female	Not allowed to collect	scientia_et_sapientia	salus_in_arduis
participant	CDS-STUDY-601756	CDS-CASE-249345	O_Tite_tute_Tati_tibi_tanta_tyranne_tulisti	Not Reported	Male	Not allowed to collect	nascentes_morimur_finisque_ab_origine_pendet	scientiae_et_patriae
participant	CDS-STUDY-601756	CDS-CASE-281661	barba_crescit_caput_nescit	White	Male	Not reported	damnant_quod_non_intellegunt	faber_est_suae_quisque_fortunae
participant	CDS-STUDY-601756	CDS-CASE-456910	scientia_et_labor	Black or African American	Female	Not reported	scientiae_cedit_mare	sapiens_qui_prospicit
participant	CDS-STUDY-601756	CDS-CASE-509930	scientia,_aere_perennius	Native Hawaiian or other Pacific Islander	Female	Not reported	O_Tite_tute_Tati_tibi_tanta_tyranne_tulisti	barba_crescit_caput_nescit
participant	CDS-STUDY-601756	CDS-CASE-239449	salus_in_arduis	Black or African American	Female	Not reported	Obedientia_civium_urbis_felicitas	faber_est_suae_quisque_fortunae
participant	CDS-STUDY-601756	CDS-CASE-429192	a_bene_placito	Native Hawaiian or other Pacific Islander	Female	Not allowed to collect	barba_crescit_caput_nescit	nascentes_morimur_finisque_ab_origine_pendet
participant	CDS-STUDY-601756	CDS-CASE-130878	damnant_quod_non_intellegunt	Native Hawaiian or other Pacific Islander	Female	Not reported	Macte_animo_Generose_puer_sic_itur_ad_astra	scientia,_aere_perennius
participant	CDS-STUDY-601756	CDS-CASE-715409	scientia_et_labor	White	Female	Not reported	scientia_et_sapientia	Obedientia_civium_urbis_felicitas
participant	CDS-STUDY-601756	CDS-CASE-528896	O_Tite_tute_Tati_tibi_tanta_tyranne_tulisti	Unknown	Female	Not Hispanic or Latino	scientiae_cedit_mare	labor_ipse_voluptas
participant	CDS-STUDY-601756	CDS-CASE-502653	pace_tua	Not allowed to collect	Female	Hispanic or Latino	faber_est_suae_quisque_fortunae	cacatum_non_est_pictum
participant	CDS-STUDY-601756	CDS-CASE-603748	a_bene_placito	Not allowed to collect	Female	Hispanic or Latino	pace_tua	scientiae_cedit_mare
participant	CDS-STUDY-601756	CDS-CASE-438511	Gallia_est_omnis_divisa_in_partes_tres	Unknown	Male	Unknown	nanos_gigantum_humeris_insidentes	barba_crescit_caput_nescit
participant	CDS-STUDY-601756	CDS-CASE-573644	id_quod_plerumque_accidit	Native Hawaiian or other Pacific Islander	Male	Not allowed to collect	haec_olim_meminisse_iuvabit	saltus_in_demonstrando
participant	CDS-STUDY-601756	CDS-CASE-638388	e_causa_ignota	Unknown	Male	Not Hispanic or Latino	barba_crescit_caput_nescit	imperium_in_imperio
participant	CDS-STUDY-601756	CDS-CASE-427765	labor_ipse_voluptas	American Indian or Alaska Native	Female	Not Hispanic or Latino	saltus_in_demonstrando	faber_est_suae_quisque_fortunae
participant	CDS-STUDY-601756	CDS-CASE-403333	scientia_imperii_decus_et_tutamen	Black or African American	Female	Unknown	barba_crescit_caput_nescit	damnant_quod_non_intellegunt
participant	CDS-STUDY-601756	CDS-CASE-115140	a_bene_placito	Black or African American	Male	Unknown	damnant_quod_non_intellegunt	imperium_in_imperio
participant	CDS-STUDY-601756	CDS-CASE-212596	damnant_quod_non_intellegunt	Not allowed to collect	Female	Not reported	haec_olim_meminisse_iuvabit	scientia,_aere_perennius
participant	CDS-STUDY-601756	CDS-CASE-379997	faber_est_suae_quisque_fortunae	Black or African American	Male	Not Hispanic or Latino	barba_crescit_caput_nescit	scientia,_aere_perennius
participant	CDS-STUDY-601756	CDS-CASE-439032	Macte_animo_Generose_puer_sic_itur_ad_astra	Asian	Male	Not Hispanic or Latino	scientiae_et_patriae	nascentes_morimur_finisque_ab_origine_pendet
participant	CDS-STUDY-601756	CDS-CASE-413051	scientiae_cedit_mare	Not allowed to collect	Male	Hispanic or Latino	Macte_animo_Generose_puer_sic_itur_ad_astra	nanos_gigantum_humeris_insidentes
participant	CDS-STUDY-601756	CDS-CASE-744677	cacatum_non_est_pictum	Unknown	Male	Not Hispanic or Latino	pace_tua	e_causa_ignota
participant	CDS-STUDY-601756	CDS-CASE-817482	O_Tite_tute_Tati_tibi_tanta_tyranne_tulisti	Native Hawaiian or other Pacific Islander	Female	Not Hispanic or Latino	id_quod_plerumque_accidit	scientia_et_labor
participant	CDS-STUDY-601756	CDS-CASE-856182	nanos_gigantum_humeris_insidentes	White	Female	Not reported	a_bene_placito	barba_crescit_caput_nescit
participant	CDS-STUDY-601756	CDS-CASE-142228	imperium_in_imperio	American Indian or Alaska Native	Female	Not reported	labor_ipse_voluptas	Macte_animo_Generose_puer_sic_itur_ad_astra
participant	CDS-STUDY-601756	CDS-CASE-998143	a_bene_placito	Asian	Male	Hispanic or Latino	scientia_et_sapientia	Macte_animo_Generose_puer_sic_itur_ad_astra
participant	CDS-STUDY-601756	CDS-CASE-981372	cacatum_non_est_pictum	Native Hawaiian or other Pacific Islander	Male	Not Hispanic or Latino	Obedientia_civium_urbis_felicitas	damnant_quod_non_intellegunt
participant	CDS-STUDY-601756	CDS-CASE-218850	faber_est_suae_quisque_fortunae	Not Reported	Female	Not Hispanic or Latino	imperium_in_imperio	saltus_in_demonstrando
participant	CDS-STUDY-601756	CDS-CASE-628178	salus_in_arduis	Black or African American	Male	Hispanic or Latino	damnant_quod_non_intellegunt	e_causa_ignota
participant	CDS-STUDY-601756	CDS-CASE-232057	saltus_in_demonstrando	Asian	Male	Not allowed to collect	scientia_et_sapientia	O_Tite_tute_Tati_tibi_tanta_tyranne_tulisti
participant	CDS-STUDY-601756	CDS-CASE-458522	scientiae_et_patriae	Native Hawaiian or other Pacific Islander	Male	Not Hispanic or Latino	salus_in_arduis	faber_est_suae_quisque_fortunae
participant	CDS-STUDY-601756	CDS-CASE-825664	barba_crescit_caput_nescit	Not allowed to collect	Male	Not reported	id_quod_plerumque_accidit	barba_crescit_caput_nescit
participant	CDS-STUDY-601756	CDS-CASE-903211	barba_crescit_caput_nescit	Asian	Female	Not Hispanic or Latino	Macte_animo_Generose_puer_sic_itur_ad_astra	pace_tua
participant	CDS-STUDY-601756	CDS-CASE-113476	Macte_animo_Generose_puer_sic_itur_ad_astra	Not allowed to collect	Male	Not allowed to collect	scientia,_aere_perennius	e_causa_ignota
participant	CDS-STUDY-601756	CDS-CASE-771999	id_quod_plerumque_accidit	White	Male	Unknown	saltus_in_demonstrando	saltus_in_demonstrando
participant	CDS-STUDY-601756	CDS-CASE-719747	haec_olim_meminisse_iuvabit	Native Hawaiian or other Pacific Islander	Male	Unknown	imperium_in_imperio	e_causa_ignota
participant	CDS-STUDY-601756	CDS-CASE-696778	scientiae_cedit_mare	Native Hawaiian or other Pacific Islander	Male	Unknown	Gallia_est_omnis_divisa_in_partes_tres	scientiae_cedit_mare
participant	CDS-STUDY-601756	CDS-CASE-310659	sapiens_qui_prospicit	Not allowed to collect	Male	Unknown	labor_ipse_voluptas	scientia_et_sapientia
participant	CDS-STUDY-601756	CDS-CASE-279861	id_quod_plerumque_accidit	Asian	Female	Not reported	damnant_quod_non_intellegunt	scientia,_aere_perennius
participant	CDS-STUDY-601756	CDS-CASE-616038	Obedientia_civium_urbis_felicitas	Asian	Male	Not allowed to collect	damnant_quod_non_intellegunt	id_quod_plerumque_accidit
participant	CDS-STUDY-601756	CDS-CASE-252737	a_bene_placito	Asian	Male	Hispanic or Latino	id_quod_plerumque_accidit	scientia_et_labor
participant	CDS-STUDY-601756	CDS-CASE-444593	cacatum_non_est_pictum	Native Hawaiian or other Pacific Islander	Female	Not Hispanic or Latino	labor_ipse_voluptas	haec_olim_meminisse_iuvabit
participant	CDS-STUDY-601756	CDS-CASE-389615	scientia_imperii_decus_et_tutamen	White	Female	Not allowed to collect	scientia_imperii_decus_et_tutamen	barba_crescit_caput_nescit
participant	CDS-STUDY-601756	CDS-CASE-624561	Obedientia_civium_urbis_felicitas	Asian	Male	Not allowed to collect	cacatum_non_est_pictum	scientia,_aere_perennius
participant	CDS-STUDY-601756	CDS-CASE-878325	nascentes_morimur_finisque_ab_origine_pendet	American Indian or Alaska Native	Female	Hispanic or Latino	scientia_et_sapientia	faber_est_suae_quisque_fortunae
participant	CDS-STUDY-601756	CDS-CASE-873645	barba_crescit_caput_nescit	Unknown	Male	Hispanic or Latino	faber_est_suae_quisque_fortunae	Macte_animo_Generose_puer_sic_itur_ad_astra
participant	CDS-STUDY-601756	CDS-CASE-947999	Macte_animo_Generose_puer_sic_itur_ad_astra	Black or African American	Male	Not allowed to collect	nascentes_morimur_finisque_ab_origine_pendet	nascentes_morimur_finisque_ab_origine_pendet
participant	CDS-STUDY-601756	CDS-CASE-472652	pace_tua	Asian	Male	Not Hispanic or Latino	cacatum_non_est_pictum	labor_ipse_voluptas
participant	CDS-STUDY-601756	CDS-CASE-374028	a_bene_placito	White	Male	Not reported	scientia_imperii_decus_et_tutamen	scientia_et_labor
participant	CDS-STUDY-601756	CDS-CASE-999672	Obedientia_civium_urbis_felicitas	Black or African American	Male	Hispanic or Latino	nanos_gigantum_humeris_insidentes	Macte_animo_Generose_puer_sic_itur_ad_astra
participant	CDS-STUDY-601756	CDS-CASE-614617	scientia,_aere_perennius	Not Reported	Female	Not reported	labor_ipse_voluptas	Gallia_est_omnis_divisa_in_partes_tres
participant	CDS-STUDY-601756	CDS-CASE-339764	sapiens_qui_prospicit	White	Female	Not allowed to collect	pace_tua	scientia_et_sapientia
participant	CDS-STUDY-601756	CDS-CASE-461333	Gallia_est_omnis_divisa_in_partes_tres	Black or African American	Female	Hispanic or Latino	faber_est_suae_quisque_fortunae	scientiae_et_patriae
participant	CDS-STUDY-601756	CDS-CASE-483134	scientia,_aere_perennius	Not allowed to collect	Male	Not reported	Gallia_est_omnis_divisa_in_partes_tres	scientia,_aere_perennius
participant	CDS-STUDY-601756	CDS-CASE-991992	a_bene_placito	Not allowed to collect	Male	Not Hispanic or Latino	damnant_quod_non_intellegunt	labor_ipse_voluptas
participant	CDS-STUDY-601756	CDS-CASE-652721	Obedientia_civium_urbis_felicitas	Native Hawaiian or other Pacific Islander	Male	Hispanic or Latino	pace_tua	labor_ipse_voluptas
participant	CDS-STUDY-601756	CDS-CASE-384864	Obedientia_civium_urbis_felicitas	American Indian or Alaska Native	Male	Not reported	a_bene_placito	Macte_animo_Generose_puer_sic_itur_ad_astra
participant	CDS-STUDY-601756	CDS-CASE-264049	e_causa_ignota	Not allowed to collect	Male	Hispanic or Latino	scientiae_et_patriae	cacatum_non_est_pictum
participant	CDS-STUDY-601756	CDS-CASE-861399	cacatum_non_est_pictum	Asian	Male	Not reported	faber_est_suae_quisque_fortunae	faber_est_suae_quisque_fortunae
participant	CDS-STUDY-601756	CDS-CASE-188708	O_Tite_tute_Tati_tibi_tanta_tyranne_tulisti	Not Reported	Female	Unknown	faber_est_suae_quisque_fortunae	Obedientia_civium_urbis_felicitas
participant	CDS-STUDY-601756	CDS-CASE-603668	saltus_in_demonstrando	Asian	Male	Not Hispanic or Latino	pace_tua	pace_tua
participant	CDS-STUDY-601756	CDS-CASE-640653	scientia,_aere_perennius	American Indian or Alaska Native	Female	Not reported	nascentes_morimur_finisque_ab_origine_pendet	pace_tua
participant	CDS-STUDY-601756	CDS-CASE-250209	labor_ipse_voluptas	Black or African American	Female	Not Hispanic or Latino	faber_est_suae_quisque_fortunae	scientia_et_sapientia
participant	CDS-STUDY-601756	CDS-CASE-699220	imperium_in_imperio	Black or African American	Female	Hispanic or Latino	barba_crescit_caput_nescit	saltus_in_demonstrando
participant	CDS-STUDY-601756	CDS-CASE-545181	scientiae_et_patriae	Native Hawaiian or other Pacific Islander	Female	Not reported	scientia_et_labor	sapiens_qui_prospicit
participant	CDS-STUDY-601756	CDS-CASE-405877	salus_in_arduis	Black or African American	Female	Unknown	barba_crescit_caput_nescit	scientiae_et_patriae
participant	CDS-STUDY-601756	CDS-CASE-963339	barba_crescit_caput_nescit	Not allowed to collect	Male	Not Hispanic or Latino	Obedientia_civium_urbis_felicitas	barba_crescit_caput_nescit
participant	CDS-STUDY-601756	CDS-CASE-114109	imperium_in_imperio	Not Reported	Female	Hispanic or Latino	nascentes_morimur_finisque_ab_origine_pendet	barba_crescit_caput_nescit
participant	CDS-STUDY-601756	CDS-CASE-141564	scientia_et_sapientia	White	Female	Not Hispanic or Latino	scientia,_aere_perennius	id_quod_plerumque_accidit
participant	CDS-STUDY-601756	CDS-CASE-763044	scientia_et_sapientia	Native Hawaiian or other Pacific Islander	Male	Hispanic or Latino	scientia_et_sapientia	saltus_in_demonstrando
participant	CDS-STUDY-601756	CDS-CASE-116637	Gallia_est_omnis_divisa_in_partes_tres	Black or African American	Female	Not Hispanic or Latino	nascentes_morimur_finisque_ab_origine_pendet	cacatum_non_est_pictum
participant	CDS-STUDY-601756	CDS-CASE-154936	barba_crescit_caput_nescit	Native Hawaiian or other Pacific Islander	Male	Not Hispanic or Latino	O_Tite_tute_Tati_tibi_tanta_tyranne_tulisti	id_quod_plerumque_accidit
participant	CDS-STUDY-601756	CDS-CASE-661107	Gallia_est_omnis_divisa_in_partes_tres	Not Reported	Female	Hispanic or Latino	nanos_gigantum_humeris_insidentes	scientia_imperii_decus_et_tutamen
participant	CDS-STUDY-601756	CDS-CASE-441359	id_quod_plerumque_accidit	Asian	Female	Not allowed to collect	pace_tua	Gallia_est_omnis_divisa_in_partes_tres
participant	CDS-STUDY-601756	CDS-CASE-239347	e_causa_ignota	Not allowed to collect	Female	Not reported	scientiae_et_patriae	scientia_et_labor
participant	CDS-STUDY-601756	CDS-CASE-253971	scientia_et_labor	Not allowed to collect	Female	Hispanic or Latino	scientia_et_sapientia	scientiae_et_patriae
participant	CDS-STUDY-601756	CDS-CASE-781651	scientia_et_labor	Unknown	Male	Unknown	imperium_in_imperio	imperium_in_imperio
participant	CDS-STUDY-601756	CDS-CASE-508573	salus_in_arduis	Not Reported	Male	Not allowed to collect	e_causa_ignota	Obedientia_civium_urbis_felicitas
participant	CDS-STUDY-601756	CDS-CASE-988511	imperium_in_imperio	American Indian or Alaska Native	Male	Not Hispanic or Latino	scientia_et_sapientia	Gallia_est_omnis_divisa_in_partes_tres
participant	CDS-STUDY-601756	CDS-CASE-881063	cacatum_non_est_pictum	American Indian or Alaska Native	Male	Hispanic or Latino	Gallia_est_omnis_divisa_in_partes_tres	Gallia_est_omnis_divisa_in_partes_tres
participant	CDS-STUDY-601756	CDS-CASE-273345	damnant_quod_non_intellegunt	White	Female	Not reported	scientiae_cedit_mare	e_causa_ignota
participant	CDS-STUDY-601756	CDS-CASE-251620	faber_est_suae_quisque_fortunae	Asian	Female	Not Hispanic or Latino	Macte_animo_Generose_puer_sic_itur_ad_astra	scientiae_et_patriae
participant	CDS-STUDY-601756	CDS-CASE-189920	scientia,_aere_perennius	Black or African American	Male	Not allowed to collect	scientia_et_sapientia	nascentes_morimur_finisque_ab_origine_pendet
participant	CDS-STUDY-601756	CDS-CASE-202072	imperium_in_imperio	Not allowed to collect	Male	Not reported	barba_crescit_caput_nescit	haec_olim_meminisse_iuvabit
participant	CDS-STUDY-601756	CDS-CASE-856942	barba_crescit_caput_nescit	White	Male	Not reported	barba_crescit_caput_nescit	faber_est_suae_quisque_fortunae
participant	CDS-STUDY-601756	CDS-CASE-104012	damnant_quod_non_intellegunt	Not Reported	Male	Hispanic or Latino	nanos_gigantum_humeris_insidentes	scientia_et_labor
participant	CDS-STUDY-601756	CDS-CASE-237218	labor_ipse_voluptas	Not allowed to collect	Male	Hispanic or Latino	cacatum_non_est_pictum	nascentes_morimur_finisque_ab_origine_pendet
participant	CDS-STUDY-601756	CDS-CASE-888511	haec_olim_meminisse_iuvabit	Asian	Male	Not Hispanic or Latino	Gallia_est_omnis_divisa_in_partes_tres	saltus_in_demonstrando
participant	CDS-STUDY-601756	CDS-CASE-843003	Gallia_est_omnis_divisa_in_partes_tres	Black or African American	Female	Not allowed to collect	scientiae_et_patriae	salus_in_arduis
participant	CDS-STUDY-601756	CDS-CASE-853191	e_causa_ignota	Not allowed to collect	Male	Not Hispanic or Latino	scientia,_aere_perennius	Gallia_est_omnis_divisa_in_partes_tres
participant	CDS-STUDY-601756	CDS-CASE-885609	faber_est_suae_quisque_fortunae	White	Male	Not allowed to collect	salus_in_arduis	scientiae_cedit_mare
participant	CDS-STUDY-601756	CDS-CASE-604952	Gallia_est_omnis_divisa_in_partes_tres	American Indian or Alaska Native	Female	Not Hispanic or Latino	Macte_animo_Generose_puer_sic_itur_ad_astra	damnant_quod_non_intellegunt
participant	CDS-STUDY-601756	CDS-CASE-987170	sapiens_qui_prospicit	Not Reported	Male	Not allowed to collect	labor_ipse_voluptas	nanos_gigantum_humeris_insidentes
participant	CDS-STUDY-601756	CDS-CASE-788274	damnant_quod_non_intellegunt	Native Hawaiian or other Pacific Islander	Female	Hispanic or Latino	scientia_et_sapientia	scientia_et_sapientia
participant	CDS-STUDY-601756	CDS-CASE-591189	cacatum_non_est_pictum	Unknown	Male	Unknown	scientia,_aere_perennius	damnant_quod_non_intellegunt
participant	CDS-STUDY-601756	CDS-CASE-428332	nanos_gigantum_humeris_insidentes	Native Hawaiian or other Pacific Islander	Female	Not Hispanic or Latino	scientia_et_sapientia	faber_est_suae_quisque_fortunae
participant	CDS-STUDY-601756	CDS-CASE-908043	Gallia_est_omnis_divisa_in_partes_tres	Black or African American	Female	Not reported	Macte_animo_Generose_puer_sic_itur_ad_astra	saltus_in_demonstrando
participant	CDS-STUDY-601756	CDS-CASE-117479	scientia_et_sapientia	Asian	Male	Hispanic or Latino	scientiae_cedit_mare	nascentes_morimur_finisque_ab_origine_pendet
participant	CDS-STUDY-601756	CDS-CASE-126290	scientiae_cedit_mare	Black or African American	Male	Not Hispanic or Latino	pace_tua	faber_est_suae_quisque_fortunae
participant	CDS-STUDY-601756	CDS-CASE-537898	Gallia_est_omnis_divisa_in_partes_tres	Native Hawaiian or other Pacific Islander	Female	Not Hispanic or Latino	e_causa_ignota	scientiae_cedit_mare
participant	CDS-STUDY-601756	CDS-CASE-123495	nanos_gigantum_humeris_insidentes	Native Hawaiian or other Pacific Islander	Female	Not Hispanic or Latino	damnant_quod_non_intellegunt	Gallia_est_omnis_divisa_in_partes_tres
participant	CDS-STUDY-601756	CDS-CASE-593121	Macte_animo_Generose_puer_sic_itur_ad_astra	Asian	Male	Unknown	barba_crescit_caput_nescit	nascentes_morimur_finisque_ab_origine_pendet
participant	CDS-STUDY-601756	CDS-CASE-716210	pace_tua	Asian	Male	Not Hispanic or Latino	a_bene_placito	cacatum_non_est_pictum
participant	CDS-STUDY-601756	CDS-CASE-931613	nascentes_morimur_finisque_ab_origine_pendet	Not allowed to collect	Female	Not allowed to collect	id_quod_plerumque_accidit	Macte_animo_Generose_puer_sic_itur_ad_astra
participant	CDS-STUDY-601756	CDS-CASE-870612	Macte_animo_Generose_puer_sic_itur_ad_astra	Native Hawaiian or other Pacific Islander	Female	Not allowed to collect	cacatum_non_est_pictum	cacatum_non_est_pictum
