type	study.phs_accession	study_participant_id	participant_id	race	gender	ethnicity	dbGaP_subject_id	sex	crdc_id
participant	353326	CDS-CASE-677900	Macte_animo_Generose_puer_sic_itur_ad_astra	White	Unknown	Unknown	Macte_animo_Generose_puer_sic_itur_ad_astra	None of these describe me	scientia_imperii_decus_et_tutamen
participant	353326	CDS-CASE-285989	scientia_imperii_decus_et_tutamen	White	Intersex	Hispanic or Latino	O_Tite_tute_Tati_tibi_tanta_tyranne_tulisti	Male	nanos_gigantum_humeris_insidentes
participant	353326	CDS-CASE-540278	cacatum_non_est_pictum	Native Hawaiian or other Pacific Islander	Not Reported	Not reported	barba_crescit_caput_nescit	Intersex	sapiens_qui_prospicit
participant	353326	CDS-CASE-725341	Gallia_est_omnis_divisa_in_partes_tres	White	Intersex	Not reported	haec_olim_meminisse_iuvabit	Decline to answer	imperium_in_imperio
participant	353326	CDS-CASE-219793	scientiae_et_patriae	Not Reported	Male	Unknown	id_quod_plerumque_accidit	None of these describe me	Obedientia_civium_urbis_felicitas
participant	353326	CDS-CASE-232016	faber_est_suae_quisque_fortunae	White	Female	Not allowed to collect	cacatum_non_est_pictum	Female	imperium_in_imperio
participant	353326	CDS-CASE-708914	id_quod_plerumque_accidit	Not allowed to collect	Intersex	Hispanic or Latino	scientiae_et_patriae	Don't know	nanos_gigantum_humeris_insidentes
participant	353326	CDS-CASE-885287	imperium_in_imperio	American Indian or Alaska Native	Male	Not Hispanic or Latino	salus_in_arduis	None of these describe me	pace_tua
participant	353326	CDS-CASE-681914	barba_crescit_caput_nescit	Black or African American	Not Reported	Hispanic or Latino	salus_in_arduis	Don't know	nascentes_morimur_finisque_ab_origine_pendet
participant	353326	CDS-CASE-297181	a_bene_placito	Native Hawaiian or other Pacific Islander	Unknown	Hispanic or Latino	O_Tite_tute_Tati_tibi_tanta_tyranne_tulisti	Intersex	scientia_et_labor
participant	353326	CDS-CASE-103100	nascentes_morimur_finisque_ab_origine_pendet	Black or African American	Female	Unknown	nascentes_morimur_finisque_ab_origine_pendet	None of these describe me	scientia,_aere_perennius
participant	353326	CDS-CASE-233060	scientiae_et_patriae	White	Female	Unknown	scientia_et_sapientia	Female	pace_tua
participant	353326	CDS-CASE-489433	id_quod_plerumque_accidit	Unknown	Unspecified	Not allowed to collect	Obedientia_civium_urbis_felicitas	Unknown	cacatum_non_est_pictum
participant	353326	CDS-CASE-249110	Gallia_est_omnis_divisa_in_partes_tres	White	Not Reported	Hispanic or Latino	damnant_quod_non_intellegunt	Don't know	Obedientia_civium_urbis_felicitas
participant	353326	CDS-CASE-494487	haec_olim_meminisse_iuvabit	Native Hawaiian or other Pacific Islander	Intersex	Unknown	faber_est_suae_quisque_fortunae	Decline to answer	haec_olim_meminisse_iuvabit
participant	353326	CDS-CASE-469710	barba_crescit_caput_nescit	Asian	Male	Not allowed to collect	nanos_gigantum_humeris_insidentes	Decline to answer	labor_ipse_voluptas
participant	353326	CDS-CASE-676295	labor_ipse_voluptas	Asian	Intersex	Not reported	e_causa_ignota	Intersex	pace_tua
participant	353326	CDS-CASE-292187	scientiae_et_patriae	Unknown	Unknown	Not reported	O_Tite_tute_Tati_tibi_tanta_tyranne_tulisti	Male	a_bene_placito
participant	353326	CDS-CASE-595724	haec_olim_meminisse_iuvabit	Asian	Unspecified	Not allowed to collect	saltus_in_demonstrando	Male	salus_in_arduis
participant	353326	CDS-CASE-281740	scientiae_et_patriae	Black or African American	Intersex	Not allowed to collect	Gallia_est_omnis_divisa_in_partes_tres	Male	Gallia_est_omnis_divisa_in_partes_tres
participant	353326	CDS-CASE-929529	haec_olim_meminisse_iuvabit	Not Reported	Male	Unknown	barba_crescit_caput_nescit	Unknown	scientiae_et_patriae
participant	353326	CDS-CASE-970902	barba_crescit_caput_nescit	Native Hawaiian or other Pacific Islander	Unknown	Not allowed to collect	scientiae_et_patriae	Decline to answer	Macte_animo_Generose_puer_sic_itur_ad_astra
participant	353326	CDS-CASE-583876	cacatum_non_est_pictum	Not allowed to collect	Not Reported	Not Hispanic or Latino	scientia_et_sapientia	Don't know	scientiae_et_patriae
participant	353326	CDS-CASE-206734	faber_est_suae_quisque_fortunae	Not allowed to collect	Female	Not Hispanic or Latino	scientia,_aere_perennius	None of these describe me	Macte_animo_Generose_puer_sic_itur_ad_astra
participant	353326	CDS-CASE-526564	scientia_imperii_decus_et_tutamen	American Indian or Alaska Native	Not Reported	Unknown	nanos_gigantum_humeris_insidentes	Unknown	scientiae_et_patriae
participant	353326	CDS-CASE-591764	scientia,_aere_perennius	Not allowed to collect	Intersex	Not reported	sapiens_qui_prospicit	Don't know	faber_est_suae_quisque_fortunae
participant	353326	CDS-CASE-702983	salus_in_arduis	American Indian or Alaska Native	Female	Hispanic or Latino	cacatum_non_est_pictum	Unknown	Macte_animo_Generose_puer_sic_itur_ad_astra
participant	353326	CDS-CASE-966534	Gallia_est_omnis_divisa_in_partes_tres	Native Hawaiian or other Pacific Islander	Female	Not allowed to collect	saltus_in_demonstrando	Decline to answer	pace_tua
participant	353326	CDS-CASE-962313	imperium_in_imperio	Not allowed to collect	Not Reported	Not allowed to collect	sapiens_qui_prospicit	Prefer not to answer	saltus_in_demonstrando
participant	353326	CDS-CASE-582139	O_Tite_tute_Tati_tibi_tanta_tyranne_tulisti	Not allowed to collect	Female	Unknown	sapiens_qui_prospicit	None of these describe me	e_causa_ignota
participant	353326	CDS-CASE-959201	imperium_in_imperio	Asian	Female	Not Hispanic or Latino	scientia,_aere_perennius	None of these describe me	pace_tua
participant	353326	CDS-CASE-719741	saltus_in_demonstrando	Native Hawaiian or other Pacific Islander	Not Reported	Not reported	scientia,_aere_perennius	Decline to answer	pace_tua
participant	353326	CDS-CASE-791079	scientia,_aere_perennius	Black or African American	Male	Not reported	scientia_et_labor	Prefer not to answer	a_bene_placito
participant	353326	CDS-CASE-108427	pace_tua	Not Reported	Unspecified	Hispanic or Latino	faber_est_suae_quisque_fortunae	Female	cacatum_non_est_pictum
participant	353326	CDS-CASE-609679	a_bene_placito	American Indian or Alaska Native	Unknown	Not Hispanic or Latino	saltus_in_demonstrando	Female	pace_tua
participant	353326	CDS-CASE-849639	Obedientia_civium_urbis_felicitas	American Indian or Alaska Native	Unspecified	Hispanic or Latino	scientia_imperii_decus_et_tutamen	Unknown	salus_in_arduis
participant	353326	CDS-CASE-917757	scientia_et_labor	American Indian or Alaska Native	Not Reported	Not allowed to collect	labor_ipse_voluptas	Don't know	barba_crescit_caput_nescit
participant	353326	CDS-CASE-810891	Gallia_est_omnis_divisa_in_partes_tres	Not allowed to collect	Female	Not reported	a_bene_placito	Male	cacatum_non_est_pictum
participant	353326	CDS-CASE-728345	imperium_in_imperio	Not allowed to collect	Unspecified	Not reported	faber_est_suae_quisque_fortunae	Female	pace_tua
participant	353326	CDS-CASE-429576	faber_est_suae_quisque_fortunae	Not allowed to collect	Intersex	Unknown	scientia,_aere_perennius	Female	Obedientia_civium_urbis_felicitas
participant	353326	CDS-CASE-941817	Macte_animo_Generose_puer_sic_itur_ad_astra	Native Hawaiian or other Pacific Islander	Male	Not Hispanic or Latino	scientia_et_labor	None of these describe me	scientia_imperii_decus_et_tutamen
participant	353326	CDS-CASE-584261	haec_olim_meminisse_iuvabit	Unknown	Unspecified	Hispanic or Latino	scientia,_aere_perennius	Unknown	nascentes_morimur_finisque_ab_origine_pendet
participant	353326	CDS-CASE-478281	e_causa_ignota	American Indian or Alaska Native	Intersex	Unknown	id_quod_plerumque_accidit	Unknown	scientia_et_labor
participant	353326	CDS-CASE-307321	O_Tite_tute_Tati_tibi_tanta_tyranne_tulisti	Native Hawaiian or other Pacific Islander	Unspecified	Not Hispanic or Latino	Gallia_est_omnis_divisa_in_partes_tres	Decline to answer	scientia_imperii_decus_et_tutamen
participant	353326	CDS-CASE-533252	scientia,_aere_perennius	American Indian or Alaska Native	Male	Hispanic or Latino	scientia_et_labor	Don't know	nascentes_morimur_finisque_ab_origine_pendet
participant	353326	CDS-CASE-393607	sapiens_qui_prospicit	Asian	Male	Unknown	e_causa_ignota	Decline to answer	damnant_quod_non_intellegunt
participant	353326	CDS-CASE-932615	Obedientia_civium_urbis_felicitas	Black or African American	Unknown	Hispanic or Latino	id_quod_plerumque_accidit	Don't know	scientiae_et_patriae
participant	353326	CDS-CASE-940445	scientia_et_sapientia	Not allowed to collect	Female	Not reported	Macte_animo_Generose_puer_sic_itur_ad_astra	Prefer not to answer	a_bene_placito
participant	353326	CDS-CASE-888328	pace_tua	Not Reported	Not Reported	Not reported	scientia,_aere_perennius	Intersex	Obedientia_civium_urbis_felicitas
participant	353326	CDS-CASE-414029	scientia,_aere_perennius	Black or African American	Unspecified	Not reported	faber_est_suae_quisque_fortunae	Male	scientiae_et_patriae
participant	353326	CDS-CASE-594993	cacatum_non_est_pictum	Native Hawaiian or other Pacific Islander	Not Reported	Unknown	scientiae_cedit_mare	None of these describe me	pace_tua
participant	353326	CDS-CASE-303950	labor_ipse_voluptas	Native Hawaiian or other Pacific Islander	Female	Not Hispanic or Latino	imperium_in_imperio	Female	Gallia_est_omnis_divisa_in_partes_tres
participant	353326	CDS-CASE-960588	haec_olim_meminisse_iuvabit	Unknown	Unknown	Not reported	scientia_et_labor	Decline to answer	Gallia_est_omnis_divisa_in_partes_tres
participant	353326	CDS-CASE-319931	scientia,_aere_perennius	Black or African American	Unknown	Not Hispanic or Latino	scientia_et_sapientia	Don't know	scientia_et_labor
participant	353326	CDS-CASE-242950	scientiae_et_patriae	Asian	Female	Not reported	scientia_imperii_decus_et_tutamen	Unknown	Macte_animo_Generose_puer_sic_itur_ad_astra
participant	353326	CDS-CASE-858253	sapiens_qui_prospicit	Unknown	Male	Not reported	pace_tua	Prefer not to answer	nanos_gigantum_humeris_insidentes
participant	353326	CDS-CASE-721124	scientia_imperii_decus_et_tutamen	Not allowed to collect	Female	Not reported	faber_est_suae_quisque_fortunae	None of these describe me	scientia_et_labor
participant	353326	CDS-CASE-539879	labor_ipse_voluptas	Unknown	Unspecified	Not reported	labor_ipse_voluptas	Intersex	Obedientia_civium_urbis_felicitas
participant	353326	CDS-CASE-532226	salus_in_arduis	Native Hawaiian or other Pacific Islander	Unspecified	Unknown	pace_tua	None of these describe me	salus_in_arduis
participant	353326	CDS-CASE-135525	salus_in_arduis	Not allowed to collect	Male	Not Hispanic or Latino	id_quod_plerumque_accidit	Intersex	haec_olim_meminisse_iuvabit
participant	353326	CDS-CASE-483576	salus_in_arduis	White	Unspecified	Not Hispanic or Latino	scientiae_et_patriae	Female	saltus_in_demonstrando
participant	353326	CDS-CASE-154270	sapiens_qui_prospicit	American Indian or Alaska Native	Unknown	Not allowed to collect	Gallia_est_omnis_divisa_in_partes_tres	Intersex	nanos_gigantum_humeris_insidentes
participant	353326	CDS-CASE-970298	barba_crescit_caput_nescit	Native Hawaiian or other Pacific Islander	Intersex	Not reported	cacatum_non_est_pictum	None of these describe me	damnant_quod_non_intellegunt
participant	353326	CDS-CASE-193896	scientia_et_sapientia	Unknown	Not Reported	Not allowed to collect	Obedientia_civium_urbis_felicitas	Unknown	barba_crescit_caput_nescit
participant	353326	CDS-CASE-433531	haec_olim_meminisse_iuvabit	Unknown	Female	Not allowed to collect	damnant_quod_non_intellegunt	Unknown	id_quod_plerumque_accidit
participant	353326	CDS-CASE-978174	Obedientia_civium_urbis_felicitas	Not Reported	Intersex	Unknown	labor_ipse_voluptas	Don't know	scientiae_et_patriae
participant	353326	CDS-CASE-595999	cacatum_non_est_pictum	Not allowed to collect	Male	Hispanic or Latino	haec_olim_meminisse_iuvabit	Intersex	scientiae_et_patriae
participant	353326	CDS-CASE-224794	barba_crescit_caput_nescit	Asian	Not Reported	Hispanic or Latino	scientiae_et_patriae	Unknown	id_quod_plerumque_accidit
participant	353326	CDS-CASE-639241	labor_ipse_voluptas	White	Not Reported	Hispanic or Latino	e_causa_ignota	Intersex	barba_crescit_caput_nescit
participant	353326	CDS-CASE-676324	sapiens_qui_prospicit	Native Hawaiian or other Pacific Islander	Intersex	Not reported	scientiae_et_patriae	Don't know	scientia_et_sapientia
participant	353326	CDS-CASE-343497	faber_est_suae_quisque_fortunae	Not allowed to collect	Male	Not reported	scientia_imperii_decus_et_tutamen	Decline to answer	scientiae_et_patriae
participant	353326	CDS-CASE-631792	Gallia_est_omnis_divisa_in_partes_tres	Native Hawaiian or other Pacific Islander	Unknown	Not Hispanic or Latino	scientia,_aere_perennius	Decline to answer	scientia,_aere_perennius
participant	353326	CDS-CASE-297167	labor_ipse_voluptas	Native Hawaiian or other Pacific Islander	Male	Hispanic or Latino	haec_olim_meminisse_iuvabit	Intersex	nanos_gigantum_humeris_insidentes
participant	353326	CDS-CASE-867395	O_Tite_tute_Tati_tibi_tanta_tyranne_tulisti	White	Intersex	Not allowed to collect	haec_olim_meminisse_iuvabit	Female	O_Tite_tute_Tati_tibi_tanta_tyranne_tulisti
participant	353326	CDS-CASE-356371	nascentes_morimur_finisque_ab_origine_pendet	Native Hawaiian or other Pacific Islander	Female	Unknown	imperium_in_imperio	Intersex	nanos_gigantum_humeris_insidentes
participant	353326	CDS-CASE-604426	sapiens_qui_prospicit	Unknown	Male	Not Hispanic or Latino	e_causa_ignota	Don't know	Obedientia_civium_urbis_felicitas
participant	353326	CDS-CASE-394607	Macte_animo_Generose_puer_sic_itur_ad_astra	White	Intersex	Unknown	pace_tua	None of these describe me	labor_ipse_voluptas
participant	353326	CDS-CASE-165648	scientia,_aere_perennius	Not allowed to collect	Unspecified	Not allowed to collect	e_causa_ignota	Prefer not to answer	sapiens_qui_prospicit
participant	353326	CDS-CASE-366840	salus_in_arduis	American Indian or Alaska Native	Not Reported	Not Hispanic or Latino	scientiae_et_patriae	Male	imperium_in_imperio
participant	353326	CDS-CASE-211461	scientia_et_sapientia	Unknown	Not Reported	Not Hispanic or Latino	faber_est_suae_quisque_fortunae	Don't know	barba_crescit_caput_nescit
participant	353326	CDS-CASE-697528	sapiens_qui_prospicit	Black or African American	Intersex	Not Hispanic or Latino	scientia_imperii_decus_et_tutamen	None of these describe me	sapiens_qui_prospicit
participant	353326	CDS-CASE-683771	O_Tite_tute_Tati_tibi_tanta_tyranne_tulisti	Not allowed to collect	Not Reported	Not allowed to collect	scientiae_et_patriae	Female	scientia_et_labor
participant	353326	CDS-CASE-829580	saltus_in_demonstrando	Unknown	Not Reported	Hispanic or Latino	pace_tua	Male	nanos_gigantum_humeris_insidentes
participant	353326	CDS-CASE-901694	sapiens_qui_prospicit	Native Hawaiian or other Pacific Islander	Unknown	Unknown	salus_in_arduis	Male	scientia_et_labor
participant	353326	CDS-CASE-518341	barba_crescit_caput_nescit	Unknown	Female	Not Hispanic or Latino	scientia_et_labor	Prefer not to answer	scientia_et_labor
participant	353326	CDS-CASE-544045	nanos_gigantum_humeris_insidentes	Native Hawaiian or other Pacific Islander	Not Reported	Unknown	scientiae_cedit_mare	Don't know	scientia_imperii_decus_et_tutamen
participant	353326	CDS-CASE-294048	salus_in_arduis	American Indian or Alaska Native	Female	Not allowed to collect	sapiens_qui_prospicit	Unknown	nanos_gigantum_humeris_insidentes
participant	353326	CDS-CASE-963818	damnant_quod_non_intellegunt	Not allowed to collect	Intersex	Hispanic or Latino	O_Tite_tute_Tati_tibi_tanta_tyranne_tulisti	Female	cacatum_non_est_pictum
participant	353326	CDS-CASE-936842	e_causa_ignota	White	Not Reported	Not Hispanic or Latino	a_bene_placito	None of these describe me	sapiens_qui_prospicit
participant	353326	CDS-CASE-467687	Gallia_est_omnis_divisa_in_partes_tres	White	Not Reported	Not Hispanic or Latino	scientia_et_sapientia	Decline to answer	scientiae_cedit_mare
participant	353326	CDS-CASE-212482	labor_ipse_voluptas	Not allowed to collect	Female	Unknown	a_bene_placito	Decline to answer	scientia,_aere_perennius
participant	353326	CDS-CASE-949420	id_quod_plerumque_accidit	Asian	Not Reported	Hispanic or Latino	saltus_in_demonstrando	Unknown	a_bene_placito
participant	353326	CDS-CASE-649154	scientia_et_labor	Not Reported	Not Reported	Not reported	nanos_gigantum_humeris_insidentes	Decline to answer	sapiens_qui_prospicit
participant	353326	CDS-CASE-435155	haec_olim_meminisse_iuvabit	American Indian or Alaska Native	Intersex	Hispanic or Latino	barba_crescit_caput_nescit	Prefer not to answer	cacatum_non_est_pictum
participant	353326	CDS-CASE-685116	Gallia_est_omnis_divisa_in_partes_tres	Unknown	Unknown	Unknown	labor_ipse_voluptas	Unknown	labor_ipse_voluptas
participant	353326	CDS-CASE-489161	scientiae_cedit_mare	Native Hawaiian or other Pacific Islander	Intersex	Not Hispanic or Latino	labor_ipse_voluptas	Don't know	scientia,_aere_perennius
participant	353326	CDS-CASE-999757	pace_tua	Asian	Male	Not allowed to collect	nanos_gigantum_humeris_insidentes	Don't know	nascentes_morimur_finisque_ab_origine_pendet
participant	353326	CDS-CASE-272598	saltus_in_demonstrando	Native Hawaiian or other Pacific Islander	Unknown	Unknown	scientiae_cedit_mare	Female	O_Tite_tute_Tati_tibi_tanta_tyranne_tulisti
participant	353326	CDS-CASE-108906	imperium_in_imperio	Not Reported	Not Reported	Not allowed to collect	O_Tite_tute_Tati_tibi_tanta_tyranne_tulisti	Decline to answer	barba_crescit_caput_nescit
participant	353326	CDS-CASE-460240	saltus_in_demonstrando	American Indian or Alaska Native	Male	Hispanic or Latino	pace_tua	Prefer not to answer	imperium_in_imperio
participant	353326	CDS-CASE-228148	pace_tua	Unknown	Intersex	Unknown	scientia,_aere_perennius	Unknown	labor_ipse_voluptas
participant	353326	CDS-CASE-845282	a_bene_placito	Asian	Unspecified	Not allowed to collect	nascentes_morimur_finisque_ab_origine_pendet	Don't know	nanos_gigantum_humeris_insidentes
participant	353326	CDS-CASE-569746	saltus_in_demonstrando	Not Reported	Unknown	Hispanic or Latino	scientia_et_labor	Male	salus_in_arduis
participant	353326	CDS-CASE-757048	faber_est_suae_quisque_fortunae	Not allowed to collect	Intersex	Not Hispanic or Latino	pace_tua	Female	Obedientia_civium_urbis_felicitas
participant	353326	CDS-CASE-922121	scientiae_et_patriae	Black or African American	Intersex	Unknown	scientia,_aere_perennius	Unknown	haec_olim_meminisse_iuvabit
participant	353326	CDS-CASE-888199	O_Tite_tute_Tati_tibi_tanta_tyranne_tulisti	White	Male	Not reported	pace_tua	Unknown	scientia_et_sapientia
participant	353326	CDS-CASE-495028	pace_tua	Asian	Male	Unknown	cacatum_non_est_pictum	Unknown	imperium_in_imperio
participant	353326	CDS-CASE-723384	pace_tua	Native Hawaiian or other Pacific Islander	Female	Not allowed to collect	a_bene_placito	Prefer not to answer	id_quod_plerumque_accidit
participant	353326	CDS-CASE-749786	cacatum_non_est_pictum	Not allowed to collect	Not Reported	Hispanic or Latino	salus_in_arduis	Don't know	e_causa_ignota
participant	353326	CDS-CASE-503477	Obedientia_civium_urbis_felicitas	Native Hawaiian or other Pacific Islander	Intersex	Unknown	scientia_et_sapientia	None of these describe me	scientia_et_sapientia
participant	353326	CDS-CASE-431058	scientiae_et_patriae	Not Reported	Unspecified	Not allowed to collect	Gallia_est_omnis_divisa_in_partes_tres	Don't know	id_quod_plerumque_accidit
participant	353326	CDS-CASE-307446	barba_crescit_caput_nescit	Not allowed to collect	Unspecified	Not allowed to collect	scientiae_cedit_mare	Decline to answer	a_bene_placito
participant	353326	CDS-CASE-680034	a_bene_placito	Native Hawaiian or other Pacific Islander	Unspecified	Unknown	e_causa_ignota	Intersex	sapiens_qui_prospicit
participant	353326	CDS-CASE-670069	damnant_quod_non_intellegunt	Native Hawaiian or other Pacific Islander	Male	Not allowed to collect	scientia_et_labor	Intersex	a_bene_placito
participant	353326	CDS-CASE-767228	faber_est_suae_quisque_fortunae	Asian	Unspecified	Not allowed to collect	imperium_in_imperio	Unknown	cacatum_non_est_pictum
participant	353326	CDS-CASE-615954	faber_est_suae_quisque_fortunae	Native Hawaiian or other Pacific Islander	Intersex	Hispanic or Latino	faber_est_suae_quisque_fortunae	Male	faber_est_suae_quisque_fortunae
participant	353326	CDS-CASE-722255	faber_est_suae_quisque_fortunae	White	Not Reported	Hispanic or Latino	nanos_gigantum_humeris_insidentes	Decline to answer	cacatum_non_est_pictum
participant	353326	CDS-CASE-305856	scientiae_et_patriae	Black or African American	Unspecified	Not Hispanic or Latino	a_bene_placito	Intersex	sapiens_qui_prospicit
participant	353326	CDS-CASE-806172	salus_in_arduis	Native Hawaiian or other Pacific Islander	Male	Not allowed to collect	scientia,_aere_perennius	None of these describe me	sapiens_qui_prospicit
participant	353326	CDS-CASE-402504	barba_crescit_caput_nescit	Asian	Unknown	Not Hispanic or Latino	scientia_et_labor	Decline to answer	Obedientia_civium_urbis_felicitas
participant	353326	CDS-CASE-374960	id_quod_plerumque_accidit	Black or African American	Not Reported	Not allowed to collect	cacatum_non_est_pictum	Prefer not to answer	nascentes_morimur_finisque_ab_origine_pendet
participant	353326	CDS-CASE-702022	barba_crescit_caput_nescit	White	Female	Unknown	id_quod_plerumque_accidit	Don't know	barba_crescit_caput_nescit
participant	353326	CDS-CASE-894523	saltus_in_demonstrando	White	Unspecified	Not reported	scientia_et_sapientia	Prefer not to answer	imperium_in_imperio
participant	353326	CDS-CASE-870979	damnant_quod_non_intellegunt	Asian	Unspecified	Not reported	barba_crescit_caput_nescit	Female	scientia_imperii_decus_et_tutamen
participant	353326	CDS-CASE-695914	scientia,_aere_perennius	Asian	Unspecified	Not reported	labor_ipse_voluptas	None of these describe me	sapiens_qui_prospicit
participant	353326	CDS-CASE-892202	scientiae_cedit_mare	Not Reported	Intersex	Not Hispanic or Latino	O_Tite_tute_Tati_tibi_tanta_tyranne_tulisti	Unknown	damnant_quod_non_intellegunt
participant	353326	CDS-CASE-366870	faber_est_suae_quisque_fortunae	Not Reported	Intersex	Hispanic or Latino	sapiens_qui_prospicit	None of these describe me	nascentes_morimur_finisque_ab_origine_pendet
participant	353326	CDS-CASE-884919	salus_in_arduis	Asian	Not Reported	Hispanic or Latino	scientiae_et_patriae	Don't know	Macte_animo_Generose_puer_sic_itur_ad_astra
participant	353326	CDS-CASE-803298	scientia_et_labor	Not allowed to collect	Not Reported	Not reported	a_bene_placito	Intersex	scientiae_cedit_mare
participant	353326	CDS-CASE-830884	nascentes_morimur_finisque_ab_origine_pendet	White	Unspecified	Unknown	nanos_gigantum_humeris_insidentes	Unknown	nascentes_morimur_finisque_ab_origine_pendet
participant	353326	CDS-CASE-232957	nascentes_morimur_finisque_ab_origine_pendet	Asian	Male	Not reported	labor_ipse_voluptas	Male	nascentes_morimur_finisque_ab_origine_pendet
participant	353326	CDS-CASE-236402	nanos_gigantum_humeris_insidentes	Native Hawaiian or other Pacific Islander	Intersex	Not Hispanic or Latino	Gallia_est_omnis_divisa_in_partes_tres	None of these describe me	Obedientia_civium_urbis_felicitas
participant	353326	CDS-CASE-728102	id_quod_plerumque_accidit	Native Hawaiian or other Pacific Islander	Unknown	Hispanic or Latino	id_quod_plerumque_accidit	Prefer not to answer	Obedientia_civium_urbis_felicitas
participant	353326	CDS-CASE-280445	id_quod_plerumque_accidit	Black or African American	Unknown	Not Hispanic or Latino	O_Tite_tute_Tati_tibi_tanta_tyranne_tulisti	Decline to answer	nanos_gigantum_humeris_insidentes
participant	353326	CDS-CASE-785367	Obedientia_civium_urbis_felicitas	Unknown	Not Reported	Unknown	sapiens_qui_prospicit	Male	nascentes_morimur_finisque_ab_origine_pendet
participant	353326	CDS-CASE-315103	pace_tua	Not Reported	Intersex	Unknown	a_bene_placito	Male	salus_in_arduis
participant	353326	CDS-CASE-589998	nanos_gigantum_humeris_insidentes	Black or African American	Unknown	Unknown	imperium_in_imperio	Decline to answer	nascentes_morimur_finisque_ab_origine_pendet
participant	353326	CDS-CASE-761509	scientia,_aere_perennius	Black or African American	Intersex	Not reported	O_Tite_tute_Tati_tibi_tanta_tyranne_tulisti	Female	scientia,_aere_perennius
participant	353326	CDS-CASE-474642	scientiae_cedit_mare	Unknown	Intersex	Not reported	scientiae_et_patriae	Decline to answer	scientia_et_labor
participant	353326	CDS-CASE-390668	saltus_in_demonstrando	Not allowed to collect	Unknown	Not Hispanic or Latino	O_Tite_tute_Tati_tibi_tanta_tyranne_tulisti	Unknown	scientia,_aere_perennius
participant	353326	CDS-CASE-833129	a_bene_placito	White	Intersex	Not allowed to collect	imperium_in_imperio	Male	cacatum_non_est_pictum
participant	353326	CDS-CASE-431735	nanos_gigantum_humeris_insidentes	Asian	Not Reported	Not reported	imperium_in_imperio	Don't know	haec_olim_meminisse_iuvabit
participant	353326	CDS-CASE-855467	scientia_et_sapientia	Asian	Male	Not Hispanic or Latino	barba_crescit_caput_nescit	Female	Gallia_est_omnis_divisa_in_partes_tres
participant	353326	CDS-CASE-964416	e_causa_ignota	Asian	Not Reported	Not reported	scientia_et_labor	Unknown	scientia_et_sapientia
participant	353326	CDS-CASE-503603	saltus_in_demonstrando	White	Female	Unknown	scientiae_et_patriae	Prefer not to answer	e_causa_ignota
participant	353326	CDS-CASE-127959	id_quod_plerumque_accidit	White	Female	Not allowed to collect	cacatum_non_est_pictum	Male	saltus_in_demonstrando
participant	353326	CDS-CASE-338074	e_causa_ignota	Not Reported	Not Reported	Unknown	faber_est_suae_quisque_fortunae	Male	nascentes_morimur_finisque_ab_origine_pendet
participant	353326	CDS-CASE-248843	e_causa_ignota	Unknown	Intersex	Not Hispanic or Latino	nanos_gigantum_humeris_insidentes	Female	saltus_in_demonstrando
participant	353326	CDS-CASE-406886	id_quod_plerumque_accidit	Black or African American	Female	Hispanic or Latino	cacatum_non_est_pictum	Don't know	e_causa_ignota
participant	353326	CDS-CASE-652190	faber_est_suae_quisque_fortunae	Asian	Unspecified	Not allowed to collect	scientia_et_sapientia	Intersex	scientia_et_labor
participant	353326	CDS-CASE-390950	a_bene_placito	Black or African American	Unspecified	Hispanic or Latino	scientiae_et_patriae	Female	pace_tua
participant	353326	CDS-CASE-946256	Gallia_est_omnis_divisa_in_partes_tres	Unknown	Female	Not reported	imperium_in_imperio	Unknown	Gallia_est_omnis_divisa_in_partes_tres
participant	353326	CDS-CASE-715419	a_bene_placito	Not allowed to collect	Unspecified	Not Hispanic or Latino	labor_ipse_voluptas	Intersex	scientia_imperii_decus_et_tutamen
participant	353326	CDS-CASE-165569	Macte_animo_Generose_puer_sic_itur_ad_astra	American Indian or Alaska Native	Unspecified	Not reported	Macte_animo_Generose_puer_sic_itur_ad_astra	Female	pace_tua
participant	353326	CDS-CASE-131986	scientia,_aere_perennius	Black or African American	Unspecified	Not reported	Obedientia_civium_urbis_felicitas	None of these describe me	nascentes_morimur_finisque_ab_origine_pendet
participant	353326	CDS-CASE-797582	scientiae_et_patriae	American Indian or Alaska Native	Unspecified	Unknown	O_Tite_tute_Tati_tibi_tanta_tyranne_tulisti	Prefer not to answer	barba_crescit_caput_nescit
participant	353326	CDS-CASE-756842	id_quod_plerumque_accidit	American Indian or Alaska Native	Intersex	Not reported	labor_ipse_voluptas	Unknown	faber_est_suae_quisque_fortunae
participant	353326	CDS-CASE-734671	saltus_in_demonstrando	Not allowed to collect	Unknown	Not allowed to collect	damnant_quod_non_intellegunt	Male	faber_est_suae_quisque_fortunae
participant	353326	CDS-CASE-962773	Obedientia_civium_urbis_felicitas	White	Not Reported	Not reported	scientiae_et_patriae	Unknown	haec_olim_meminisse_iuvabit
participant	353326	CDS-CASE-207155	salus_in_arduis	Unknown	Unspecified	Unknown	scientia_et_labor	Female	scientiae_cedit_mare
participant	353326	CDS-CASE-853470	sapiens_qui_prospicit	Black or African American	Intersex	Hispanic or Latino	scientiae_cedit_mare	Male	nanos_gigantum_humeris_insidentes
participant	353326	CDS-CASE-957413	Gallia_est_omnis_divisa_in_partes_tres	Not allowed to collect	Female	Hispanic or Latino	sapiens_qui_prospicit	Intersex	scientiae_cedit_mare
participant	353326	CDS-CASE-564987	nanos_gigantum_humeris_insidentes	White	Intersex	Not Hispanic or Latino	salus_in_arduis	Don't know	faber_est_suae_quisque_fortunae
participant	353326	CDS-CASE-753227	O_Tite_tute_Tati_tibi_tanta_tyranne_tulisti	Not Reported	Intersex	Hispanic or Latino	a_bene_placito	Male	a_bene_placito
participant	353326	CDS-CASE-865552	barba_crescit_caput_nescit	Unknown	Unknown	Not allowed to collect	salus_in_arduis	Don't know	barba_crescit_caput_nescit
participant	353326	CDS-CASE-275917	haec_olim_meminisse_iuvabit	Not allowed to collect	Unspecified	Unknown	cacatum_non_est_pictum	Male	pace_tua
participant	353326	CDS-CASE-354267	e_causa_ignota	Black or African American	Not Reported	Not Hispanic or Latino	sapiens_qui_prospicit	Decline to answer	labor_ipse_voluptas
participant	353326	CDS-CASE-521248	cacatum_non_est_pictum	Not Reported	Unknown	Hispanic or Latino	scientia_et_sapientia	Female	scientiae_et_patriae
participant	353326	CDS-CASE-468341	O_Tite_tute_Tati_tibi_tanta_tyranne_tulisti	Not Reported	Not Reported	Not Hispanic or Latino	scientiae_et_patriae	Female	Macte_animo_Generose_puer_sic_itur_ad_astra
participant	353326	CDS-CASE-735591	faber_est_suae_quisque_fortunae	Asian	Male	Not Hispanic or Latino	damnant_quod_non_intellegunt	Female	salus_in_arduis
participant	353326	CDS-CASE-934758	scientiae_et_patriae	Asian	Intersex	Hispanic or Latino	scientia,_aere_perennius	None of these describe me	saltus_in_demonstrando
participant	353326	CDS-CASE-508862	id_quod_plerumque_accidit	Unknown	Unspecified	Unknown	scientia_imperii_decus_et_tutamen	Decline to answer	labor_ipse_voluptas
participant	353326	CDS-CASE-447909	faber_est_suae_quisque_fortunae	White	Unspecified	Not Hispanic or Latino	Gallia_est_omnis_divisa_in_partes_tres	Prefer not to answer	scientiae_et_patriae
participant	353326	CDS-CASE-541975	Macte_animo_Generose_puer_sic_itur_ad_astra	White	Unspecified	Not reported	Gallia_est_omnis_divisa_in_partes_tres	Unknown	nascentes_morimur_finisque_ab_origine_pendet
participant	353326	CDS-CASE-893344	haec_olim_meminisse_iuvabit	American Indian or Alaska Native	Not Reported	Hispanic or Latino	a_bene_placito	Decline to answer	scientia_et_sapientia
participant	353326	CDS-CASE-982002	Gallia_est_omnis_divisa_in_partes_tres	Native Hawaiian or other Pacific Islander	Unknown	Unknown	barba_crescit_caput_nescit	Unknown	nascentes_morimur_finisque_ab_origine_pendet
participant	353326	CDS-CASE-310809	damnant_quod_non_intellegunt	Not Reported	Female	Not Hispanic or Latino	scientia_imperii_decus_et_tutamen	Decline to answer	scientiae_cedit_mare
participant	353326	CDS-CASE-399995	pace_tua	Black or African American	Unspecified	Unknown	scientiae_cedit_mare	None of these describe me	barba_crescit_caput_nescit
participant	353326	CDS-CASE-340041	haec_olim_meminisse_iuvabit	Asian	Female	Hispanic or Latino	e_causa_ignota	Prefer not to answer	nascentes_morimur_finisque_ab_origine_pendet
participant	353326	CDS-CASE-216070	scientia_imperii_decus_et_tutamen	White	Not Reported	Not Hispanic or Latino	scientia_imperii_decus_et_tutamen	Intersex	labor_ipse_voluptas
participant	353326	CDS-CASE-334806	faber_est_suae_quisque_fortunae	Not Reported	Male	Not Hispanic or Latino	sapiens_qui_prospicit	Male	pace_tua
participant	353326	CDS-CASE-810080	O_Tite_tute_Tati_tibi_tanta_tyranne_tulisti	Asian	Intersex	Not allowed to collect	scientia_et_labor	Intersex	imperium_in_imperio
participant	353326	CDS-CASE-179021	pace_tua	White	Unspecified	Not Hispanic or Latino	a_bene_placito	Intersex	O_Tite_tute_Tati_tibi_tanta_tyranne_tulisti
participant	353326	CDS-CASE-881978	a_bene_placito	Not Reported	Male	Unknown	scientia_imperii_decus_et_tutamen	Decline to answer	salus_in_arduis
participant	353326	CDS-CASE-384554	labor_ipse_voluptas	American Indian or Alaska Native	Female	Not allowed to collect	Macte_animo_Generose_puer_sic_itur_ad_astra	Decline to answer	sapiens_qui_prospicit
participant	353326	CDS-CASE-179760	nanos_gigantum_humeris_insidentes	Native Hawaiian or other Pacific Islander	Unspecified	Not reported	barba_crescit_caput_nescit	Decline to answer	scientia_imperii_decus_et_tutamen
participant	353326	CDS-CASE-189839	scientia_imperii_decus_et_tutamen	Black or African American	Intersex	Not allowed to collect	Obedientia_civium_urbis_felicitas	Male	scientia,_aere_perennius
participant	353326	CDS-CASE-846554	imperium_in_imperio	Not allowed to collect	Unspecified	Not reported	salus_in_arduis	Male	haec_olim_meminisse_iuvabit
participant	353326	CDS-CASE-671146	Obedientia_civium_urbis_felicitas	Asian	Male	Not reported	imperium_in_imperio	Decline to answer	faber_est_suae_quisque_fortunae
participant	353326	CDS-CASE-293610	barba_crescit_caput_nescit	Asian	Female	Hispanic or Latino	nanos_gigantum_humeris_insidentes	Intersex	Gallia_est_omnis_divisa_in_partes_tres
participant	353326	CDS-CASE-461649	a_bene_placito	Black or African American	Not Reported	Unknown	e_causa_ignota	Prefer not to answer	haec_olim_meminisse_iuvabit
participant	353326	CDS-CASE-516734	nascentes_morimur_finisque_ab_origine_pendet	American Indian or Alaska Native	Intersex	Unknown	labor_ipse_voluptas	Male	cacatum_non_est_pictum
participant	353326	CDS-CASE-246900	sapiens_qui_prospicit	American Indian or Alaska Native	Unspecified	Not allowed to collect	Macte_animo_Generose_puer_sic_itur_ad_astra	Decline to answer	barba_crescit_caput_nescit
participant	353326	CDS-CASE-382338	e_causa_ignota	Not Reported	Female	Hispanic or Latino	cacatum_non_est_pictum	Prefer not to answer	scientiae_cedit_mare
participant	353326	CDS-CASE-270583	Gallia_est_omnis_divisa_in_partes_tres	Not allowed to collect	Unknown	Not reported	Macte_animo_Generose_puer_sic_itur_ad_astra	None of these describe me	salus_in_arduis
participant	353326	CDS-CASE-555514	sapiens_qui_prospicit	Asian	Not Reported	Unknown	cacatum_non_est_pictum	Intersex	barba_crescit_caput_nescit
participant	353326	CDS-CASE-339822	sapiens_qui_prospicit	Black or African American	Intersex	Not allowed to collect	O_Tite_tute_Tati_tibi_tanta_tyranne_tulisti	Decline to answer	barba_crescit_caput_nescit
participant	353326	CDS-CASE-724872	scientia_et_labor	Native Hawaiian or other Pacific Islander	Unspecified	Not Hispanic or Latino	Obedientia_civium_urbis_felicitas	Female	barba_crescit_caput_nescit
participant	353326	CDS-CASE-734583	O_Tite_tute_Tati_tibi_tanta_tyranne_tulisti	American Indian or Alaska Native	Female	Not allowed to collect	Obedientia_civium_urbis_felicitas	Prefer not to answer	nanos_gigantum_humeris_insidentes
participant	353326	CDS-CASE-579069	scientia_imperii_decus_et_tutamen	Not Reported	Unspecified	Hispanic or Latino	e_causa_ignota	None of these describe me	scientiae_et_patriae
