type	study.study_id	consent_group.consent_group_id	study_participant_id	participant_id	race	sex	ethnicity	dbGaP_subject_id	crdc_id
participant	phs000000_test03	GC-CONSENT-GROUP-368450	GC-CASE-608845	scientia,_aere_perennius	White	Intersex	Hispanic or Latino	nanos_gigantum_humeris_insidentes	e_causa_ignota
participant	phs000000_test03	GC-CONSENT-GROUP-368450	GC-CASE-779245	imperium_in_imperio	Asian	Female	Hispanic or Latino	scientia_et_labor	imperium_in_imperio
participant	phs000000_test03	GC-CONSENT-GROUP-368450	GC-CASE-495070	scientia_imperii_decus_et_tutamen	Asian	Intersex	Hispanic or Latino	nascentes_morimur_finisque_ab_origine_pendet	Gallia_est_omnis_divisa_in_partes_tres
participant	phs000000_test03	GC-CONSENT-GROUP-368450	GC-CASE-728395	scientia,_aere_perennius	Native Hawaiian or other Pacific Islander	Don't know	Not Hispanic or Latino	e_causa_ignota	haec_olim_meminisse_iuvabit
participant	phs000000_test03	GC-CONSENT-GROUP-368450	GC-CASE-543312	nanos_gigantum_humeris_insidentes	Unknown	Male	Unknown	Gallia_est_omnis_divisa_in_partes_tres	Gallia_est_omnis_divisa_in_partes_tres
participant	phs000000_test03	GC-CONSENT-GROUP-368450	GC-CASE-302857	scientiae_et_patriae	Not allowed to collect	Unknown	Unknown	scientia_et_labor	scientia,_aere_perennius
participant	phs000000_test03	GC-CONSENT-GROUP-368450	GC-CASE-528502	saltus_in_demonstrando	Black or African American	None of these describe me	Hispanic or Latino	Macte_animo_Generose_puer_sic_itur_ad_astra	nanos_gigantum_humeris_insidentes
participant	phs000000_test03	GC-CONSENT-GROUP-368450	GC-CASE-934025	Gallia_est_omnis_divisa_in_partes_tres	American Indian or Alaska Native	X	Hispanic or Latino	id_quod_plerumque_accidit	Macte_animo_Generose_puer_sic_itur_ad_astra
participant	phs000000_test03	GC-CONSENT-GROUP-368450	GC-CASE-491342	scientia_et_sapientia	Unknown	None of these describe me	Unknown	salus_in_arduis	scientia,_aere_perennius
participant	phs000000_test03	GC-CONSENT-GROUP-368450	GC-CASE-337876	e_causa_ignota	Black or African American	X	Not allowed to collect	Macte_animo_Generose_puer_sic_itur_ad_astra	scientia_et_labor
participant	phs000000_test03	GC-CONSENT-GROUP-368450	GC-CASE-735056	haec_olim_meminisse_iuvabit	Unknown	Male	Not reported	salus_in_arduis	a_bene_placito
participant	phs000000_test03	GC-CONSENT-GROUP-368450	GC-CASE-510627	scientiae_et_patriae	Unknown	Decline to answer	Not allowed to collect	imperium_in_imperio	O_Tite_tute_Tati_tibi_tanta_tyranne_tulisti
participant	phs000000_test03	GC-CONSENT-GROUP-368450	GC-CASE-163220	scientia_et_labor	Not Reported	None of these describe me	Unknown	barba_crescit_caput_nescit	haec_olim_meminisse_iuvabit
participant	phs000000_test03	GC-CONSENT-GROUP-368450	GC-CASE-790552	nanos_gigantum_humeris_insidentes	Not Reported	Male	Hispanic or Latino	barba_crescit_caput_nescit	Gallia_est_omnis_divisa_in_partes_tres
participant	phs000000_test03	GC-CONSENT-GROUP-368450	GC-CASE-195102	cacatum_non_est_pictum	Black or African American	X	Unknown	nascentes_morimur_finisque_ab_origine_pendet	scientia_et_labor
participant	phs000000_test03	GC-CONSENT-GROUP-368450	GC-CASE-249885	labor_ipse_voluptas	American Indian or Alaska Native	Prefer not to answer	Not allowed to collect	nascentes_morimur_finisque_ab_origine_pendet	id_quod_plerumque_accidit
participant	phs000000_test03	GC-CONSENT-GROUP-368450	GC-CASE-964975	salus_in_arduis	Not Reported	Unknown	Not reported	Gallia_est_omnis_divisa_in_partes_tres	Macte_animo_Generose_puer_sic_itur_ad_astra
participant	phs000000_test03	GC-CONSENT-GROUP-368450	GC-CASE-969355	O_Tite_tute_Tati_tibi_tanta_tyranne_tulisti	Asian	X	Not allowed to collect	O_Tite_tute_Tati_tibi_tanta_tyranne_tulisti	saltus_in_demonstrando
participant	phs000000_test03	GC-CONSENT-GROUP-368450	GC-CASE-574657	a_bene_placito	Unknown	Don't know	Not Hispanic or Latino	Obedientia_civium_urbis_felicitas	Gallia_est_omnis_divisa_in_partes_tres
participant	phs000000_test03	GC-CONSENT-GROUP-368450	GC-CASE-720546	nanos_gigantum_humeris_insidentes	Asian	X	Not reported	a_bene_placito	a_bene_placito
participant	phs000000_test03	GC-CONSENT-GROUP-453060	GC-CASE-314383	saltus_in_demonstrando	Native Hawaiian or other Pacific Islander	Female	Hispanic or Latino	Gallia_est_omnis_divisa_in_partes_tres	scientia,_aere_perennius
participant	phs000000_test03	GC-CONSENT-GROUP-453060	GC-CASE-672910	sapiens_qui_prospicit	Not allowed to collect	Male	Not Hispanic or Latino	scientia,_aere_perennius	scientia_et_labor
participant	phs000000_test03	GC-CONSENT-GROUP-453060	GC-CASE-199801	salus_in_arduis	Asian	Intersex	Not reported	sapiens_qui_prospicit	haec_olim_meminisse_iuvabit
participant	phs000000_test03	GC-CONSENT-GROUP-453060	GC-CASE-188495	scientiae_cedit_mare	Not allowed to collect	Intersex	Unknown	cacatum_non_est_pictum	scientia_imperii_decus_et_tutamen
participant	phs000000_test03	GC-CONSENT-GROUP-453060	GC-CASE-203373	damnant_quod_non_intellegunt	Not allowed to collect	None of these describe me	Not Hispanic or Latino	scientiae_et_patriae	saltus_in_demonstrando
participant	phs000000_test03	GC-CONSENT-GROUP-453060	GC-CASE-355105	imperium_in_imperio	Unknown	Decline to answer	Unknown	scientiae_cedit_mare	scientia_et_sapientia
participant	phs000000_test03	GC-CONSENT-GROUP-453060	GC-CASE-634441	imperium_in_imperio	Native Hawaiian or other Pacific Islander	Prefer not to answer	Not allowed to collect	Gallia_est_omnis_divisa_in_partes_tres	id_quod_plerumque_accidit
participant	phs000000_test03	GC-CONSENT-GROUP-453060	GC-CASE-436698	faber_est_suae_quisque_fortunae	Not allowed to collect	Unknown	Not reported	Gallia_est_omnis_divisa_in_partes_tres	cacatum_non_est_pictum
participant	phs000000_test03	GC-CONSENT-GROUP-453060	GC-CASE-805571	a_bene_placito	Not allowed to collect	Unknown	Not Hispanic or Latino	pace_tua	scientia,_aere_perennius
participant	phs000000_test03	GC-CONSENT-GROUP-453060	GC-CASE-883013	faber_est_suae_quisque_fortunae	American Indian or Alaska Native	Decline to answer	Not allowed to collect	imperium_in_imperio	O_Tite_tute_Tati_tibi_tanta_tyranne_tulisti
participant	phs000000_test03	GC-CONSENT-GROUP-453060	GC-CASE-417721	Macte_animo_Generose_puer_sic_itur_ad_astra	Asian	None of these describe me	Not Hispanic or Latino	faber_est_suae_quisque_fortunae	Gallia_est_omnis_divisa_in_partes_tres
participant	phs000000_test03	GC-CONSENT-GROUP-453060	GC-CASE-300641	scientiae_cedit_mare	Asian	X	Hispanic or Latino	a_bene_placito	scientia,_aere_perennius
participant	phs000000_test03	GC-CONSENT-GROUP-453060	GC-CASE-967545	saltus_in_demonstrando	Asian	Unknown	Unknown	cacatum_non_est_pictum	haec_olim_meminisse_iuvabit
participant	phs000000_test03	GC-CONSENT-GROUP-453060	GC-CASE-907299	a_bene_placito	American Indian or Alaska Native	Don't know	Hispanic or Latino	id_quod_plerumque_accidit	scientiae_et_patriae
participant	phs000000_test03	GC-CONSENT-GROUP-453060	GC-CASE-187536	scientia,_aere_perennius	Black or African American	Decline to answer	Unknown	faber_est_suae_quisque_fortunae	haec_olim_meminisse_iuvabit
participant	phs000000_test03	GC-CONSENT-GROUP-453060	GC-CASE-459164	O_Tite_tute_Tati_tibi_tanta_tyranne_tulisti	Asian	None of these describe me	Unknown	a_bene_placito	labor_ipse_voluptas
participant	phs000000_test03	GC-CONSENT-GROUP-453060	GC-CASE-676842	imperium_in_imperio	Black or African American	Decline to answer	Not reported	scientiae_et_patriae	faber_est_suae_quisque_fortunae
participant	phs000000_test03	GC-CONSENT-GROUP-453060	GC-CASE-295519	id_quod_plerumque_accidit	White	Male	Not reported	nascentes_morimur_finisque_ab_origine_pendet	pace_tua
participant	phs000000_test03	GC-CONSENT-GROUP-453060	GC-CASE-943817	Obedientia_civium_urbis_felicitas	Not Reported	Female	Not allowed to collect	scientia,_aere_perennius	Macte_animo_Generose_puer_sic_itur_ad_astra
participant	phs000000_test03	GC-CONSENT-GROUP-453060	GC-CASE-904472	scientiae_cedit_mare	White	Intersex	Not Hispanic or Latino	salus_in_arduis	scientia_et_sapientia
participant	phs000000_test03	GC-CONSENT-GROUP-778839	GC-CASE-713986	scientia_imperii_decus_et_tutamen	American Indian or Alaska Native	Intersex	Not allowed to collect	scientiae_cedit_mare	imperium_in_imperio
participant	phs000000_test03	GC-CONSENT-GROUP-778839	GC-CASE-458304	nascentes_morimur_finisque_ab_origine_pendet	Unknown	Prefer not to answer	Not Hispanic or Latino	Gallia_est_omnis_divisa_in_partes_tres	O_Tite_tute_Tati_tibi_tanta_tyranne_tulisti
participant	phs000000_test03	GC-CONSENT-GROUP-778839	GC-CASE-255528	Obedientia_civium_urbis_felicitas	White	Intersex	Unknown	a_bene_placito	scientia,_aere_perennius
participant	phs000000_test03	GC-CONSENT-GROUP-778839	GC-CASE-396066	pace_tua	Not allowed to collect	Male	Not allowed to collect	scientia_imperii_decus_et_tutamen	faber_est_suae_quisque_fortunae
participant	phs000000_test03	GC-CONSENT-GROUP-778839	GC-CASE-890996	scientiae_et_patriae	American Indian or Alaska Native	Unknown	Hispanic or Latino	id_quod_plerumque_accidit	scientiae_cedit_mare
participant	phs000000_test03	GC-CONSENT-GROUP-778839	GC-CASE-658519	cacatum_non_est_pictum	Black or African American	X	Unknown	cacatum_non_est_pictum	faber_est_suae_quisque_fortunae
participant	phs000000_test03	GC-CONSENT-GROUP-778839	GC-CASE-759254	Obedientia_civium_urbis_felicitas	White	Don't know	Unknown	scientia_imperii_decus_et_tutamen	nanos_gigantum_humeris_insidentes
participant	phs000000_test03	GC-CONSENT-GROUP-778839	GC-CASE-616530	labor_ipse_voluptas	Black or African American	Unknown	Unknown	pace_tua	faber_est_suae_quisque_fortunae
participant	phs000000_test03	GC-CONSENT-GROUP-778839	GC-CASE-919024	nanos_gigantum_humeris_insidentes	White	Intersex	Not allowed to collect	saltus_in_demonstrando	scientiae_et_patriae
participant	phs000000_test03	GC-CONSENT-GROUP-778839	GC-CASE-449699	nanos_gigantum_humeris_insidentes	American Indian or Alaska Native	Male	Unknown	nanos_gigantum_humeris_insidentes	scientia_et_labor
participant	phs000000_test03	GC-CONSENT-GROUP-778839	GC-CASE-461770	haec_olim_meminisse_iuvabit	Black or African American	None of these describe me	Hispanic or Latino	Obedientia_civium_urbis_felicitas	barba_crescit_caput_nescit
participant	phs000000_test03	GC-CONSENT-GROUP-778839	GC-CASE-221947	barba_crescit_caput_nescit	Native Hawaiian or other Pacific Islander	Decline to answer	Hispanic or Latino	imperium_in_imperio	scientiae_cedit_mare
participant	phs000000_test03	GC-CONSENT-GROUP-778839	GC-CASE-488939	scientiae_cedit_mare	Unknown	Intersex	Not allowed to collect	scientia_imperii_decus_et_tutamen	Gallia_est_omnis_divisa_in_partes_tres
participant	phs000000_test03	GC-CONSENT-GROUP-778839	GC-CASE-800220	scientiae_cedit_mare	Native Hawaiian or other Pacific Islander	Intersex	Not reported	damnant_quod_non_intellegunt	a_bene_placito
participant	phs000000_test03	GC-CONSENT-GROUP-778839	GC-CASE-842708	salus_in_arduis	Unknown	Intersex	Unknown	e_causa_ignota	e_causa_ignota
participant	phs000000_test03	GC-CONSENT-GROUP-778839	GC-CASE-686542	imperium_in_imperio	Unknown	Don't know	Not allowed to collect	saltus_in_demonstrando	scientiae_et_patriae
participant	phs000000_test03	GC-CONSENT-GROUP-778839	GC-CASE-944191	barba_crescit_caput_nescit	Unknown	Prefer not to answer	Not allowed to collect	saltus_in_demonstrando	scientia_imperii_decus_et_tutamen
participant	phs000000_test03	GC-CONSENT-GROUP-778839	GC-CASE-972989	salus_in_arduis	Native Hawaiian or other Pacific Islander	Prefer not to answer	Not reported	Obedientia_civium_urbis_felicitas	Obedientia_civium_urbis_felicitas
participant	phs000000_test03	GC-CONSENT-GROUP-778839	GC-CASE-206808	salus_in_arduis	Not allowed to collect	Don't know	Hispanic or Latino	id_quod_plerumque_accidit	barba_crescit_caput_nescit
participant	phs000000_test03	GC-CONSENT-GROUP-778839	GC-CASE-668311	scientiae_cedit_mare	Not allowed to collect	Prefer not to answer	Not Hispanic or Latino	saltus_in_demonstrando	e_causa_ignota
participant	phs000000_test03	GC-CONSENT-GROUP-367358	GC-CASE-983331	scientiae_cedit_mare	Native Hawaiian or other Pacific Islander	Don't know	Unknown	O_Tite_tute_Tati_tibi_tanta_tyranne_tulisti	nanos_gigantum_humeris_insidentes
participant	phs000000_test03	GC-CONSENT-GROUP-367358	GC-CASE-532394	a_bene_placito	Not Reported	Unknown	Not reported	imperium_in_imperio	cacatum_non_est_pictum
participant	phs000000_test03	GC-CONSENT-GROUP-367358	GC-CASE-213724	scientia_et_labor	Native Hawaiian or other Pacific Islander	Don't know	Hispanic or Latino	saltus_in_demonstrando	damnant_quod_non_intellegunt
participant	phs000000_test03	GC-CONSENT-GROUP-367358	GC-CASE-986727	scientia,_aere_perennius	American Indian or Alaska Native	Decline to answer	Hispanic or Latino	id_quod_plerumque_accidit	imperium_in_imperio
participant	phs000000_test03	GC-CONSENT-GROUP-367358	GC-CASE-677478	imperium_in_imperio	Asian	Male	Not Hispanic or Latino	Obedientia_civium_urbis_felicitas	Gallia_est_omnis_divisa_in_partes_tres
participant	phs000000_test03	GC-CONSENT-GROUP-367358	GC-CASE-887648	scientia,_aere_perennius	Asian	Don't know	Not allowed to collect	haec_olim_meminisse_iuvabit	damnant_quod_non_intellegunt
participant	phs000000_test02	GC-CONSENT-GROUP-367358	GC-CASE-311008	haec_olim_meminisse_iuvabit	Black or African American	Intersex	Not allowed to collect	scientiae_cedit_mare	scientia,_aere_perennius
participant	phs000000_test02	GC-CONSENT-GROUP-367358	GC-CASE-770014	scientiae_et_patriae	Not Reported	Don't know	Not reported	barba_crescit_caput_nescit	Macte_animo_Generose_puer_sic_itur_ad_astra
participant	phs000000_test02	GC-CONSENT-GROUP-367358	GC-CASE-812082	scientia_et_sapientia	American Indian or Alaska Native	X	Hispanic or Latino	a_bene_placito	salus_in_arduis
participant	phs000000_test02	GC-CONSENT-GROUP-367358	GC-CASE-717701	a_bene_placito	Unknown	Male	Not Hispanic or Latino	sapiens_qui_prospicit	haec_olim_meminisse_iuvabit
participant	phs000000_test02	GC-CONSENT-GROUP-367358	GC-CASE-628096	saltus_in_demonstrando	American Indian or Alaska Native	Decline to answer	Unknown	cacatum_non_est_pictum	Obedientia_civium_urbis_felicitas
participant	phs000000_test02	GC-CONSENT-GROUP-367358	GC-CASE-641563	scientia,_aere_perennius	White	Unknown	Not allowed to collect	scientia_et_labor	pace_tua
participant	phs000000_test02	GC-CONSENT-GROUP-367358	GC-CASE-197541	scientiae_cedit_mare	Unknown	Decline to answer	Not reported	scientiae_et_patriae	faber_est_suae_quisque_fortunae
participant	phs000000_test02	GC-CONSENT-GROUP-367358	GC-CASE-265606	id_quod_plerumque_accidit	Unknown	Decline to answer	Unknown	nascentes_morimur_finisque_ab_origine_pendet	scientiae_cedit_mare
participant	phs000000_test02	GC-CONSENT-GROUP-367358	GC-CASE-331851	a_bene_placito	American Indian or Alaska Native	Don't know	Unknown	pace_tua	nanos_gigantum_humeris_insidentes
participant	phs000000_test02	GC-CONSENT-GROUP-367358	GC-CASE-814850	scientiae_cedit_mare	Black or African American	Female	Hispanic or Latino	barba_crescit_caput_nescit	nascentes_morimur_finisque_ab_origine_pendet
participant	phs000000_test02	GC-CONSENT-GROUP-367358	GC-CASE-963424	damnant_quod_non_intellegunt	American Indian or Alaska Native	Intersex	Not allowed to collect	salus_in_arduis	scientia_et_sapientia
participant	phs000000_test02	GC-CONSENT-GROUP-367358	GC-CASE-186672	cacatum_non_est_pictum	White	None of these describe me	Not allowed to collect	salus_in_arduis	scientia,_aere_perennius
participant	phs000000_test02	GC-CONSENT-GROUP-367358	GC-CASE-890076	saltus_in_demonstrando	Black or African American	None of these describe me	Not allowed to collect	scientia_imperii_decus_et_tutamen	faber_est_suae_quisque_fortunae
participant	phs000000_test02	GC-CONSENT-GROUP-367358	GC-CASE-409180	damnant_quod_non_intellegunt	Unknown	Unknown	Hispanic or Latino	pace_tua	scientiae_et_patriae
participant	phs000000_test02	GC-CONSENT-GROUP-541874	GC-CASE-895982	labor_ipse_voluptas	American Indian or Alaska Native	Unknown	Not Hispanic or Latino	nanos_gigantum_humeris_insidentes	sapiens_qui_prospicit
participant	phs000000_test02	GC-CONSENT-GROUP-541874	GC-CASE-328030	scientia,_aere_perennius	Not allowed to collect	Prefer not to answer	Not Hispanic or Latino	Gallia_est_omnis_divisa_in_partes_tres	saltus_in_demonstrando
participant	phs000000_test02	GC-CONSENT-GROUP-541874	GC-CASE-568076	scientia_et_labor	American Indian or Alaska Native	Male	Unknown	Macte_animo_Generose_puer_sic_itur_ad_astra	scientia_et_sapientia
participant	phs000000_test02	GC-CONSENT-GROUP-541874	GC-CASE-464804	scientia_et_labor	Black or African American	Female	Unknown	faber_est_suae_quisque_fortunae	damnant_quod_non_intellegunt
participant	phs000000_test02	GC-CONSENT-GROUP-541874	GC-CASE-972091	id_quod_plerumque_accidit	Not Reported	X	Not reported	pace_tua	cacatum_non_est_pictum
participant	phs000000_test02	GC-CONSENT-GROUP-541874	GC-CASE-572934	labor_ipse_voluptas	American Indian or Alaska Native	Don't know	Not reported	O_Tite_tute_Tati_tibi_tanta_tyranne_tulisti	O_Tite_tute_Tati_tibi_tanta_tyranne_tulisti
participant	phs000000_test02	GC-CONSENT-GROUP-541874	GC-CASE-862097	haec_olim_meminisse_iuvabit	White	Prefer not to answer	Not Hispanic or Latino	nanos_gigantum_humeris_insidentes	e_causa_ignota
participant	phs000000_test02	GC-CONSENT-GROUP-541874	GC-CASE-403650	pace_tua	Unknown	Intersex	Not allowed to collect	scientiae_cedit_mare	id_quod_plerumque_accidit
participant	phs000000_test02	GC-CONSENT-GROUP-541874	GC-CASE-745759	Gallia_est_omnis_divisa_in_partes_tres	Asian	Unknown	Unknown	haec_olim_meminisse_iuvabit	Obedientia_civium_urbis_felicitas
participant	phs000000_test02	GC-CONSENT-GROUP-541874	GC-CASE-507272	scientiae_et_patriae	White	Prefer not to answer	Not Hispanic or Latino	barba_crescit_caput_nescit	cacatum_non_est_pictum
participant	phs000000_test02	GC-CONSENT-GROUP-541874	GC-CASE-845723	Gallia_est_omnis_divisa_in_partes_tres	Not Reported	Male	Not Hispanic or Latino	O_Tite_tute_Tati_tibi_tanta_tyranne_tulisti	scientia,_aere_perennius
participant	phs000000_test02	GC-CONSENT-GROUP-541874	GC-CASE-118948	Obedientia_civium_urbis_felicitas	American Indian or Alaska Native	Intersex	Not reported	scientiae_cedit_mare	cacatum_non_est_pictum
participant	phs000000_test02	GC-CONSENT-GROUP-541874	GC-CASE-807171	scientia,_aere_perennius	White	X	Not Hispanic or Latino	barba_crescit_caput_nescit	scientia_et_sapientia
participant	phs000000_test02	GC-CONSENT-GROUP-541874	GC-CASE-409089	scientia,_aere_perennius	White	Unknown	Not Hispanic or Latino	saltus_in_demonstrando	scientia_et_sapientia
participant	phs000000_test02	GC-CONSENT-GROUP-541874	GC-CASE-159142	labor_ipse_voluptas	Native Hawaiian or other Pacific Islander	Male	Unknown	scientiae_cedit_mare	Macte_animo_Generose_puer_sic_itur_ad_astra
participant	phs000000_test02	GC-CONSENT-GROUP-541874	GC-CASE-458221	pace_tua	White	Male	Not Hispanic or Latino	scientia_et_labor	scientia,_aere_perennius
participant	phs000000_test02	GC-CONSENT-GROUP-541874	GC-CASE-463141	a_bene_placito	Black or African American	None of these describe me	Hispanic or Latino	Gallia_est_omnis_divisa_in_partes_tres	haec_olim_meminisse_iuvabit
participant	phs000000_test02	GC-CONSENT-GROUP-541874	GC-CASE-665616	Obedientia_civium_urbis_felicitas	American Indian or Alaska Native	X	Not reported	saltus_in_demonstrando	Obedientia_civium_urbis_felicitas
participant	phs000000_test02	GC-CONSENT-GROUP-541874	GC-CASE-174949	imperium_in_imperio	Asian	Unknown	Not allowed to collect	salus_in_arduis	scientiae_et_patriae
participant	phs000000_test02	GC-CONSENT-GROUP-541874	GC-CASE-171966	cacatum_non_est_pictum	Black or African American	Intersex	Hispanic or Latino	id_quod_plerumque_accidit	labor_ipse_voluptas
participant	phs000000_test02	GC-CONSENT-GROUP-995769	GC-CASE-667695	salus_in_arduis	Native Hawaiian or other Pacific Islander	Male	Not allowed to collect	nascentes_morimur_finisque_ab_origine_pendet	id_quod_plerumque_accidit
participant	phs000000_test02	GC-CONSENT-GROUP-995769	GC-CASE-333898	scientia_et_sapientia	White	X	Unknown	id_quod_plerumque_accidit	scientiae_et_patriae
participant	phs000000_test02	GC-CONSENT-GROUP-995769	GC-CASE-696395	scientia_et_labor	Not allowed to collect	Decline to answer	Not Hispanic or Latino	nascentes_morimur_finisque_ab_origine_pendet	salus_in_arduis
participant	phs000000_test02	GC-CONSENT-GROUP-995769	GC-CASE-240219	barba_crescit_caput_nescit	Not allowed to collect	None of these describe me	Not allowed to collect	scientiae_et_patriae	nascentes_morimur_finisque_ab_origine_pendet
participant	phs000000_test02	GC-CONSENT-GROUP-995769	GC-CASE-970864	scientia_et_sapientia	Native Hawaiian or other Pacific Islander	Male	Hispanic or Latino	scientia,_aere_perennius	scientia_imperii_decus_et_tutamen
participant	phs000000_test02	GC-CONSENT-GROUP-995769	GC-CASE-706005	salus_in_arduis	Black or African American	Unknown	Not reported	scientiae_cedit_mare	cacatum_non_est_pictum
participant	phs000000_test02	GC-CONSENT-GROUP-995769	GC-CASE-638944	scientia_imperii_decus_et_tutamen	American Indian or Alaska Native	Intersex	Hispanic or Latino	Macte_animo_Generose_puer_sic_itur_ad_astra	a_bene_placito
participant	phs000000_test02	GC-CONSENT-GROUP-995769	GC-CASE-329037	cacatum_non_est_pictum	American Indian or Alaska Native	Unknown	Not allowed to collect	imperium_in_imperio	e_causa_ignota
participant	phs000000_test02	GC-CONSENT-GROUP-995769	GC-CASE-599665	scientia_et_sapientia	Not allowed to collect	Don't know	Unknown	scientia_et_sapientia	scientia_et_sapientia
participant	phs000000_test02	GC-CONSENT-GROUP-995769	GC-CASE-679850	sapiens_qui_prospicit	Black or African American	Male	Hispanic or Latino	labor_ipse_voluptas	pace_tua
participant	phs000000_test02	GC-CONSENT-GROUP-995769	GC-CASE-903057	e_causa_ignota	Unknown	Intersex	Not Hispanic or Latino	nanos_gigantum_humeris_insidentes	labor_ipse_voluptas
participant	phs000000_test02	GC-CONSENT-GROUP-995769	GC-CASE-162461	barba_crescit_caput_nescit	White	Unknown	Hispanic or Latino	scientiae_et_patriae	O_Tite_tute_Tati_tibi_tanta_tyranne_tulisti
participant	phs000000_test02	GC-CONSENT-GROUP-995769	GC-CASE-787429	Obedientia_civium_urbis_felicitas	Black or African American	None of these describe me	Not allowed to collect	Obedientia_civium_urbis_felicitas	cacatum_non_est_pictum
participant	phs000000_test02	GC-CONSENT-GROUP-995769	GC-CASE-746338	nascentes_morimur_finisque_ab_origine_pendet	Native Hawaiian or other Pacific Islander	Female	Not reported	pace_tua	a_bene_placito
participant	phs000000_test02	GC-CONSENT-GROUP-995769	GC-CASE-567215	scientiae_et_patriae	Not allowed to collect	Unknown	Not allowed to collect	sapiens_qui_prospicit	sapiens_qui_prospicit
participant	phs000000_test02	GC-CONSENT-GROUP-995769	GC-CASE-325888	a_bene_placito	Native Hawaiian or other Pacific Islander	Male	Not Hispanic or Latino	a_bene_placito	nascentes_morimur_finisque_ab_origine_pendet
participant	phs000000_test02	GC-CONSENT-GROUP-995769	GC-CASE-265108	id_quod_plerumque_accidit	Black or African American	Unknown	Hispanic or Latino	a_bene_placito	faber_est_suae_quisque_fortunae
participant	phs000000_test02	GC-CONSENT-GROUP-995769	GC-CASE-440686	scientiae_et_patriae	Asian	Male	Not Hispanic or Latino	scientiae_et_patriae	scientiae_et_patriae
participant	phs000000_test02	GC-CONSENT-GROUP-995769	GC-CASE-898304	labor_ipse_voluptas	American Indian or Alaska Native	Prefer not to answer	Not Hispanic or Latino	haec_olim_meminisse_iuvabit	sapiens_qui_prospicit
participant	phs000000_test02	GC-CONSENT-GROUP-995769	GC-CASE-865023	nascentes_morimur_finisque_ab_origine_pendet	Black or African American	None of these describe me	Not Hispanic or Latino	scientia_imperii_decus_et_tutamen	sapiens_qui_prospicit
participant	phs000000_test02	GC-CONSENT-GROUP-182778	GC-CASE-305691	nascentes_morimur_finisque_ab_origine_pendet	Not allowed to collect	Female	Not Hispanic or Latino	pace_tua	nascentes_morimur_finisque_ab_origine_pendet
participant	phs000000_test02	GC-CONSENT-GROUP-182778	GC-CASE-105763	nanos_gigantum_humeris_insidentes	White	None of these describe me	Not reported	Gallia_est_omnis_divisa_in_partes_tres	salus_in_arduis
participant	phs000000_test02	GC-CONSENT-GROUP-182778	GC-CASE-577893	e_causa_ignota	Black or African American	Unknown	Not reported	barba_crescit_caput_nescit	Gallia_est_omnis_divisa_in_partes_tres
participant	phs000000_test02	GC-CONSENT-GROUP-182778	GC-CASE-685418	nanos_gigantum_humeris_insidentes	Not Reported	Male	Not reported	haec_olim_meminisse_iuvabit	scientia_et_labor
participant	phs000000_test02	GC-CONSENT-GROUP-182778	GC-CASE-341183	e_causa_ignota	Unknown	Male	Unknown	O_Tite_tute_Tati_tibi_tanta_tyranne_tulisti	e_causa_ignota
participant	phs000000_test02	GC-CONSENT-GROUP-182778	GC-CASE-479219	scientiae_et_patriae	White	Male	Not allowed to collect	nanos_gigantum_humeris_insidentes	faber_est_suae_quisque_fortunae
participant	phs000000_test02	GC-CONSENT-GROUP-182778	GC-CASE-267232	salus_in_arduis	Not Reported	X	Not allowed to collect	pace_tua	barba_crescit_caput_nescit
participant	phs000000_test02	GC-CONSENT-GROUP-182778	GC-CASE-690883	scientiae_et_patriae	Native Hawaiian or other Pacific Islander	X	Not allowed to collect	scientiae_cedit_mare	imperium_in_imperio
participant	phs000000_test02	GC-CONSENT-GROUP-182778	GC-CASE-899168	scientiae_et_patriae	Asian	None of these describe me	Not allowed to collect	cacatum_non_est_pictum	id_quod_plerumque_accidit
participant	phs000000_test02	GC-CONSENT-GROUP-182778	GC-CASE-925968	scientia,_aere_perennius	Not allowed to collect	X	Not reported	Macte_animo_Generose_puer_sic_itur_ad_astra	Obedientia_civium_urbis_felicitas
participant	phs000000_test02	GC-CONSENT-GROUP-182778	GC-CASE-317065	damnant_quod_non_intellegunt	White	Intersex	Unknown	id_quod_plerumque_accidit	pace_tua
participant	phs000000_test02	GC-CONSENT-GROUP-182778	GC-CASE-469603	haec_olim_meminisse_iuvabit	White	None of these describe me	Hispanic or Latino	e_causa_ignota	scientia_imperii_decus_et_tutamen
participant	phs000000_test01	GC-CONSENT-GROUP-182778	GC-CASE-529049	imperium_in_imperio	American Indian or Alaska Native	X	Not allowed to collect	scientiae_cedit_mare	saltus_in_demonstrando
participant	phs000000_test01	GC-CONSENT-GROUP-182778	GC-CASE-673576	nascentes_morimur_finisque_ab_origine_pendet	Asian	Intersex	Not reported	Gallia_est_omnis_divisa_in_partes_tres	sapiens_qui_prospicit
participant	phs000000_test01	GC-CONSENT-GROUP-182778	GC-CASE-800617	a_bene_placito	Not allowed to collect	Intersex	Hispanic or Latino	a_bene_placito	barba_crescit_caput_nescit
participant	phs000000_test01	GC-CONSENT-GROUP-182778	GC-CASE-196131	e_causa_ignota	Native Hawaiian or other Pacific Islander	Intersex	Not Hispanic or Latino	haec_olim_meminisse_iuvabit	labor_ipse_voluptas
participant	phs000000_test01	GC-CONSENT-GROUP-182778	GC-CASE-257765	nascentes_morimur_finisque_ab_origine_pendet	Native Hawaiian or other Pacific Islander	Decline to answer	Not Hispanic or Latino	Gallia_est_omnis_divisa_in_partes_tres	saltus_in_demonstrando
participant	phs000000_test01	GC-CONSENT-GROUP-182778	GC-CASE-839256	haec_olim_meminisse_iuvabit	White	Intersex	Hispanic or Latino	scientiae_et_patriae	Obedientia_civium_urbis_felicitas
participant	phs000000_test01	GC-CONSENT-GROUP-182778	GC-CASE-861659	a_bene_placito	Black or African American	X	Not reported	labor_ipse_voluptas	imperium_in_imperio
participant	phs000000_test01	GC-CONSENT-GROUP-182778	GC-CASE-938340	id_quod_plerumque_accidit	Not allowed to collect	X	Unknown	e_causa_ignota	damnant_quod_non_intellegunt
participant	phs000000_test01	GC-CONSENT-GROUP-803230	GC-CASE-890532	O_Tite_tute_Tati_tibi_tanta_tyranne_tulisti	Black or African American	X	Not reported	Gallia_est_omnis_divisa_in_partes_tres	id_quod_plerumque_accidit
participant	phs000000_test01	GC-CONSENT-GROUP-803230	GC-CASE-506436	damnant_quod_non_intellegunt	Not allowed to collect	Female	Not allowed to collect	scientiae_cedit_mare	scientia_et_sapientia
participant	phs000000_test01	GC-CONSENT-GROUP-803230	GC-CASE-351567	Macte_animo_Generose_puer_sic_itur_ad_astra	Not Reported	Unknown	Unknown	labor_ipse_voluptas	cacatum_non_est_pictum
participant	phs000000_test01	GC-CONSENT-GROUP-803230	GC-CASE-895549	sapiens_qui_prospicit	Asian	Male	Unknown	scientia_et_sapientia	scientia,_aere_perennius
participant	phs000000_test01	GC-CONSENT-GROUP-803230	GC-CASE-876163	haec_olim_meminisse_iuvabit	Native Hawaiian or other Pacific Islander	Intersex	Not allowed to collect	Gallia_est_omnis_divisa_in_partes_tres	cacatum_non_est_pictum
participant	phs000000_test01	GC-CONSENT-GROUP-803230	GC-CASE-265843	O_Tite_tute_Tati_tibi_tanta_tyranne_tulisti	Asian	None of these describe me	Not Hispanic or Latino	saltus_in_demonstrando	saltus_in_demonstrando
participant	phs000000_test01	GC-CONSENT-GROUP-803230	GC-CASE-671988	haec_olim_meminisse_iuvabit	White	Prefer not to answer	Hispanic or Latino	nascentes_morimur_finisque_ab_origine_pendet	salus_in_arduis
participant	phs000000_test01	GC-CONSENT-GROUP-803230	GC-CASE-819842	barba_crescit_caput_nescit	Unknown	Decline to answer	Not allowed to collect	sapiens_qui_prospicit	sapiens_qui_prospicit
participant	phs000000_test01	GC-CONSENT-GROUP-803230	GC-CASE-713660	scientia_et_sapientia	Native Hawaiian or other Pacific Islander	Prefer not to answer	Hispanic or Latino	Macte_animo_Generose_puer_sic_itur_ad_astra	cacatum_non_est_pictum
participant	phs000000_test01	GC-CONSENT-GROUP-803230	GC-CASE-318081	scientia_imperii_decus_et_tutamen	Native Hawaiian or other Pacific Islander	Female	Not reported	id_quod_plerumque_accidit	Macte_animo_Generose_puer_sic_itur_ad_astra
participant	phs000000_test01	GC-CONSENT-GROUP-803230	GC-CASE-609682	scientiae_et_patriae	Black or African American	Female	Not reported	Gallia_est_omnis_divisa_in_partes_tres	scientiae_et_patriae
participant	phs000000_test01	GC-CONSENT-GROUP-803230	GC-CASE-696979	O_Tite_tute_Tati_tibi_tanta_tyranne_tulisti	Native Hawaiian or other Pacific Islander	Intersex	Unknown	scientiae_cedit_mare	nascentes_morimur_finisque_ab_origine_pendet
participant	phs000000_test01	GC-CONSENT-GROUP-803230	GC-CASE-368233	damnant_quod_non_intellegunt	White	Intersex	Not reported	sapiens_qui_prospicit	e_causa_ignota
participant	phs000000_test01	GC-CONSENT-GROUP-803230	GC-CASE-838351	id_quod_plerumque_accidit	Black or African American	None of these describe me	Not allowed to collect	O_Tite_tute_Tati_tibi_tanta_tyranne_tulisti	nascentes_morimur_finisque_ab_origine_pendet
participant	phs000000_test01	GC-CONSENT-GROUP-803230	GC-CASE-558543	a_bene_placito	Black or African American	Unknown	Unknown	Macte_animo_Generose_puer_sic_itur_ad_astra	pace_tua
participant	phs000000_test01	GC-CONSENT-GROUP-803230	GC-CASE-581387	nanos_gigantum_humeris_insidentes	Not Reported	Unknown	Unknown	haec_olim_meminisse_iuvabit	Macte_animo_Generose_puer_sic_itur_ad_astra
participant	phs000000_test01	GC-CONSENT-GROUP-803230	GC-CASE-494900	Macte_animo_Generose_puer_sic_itur_ad_astra	Not allowed to collect	Unknown	Unknown	id_quod_plerumque_accidit	pace_tua
participant	phs000000_test01	GC-CONSENT-GROUP-803230	GC-CASE-584931	sapiens_qui_prospicit	Black or African American	Decline to answer	Not reported	faber_est_suae_quisque_fortunae	scientiae_et_patriae
participant	phs000000_test01	GC-CONSENT-GROUP-803230	GC-CASE-727452	scientia_et_labor	Not Reported	None of these describe me	Unknown	scientiae_et_patriae	e_causa_ignota
participant	phs000000_test01	GC-CONSENT-GROUP-803230	GC-CASE-102697	e_causa_ignota	Native Hawaiian or other Pacific Islander	Prefer not to answer	Not reported	nascentes_morimur_finisque_ab_origine_pendet	scientia_et_labor
participant	phs000000_test01	GC-CONSENT-GROUP-436430	GC-CASE-743389	a_bene_placito	Unknown	Female	Unknown	scientia_et_labor	e_causa_ignota
participant	phs000000_test01	GC-CONSENT-GROUP-436430	GC-CASE-231468	Macte_animo_Generose_puer_sic_itur_ad_astra	Native Hawaiian or other Pacific Islander	None of these describe me	Hispanic or Latino	sapiens_qui_prospicit	a_bene_placito
participant	phs000000_test01	GC-CONSENT-GROUP-436430	GC-CASE-292794	scientiae_cedit_mare	Black or African American	Decline to answer	Unknown	e_causa_ignota	id_quod_plerumque_accidit
participant	phs000000_test01	GC-CONSENT-GROUP-436430	GC-CASE-604481	scientia_imperii_decus_et_tutamen	American Indian or Alaska Native	Male	Not Hispanic or Latino	Obedientia_civium_urbis_felicitas	pace_tua
participant	phs000000_test01	GC-CONSENT-GROUP-436430	GC-CASE-251021	e_causa_ignota	Not allowed to collect	Female	Not reported	Obedientia_civium_urbis_felicitas	id_quod_plerumque_accidit
participant	phs000000_test01	GC-CONSENT-GROUP-436430	GC-CASE-393023	Obedientia_civium_urbis_felicitas	Not allowed to collect	Male	Unknown	damnant_quod_non_intellegunt	faber_est_suae_quisque_fortunae
participant	phs000000_test01	GC-CONSENT-GROUP-436430	GC-CASE-907863	haec_olim_meminisse_iuvabit	Not allowed to collect	Male	Not allowed to collect	saltus_in_demonstrando	e_causa_ignota
participant	phs000000_test01	GC-CONSENT-GROUP-436430	GC-CASE-664067	nanos_gigantum_humeris_insidentes	White	Prefer not to answer	Unknown	O_Tite_tute_Tati_tibi_tanta_tyranne_tulisti	O_Tite_tute_Tati_tibi_tanta_tyranne_tulisti
participant	phs000000_test01	GC-CONSENT-GROUP-436430	GC-CASE-286882	damnant_quod_non_intellegunt	Not allowed to collect	Intersex	Hispanic or Latino	id_quod_plerumque_accidit	scientiae_et_patriae
participant	phs000000_test01	GC-CONSENT-GROUP-436430	GC-CASE-565676	scientia,_aere_perennius	Unknown	Prefer not to answer	Unknown	scientiae_cedit_mare	scientia,_aere_perennius
participant	phs000000_test01	GC-CONSENT-GROUP-436430	GC-CASE-395126	scientia,_aere_perennius	Asian	Decline to answer	Not reported	Macte_animo_Generose_puer_sic_itur_ad_astra	scientiae_et_patriae
participant	phs000000_test01	GC-CONSENT-GROUP-436430	GC-CASE-897059	saltus_in_demonstrando	Not Reported	Intersex	Not allowed to collect	scientiae_et_patriae	scientiae_cedit_mare
participant	phs000000_test01	GC-CONSENT-GROUP-436430	GC-CASE-818930	a_bene_placito	Not allowed to collect	Female	Not reported	scientiae_et_patriae	salus_in_arduis
participant	phs000000_test01	GC-CONSENT-GROUP-436430	GC-CASE-632188	nascentes_morimur_finisque_ab_origine_pendet	Black or African American	Unknown	Not reported	scientia_et_sapientia	id_quod_plerumque_accidit
participant	phs000000_test01	GC-CONSENT-GROUP-436430	GC-CASE-114232	cacatum_non_est_pictum	Unknown	Don't know	Unknown	Macte_animo_Generose_puer_sic_itur_ad_astra	pace_tua
participant	phs000000_test01	GC-CONSENT-GROUP-436430	GC-CASE-236021	saltus_in_demonstrando	Black or African American	None of these describe me	Unknown	imperium_in_imperio	salus_in_arduis
participant	phs000000_test01	GC-CONSENT-GROUP-436430	GC-CASE-422542	scientia_et_sapientia	Not allowed to collect	Male	Unknown	faber_est_suae_quisque_fortunae	salus_in_arduis
participant	phs000000_test01	GC-CONSENT-GROUP-436430	GC-CASE-407659	damnant_quod_non_intellegunt	Unknown	Decline to answer	Not Hispanic or Latino	sapiens_qui_prospicit	damnant_quod_non_intellegunt
participant	phs000000_test01	GC-CONSENT-GROUP-436430	GC-CASE-797861	a_bene_placito	Not Reported	Intersex	Not reported	Obedientia_civium_urbis_felicitas	faber_est_suae_quisque_fortunae
participant	phs000000_test01	GC-CONSENT-GROUP-436430	GC-CASE-928741	scientia_et_labor	Native Hawaiian or other Pacific Islander	Female	Not allowed to collect	scientiae_cedit_mare	Gallia_est_omnis_divisa_in_partes_tres
participant	phs000000_test01	GC-CONSENT-GROUP-771354	GC-CASE-372035	damnant_quod_non_intellegunt	Not Reported	Don't know	Not Hispanic or Latino	sapiens_qui_prospicit	pace_tua
participant	phs000000_test01	GC-CONSENT-GROUP-771354	GC-CASE-327664	scientia_et_labor	Native Hawaiian or other Pacific Islander	X	Hispanic or Latino	pace_tua	O_Tite_tute_Tati_tibi_tanta_tyranne_tulisti
participant	phs000000_test01	GC-CONSENT-GROUP-771354	GC-CASE-292645	pace_tua	Not Reported	Prefer not to answer	Not Hispanic or Latino	cacatum_non_est_pictum	Macte_animo_Generose_puer_sic_itur_ad_astra
participant	phs000000_test01	GC-CONSENT-GROUP-771354	GC-CASE-605712	scientia_imperii_decus_et_tutamen	American Indian or Alaska Native	Decline to answer	Not allowed to collect	Macte_animo_Generose_puer_sic_itur_ad_astra	scientiae_cedit_mare
participant	phs000000_test01	GC-CONSENT-GROUP-771354	GC-CASE-390070	faber_est_suae_quisque_fortunae	White	Don't know	Not reported	Obedientia_civium_urbis_felicitas	saltus_in_demonstrando
participant	phs000000_test01	GC-CONSENT-GROUP-771354	GC-CASE-658373	nanos_gigantum_humeris_insidentes	Asian	X	Unknown	nanos_gigantum_humeris_insidentes	labor_ipse_voluptas
participant	phs000000_test01	GC-CONSENT-GROUP-771354	GC-CASE-399744	scientia,_aere_perennius	Unknown	X	Not reported	Obedientia_civium_urbis_felicitas	Macte_animo_Generose_puer_sic_itur_ad_astra
participant	phs000000_test01	GC-CONSENT-GROUP-771354	GC-CASE-410120	imperium_in_imperio	Not Reported	Intersex	Not reported	pace_tua	damnant_quod_non_intellegunt
participant	phs000000_test01	GC-CONSENT-GROUP-771354	GC-CASE-768028	labor_ipse_voluptas	Native Hawaiian or other Pacific Islander	Intersex	Not allowed to collect	sapiens_qui_prospicit	scientiae_cedit_mare
participant	phs000000_test01	GC-CONSENT-GROUP-771354	GC-CASE-372615	haec_olim_meminisse_iuvabit	Not allowed to collect	Prefer not to answer	Unknown	Obedientia_civium_urbis_felicitas	Gallia_est_omnis_divisa_in_partes_tres
participant	phs000000_test01	GC-CONSENT-GROUP-771354	GC-CASE-297993	scientia_et_sapientia	Black or African American	Female	Unknown	haec_olim_meminisse_iuvabit	e_causa_ignota
participant	phs000000_test01	GC-CONSENT-GROUP-771354	GC-CASE-343073	id_quod_plerumque_accidit	Unknown	Prefer not to answer	Unknown	damnant_quod_non_intellegunt	Gallia_est_omnis_divisa_in_partes_tres
participant	phs000000_test01	GC-CONSENT-GROUP-771354	GC-CASE-217461	Obedientia_civium_urbis_felicitas	Black or African American	Male	Hispanic or Latino	scientiae_cedit_mare	e_causa_ignota
participant	phs000000_test01	GC-CONSENT-GROUP-771354	GC-CASE-698258	a_bene_placito	Not allowed to collect	Prefer not to answer	Unknown	Obedientia_civium_urbis_felicitas	labor_ipse_voluptas
participant	phs000000_test01	GC-CONSENT-GROUP-771354	GC-CASE-448664	scientiae_et_patriae	Not Reported	None of these describe me	Not reported	e_causa_ignota	damnant_quod_non_intellegunt
participant	phs000000_test01	GC-CONSENT-GROUP-771354	GC-CASE-865060	labor_ipse_voluptas	American Indian or Alaska Native	Prefer not to answer	Not allowed to collect	id_quod_plerumque_accidit	saltus_in_demonstrando
participant	phs000000_test01	GC-CONSENT-GROUP-771354	GC-CASE-953365	Obedientia_civium_urbis_felicitas	Black or African American	Male	Not reported	scientia_imperii_decus_et_tutamen	pace_tua
participant	phs000000_test01	GC-CONSENT-GROUP-771354	GC-CASE-857139	labor_ipse_voluptas	Black or African American	None of these describe me	Unknown	e_causa_ignota	scientia_et_labor
participant	phs000000_test01	GC-CONSENT-GROUP-771354	GC-CASE-583455	scientia,_aere_perennius	Not Reported	Male	Not Hispanic or Latino	scientia_et_labor	scientia_imperii_decus_et_tutamen
participant	phs000000_test01	GC-CONSENT-GROUP-771354	GC-CASE-733543	nanos_gigantum_humeris_insidentes	Not Reported	Intersex	Not Hispanic or Latino	scientia_imperii_decus_et_tutamen	saltus_in_demonstrando
