type	study.phs_accession	study_participant_id	participant_id	race	gender	ethnicity	dbGaP_subject_id
participant	806040	CDS-CASE-962746	haec_olim_meminisse_iuvabit	Black or African American	Not Reported	Hispanic or Latino	Macte_animo_Generose_puer_sic_itur_ad_astra
participant	806040	CDS-CASE-814767	sapiens_qui_prospicit	Native Hawaiian or other Pacific Islander	Female	Unknown	salus_in_arduis
participant	806040	CDS-CASE-845936	scientia_et_sapientia	Not Reported	Unknown	Not Hispanic or Latino	nanos_gigantum_humeris_insidentes
participant	806040	CDS-CASE-292069	Gallia_est_omnis_divisa_in_partes_tres	Asian	Male	Hispanic or Latino	scientia_imperii_decus_et_tutamen
participant	806040	CDS-CASE-628491	Obedientia_civium_urbis_felicitas	Native Hawaiian or other Pacific Islander	Not Reported	Hispanic or Latino	saltus_in_demonstrando
participant	806040	CDS-CASE-592632	salus_in_arduis	American Indian or Alaska Native	Unknown	Not allowed to collect	scientia_et_sapientia
participant	806040	CDS-CASE-537921	Obedientia_civium_urbis_felicitas	White	Intersex	Unknown	pace_tua
participant	806040	CDS-CASE-671547	faber_est_suae_quisque_fortunae	American Indian or Alaska Native	Female	Unknown	scientiae_et_patriae
participant	806040	CDS-CASE-192818	saltus_in_demonstrando	American Indian or Alaska Native	Male	Not Hispanic or Latino	nascentes_morimur_finisque_ab_origine_pendet
participant	806040	CDS-CASE-852863	barba_crescit_caput_nescit	White	Unspecified	Not allowed to collect	a_bene_placito
participant	806040	CDS-CASE-697262	saltus_in_demonstrando	American Indian or Alaska Native	Male	Not reported	imperium_in_imperio
participant	806040	CDS-CASE-673892	e_causa_ignota	Not Reported	Not Reported	Hispanic or Latino	damnant_quod_non_intellegunt
participant	806040	CDS-CASE-381941	scientiae_et_patriae	Not Reported	Not Reported	Hispanic or Latino	e_causa_ignota
participant	806040	CDS-CASE-311806	cacatum_non_est_pictum	American Indian or Alaska Native	Female	Not reported	O_Tite_tute_Tati_tibi_tanta_tyranne_tulisti
participant	806040	CDS-CASE-240582	a_bene_placito	Black or African American	Unspecified	Hispanic or Latino	cacatum_non_est_pictum
participant	806040	CDS-CASE-482575	nanos_gigantum_humeris_insidentes	Not Reported	Intersex	Not Hispanic or Latino	scientia_et_sapientia
participant	806040	CDS-CASE-387320	barba_crescit_caput_nescit	Black or African American	Not Reported	Unknown	Macte_animo_Generose_puer_sic_itur_ad_astra
participant	806040	CDS-CASE-413059	scientiae_cedit_mare	American Indian or Alaska Native	Unspecified	Hispanic or Latino	scientia_et_labor
participant	806040	CDS-CASE-888023	O_Tite_tute_Tati_tibi_tanta_tyranne_tulisti	Not Reported	Unknown	Unknown	damnant_quod_non_intellegunt
participant	806040	CDS-CASE-412658	Gallia_est_omnis_divisa_in_partes_tres	Unknown	Female	Hispanic or Latino	salus_in_arduis
participant	806040	CDS-CASE-121891	pace_tua	Black or African American	Unknown	Not Hispanic or Latino	scientiae_et_patriae
participant	806040	CDS-CASE-183443	Gallia_est_omnis_divisa_in_partes_tres	American Indian or Alaska Native	Female	Not allowed to collect	labor_ipse_voluptas
participant	806040	CDS-CASE-605114	Obedientia_civium_urbis_felicitas	Black or African American	Male	Unknown	nascentes_morimur_finisque_ab_origine_pendet
participant	806040	CDS-CASE-891451	faber_est_suae_quisque_fortunae	Black or African American	Male	Unknown	scientiae_cedit_mare
participant	806040	CDS-CASE-207224	nascentes_morimur_finisque_ab_origine_pendet	Not allowed to collect	Female	Unknown	a_bene_placito
participant	806040	CDS-CASE-467011	nascentes_morimur_finisque_ab_origine_pendet	Asian	Not Reported	Not allowed to collect	damnant_quod_non_intellegunt
participant	806040	CDS-CASE-597452	a_bene_placito	Not allowed to collect	Not Reported	Unknown	barba_crescit_caput_nescit
participant	806040	CDS-CASE-271855	faber_est_suae_quisque_fortunae	Not Reported	Unknown	Not Hispanic or Latino	scientia_imperii_decus_et_tutamen
participant	806040	CDS-CASE-544293	saltus_in_demonstrando	Not allowed to collect	Not Reported	Not Hispanic or Latino	O_Tite_tute_Tati_tibi_tanta_tyranne_tulisti
participant	806040	CDS-CASE-926966	saltus_in_demonstrando	Unknown	Female	Hispanic or Latino	scientia_et_labor
participant	806040	CDS-CASE-674449	damnant_quod_non_intellegunt	Not Reported	Not Reported	Hispanic or Latino	id_quod_plerumque_accidit
participant	806040	CDS-CASE-594632	labor_ipse_voluptas	Asian	Female	Hispanic or Latino	haec_olim_meminisse_iuvabit
participant	806040	CDS-CASE-155372	salus_in_arduis	Unknown	Intersex	Not reported	scientiae_cedit_mare
participant	806040	CDS-CASE-928711	O_Tite_tute_Tati_tibi_tanta_tyranne_tulisti	Asian	Male	Not allowed to collect	pace_tua
participant	806040	CDS-CASE-865583	scientia_et_sapientia	Asian	Unknown	Hispanic or Latino	labor_ipse_voluptas
participant	806040	CDS-CASE-726484	O_Tite_tute_Tati_tibi_tanta_tyranne_tulisti	White	Intersex	Not allowed to collect	haec_olim_meminisse_iuvabit
participant	806040	CDS-CASE-217108	salus_in_arduis	Not Reported	Not Reported	Not allowed to collect	Obedientia_civium_urbis_felicitas
participant	806040	CDS-CASE-384852	salus_in_arduis	American Indian or Alaska Native	Unspecified	Hispanic or Latino	barba_crescit_caput_nescit
participant	806040	CDS-CASE-761195	scientiae_et_patriae	American Indian or Alaska Native	Unspecified	Not reported	Gallia_est_omnis_divisa_in_partes_tres
participant	806040	CDS-CASE-282998	scientiae_cedit_mare	Native Hawaiian or other Pacific Islander	Not Reported	Unknown	scientia_et_labor
participant	806040	CDS-CASE-994657	pace_tua	Black or African American	Not Reported	Not Hispanic or Latino	pace_tua
participant	806040	CDS-CASE-931547	faber_est_suae_quisque_fortunae	Native Hawaiian or other Pacific Islander	Unknown	Not allowed to collect	id_quod_plerumque_accidit
participant	806040	CDS-CASE-191727	haec_olim_meminisse_iuvabit	Black or African American	Unknown	Hispanic or Latino	scientia_imperii_decus_et_tutamen
participant	806040	CDS-CASE-746338	scientia,_aere_perennius	Black or African American	Intersex	Not allowed to collect	a_bene_placito
participant	806040	CDS-CASE-301118	damnant_quod_non_intellegunt	American Indian or Alaska Native	Unknown	Not allowed to collect	nanos_gigantum_humeris_insidentes
participant	806040	CDS-CASE-620544	id_quod_plerumque_accidit	Black or African American	Not Reported	Not reported	nascentes_morimur_finisque_ab_origine_pendet
participant	806040	CDS-CASE-105858	faber_est_suae_quisque_fortunae	Unknown	Male	Hispanic or Latino	scientia_et_sapientia
participant	806040	CDS-CASE-541970	saltus_in_demonstrando	Native Hawaiian or other Pacific Islander	Male	Unknown	Macte_animo_Generose_puer_sic_itur_ad_astra
participant	806040	CDS-CASE-920625	cacatum_non_est_pictum	American Indian or Alaska Native	Not Reported	Not Hispanic or Latino	id_quod_plerumque_accidit
participant	806040	CDS-CASE-972097	saltus_in_demonstrando	Asian	Female	Hispanic or Latino	scientia_imperii_decus_et_tutamen
participant	806040	CDS-CASE-312694	sapiens_qui_prospicit	American Indian or Alaska Native	Not Reported	Not reported	e_causa_ignota
participant	806040	CDS-CASE-787017	nanos_gigantum_humeris_insidentes	Native Hawaiian or other Pacific Islander	Unknown	Hispanic or Latino	a_bene_placito
participant	806040	CDS-CASE-583835	e_causa_ignota	American Indian or Alaska Native	Unknown	Unknown	scientia,_aere_perennius
participant	806040	CDS-CASE-568302	e_causa_ignota	Native Hawaiian or other Pacific Islander	Unknown	Unknown	nanos_gigantum_humeris_insidentes
participant	806040	CDS-CASE-650162	haec_olim_meminisse_iuvabit	American Indian or Alaska Native	Unspecified	Not reported	Gallia_est_omnis_divisa_in_partes_tres
participant	806040	CDS-CASE-807411	imperium_in_imperio	Asian	Female	Unknown	Gallia_est_omnis_divisa_in_partes_tres
participant	806040	CDS-CASE-546316	id_quod_plerumque_accidit	Black or African American	Female	Not Hispanic or Latino	scientiae_et_patriae
participant	806040	CDS-CASE-278653	Gallia_est_omnis_divisa_in_partes_tres	Black or African American	Unspecified	Not allowed to collect	nanos_gigantum_humeris_insidentes
participant	806040	CDS-CASE-793457	haec_olim_meminisse_iuvabit	Unknown	Unknown	Hispanic or Latino	sapiens_qui_prospicit
participant	806040	CDS-CASE-745581	barba_crescit_caput_nescit	Native Hawaiian or other Pacific Islander	Male	Not reported	nascentes_morimur_finisque_ab_origine_pendet
participant	806040	CDS-CASE-225877	id_quod_plerumque_accidit	White	Unknown	Hispanic or Latino	salus_in_arduis
participant	806040	CDS-CASE-264434	sapiens_qui_prospicit	Unknown	Male	Unknown	nascentes_morimur_finisque_ab_origine_pendet
participant	806040	CDS-CASE-620192	labor_ipse_voluptas	Not allowed to collect	Intersex	Not Hispanic or Latino	scientia,_aere_perennius
participant	806040	CDS-CASE-954433	labor_ipse_voluptas	Not allowed to collect	Intersex	Not allowed to collect	O_Tite_tute_Tati_tibi_tanta_tyranne_tulisti
participant	806040	CDS-CASE-653777	nascentes_morimur_finisque_ab_origine_pendet	White	Female	Not Hispanic or Latino	haec_olim_meminisse_iuvabit
participant	806040	CDS-CASE-118502	scientia_et_sapientia	Not Reported	Female	Not reported	nascentes_morimur_finisque_ab_origine_pendet
participant	806040	CDS-CASE-589256	faber_est_suae_quisque_fortunae	Unknown	Unknown	Unknown	Macte_animo_Generose_puer_sic_itur_ad_astra
participant	806040	CDS-CASE-481035	Macte_animo_Generose_puer_sic_itur_ad_astra	Not Reported	Female	Not allowed to collect	Obedientia_civium_urbis_felicitas
participant	806040	CDS-CASE-244214	pace_tua	Unknown	Intersex	Not reported	O_Tite_tute_Tati_tibi_tanta_tyranne_tulisti
participant	806040	CDS-CASE-608880	salus_in_arduis	Native Hawaiian or other Pacific Islander	Male	Not allowed to collect	labor_ipse_voluptas
participant	806040	CDS-CASE-834566	O_Tite_tute_Tati_tibi_tanta_tyranne_tulisti	Native Hawaiian or other Pacific Islander	Intersex	Not reported	salus_in_arduis
participant	806040	CDS-CASE-934603	Obedientia_civium_urbis_felicitas	Native Hawaiian or other Pacific Islander	Male	Unknown	haec_olim_meminisse_iuvabit
participant	806040	CDS-CASE-855950	faber_est_suae_quisque_fortunae	American Indian or Alaska Native	Female	Hispanic or Latino	Gallia_est_omnis_divisa_in_partes_tres
participant	806040	CDS-CASE-131084	pace_tua	Unknown	Unknown	Unknown	scientia_et_labor
participant	806040	CDS-CASE-333654	scientia_et_sapientia	Native Hawaiian or other Pacific Islander	Female	Unknown	barba_crescit_caput_nescit
participant	806040	CDS-CASE-356283	O_Tite_tute_Tati_tibi_tanta_tyranne_tulisti	White	Unknown	Not allowed to collect	damnant_quod_non_intellegunt
participant	806040	CDS-CASE-601481	Macte_animo_Generose_puer_sic_itur_ad_astra	Asian	Intersex	Hispanic or Latino	scientia_imperii_decus_et_tutamen
participant	806040	CDS-CASE-458711	faber_est_suae_quisque_fortunae	Asian	Not Reported	Hispanic or Latino	scientia_imperii_decus_et_tutamen
participant	806040	CDS-CASE-160667	O_Tite_tute_Tati_tibi_tanta_tyranne_tulisti	Native Hawaiian or other Pacific Islander	Intersex	Not reported	pace_tua
participant	806040	CDS-CASE-860536	scientia_imperii_decus_et_tutamen	Asian	Male	Hispanic or Latino	Macte_animo_Generose_puer_sic_itur_ad_astra
participant	806040	CDS-CASE-742268	scientiae_et_patriae	Asian	Female	Unknown	scientiae_cedit_mare
participant	806040	CDS-CASE-523568	saltus_in_demonstrando	Native Hawaiian or other Pacific Islander	Intersex	Not reported	nascentes_morimur_finisque_ab_origine_pendet
participant	806040	CDS-CASE-121902	e_causa_ignota	Not allowed to collect	Unspecified	Not Hispanic or Latino	cacatum_non_est_pictum
participant	806040	CDS-CASE-644910	Macte_animo_Generose_puer_sic_itur_ad_astra	Not Reported	Male	Not Hispanic or Latino	scientia_et_labor
participant	806040	CDS-CASE-736296	scientia_imperii_decus_et_tutamen	Not Reported	Unspecified	Not Hispanic or Latino	scientiae_et_patriae
participant	806040	CDS-CASE-504936	Macte_animo_Generose_puer_sic_itur_ad_astra	American Indian or Alaska Native	Unknown	Hispanic or Latino	pace_tua
participant	806040	CDS-CASE-551207	haec_olim_meminisse_iuvabit	White	Unknown	Not Hispanic or Latino	sapiens_qui_prospicit
participant	806040	CDS-CASE-834151	scientia_imperii_decus_et_tutamen	Not Reported	Female	Hispanic or Latino	scientia,_aere_perennius
participant	806040	CDS-CASE-812009	scientia_et_sapientia	Native Hawaiian or other Pacific Islander	Unspecified	Not Hispanic or Latino	Gallia_est_omnis_divisa_in_partes_tres
participant	806040	CDS-CASE-104529	nascentes_morimur_finisque_ab_origine_pendet	Asian	Intersex	Hispanic or Latino	scientiae_cedit_mare
participant	806040	CDS-CASE-777751	Gallia_est_omnis_divisa_in_partes_tres	Native Hawaiian or other Pacific Islander	Female	Hispanic or Latino	e_causa_ignota
participant	806040	CDS-CASE-537623	scientia,_aere_perennius	American Indian or Alaska Native	Unspecified	Hispanic or Latino	a_bene_placito
participant	806040	CDS-CASE-652629	a_bene_placito	Not Reported	Female	Unknown	Gallia_est_omnis_divisa_in_partes_tres
participant	806040	CDS-CASE-835891	scientiae_et_patriae	Not Reported	Female	Not allowed to collect	Gallia_est_omnis_divisa_in_partes_tres
participant	806040	CDS-CASE-376573	scientia_et_sapientia	Unknown	Unspecified	Hispanic or Latino	scientiae_cedit_mare
participant	806040	CDS-CASE-729946	saltus_in_demonstrando	Not Reported	Female	Not Hispanic or Latino	scientia_et_sapientia
participant	806040	CDS-CASE-784111	cacatum_non_est_pictum	Not Reported	Intersex	Not allowed to collect	scientia_et_labor
participant	806040	CDS-CASE-487619	Macte_animo_Generose_puer_sic_itur_ad_astra	White	Intersex	Not Hispanic or Latino	Gallia_est_omnis_divisa_in_partes_tres
participant	806040	CDS-CASE-166175	scientia,_aere_perennius	White	Not Reported	Not Hispanic or Latino	O_Tite_tute_Tati_tibi_tanta_tyranne_tulisti
participant	806040	CDS-CASE-931885	barba_crescit_caput_nescit	Native Hawaiian or other Pacific Islander	Unknown	Not Hispanic or Latino	faber_est_suae_quisque_fortunae
participant	806040	CDS-CASE-658009	a_bene_placito	White	Female	Not reported	sapiens_qui_prospicit
participant	806040	CDS-CASE-621590	Obedientia_civium_urbis_felicitas	Unknown	Unspecified	Not Hispanic or Latino	scientia,_aere_perennius
participant	806040	CDS-CASE-646263	faber_est_suae_quisque_fortunae	Black or African American	Unknown	Not Hispanic or Latino	scientia_imperii_decus_et_tutamen
participant	806040	CDS-CASE-428207	O_Tite_tute_Tati_tibi_tanta_tyranne_tulisti	Asian	Not Reported	Not Hispanic or Latino	scientia_et_labor
participant	806040	CDS-CASE-475834	sapiens_qui_prospicit	Native Hawaiian or other Pacific Islander	Unspecified	Not Hispanic or Latino	labor_ipse_voluptas
participant	806040	CDS-CASE-739686	e_causa_ignota	Unknown	Unknown	Unknown	scientia_et_sapientia
participant	806040	CDS-CASE-388733	haec_olim_meminisse_iuvabit	Black or African American	Unknown	Unknown	scientia_et_sapientia
participant	806040	CDS-CASE-190302	e_causa_ignota	Asian	Female	Not allowed to collect	e_causa_ignota
participant	806040	CDS-CASE-929855	nanos_gigantum_humeris_insidentes	Not Reported	Unspecified	Not Hispanic or Latino	imperium_in_imperio
participant	806040	CDS-CASE-127729	e_causa_ignota	Unknown	Not Reported	Not allowed to collect	damnant_quod_non_intellegunt
participant	806040	CDS-CASE-311542	barba_crescit_caput_nescit	Asian	Intersex	Not allowed to collect	faber_est_suae_quisque_fortunae
participant	806040	CDS-CASE-860186	barba_crescit_caput_nescit	White	Not Reported	Not Hispanic or Latino	barba_crescit_caput_nescit
participant	806040	CDS-CASE-875518	saltus_in_demonstrando	Asian	Not Reported	Not allowed to collect	O_Tite_tute_Tati_tibi_tanta_tyranne_tulisti
participant	806040	CDS-CASE-724423	barba_crescit_caput_nescit	Native Hawaiian or other Pacific Islander	Unknown	Not reported	e_causa_ignota
participant	806040	CDS-CASE-822807	Gallia_est_omnis_divisa_in_partes_tres	Native Hawaiian or other Pacific Islander	Unknown	Not allowed to collect	scientia_et_sapientia
participant	806040	CDS-CASE-568099	id_quod_plerumque_accidit	Not Reported	Unspecified	Not allowed to collect	O_Tite_tute_Tati_tibi_tanta_tyranne_tulisti
participant	806040	CDS-CASE-216237	scientiae_cedit_mare	Not allowed to collect	Male	Hispanic or Latino	scientiae_et_patriae
participant	806040	CDS-CASE-906133	nanos_gigantum_humeris_insidentes	American Indian or Alaska Native	Female	Not allowed to collect	nanos_gigantum_humeris_insidentes
participant	806040	CDS-CASE-459757	imperium_in_imperio	American Indian or Alaska Native	Unknown	Not Hispanic or Latino	scientiae_cedit_mare
participant	806040	CDS-CASE-287024	a_bene_placito	Not allowed to collect	Male	Not Hispanic or Latino	imperium_in_imperio
participant	806040	CDS-CASE-891734	scientiae_et_patriae	Native Hawaiian or other Pacific Islander	Female	Not reported	saltus_in_demonstrando
participant	806040	CDS-CASE-419213	a_bene_placito	Native Hawaiian or other Pacific Islander	Male	Hispanic or Latino	pace_tua
participant	806040	CDS-CASE-707993	id_quod_plerumque_accidit	Asian	Intersex	Not Hispanic or Latino	scientia,_aere_perennius
participant	806040	CDS-CASE-928760	O_Tite_tute_Tati_tibi_tanta_tyranne_tulisti	Unknown	Unspecified	Not Hispanic or Latino	pace_tua
participant	806040	CDS-CASE-441833	O_Tite_tute_Tati_tibi_tanta_tyranne_tulisti	White	Male	Not allowed to collect	damnant_quod_non_intellegunt
participant	806040	CDS-CASE-719658	scientia_et_labor	White	Female	Not allowed to collect	id_quod_plerumque_accidit
participant	806040	CDS-CASE-839650	saltus_in_demonstrando	American Indian or Alaska Native	Not Reported	Hispanic or Latino	nascentes_morimur_finisque_ab_origine_pendet
participant	806040	CDS-CASE-406507	faber_est_suae_quisque_fortunae	Native Hawaiian or other Pacific Islander	Intersex	Not reported	e_causa_ignota
participant	806040	CDS-CASE-543295	nascentes_morimur_finisque_ab_origine_pendet	Asian	Unspecified	Not allowed to collect	scientia_et_labor
participant	806040	CDS-CASE-281110	scientiae_cedit_mare	Not Reported	Intersex	Not reported	scientia_et_sapientia
participant	806040	CDS-CASE-661309	id_quod_plerumque_accidit	Asian	Intersex	Hispanic or Latino	saltus_in_demonstrando
participant	806040	CDS-CASE-157920	scientia,_aere_perennius	Black or African American	Unknown	Not Hispanic or Latino	imperium_in_imperio
participant	806040	CDS-CASE-902408	scientiae_et_patriae	Not allowed to collect	Male	Hispanic or Latino	id_quod_plerumque_accidit
participant	806040	CDS-CASE-741514	scientia_et_labor	White	Female	Unknown	scientia,_aere_perennius
participant	806040	CDS-CASE-634827	id_quod_plerumque_accidit	Asian	Female	Not allowed to collect	scientiae_et_patriae
participant	806040	CDS-CASE-974585	sapiens_qui_prospicit	American Indian or Alaska Native	Unspecified	Hispanic or Latino	haec_olim_meminisse_iuvabit
participant	806040	CDS-CASE-595824	a_bene_placito	Native Hawaiian or other Pacific Islander	Unspecified	Hispanic or Latino	cacatum_non_est_pictum
participant	806040	CDS-CASE-473537	scientia_et_labor	Native Hawaiian or other Pacific Islander	Male	Hispanic or Latino	scientia,_aere_perennius
participant	806040	CDS-CASE-293076	saltus_in_demonstrando	White	Intersex	Unknown	nascentes_morimur_finisque_ab_origine_pendet
participant	806040	CDS-CASE-137682	scientia_et_sapientia	Black or African American	Unknown	Hispanic or Latino	pace_tua
participant	806040	CDS-CASE-386006	haec_olim_meminisse_iuvabit	Black or African American	Female	Hispanic or Latino	sapiens_qui_prospicit
participant	806040	CDS-CASE-454896	Obedientia_civium_urbis_felicitas	Not Reported	Not Reported	Unknown	pace_tua
participant	806040	CDS-CASE-310191	salus_in_arduis	Not allowed to collect	Male	Not reported	saltus_in_demonstrando
participant	806040	CDS-CASE-362878	scientiae_et_patriae	American Indian or Alaska Native	Not Reported	Not allowed to collect	scientiae_cedit_mare
participant	806040	CDS-CASE-755926	O_Tite_tute_Tati_tibi_tanta_tyranne_tulisti	White	Not Reported	Hispanic or Latino	sapiens_qui_prospicit
participant	806040	CDS-CASE-464384	e_causa_ignota	Black or African American	Not Reported	Not Hispanic or Latino	sapiens_qui_prospicit
participant	806040	CDS-CASE-785226	scientia_et_labor	Asian	Unknown	Not allowed to collect	a_bene_placito
participant	806040	CDS-CASE-100665	labor_ipse_voluptas	Unknown	Intersex	Unknown	barba_crescit_caput_nescit
participant	806040	CDS-CASE-431076	cacatum_non_est_pictum	White	Intersex	Hispanic or Latino	haec_olim_meminisse_iuvabit
participant	806040	CDS-CASE-217094	barba_crescit_caput_nescit	Black or African American	Unspecified	Not allowed to collect	faber_est_suae_quisque_fortunae
participant	806040	CDS-CASE-657731	scientiae_cedit_mare	Not allowed to collect	Intersex	Not reported	Macte_animo_Generose_puer_sic_itur_ad_astra
participant	806040	CDS-CASE-900611	scientia_et_sapientia	Unknown	Unspecified	Not reported	scientiae_cedit_mare
participant	806040	CDS-CASE-103801	sapiens_qui_prospicit	White	Unknown	Not reported	a_bene_placito
participant	806040	CDS-CASE-628247	faber_est_suae_quisque_fortunae	Black or African American	Unspecified	Not allowed to collect	damnant_quod_non_intellegunt
participant	806040	CDS-CASE-989506	O_Tite_tute_Tati_tibi_tanta_tyranne_tulisti	Unknown	Male	Not reported	O_Tite_tute_Tati_tibi_tanta_tyranne_tulisti
participant	806040	CDS-CASE-979732	Gallia_est_omnis_divisa_in_partes_tres	American Indian or Alaska Native	Intersex	Not allowed to collect	a_bene_placito
participant	806040	CDS-CASE-866895	barba_crescit_caput_nescit	Unknown	Intersex	Not reported	scientiae_cedit_mare
participant	806040	CDS-CASE-979460	labor_ipse_voluptas	Unknown	Female	Not reported	sapiens_qui_prospicit
participant	806040	CDS-CASE-835516	Macte_animo_Generose_puer_sic_itur_ad_astra	American Indian or Alaska Native	Intersex	Hispanic or Latino	Macte_animo_Generose_puer_sic_itur_ad_astra
participant	806040	CDS-CASE-855036	nascentes_morimur_finisque_ab_origine_pendet	Unknown	Intersex	Not reported	labor_ipse_voluptas
participant	806040	CDS-CASE-143349	imperium_in_imperio	Black or African American	Intersex	Unknown	salus_in_arduis
participant	806040	CDS-CASE-261597	cacatum_non_est_pictum	Not allowed to collect	Not Reported	Hispanic or Latino	imperium_in_imperio
participant	806040	CDS-CASE-308461	scientiae_et_patriae	White	Unknown	Hispanic or Latino	salus_in_arduis
participant	806040	CDS-CASE-743053	scientia_et_labor	Black or African American	Not Reported	Hispanic or Latino	cacatum_non_est_pictum
participant	806040	CDS-CASE-419785	scientia,_aere_perennius	Not Reported	Not Reported	Hispanic or Latino	e_causa_ignota
participant	806040	CDS-CASE-277788	e_causa_ignota	Black or African American	Unspecified	Not reported	barba_crescit_caput_nescit
participant	806040	CDS-CASE-274516	Obedientia_civium_urbis_felicitas	Unknown	Intersex	Not allowed to collect	O_Tite_tute_Tati_tibi_tanta_tyranne_tulisti
participant	806040	CDS-CASE-156277	Obedientia_civium_urbis_felicitas	Black or African American	Intersex	Not reported	scientia_et_labor
participant	806040	CDS-CASE-317354	labor_ipse_voluptas	Black or African American	Unknown	Unknown	labor_ipse_voluptas
participant	806040	CDS-CASE-671979	O_Tite_tute_Tati_tibi_tanta_tyranne_tulisti	Not allowed to collect	Intersex	Not Hispanic or Latino	cacatum_non_est_pictum
participant	806040	CDS-CASE-311922	nascentes_morimur_finisque_ab_origine_pendet	Black or African American	Unknown	Not Hispanic or Latino	salus_in_arduis
participant	806040	CDS-CASE-985472	scientia_imperii_decus_et_tutamen	Not Reported	Unspecified	Unknown	damnant_quod_non_intellegunt
participant	806040	CDS-CASE-606336	a_bene_placito	Not allowed to collect	Not Reported	Unknown	e_causa_ignota
participant	806040	CDS-CASE-181666	e_causa_ignota	White	Intersex	Not Hispanic or Latino	Obedientia_civium_urbis_felicitas
participant	806040	CDS-CASE-227963	scientiae_cedit_mare	White	Unknown	Not reported	scientia_et_sapientia
participant	806040	CDS-CASE-477281	pace_tua	Asian	Male	Not Hispanic or Latino	nascentes_morimur_finisque_ab_origine_pendet
participant	806040	CDS-CASE-595205	pace_tua	Native Hawaiian or other Pacific Islander	Unspecified	Unknown	labor_ipse_voluptas
participant	806040	CDS-CASE-904084	nascentes_morimur_finisque_ab_origine_pendet	Black or African American	Unspecified	Not reported	scientia,_aere_perennius
participant	806040	CDS-CASE-294573	nascentes_morimur_finisque_ab_origine_pendet	Asian	Not Reported	Unknown	saltus_in_demonstrando
participant	806040	CDS-CASE-414350	Obedientia_civium_urbis_felicitas	American Indian or Alaska Native	Intersex	Not Hispanic or Latino	O_Tite_tute_Tati_tibi_tanta_tyranne_tulisti
participant	806040	CDS-CASE-396116	id_quod_plerumque_accidit	Not allowed to collect	Male	Unknown	sapiens_qui_prospicit
participant	806040	CDS-CASE-908574	nanos_gigantum_humeris_insidentes	Unknown	Male	Hispanic or Latino	Gallia_est_omnis_divisa_in_partes_tres
participant	806040	CDS-CASE-874539	cacatum_non_est_pictum	Unknown	Unknown	Unknown	id_quod_plerumque_accidit
participant	806040	CDS-CASE-206550	Gallia_est_omnis_divisa_in_partes_tres	Asian	Male	Not Hispanic or Latino	damnant_quod_non_intellegunt
participant	806040	CDS-CASE-558959	scientiae_et_patriae	Not allowed to collect	Unknown	Hispanic or Latino	nascentes_morimur_finisque_ab_origine_pendet
participant	806040	CDS-CASE-449647	e_causa_ignota	Black or African American	Unknown	Not reported	id_quod_plerumque_accidit
participant	806040	CDS-CASE-186433	pace_tua	American Indian or Alaska Native	Intersex	Not reported	barba_crescit_caput_nescit
participant	806040	CDS-CASE-622615	saltus_in_demonstrando	Asian	Unspecified	Not Hispanic or Latino	faber_est_suae_quisque_fortunae
participant	806040	CDS-CASE-892873	labor_ipse_voluptas	Not allowed to collect	Not Reported	Unknown	scientia,_aere_perennius
participant	806040	CDS-CASE-908065	nascentes_morimur_finisque_ab_origine_pendet	Not allowed to collect	Unknown	Not Hispanic or Latino	Macte_animo_Generose_puer_sic_itur_ad_astra
participant	806040	CDS-CASE-278371	Obedientia_civium_urbis_felicitas	Asian	Unknown	Not Hispanic or Latino	cacatum_non_est_pictum
participant	806040	CDS-CASE-649134	salus_in_arduis	Asian	Unknown	Not reported	imperium_in_imperio
participant	806040	CDS-CASE-348010	Obedientia_civium_urbis_felicitas	Asian	Male	Unknown	Obedientia_civium_urbis_felicitas
participant	806040	CDS-CASE-160111	cacatum_non_est_pictum	Black or African American	Unspecified	Not allowed to collect	sapiens_qui_prospicit
participant	806040	CDS-CASE-281294	faber_est_suae_quisque_fortunae	Not allowed to collect	Intersex	Unknown	id_quod_plerumque_accidit
participant	806040	CDS-CASE-797444	a_bene_placito	Unknown	Male	Hispanic or Latino	nascentes_morimur_finisque_ab_origine_pendet
participant	806040	CDS-CASE-774041	e_causa_ignota	American Indian or Alaska Native	Male	Not reported	nanos_gigantum_humeris_insidentes
participant	806040	CDS-CASE-455568	haec_olim_meminisse_iuvabit	Native Hawaiian or other Pacific Islander	Intersex	Not reported	e_causa_ignota
participant	806040	CDS-CASE-476977	scientia_imperii_decus_et_tutamen	American Indian or Alaska Native	Not Reported	Not reported	imperium_in_imperio
participant	806040	CDS-CASE-759062	Macte_animo_Generose_puer_sic_itur_ad_astra	Asian	Unspecified	Hispanic or Latino	nanos_gigantum_humeris_insidentes
