type	study.study_id	pdx_id	model_id	implantation_type	implantation_site	mouse_strain	sample_type_for_implantation	tumor_not_mus_or_ebv_origin
pdx	phs000000_test03	GC-PDX-778120	damnant_quod_non_intellegunt	Not Reported	tail vein	imperium_in_imperio	O_Tite_tute_Tati_tibi_tanta_tyranne_tulisti	No
pdx	phs000000_test03	GC-PDX-767229	imperium_in_imperio	Orthotopic	subrenal capsule	sapiens_qui_prospicit	labor_ipse_voluptas	Unknown
pdx	phs000000_test03	GC-PDX-435007	scientiae_et_patriae	Injection	subcutaneous	cacatum_non_est_pictum	a_bene_placito	Yes
pdx	phs000000_test03	GC-PDX-852506	imperium_in_imperio	Intravenous	tail vein	imperium_in_imperio	haec_olim_meminisse_iuvabit	Not Reported
pdx	phs000000_test03	GC-PDX-285258	O_Tite_tute_Tati_tibi_tanta_tyranne_tulisti	Unknown	brain stem	Gallia_est_omnis_divisa_in_partes_tres	saltus_in_demonstrando	Yes
pdx	phs000000_test03	GC-PDX-181443	haec_olim_meminisse_iuvabit	Surgical	renal capsule	sapiens_qui_prospicit	nanos_gigantum_humeris_insidentes	Not Reported
pdx	phs000000_test03	GC-PDX-577527	imperium_in_imperio	Surgical	tail vein	e_causa_ignota	pace_tua	Unknown
pdx	phs000000_test03	GC-PDX-606681	Macte_animo_Generose_puer_sic_itur_ad_astra	Unknown	subrenal capsule	saltus_in_demonstrando	pace_tua	No
pdx	phs000000_test03	GC-PDX-957804	id_quod_plerumque_accidit	Orthotopic	tail vein	salus_in_arduis	pace_tua	No
pdx	phs000000_test03	GC-PDX-736887	nanos_gigantum_humeris_insidentes	Trocar	renal capsule	damnant_quod_non_intellegunt	scientiae_et_patriae	Yes
pdx	phs000000_test03	GC-PDX-166503	scientiae_cedit_mare	Unknown	subrenal capsule	cacatum_non_est_pictum	damnant_quod_non_intellegunt	Not Reported
pdx	phs000000_test03	GC-PDX-290795	scientiae_et_patriae	Orthotopic	renal capsule	labor_ipse_voluptas	e_causa_ignota	No
pdx	phs000000_test03	GC-PDX-178064	O_Tite_tute_Tati_tibi_tanta_tyranne_tulisti	Trocar	left cerebrum	scientia_et_labor	cacatum_non_est_pictum	Not Reported
pdx	phs000000_test03	GC-PDX-541155	scientiae_cedit_mare	Not Reported	tail vein	id_quod_plerumque_accidit	Macte_animo_Generose_puer_sic_itur_ad_astra	Not Reported
pdx	phs000000_test03	GC-PDX-494779	faber_est_suae_quisque_fortunae	Not Reported	mammary fat pad	Obedientia_civium_urbis_felicitas	Macte_animo_Generose_puer_sic_itur_ad_astra	Not Reported
pdx	phs000000_test03	GC-PDX-650810	haec_olim_meminisse_iuvabit	Trocar	subcutaneous	haec_olim_meminisse_iuvabit	cacatum_non_est_pictum	Unknown
pdx	phs000000_test03	GC-PDX-472517	scientia,_aere_perennius	Injection	subrenal capsule	pace_tua	nascentes_morimur_finisque_ab_origine_pendet	Not Reported
pdx	phs000000_test03	GC-PDX-582053	scientiae_et_patriae	Not Reported	mammary fat pad	cacatum_non_est_pictum	damnant_quod_non_intellegunt	No
pdx	phs000000_test03	GC-PDX-648620	haec_olim_meminisse_iuvabit	Orthotopic	tail vein	id_quod_plerumque_accidit	damnant_quod_non_intellegunt	Not Reported
pdx	phs000000_test03	GC-PDX-573236	barba_crescit_caput_nescit	Injection	intraperitoneal cavity	scientia_imperii_decus_et_tutamen	scientia_imperii_decus_et_tutamen	Yes
pdx	phs000000_test03	GC-PDX-991156	Obedientia_civium_urbis_felicitas	Unknown	renal capsule	scientia_et_sapientia	imperium_in_imperio	Yes
pdx	phs000000_test03	GC-PDX-838701	scientiae_cedit_mare	Trocar	tail vein	labor_ipse_voluptas	scientia,_aere_perennius	Not Reported
pdx	phs000000_test03	GC-PDX-364636	Gallia_est_omnis_divisa_in_partes_tres	Injection	mammary fat pad	O_Tite_tute_Tati_tibi_tanta_tyranne_tulisti	labor_ipse_voluptas	Yes
pdx	phs000000_test03	GC-PDX-155117	saltus_in_demonstrando	Injection	mammary fat pad	nanos_gigantum_humeris_insidentes	scientia_et_labor	No
pdx	phs000000_test03	GC-PDX-238469	scientia_imperii_decus_et_tutamen	Orthotopic	muscle	damnant_quod_non_intellegunt	scientia_et_labor	Not Reported
pdx	phs000000_test03	GC-PDX-789265	Macte_animo_Generose_puer_sic_itur_ad_astra	Trocar	subrenal capsule	barba_crescit_caput_nescit	saltus_in_demonstrando	Unknown
pdx	phs000000_test03	GC-PDX-542092	scientia_et_labor	Injection	tail vein	e_causa_ignota	cacatum_non_est_pictum	Not Reported
pdx	phs000000_test03	GC-PDX-177468	faber_est_suae_quisque_fortunae	Unknown	brain stem	a_bene_placito	scientia_et_sapientia	No
pdx	phs000000_test03	GC-PDX-494699	barba_crescit_caput_nescit	Orthotopic	intraperitoneal cavity	imperium_in_imperio	scientia_et_labor	Unknown
pdx	phs000000_test03	GC-PDX-156317	faber_est_suae_quisque_fortunae	Not Reported	mammary fat pad	haec_olim_meminisse_iuvabit	faber_est_suae_quisque_fortunae	Not Reported
pdx	phs000000_test03	GC-PDX-262639	cacatum_non_est_pictum	Surgical	intraperitoneal cavity	nanos_gigantum_humeris_insidentes	scientiae_cedit_mare	No
pdx	phs000000_test03	GC-PDX-789744	saltus_in_demonstrando	Trocar	tail vein	damnant_quod_non_intellegunt	cacatum_non_est_pictum	Not Reported
pdx	phs000000_test03	GC-PDX-512934	scientiae_et_patriae	Unknown	right cerebrum	scientiae_et_patriae	salus_in_arduis	Unknown
pdx	phs000000_test03	GC-PDX-321864	Macte_animo_Generose_puer_sic_itur_ad_astra	Injection	brain stem	cacatum_non_est_pictum	cacatum_non_est_pictum	Yes
pdx	phs000000_test03	GC-PDX-420668	scientia_et_labor	Intravenous	left cerebrum	O_Tite_tute_Tati_tibi_tanta_tyranne_tulisti	haec_olim_meminisse_iuvabit	Unknown
pdx	phs000000_test03	GC-PDX-195956	pace_tua	Intravenous	brain stem	nanos_gigantum_humeris_insidentes	haec_olim_meminisse_iuvabit	No
pdx	phs000000_test03	GC-PDX-477577	scientia_et_sapientia	Not Reported	right cerebrum	scientiae_et_patriae	scientiae_et_patriae	No
pdx	phs000000_test03	GC-PDX-783817	salus_in_arduis	Intravenous	brain stem	faber_est_suae_quisque_fortunae	id_quod_plerumque_accidit	Yes
pdx	phs000000_test03	GC-PDX-223049	e_causa_ignota	Intravenous	brain stem	haec_olim_meminisse_iuvabit	haec_olim_meminisse_iuvabit	Unknown
pdx	phs000000_test03	GC-PDX-736221	O_Tite_tute_Tati_tibi_tanta_tyranne_tulisti	Unknown	tail vein	Macte_animo_Generose_puer_sic_itur_ad_astra	O_Tite_tute_Tati_tibi_tanta_tyranne_tulisti	Unknown
pdx	phs000000_test03	GC-PDX-331438	Obedientia_civium_urbis_felicitas	Unknown	brain stem	scientia_et_sapientia	cacatum_non_est_pictum	Unknown
pdx	phs000000_test03	GC-PDX-423484	scientia_et_labor	Orthotopic	muscle	saltus_in_demonstrando	imperium_in_imperio	Unknown
pdx	phs000000_test03	GC-PDX-389177	scientia_et_sapientia	Unknown	intraperitoneal cavity	faber_est_suae_quisque_fortunae	salus_in_arduis	Unknown
pdx	phs000000_test03	GC-PDX-467114	a_bene_placito	Orthotopic	mammary fat pad	salus_in_arduis	damnant_quod_non_intellegunt	Not Reported
pdx	phs000000_test03	GC-PDX-935736	scientia,_aere_perennius	Trocar	brain stem	id_quod_plerumque_accidit	imperium_in_imperio	No
pdx	phs000000_test03	GC-PDX-607473	sapiens_qui_prospicit	Orthotopic	muscle	scientia_imperii_decus_et_tutamen	faber_est_suae_quisque_fortunae	No
pdx	phs000000_test03	GC-PDX-999602	nanos_gigantum_humeris_insidentes	Intravenous	renal capsule	scientia_imperii_decus_et_tutamen	nanos_gigantum_humeris_insidentes	Yes
pdx	phs000000_test03	GC-PDX-598262	id_quod_plerumque_accidit	Unknown	renal capsule	scientia_et_sapientia	barba_crescit_caput_nescit	Yes
pdx	phs000000_test03	GC-PDX-311472	a_bene_placito	Unknown	muscle	scientia_et_labor	salus_in_arduis	Not Reported
pdx	phs000000_test03	GC-PDX-871915	scientia,_aere_perennius	Surgical	muscle	O_Tite_tute_Tati_tibi_tanta_tyranne_tulisti	nascentes_morimur_finisque_ab_origine_pendet	No
pdx	phs000000_test03	GC-PDX-351064	cacatum_non_est_pictum	Trocar	mammary fat pad	Obedientia_civium_urbis_felicitas	barba_crescit_caput_nescit	Unknown
pdx	phs000000_test03	GC-PDX-174927	damnant_quod_non_intellegunt	Surgical	tail vein	O_Tite_tute_Tati_tibi_tanta_tyranne_tulisti	O_Tite_tute_Tati_tibi_tanta_tyranne_tulisti	Yes
pdx	phs000000_test03	GC-PDX-568967	cacatum_non_est_pictum	Not Reported	tail vein	cacatum_non_est_pictum	pace_tua	Yes
pdx	phs000000_test03	GC-PDX-942308	scientiae_et_patriae	Not Reported	renal capsule	O_Tite_tute_Tati_tibi_tanta_tyranne_tulisti	O_Tite_tute_Tati_tibi_tanta_tyranne_tulisti	No
pdx	phs000000_test03	GC-PDX-966997	Macte_animo_Generose_puer_sic_itur_ad_astra	Trocar	right cerebrum	nanos_gigantum_humeris_insidentes	scientia_imperii_decus_et_tutamen	Unknown
pdx	phs000000_test03	GC-PDX-161202	scientia_imperii_decus_et_tutamen	Intravenous	tail vein	scientia_et_labor	salus_in_arduis	Unknown
pdx	phs000000_test03	GC-PDX-657511	Macte_animo_Generose_puer_sic_itur_ad_astra	Unknown	intraperitoneal cavity	cacatum_non_est_pictum	Obedientia_civium_urbis_felicitas	Unknown
pdx	phs000000_test03	GC-PDX-352499	nascentes_morimur_finisque_ab_origine_pendet	Intravenous	right cerebrum	haec_olim_meminisse_iuvabit	a_bene_placito	No
pdx	phs000000_test03	GC-PDX-807000	nanos_gigantum_humeris_insidentes	Intravenous	right cerebrum	imperium_in_imperio	pace_tua	Unknown
pdx	phs000000_test03	GC-PDX-652428	cacatum_non_est_pictum	Intravenous	renal capsule	damnant_quod_non_intellegunt	scientia_et_sapientia	Not Reported
pdx	phs000000_test03	GC-PDX-666141	a_bene_placito	Unknown	renal capsule	sapiens_qui_prospicit	faber_est_suae_quisque_fortunae	Not Reported
pdx	phs000000_test03	GC-PDX-428330	Macte_animo_Generose_puer_sic_itur_ad_astra	Unknown	intraperitoneal cavity	scientiae_cedit_mare	scientia,_aere_perennius	Unknown
pdx	phs000000_test03	GC-PDX-766851	imperium_in_imperio	Orthotopic	mammary fat pad	cacatum_non_est_pictum	sapiens_qui_prospicit	No
pdx	phs000000_test03	GC-PDX-242814	labor_ipse_voluptas	Trocar	subcutaneous	faber_est_suae_quisque_fortunae	scientia,_aere_perennius	Not Reported
pdx	phs000000_test03	GC-PDX-625659	saltus_in_demonstrando	Not Reported	tail vein	haec_olim_meminisse_iuvabit	a_bene_placito	Not Reported
pdx	phs000000_test03	GC-PDX-620781	damnant_quod_non_intellegunt	Unknown	brain stem	faber_est_suae_quisque_fortunae	saltus_in_demonstrando	Yes
pdx	phs000000_test03	GC-PDX-575363	labor_ipse_voluptas	Trocar	brain stem	imperium_in_imperio	scientia_et_sapientia	No
pdx	phs000000_test03	GC-PDX-942589	O_Tite_tute_Tati_tibi_tanta_tyranne_tulisti	Unknown	renal capsule	damnant_quod_non_intellegunt	e_causa_ignota	Yes
pdx	phs000000_test03	GC-PDX-218943	id_quod_plerumque_accidit	Orthotopic	subcutaneous	nascentes_morimur_finisque_ab_origine_pendet	imperium_in_imperio	Unknown
pdx	phs000000_test03	GC-PDX-814265	labor_ipse_voluptas	Orthotopic	intraperitoneal cavity	scientiae_et_patriae	nascentes_morimur_finisque_ab_origine_pendet	No
pdx	phs000000_test03	GC-PDX-151291	cacatum_non_est_pictum	Surgical	mammary fat pad	Macte_animo_Generose_puer_sic_itur_ad_astra	id_quod_plerumque_accidit	No
pdx	phs000000_test03	GC-PDX-648034	scientiae_cedit_mare	Orthotopic	right cerebrum	O_Tite_tute_Tati_tibi_tanta_tyranne_tulisti	faber_est_suae_quisque_fortunae	Yes
pdx	phs000000_test03	GC-PDX-330356	sapiens_qui_prospicit	Not Reported	right cerebrum	e_causa_ignota	scientiae_cedit_mare	Yes
pdx	phs000000_test03	GC-PDX-654748	id_quod_plerumque_accidit	Trocar	subrenal capsule	Obedientia_civium_urbis_felicitas	scientia,_aere_perennius	Unknown
pdx	phs000000_test03	GC-PDX-205240	pace_tua	Not Reported	subrenal capsule	salus_in_arduis	Macte_animo_Generose_puer_sic_itur_ad_astra	Not Reported
pdx	phs000000_test03	GC-PDX-246049	saltus_in_demonstrando	Unknown	intraperitoneal cavity	nascentes_morimur_finisque_ab_origine_pendet	pace_tua	Yes
pdx	phs000000_test03	GC-PDX-515499	scientia,_aere_perennius	Orthotopic	brain stem	scientia_et_sapientia	damnant_quod_non_intellegunt	Not Reported
pdx	phs000000_test03	GC-PDX-392169	e_causa_ignota	Trocar	right cerebrum	id_quod_plerumque_accidit	cacatum_non_est_pictum	Not Reported
pdx	phs000000_test03	GC-PDX-821895	O_Tite_tute_Tati_tibi_tanta_tyranne_tulisti	Unknown	renal capsule	e_causa_ignota	labor_ipse_voluptas	Not Reported
pdx	phs000000_test03	GC-PDX-508082	scientia,_aere_perennius	Injection	right cerebrum	a_bene_placito	labor_ipse_voluptas	No
pdx	phs000000_test03	GC-PDX-742757	faber_est_suae_quisque_fortunae	Intravenous	subrenal capsule	scientia_et_labor	scientia_imperii_decus_et_tutamen	Not Reported
pdx	phs000000_test03	GC-PDX-545116	cacatum_non_est_pictum	Surgical	intraperitoneal cavity	Obedientia_civium_urbis_felicitas	nanos_gigantum_humeris_insidentes	No
pdx	phs000000_test03	GC-PDX-487232	imperium_in_imperio	Not Reported	intraperitoneal cavity	imperium_in_imperio	Obedientia_civium_urbis_felicitas	Unknown
pdx	phs000000_test03	GC-PDX-254046	nascentes_morimur_finisque_ab_origine_pendet	Intravenous	mammary fat pad	Gallia_est_omnis_divisa_in_partes_tres	salus_in_arduis	Unknown
pdx	phs000000_test03	GC-PDX-892215	scientiae_cedit_mare	Unknown	brain stem	e_causa_ignota	barba_crescit_caput_nescit	Unknown
pdx	phs000000_test03	GC-PDX-716379	labor_ipse_voluptas	Intravenous	left cerebrum	scientiae_cedit_mare	cacatum_non_est_pictum	No
pdx	phs000000_test03	GC-PDX-677703	scientiae_et_patriae	Unknown	muscle	cacatum_non_est_pictum	nascentes_morimur_finisque_ab_origine_pendet	No
pdx	phs000000_test03	GC-PDX-767446	faber_est_suae_quisque_fortunae	Unknown	renal capsule	saltus_in_demonstrando	scientiae_et_patriae	Unknown
pdx	phs000000_test03	GC-PDX-934965	faber_est_suae_quisque_fortunae	Intravenous	mammary fat pad	damnant_quod_non_intellegunt	sapiens_qui_prospicit	Yes
pdx	phs000000_test03	GC-PDX-173158	barba_crescit_caput_nescit	Injection	left cerebrum	pace_tua	barba_crescit_caput_nescit	Not Reported
pdx	phs000000_test03	GC-PDX-175563	scientiae_et_patriae	Surgical	mammary fat pad	scientiae_et_patriae	nanos_gigantum_humeris_insidentes	Not Reported
pdx	phs000000_test03	GC-PDX-485959	salus_in_arduis	Trocar	tail vein	damnant_quod_non_intellegunt	barba_crescit_caput_nescit	Not Reported
pdx	phs000000_test03	GC-PDX-463843	barba_crescit_caput_nescit	Trocar	left cerebrum	Obedientia_civium_urbis_felicitas	Gallia_est_omnis_divisa_in_partes_tres	No
pdx	phs000000_test03	GC-PDX-451212	haec_olim_meminisse_iuvabit	Intravenous	tail vein	scientia_et_sapientia	faber_est_suae_quisque_fortunae	Yes
pdx	phs000000_test03	GC-PDX-622561	Obedientia_civium_urbis_felicitas	Orthotopic	right cerebrum	Macte_animo_Generose_puer_sic_itur_ad_astra	pace_tua	Yes
pdx	phs000000_test03	GC-PDX-237585	scientia_et_sapientia	Trocar	tail vein	scientia_et_labor	Gallia_est_omnis_divisa_in_partes_tres	Yes
pdx	phs000000_test03	GC-PDX-101060	pace_tua	Unknown	renal capsule	cacatum_non_est_pictum	pace_tua	No
pdx	phs000000_test03	GC-PDX-390381	scientia_imperii_decus_et_tutamen	Trocar	tail vein	Gallia_est_omnis_divisa_in_partes_tres	scientia_imperii_decus_et_tutamen	Yes
pdx	phs000000_test03	GC-PDX-990458	scientia_et_sapientia	Intravenous	left cerebrum	e_causa_ignota	O_Tite_tute_Tati_tibi_tanta_tyranne_tulisti	No
pdx	phs000000_test03	GC-PDX-592551	id_quod_plerumque_accidit	Unknown	left cerebrum	nanos_gigantum_humeris_insidentes	Macte_animo_Generose_puer_sic_itur_ad_astra	Yes
pdx	phs000000_test03	GC-PDX-811183	labor_ipse_voluptas	Trocar	right cerebrum	cacatum_non_est_pictum	sapiens_qui_prospicit	No
pdx	phs000000_test03	GC-PDX-819201	O_Tite_tute_Tati_tibi_tanta_tyranne_tulisti	Not Reported	left cerebrum	salus_in_arduis	nascentes_morimur_finisque_ab_origine_pendet	Yes
pdx	phs000000_test03	GC-PDX-803374	Macte_animo_Generose_puer_sic_itur_ad_astra	Unknown	right cerebrum	Obedientia_civium_urbis_felicitas	salus_in_arduis	Not Reported
pdx	phs000000_test03	GC-PDX-867869	Obedientia_civium_urbis_felicitas	Injection	intraperitoneal cavity	imperium_in_imperio	saltus_in_demonstrando	Not Reported
pdx	phs000000_test03	GC-PDX-719894	saltus_in_demonstrando	Surgical	right cerebrum	pace_tua	sapiens_qui_prospicit	Not Reported
pdx	phs000000_test03	GC-PDX-556768	Obedientia_civium_urbis_felicitas	Unknown	right cerebrum	sapiens_qui_prospicit	e_causa_ignota	No
pdx	phs000000_test03	GC-PDX-452041	nascentes_morimur_finisque_ab_origine_pendet	Injection	mammary fat pad	labor_ipse_voluptas	Obedientia_civium_urbis_felicitas	Yes
pdx	phs000000_test03	GC-PDX-602055	nanos_gigantum_humeris_insidentes	Injection	left cerebrum	nascentes_morimur_finisque_ab_origine_pendet	id_quod_plerumque_accidit	Yes
pdx	phs000000_test03	GC-PDX-574677	scientiae_et_patriae	Not Reported	intraperitoneal cavity	scientia_imperii_decus_et_tutamen	faber_est_suae_quisque_fortunae	Not Reported
pdx	phs000000_test03	GC-PDX-944762	id_quod_plerumque_accidit	Not Reported	subcutaneous	scientia,_aere_perennius	Gallia_est_omnis_divisa_in_partes_tres	Yes
pdx	phs000000_test03	GC-PDX-149821	saltus_in_demonstrando	Not Reported	subcutaneous	scientia_imperii_decus_et_tutamen	salus_in_arduis	Unknown
pdx	phs000000_test03	GC-PDX-871662	pace_tua	Unknown	brain stem	saltus_in_demonstrando	Macte_animo_Generose_puer_sic_itur_ad_astra	No
pdx	phs000000_test03	GC-PDX-735065	O_Tite_tute_Tati_tibi_tanta_tyranne_tulisti	Not Reported	right cerebrum	cacatum_non_est_pictum	nascentes_morimur_finisque_ab_origine_pendet	Unknown
pdx	phs000000_test03	GC-PDX-726378	cacatum_non_est_pictum	Injection	tail vein	scientiae_cedit_mare	scientiae_cedit_mare	Yes
pdx	phs000000_test03	GC-PDX-603444	e_causa_ignota	Not Reported	right cerebrum	scientiae_et_patriae	scientiae_et_patriae	No
pdx	phs000000_test03	GC-PDX-835007	saltus_in_demonstrando	Injection	subcutaneous	e_causa_ignota	scientia_et_sapientia	No
pdx	phs000000_test03	GC-PDX-358174	Macte_animo_Generose_puer_sic_itur_ad_astra	Orthotopic	brain stem	scientia_imperii_decus_et_tutamen	Gallia_est_omnis_divisa_in_partes_tres	Yes
pdx	phs000000_test03	GC-PDX-504304	salus_in_arduis	Surgical	subrenal capsule	pace_tua	labor_ipse_voluptas	No
pdx	phs000000_test03	GC-PDX-115533	a_bene_placito	Not Reported	mammary fat pad	scientia_et_sapientia	scientia_et_sapientia	Yes
pdx	phs000000_test03	GC-PDX-845632	a_bene_placito	Trocar	intraperitoneal cavity	scientiae_cedit_mare	a_bene_placito	No
pdx	phs000000_test03	GC-PDX-560914	scientia_et_sapientia	Trocar	subrenal capsule	barba_crescit_caput_nescit	saltus_in_demonstrando	No
pdx	phs000000_test03	GC-PDX-576932	Gallia_est_omnis_divisa_in_partes_tres	Surgical	subcutaneous	sapiens_qui_prospicit	nanos_gigantum_humeris_insidentes	Unknown
pdx	phs000000_test03	GC-PDX-725201	imperium_in_imperio	Trocar	left cerebrum	scientia_imperii_decus_et_tutamen	e_causa_ignota	Not Reported
pdx	phs000000_test03	GC-PDX-912620	cacatum_non_est_pictum	Orthotopic	intraperitoneal cavity	pace_tua	Macte_animo_Generose_puer_sic_itur_ad_astra	Not Reported
pdx	phs000000_test03	GC-PDX-384037	scientia_et_labor	Intravenous	subrenal capsule	nascentes_morimur_finisque_ab_origine_pendet	labor_ipse_voluptas	No
pdx	phs000000_test03	GC-PDX-736914	saltus_in_demonstrando	Intravenous	tail vein	e_causa_ignota	sapiens_qui_prospicit	Yes
pdx	phs000000_test03	GC-PDX-589477	haec_olim_meminisse_iuvabit	Intravenous	renal capsule	scientiae_cedit_mare	scientia,_aere_perennius	Yes
pdx	phs000000_test03	GC-PDX-379785	haec_olim_meminisse_iuvabit	Surgical	subcutaneous	Macte_animo_Generose_puer_sic_itur_ad_astra	scientia_et_sapientia	Not Reported
pdx	phs000000_test03	GC-PDX-465978	faber_est_suae_quisque_fortunae	Not Reported	tail vein	salus_in_arduis	haec_olim_meminisse_iuvabit	Yes
pdx	phs000000_test03	GC-PDX-509474	salus_in_arduis	Trocar	subrenal capsule	faber_est_suae_quisque_fortunae	scientia_et_labor	No
pdx	phs000000_test03	GC-PDX-586450	scientia_et_labor	Unknown	mammary fat pad	O_Tite_tute_Tati_tibi_tanta_tyranne_tulisti	a_bene_placito	Unknown
pdx	phs000000_test03	GC-PDX-331606	Macte_animo_Generose_puer_sic_itur_ad_astra	Intravenous	intraperitoneal cavity	O_Tite_tute_Tati_tibi_tanta_tyranne_tulisti	sapiens_qui_prospicit	Unknown
pdx	phs000000_test03	GC-PDX-796894	cacatum_non_est_pictum	Intravenous	brain stem	e_causa_ignota	scientia_imperii_decus_et_tutamen	Yes
pdx	phs000000_test03	GC-PDX-827326	nascentes_morimur_finisque_ab_origine_pendet	Trocar	mammary fat pad	saltus_in_demonstrando	imperium_in_imperio	Yes
pdx	phs000000_test03	GC-PDX-674300	scientia_imperii_decus_et_tutamen	Not Reported	brain stem	barba_crescit_caput_nescit	imperium_in_imperio	Not Reported
pdx	phs000000_test03	GC-PDX-979040	labor_ipse_voluptas	Orthotopic	mammary fat pad	Macte_animo_Generose_puer_sic_itur_ad_astra	scientia,_aere_perennius	No
pdx	phs000000_test03	GC-PDX-432011	barba_crescit_caput_nescit	Orthotopic	left cerebrum	nanos_gigantum_humeris_insidentes	Macte_animo_Generose_puer_sic_itur_ad_astra	Unknown
pdx	phs000000_test03	GC-PDX-276155	haec_olim_meminisse_iuvabit	Injection	subrenal capsule	scientiae_cedit_mare	cacatum_non_est_pictum	Yes
pdx	phs000000_test03	GC-PDX-808581	pace_tua	Surgical	mammary fat pad	id_quod_plerumque_accidit	O_Tite_tute_Tati_tibi_tanta_tyranne_tulisti	Not Reported
pdx	phs000000_test03	GC-PDX-115888	scientiae_et_patriae	Orthotopic	left cerebrum	cacatum_non_est_pictum	labor_ipse_voluptas	Yes
pdx	phs000000_test03	GC-PDX-281716	nascentes_morimur_finisque_ab_origine_pendet	Unknown	tail vein	scientia_et_labor	pace_tua	Yes
pdx	phs000000_test03	GC-PDX-319709	nanos_gigantum_humeris_insidentes	Injection	muscle	damnant_quod_non_intellegunt	damnant_quod_non_intellegunt	Yes
pdx	phs000000_test03	GC-PDX-787799	nascentes_morimur_finisque_ab_origine_pendet	Surgical	intraperitoneal cavity	scientia,_aere_perennius	cacatum_non_est_pictum	Not Reported
pdx	phs000000_test03	GC-PDX-167548	pace_tua	Injection	intraperitoneal cavity	pace_tua	a_bene_placito	Unknown
pdx	phs000000_test03	GC-PDX-580312	a_bene_placito	Intravenous	brain stem	Macte_animo_Generose_puer_sic_itur_ad_astra	labor_ipse_voluptas	Unknown
pdx	phs000000_test03	GC-PDX-928373	id_quod_plerumque_accidit	Injection	mammary fat pad	O_Tite_tute_Tati_tibi_tanta_tyranne_tulisti	scientia_et_labor	Yes
pdx	phs000000_test03	GC-PDX-678218	cacatum_non_est_pictum	Intravenous	tail vein	saltus_in_demonstrando	nanos_gigantum_humeris_insidentes	Yes
pdx	phs000000_test03	GC-PDX-500779	a_bene_placito	Intravenous	mammary fat pad	pace_tua	Macte_animo_Generose_puer_sic_itur_ad_astra	Yes
pdx	phs000000_test03	GC-PDX-466401	haec_olim_meminisse_iuvabit	Orthotopic	renal capsule	faber_est_suae_quisque_fortunae	salus_in_arduis	No
pdx	phs000000_test03	GC-PDX-769736	e_causa_ignota	Surgical	brain stem	faber_est_suae_quisque_fortunae	barba_crescit_caput_nescit	No
pdx	phs000000_test03	GC-PDX-600874	scientia_et_labor	Trocar	subrenal capsule	scientia_imperii_decus_et_tutamen	scientia_et_sapientia	Not Reported
pdx	phs000000_test03	GC-PDX-489722	Gallia_est_omnis_divisa_in_partes_tres	Unknown	right cerebrum	Macte_animo_Generose_puer_sic_itur_ad_astra	a_bene_placito	No
pdx	phs000000_test03	GC-PDX-848490	Macte_animo_Generose_puer_sic_itur_ad_astra	Trocar	brain stem	haec_olim_meminisse_iuvabit	Gallia_est_omnis_divisa_in_partes_tres	Yes
pdx	phs000000_test03	GC-PDX-383484	faber_est_suae_quisque_fortunae	Not Reported	subcutaneous	sapiens_qui_prospicit	Gallia_est_omnis_divisa_in_partes_tres	No
pdx	phs000000_test03	GC-PDX-891514	a_bene_placito	Not Reported	mammary fat pad	e_causa_ignota	labor_ipse_voluptas	No
pdx	phs000000_test03	GC-PDX-699615	salus_in_arduis	Not Reported	intraperitoneal cavity	scientia,_aere_perennius	nanos_gigantum_humeris_insidentes	Yes
pdx	phs000000_test03	GC-PDX-679732	id_quod_plerumque_accidit	Surgical	renal capsule	imperium_in_imperio	damnant_quod_non_intellegunt	Yes
pdx	phs000000_test03	GC-PDX-796809	Obedientia_civium_urbis_felicitas	Orthotopic	brain stem	nanos_gigantum_humeris_insidentes	id_quod_plerumque_accidit	Not Reported
pdx	phs000000_test03	GC-PDX-419879	e_causa_ignota	Trocar	left cerebrum	saltus_in_demonstrando	Macte_animo_Generose_puer_sic_itur_ad_astra	Yes
pdx	phs000000_test03	GC-PDX-462698	damnant_quod_non_intellegunt	Intravenous	tail vein	nascentes_morimur_finisque_ab_origine_pendet	saltus_in_demonstrando	No
pdx	phs000000_test03	GC-PDX-660811	nanos_gigantum_humeris_insidentes	Injection	mammary fat pad	nascentes_morimur_finisque_ab_origine_pendet	faber_est_suae_quisque_fortunae	Unknown
pdx	phs000000_test03	GC-PDX-322469	sapiens_qui_prospicit	Injection	muscle	cacatum_non_est_pictum	Macte_animo_Generose_puer_sic_itur_ad_astra	Not Reported
pdx	phs000000_test03	GC-PDX-942040	pace_tua	Orthotopic	muscle	cacatum_non_est_pictum	scientia,_aere_perennius	Unknown
pdx	phs000000_test03	GC-PDX-816492	pace_tua	Orthotopic	brain stem	salus_in_arduis	scientia_imperii_decus_et_tutamen	Yes
pdx	phs000000_test03	GC-PDX-782878	nanos_gigantum_humeris_insidentes	Trocar	mammary fat pad	scientiae_et_patriae	labor_ipse_voluptas	Yes
pdx	phs000000_test03	GC-PDX-775262	salus_in_arduis	Surgical	intraperitoneal cavity	scientia_imperii_decus_et_tutamen	O_Tite_tute_Tati_tibi_tanta_tyranne_tulisti	No
pdx	phs000000_test03	GC-PDX-780217	pace_tua	Unknown	right cerebrum	scientia_et_labor	scientia_imperii_decus_et_tutamen	Unknown
pdx	phs000000_test03	GC-PDX-339543	damnant_quod_non_intellegunt	Orthotopic	subcutaneous	scientiae_et_patriae	damnant_quod_non_intellegunt	Unknown
pdx	phs000000_test03	GC-PDX-329214	a_bene_placito	Trocar	subcutaneous	salus_in_arduis	faber_est_suae_quisque_fortunae	Unknown
pdx	phs000000_test03	GC-PDX-891639	Obedientia_civium_urbis_felicitas	Surgical	tail vein	scientiae_cedit_mare	faber_est_suae_quisque_fortunae	Not Reported
pdx	phs000000_test03	GC-PDX-571206	scientia_et_sapientia	Orthotopic	brain stem	scientia_et_sapientia	id_quod_plerumque_accidit	No
pdx	phs000000_test03	GC-PDX-527966	Obedientia_civium_urbis_felicitas	Not Reported	right cerebrum	imperium_in_imperio	a_bene_placito	Unknown
pdx	phs000000_test03	GC-PDX-158026	sapiens_qui_prospicit	Trocar	renal capsule	scientia_imperii_decus_et_tutamen	scientia_imperii_decus_et_tutamen	Unknown
pdx	phs000000_test03	GC-PDX-817965	labor_ipse_voluptas	Orthotopic	tail vein	e_causa_ignota	saltus_in_demonstrando	Yes
pdx	phs000000_test03	GC-PDX-275309	pace_tua	Injection	right cerebrum	faber_est_suae_quisque_fortunae	id_quod_plerumque_accidit	No
pdx	phs000000_test03	GC-PDX-156001	scientia_imperii_decus_et_tutamen	Orthotopic	tail vein	salus_in_arduis	barba_crescit_caput_nescit	No
pdx	phs000000_test03	GC-PDX-862158	scientia_imperii_decus_et_tutamen	Not Reported	subcutaneous	barba_crescit_caput_nescit	damnant_quod_non_intellegunt	Not Reported
pdx	phs000000_test03	GC-PDX-407942	Gallia_est_omnis_divisa_in_partes_tres	Surgical	tail vein	Gallia_est_omnis_divisa_in_partes_tres	scientia_imperii_decus_et_tutamen	Unknown
pdx	phs000000_test03	GC-PDX-632968	haec_olim_meminisse_iuvabit	Injection	tail vein	cacatum_non_est_pictum	scientiae_et_patriae	Unknown
pdx	phs000000_test03	GC-PDX-108040	nascentes_morimur_finisque_ab_origine_pendet	Trocar	left cerebrum	salus_in_arduis	O_Tite_tute_Tati_tibi_tanta_tyranne_tulisti	Yes
pdx	phs000000_test03	GC-PDX-313475	scientiae_et_patriae	Orthotopic	muscle	labor_ipse_voluptas	damnant_quod_non_intellegunt	No
pdx	phs000000_test03	GC-PDX-218039	nanos_gigantum_humeris_insidentes	Unknown	left cerebrum	scientia,_aere_perennius	scientia_imperii_decus_et_tutamen	Not Reported
pdx	phs000000_test03	GC-PDX-545107	nascentes_morimur_finisque_ab_origine_pendet	Trocar	tail vein	a_bene_placito	pace_tua	Not Reported
pdx	phs000000_test03	GC-PDX-416064	Gallia_est_omnis_divisa_in_partes_tres	Unknown	left cerebrum	damnant_quod_non_intellegunt	pace_tua	Yes
pdx	phs000000_test03	GC-PDX-248391	nanos_gigantum_humeris_insidentes	Intravenous	right cerebrum	sapiens_qui_prospicit	Macte_animo_Generose_puer_sic_itur_ad_astra	Unknown
pdx	phs000000_test03	GC-PDX-374249	scientia,_aere_perennius	Surgical	mammary fat pad	imperium_in_imperio	salus_in_arduis	Not Reported
pdx	phs000000_test03	GC-PDX-985409	e_causa_ignota	Trocar	mammary fat pad	id_quod_plerumque_accidit	damnant_quod_non_intellegunt	Yes
pdx	phs000000_test03	GC-PDX-834136	Macte_animo_Generose_puer_sic_itur_ad_astra	Orthotopic	intraperitoneal cavity	haec_olim_meminisse_iuvabit	saltus_in_demonstrando	Unknown
pdx	phs000000_test03	GC-PDX-909690	scientiae_et_patriae	Injection	subrenal capsule	scientia_imperii_decus_et_tutamen	scientia_et_sapientia	Not Reported
pdx	phs000000_test03	GC-PDX-808508	imperium_in_imperio	Surgical	renal capsule	sapiens_qui_prospicit	scientia_imperii_decus_et_tutamen	Unknown
pdx	phs000000_test03	GC-PDX-667264	barba_crescit_caput_nescit	Intravenous	intraperitoneal cavity	nanos_gigantum_humeris_insidentes	scientia_imperii_decus_et_tutamen	Not Reported
pdx	phs000000_test03	GC-PDX-642611	Gallia_est_omnis_divisa_in_partes_tres	Intravenous	muscle	a_bene_placito	faber_est_suae_quisque_fortunae	Not Reported
pdx	phs000000_test03	GC-PDX-957188	scientia_et_sapientia	Intravenous	muscle	scientia,_aere_perennius	damnant_quod_non_intellegunt	Not Reported
pdx	phs000000_test03	GC-PDX-416199	O_Tite_tute_Tati_tibi_tanta_tyranne_tulisti	Intravenous	left cerebrum	e_causa_ignota	O_Tite_tute_Tati_tibi_tanta_tyranne_tulisti	No
pdx	phs000000_test03	GC-PDX-540675	Macte_animo_Generose_puer_sic_itur_ad_astra	Orthotopic	right cerebrum	e_causa_ignota	scientia_imperii_decus_et_tutamen	Unknown
pdx	phs000000_test03	GC-PDX-469000	scientiae_cedit_mare	Unknown	renal capsule	Macte_animo_Generose_puer_sic_itur_ad_astra	e_causa_ignota	Yes
pdx	phs000000_test03	GC-PDX-252143	nascentes_morimur_finisque_ab_origine_pendet	Intravenous	intraperitoneal cavity	scientiae_et_patriae	saltus_in_demonstrando	Yes
pdx	phs000000_test03	GC-PDX-516958	cacatum_non_est_pictum	Unknown	subrenal capsule	e_causa_ignota	a_bene_placito	Not Reported
pdx	phs000000_test03	GC-PDX-472757	haec_olim_meminisse_iuvabit	Injection	subcutaneous	scientia_et_sapientia	O_Tite_tute_Tati_tibi_tanta_tyranne_tulisti	Unknown
pdx	phs000000_test03	GC-PDX-217145	cacatum_non_est_pictum	Intravenous	subrenal capsule	scientiae_et_patriae	O_Tite_tute_Tati_tibi_tanta_tyranne_tulisti	No
