type	file.file_id	proteomic_info_id	aliquot_id	analytical_fractions	instrument_make	proteomic_instrument_model	proteomic_design_description	manufacturer_model_name	crdc_id
proteomic	CDS-FILE-276430	CDS-PROTEOMIC-269963	damnant_quod_non_intellegunt	Proteome	Macte_animo_Generose_puer_sic_itur_ad_astra	a_bene_placito	scientia,_aere_perennius	Orbitrap	nascentes_morimur_finisque_ab_origine_pendet
proteomic	CDS-FILE-501016	CDS-PROTEOMIC-151942	damnant_quod_non_intellegunt	Proteome	scientiae_et_patriae	id_quod_plerumque_accidit	scientia_imperii_decus_et_tutamen	Orbitrap	pace_tua
proteomic	CDS-FILE-265500	CDS-PROTEOMIC-259828	imperium_in_imperio	Proteome	salus_in_arduis	Macte_animo_Generose_puer_sic_itur_ad_astra	scientia,_aere_perennius	Orbitrap	scientia_imperii_decus_et_tutamen
proteomic	CDS-FILE-260918	CDS-PROTEOMIC-800062	scientiae_cedit_mare	Ubiquitylome	scientia,_aere_perennius	scientia_et_labor	damnant_quod_non_intellegunt	Orbitrap	saltus_in_demonstrando
proteomic	CDS-FILE-336401	CDS-PROTEOMIC-677138	scientia,_aere_perennius	Acetylome	nascentes_morimur_finisque_ab_origine_pendet	a_bene_placito	damnant_quod_non_intellegunt	Orbitrap	pace_tua
proteomic	CDS-FILE-414263	CDS-PROTEOMIC-491812	a_bene_placito	Lipidome	scientia_et_sapientia	damnant_quod_non_intellegunt	scientia_imperii_decus_et_tutamen	Orbitrap	scientiae_et_patriae
proteomic	CDS-FILE-285870	CDS-PROTEOMIC-516330	scientiae_et_patriae	Acetylome	nanos_gigantum_humeris_insidentes	scientia_et_sapientia	scientia_imperii_decus_et_tutamen	Orbitrap	imperium_in_imperio
proteomic	CDS-FILE-491817	CDS-PROTEOMIC-176185	salus_in_arduis	Proteome	id_quod_plerumque_accidit	e_causa_ignota	cacatum_non_est_pictum	Orbitrap	scientia_et_labor
proteomic	CDS-FILE-530374	CDS-PROTEOMIC-597731	scientia,_aere_perennius	Lipidome	id_quod_plerumque_accidit	nanos_gigantum_humeris_insidentes	nanos_gigantum_humeris_insidentes	Orbitrap	faber_est_suae_quisque_fortunae
proteomic	CDS-FILE-275807	CDS-PROTEOMIC-781716	id_quod_plerumque_accidit	Ubiquitylome	nascentes_morimur_finisque_ab_origine_pendet	barba_crescit_caput_nescit	scientia_et_sapientia	Orbitrap	Obedientia_civium_urbis_felicitas
proteomic	CDS-FILE-227394	CDS-PROTEOMIC-980403	damnant_quod_non_intellegunt	Metabolome	e_causa_ignota	scientiae_et_patriae	saltus_in_demonstrando	Orbitrap	id_quod_plerumque_accidit
proteomic	CDS-FILE-918497	CDS-PROTEOMIC-150838	scientia,_aere_perennius	Phosphoproteome	labor_ipse_voluptas	a_bene_placito	pace_tua	Orbitrap	Obedientia_civium_urbis_felicitas
proteomic	CDS-FILE-997518	CDS-PROTEOMIC-270651	scientia_et_labor	Lipidome	Macte_animo_Generose_puer_sic_itur_ad_astra	O_Tite_tute_Tati_tibi_tanta_tyranne_tulisti	O_Tite_tute_Tati_tibi_tanta_tyranne_tulisti	Orbitrap	nascentes_morimur_finisque_ab_origine_pendet
proteomic	CDS-FILE-961126	CDS-PROTEOMIC-285621	saltus_in_demonstrando	Proteome	scientia_imperii_decus_et_tutamen	labor_ipse_voluptas	barba_crescit_caput_nescit	Orbitrap	scientia_et_sapientia
proteomic	CDS-FILE-394343	CDS-PROTEOMIC-731527	O_Tite_tute_Tati_tibi_tanta_tyranne_tulisti	Phosphoproteome	id_quod_plerumque_accidit	salus_in_arduis	e_causa_ignota	Orbitrap	Obedientia_civium_urbis_felicitas
proteomic	CDS-FILE-507658	CDS-PROTEOMIC-679350	cacatum_non_est_pictum	Glycoproteome	Macte_animo_Generose_puer_sic_itur_ad_astra	haec_olim_meminisse_iuvabit	imperium_in_imperio	Orbitrap	scientia_et_labor
proteomic	CDS-FILE-147988	CDS-PROTEOMIC-185481	scientia_imperii_decus_et_tutamen	Phosphoproteome	e_causa_ignota	scientia_et_sapientia	salus_in_arduis	Orbitrap	Obedientia_civium_urbis_felicitas
proteomic	CDS-FILE-291046	CDS-PROTEOMIC-349808	scientia_et_sapientia	Proteome	Obedientia_civium_urbis_felicitas	imperium_in_imperio	cacatum_non_est_pictum	Orbitrap	scientiae_cedit_mare
proteomic	CDS-FILE-150230	CDS-PROTEOMIC-383906	a_bene_placito	Acetylome	salus_in_arduis	imperium_in_imperio	scientia_imperii_decus_et_tutamen	Orbitrap	id_quod_plerumque_accidit
proteomic	CDS-FILE-847765	CDS-PROTEOMIC-319500	faber_est_suae_quisque_fortunae	Lipidome	faber_est_suae_quisque_fortunae	nascentes_morimur_finisque_ab_origine_pendet	nanos_gigantum_humeris_insidentes	Orbitrap	haec_olim_meminisse_iuvabit
proteomic	CDS-FILE-975119	CDS-PROTEOMIC-864291	haec_olim_meminisse_iuvabit	Metabolome	Gallia_est_omnis_divisa_in_partes_tres	salus_in_arduis	labor_ipse_voluptas	Orbitrap	saltus_in_demonstrando
proteomic	CDS-FILE-346511	CDS-PROTEOMIC-836304	id_quod_plerumque_accidit	Proteome	nascentes_morimur_finisque_ab_origine_pendet	cacatum_non_est_pictum	sapiens_qui_prospicit	Orbitrap	id_quod_plerumque_accidit
proteomic	CDS-FILE-268310	CDS-PROTEOMIC-271913	scientia_et_sapientia	Lipidome	scientia_et_labor	salus_in_arduis	faber_est_suae_quisque_fortunae	Orbitrap	salus_in_arduis
proteomic	CDS-FILE-607762	CDS-PROTEOMIC-338166	labor_ipse_voluptas	Metabolome	pace_tua	scientia_et_labor	labor_ipse_voluptas	Orbitrap	O_Tite_tute_Tati_tibi_tanta_tyranne_tulisti
proteomic	CDS-FILE-197555	CDS-PROTEOMIC-159253	e_causa_ignota	Metabolome	pace_tua	e_causa_ignota	nanos_gigantum_humeris_insidentes	Orbitrap	salus_in_arduis
proteomic	CDS-FILE-609684	CDS-PROTEOMIC-664563	scientia_imperii_decus_et_tutamen	Acetylome	Macte_animo_Generose_puer_sic_itur_ad_astra	imperium_in_imperio	pace_tua	Orbitrap	scientiae_et_patriae
proteomic	CDS-FILE-937481	CDS-PROTEOMIC-441899	scientiae_cedit_mare	Glycoproteome	haec_olim_meminisse_iuvabit	sapiens_qui_prospicit	O_Tite_tute_Tati_tibi_tanta_tyranne_tulisti	Orbitrap	sapiens_qui_prospicit
proteomic	CDS-FILE-749982	CDS-PROTEOMIC-411221	Macte_animo_Generose_puer_sic_itur_ad_astra	Acetylome	Obedientia_civium_urbis_felicitas	cacatum_non_est_pictum	Gallia_est_omnis_divisa_in_partes_tres	Orbitrap	scientia_et_sapientia
proteomic	CDS-FILE-855394	CDS-PROTEOMIC-846900	Obedientia_civium_urbis_felicitas	Ubiquitylome	scientiae_et_patriae	nanos_gigantum_humeris_insidentes	faber_est_suae_quisque_fortunae	Orbitrap	haec_olim_meminisse_iuvabit
proteomic	CDS-FILE-909922	CDS-PROTEOMIC-253699	Macte_animo_Generose_puer_sic_itur_ad_astra	Proteome	Gallia_est_omnis_divisa_in_partes_tres	Macte_animo_Generose_puer_sic_itur_ad_astra	saltus_in_demonstrando	Orbitrap	nascentes_morimur_finisque_ab_origine_pendet
proteomic	CDS-FILE-432544	CDS-PROTEOMIC-877473	barba_crescit_caput_nescit	Acetylome	scientiae_et_patriae	scientia_imperii_decus_et_tutamen	cacatum_non_est_pictum	Orbitrap	saltus_in_demonstrando
proteomic	CDS-FILE-386736	CDS-PROTEOMIC-213332	labor_ipse_voluptas	Ubiquitylome	scientia_et_sapientia	pace_tua	Gallia_est_omnis_divisa_in_partes_tres	Orbitrap	pace_tua
proteomic	CDS-FILE-941534	CDS-PROTEOMIC-686104	sapiens_qui_prospicit	Metabolome	damnant_quod_non_intellegunt	scientia,_aere_perennius	scientiae_cedit_mare	Orbitrap	id_quod_plerumque_accidit
proteomic	CDS-FILE-322858	CDS-PROTEOMIC-875924	scientia_imperii_decus_et_tutamen	Glycoproteome	saltus_in_demonstrando	salus_in_arduis	cacatum_non_est_pictum	Orbitrap	salus_in_arduis
proteomic	CDS-FILE-193489	CDS-PROTEOMIC-340850	nanos_gigantum_humeris_insidentes	Metabolome	saltus_in_demonstrando	Obedientia_civium_urbis_felicitas	id_quod_plerumque_accidit	Orbitrap	scientia_et_labor
proteomic	CDS-FILE-488071	CDS-PROTEOMIC-942347	id_quod_plerumque_accidit	Metabolome	damnant_quod_non_intellegunt	scientia_imperii_decus_et_tutamen	a_bene_placito	Orbitrap	cacatum_non_est_pictum
proteomic	CDS-FILE-147941	CDS-PROTEOMIC-919219	sapiens_qui_prospicit	Glycoproteome	scientia,_aere_perennius	Obedientia_civium_urbis_felicitas	scientia_et_labor	Orbitrap	scientia,_aere_perennius
proteomic	CDS-FILE-584125	CDS-PROTEOMIC-493324	damnant_quod_non_intellegunt	Metabolome	Macte_animo_Generose_puer_sic_itur_ad_astra	haec_olim_meminisse_iuvabit	nanos_gigantum_humeris_insidentes	Orbitrap	scientia_et_sapientia
proteomic	CDS-FILE-292721	CDS-PROTEOMIC-116475	cacatum_non_est_pictum	Metabolome	nascentes_morimur_finisque_ab_origine_pendet	id_quod_plerumque_accidit	scientia,_aere_perennius	Orbitrap	Macte_animo_Generose_puer_sic_itur_ad_astra
proteomic	CDS-FILE-494164	CDS-PROTEOMIC-886828	faber_est_suae_quisque_fortunae	Phosphoproteome	Macte_animo_Generose_puer_sic_itur_ad_astra	faber_est_suae_quisque_fortunae	barba_crescit_caput_nescit	Orbitrap	barba_crescit_caput_nescit
proteomic	CDS-FILE-384996	CDS-PROTEOMIC-773899	nascentes_morimur_finisque_ab_origine_pendet	Ubiquitylome	imperium_in_imperio	scientiae_cedit_mare	sapiens_qui_prospicit	Orbitrap	damnant_quod_non_intellegunt
proteomic	CDS-FILE-456946	CDS-PROTEOMIC-152934	e_causa_ignota	Acetylome	salus_in_arduis	damnant_quod_non_intellegunt	Obedientia_civium_urbis_felicitas	Orbitrap	scientia,_aere_perennius
proteomic	CDS-FILE-290470	CDS-PROTEOMIC-785572	Macte_animo_Generose_puer_sic_itur_ad_astra	Lipidome	saltus_in_demonstrando	barba_crescit_caput_nescit	saltus_in_demonstrando	Orbitrap	cacatum_non_est_pictum
proteomic	CDS-FILE-816233	CDS-PROTEOMIC-766145	id_quod_plerumque_accidit	Acetylome	saltus_in_demonstrando	a_bene_placito	e_causa_ignota	Orbitrap	saltus_in_demonstrando
proteomic	CDS-FILE-441762	CDS-PROTEOMIC-297386	damnant_quod_non_intellegunt	Phosphoproteome	scientiae_et_patriae	imperium_in_imperio	scientiae_et_patriae	Orbitrap	Macte_animo_Generose_puer_sic_itur_ad_astra
proteomic	CDS-FILE-595770	CDS-PROTEOMIC-128610	scientia_et_sapientia	Lipidome	scientiae_et_patriae	damnant_quod_non_intellegunt	imperium_in_imperio	Orbitrap	scientia_et_labor
proteomic	CDS-FILE-744755	CDS-PROTEOMIC-767518	scientiae_et_patriae	Lipidome	Gallia_est_omnis_divisa_in_partes_tres	pace_tua	salus_in_arduis	Orbitrap	Macte_animo_Generose_puer_sic_itur_ad_astra
proteomic	CDS-FILE-489872	CDS-PROTEOMIC-130384	labor_ipse_voluptas	Lipidome	damnant_quod_non_intellegunt	e_causa_ignota	scientia_imperii_decus_et_tutamen	Orbitrap	O_Tite_tute_Tati_tibi_tanta_tyranne_tulisti
proteomic	CDS-FILE-276113	CDS-PROTEOMIC-975383	haec_olim_meminisse_iuvabit	Glycoproteome	damnant_quod_non_intellegunt	O_Tite_tute_Tati_tibi_tanta_tyranne_tulisti	faber_est_suae_quisque_fortunae	Orbitrap	faber_est_suae_quisque_fortunae
proteomic	CDS-FILE-904342	CDS-PROTEOMIC-467479	scientiae_et_patriae	Ubiquitylome	faber_est_suae_quisque_fortunae	cacatum_non_est_pictum	pace_tua	Orbitrap	scientia_imperii_decus_et_tutamen
proteomic	CDS-FILE-613915	CDS-PROTEOMIC-482396	nascentes_morimur_finisque_ab_origine_pendet	Metabolome	imperium_in_imperio	Obedientia_civium_urbis_felicitas	pace_tua	Orbitrap	scientiae_cedit_mare
proteomic	CDS-FILE-270556	CDS-PROTEOMIC-675709	Macte_animo_Generose_puer_sic_itur_ad_astra	Phosphoproteome	pace_tua	scientia_et_sapientia	pace_tua	Orbitrap	scientia_imperii_decus_et_tutamen
proteomic	CDS-FILE-161904	CDS-PROTEOMIC-914049	scientia_imperii_decus_et_tutamen	Glycoproteome	cacatum_non_est_pictum	nascentes_morimur_finisque_ab_origine_pendet	nascentes_morimur_finisque_ab_origine_pendet	Orbitrap	nascentes_morimur_finisque_ab_origine_pendet
proteomic	CDS-FILE-285136	CDS-PROTEOMIC-676019	Gallia_est_omnis_divisa_in_partes_tres	Proteome	Obedientia_civium_urbis_felicitas	scientia_et_sapientia	O_Tite_tute_Tati_tibi_tanta_tyranne_tulisti	Orbitrap	barba_crescit_caput_nescit
proteomic	CDS-FILE-404613	CDS-PROTEOMIC-968830	a_bene_placito	Metabolome	faber_est_suae_quisque_fortunae	Obedientia_civium_urbis_felicitas	id_quod_plerumque_accidit	Orbitrap	damnant_quod_non_intellegunt
proteomic	CDS-FILE-131670	CDS-PROTEOMIC-723024	barba_crescit_caput_nescit	Acetylome	scientiae_cedit_mare	e_causa_ignota	scientia_imperii_decus_et_tutamen	Orbitrap	a_bene_placito
proteomic	CDS-FILE-524795	CDS-PROTEOMIC-576667	scientiae_cedit_mare	Proteome	faber_est_suae_quisque_fortunae	saltus_in_demonstrando	damnant_quod_non_intellegunt	Orbitrap	scientiae_cedit_mare
proteomic	CDS-FILE-239571	CDS-PROTEOMIC-493480	nanos_gigantum_humeris_insidentes	Acetylome	scientia_et_labor	sapiens_qui_prospicit	scientiae_et_patriae	Orbitrap	e_causa_ignota
proteomic	CDS-FILE-277354	CDS-PROTEOMIC-285467	nascentes_morimur_finisque_ab_origine_pendet	Lipidome	O_Tite_tute_Tati_tibi_tanta_tyranne_tulisti	cacatum_non_est_pictum	faber_est_suae_quisque_fortunae	Orbitrap	salus_in_arduis
proteomic	CDS-FILE-455071	CDS-PROTEOMIC-355627	sapiens_qui_prospicit	Proteome	scientia_et_labor	pace_tua	Macte_animo_Generose_puer_sic_itur_ad_astra	Orbitrap	Macte_animo_Generose_puer_sic_itur_ad_astra
proteomic	CDS-FILE-569492	CDS-PROTEOMIC-875239	imperium_in_imperio	Acetylome	scientiae_et_patriae	scientiae_cedit_mare	salus_in_arduis	Orbitrap	scientia_et_sapientia
proteomic	CDS-FILE-758774	CDS-PROTEOMIC-508533	scientia_imperii_decus_et_tutamen	Metabolome	imperium_in_imperio	imperium_in_imperio	sapiens_qui_prospicit	Orbitrap	scientiae_et_patriae
proteomic	CDS-FILE-142909	CDS-PROTEOMIC-991332	Obedientia_civium_urbis_felicitas	Proteome	faber_est_suae_quisque_fortunae	imperium_in_imperio	sapiens_qui_prospicit	Orbitrap	salus_in_arduis
proteomic	CDS-FILE-940770	CDS-PROTEOMIC-224476	barba_crescit_caput_nescit	Acetylome	saltus_in_demonstrando	imperium_in_imperio	haec_olim_meminisse_iuvabit	Orbitrap	damnant_quod_non_intellegunt
proteomic	CDS-FILE-263510	CDS-PROTEOMIC-469935	scientia_imperii_decus_et_tutamen	Acetylome	nascentes_morimur_finisque_ab_origine_pendet	Gallia_est_omnis_divisa_in_partes_tres	pace_tua	Orbitrap	sapiens_qui_prospicit
proteomic	CDS-FILE-695214	CDS-PROTEOMIC-773357	scientia_et_labor	Phosphoproteome	labor_ipse_voluptas	O_Tite_tute_Tati_tibi_tanta_tyranne_tulisti	haec_olim_meminisse_iuvabit	Orbitrap	O_Tite_tute_Tati_tibi_tanta_tyranne_tulisti
proteomic	CDS-FILE-307038	CDS-PROTEOMIC-746965	haec_olim_meminisse_iuvabit	Lipidome	saltus_in_demonstrando	pace_tua	scientiae_et_patriae	Orbitrap	scientia_imperii_decus_et_tutamen
proteomic	CDS-FILE-301907	CDS-PROTEOMIC-984038	Obedientia_civium_urbis_felicitas	Ubiquitylome	salus_in_arduis	scientia,_aere_perennius	salus_in_arduis	Orbitrap	scientia_et_sapientia
proteomic	CDS-FILE-303358	CDS-PROTEOMIC-726250	labor_ipse_voluptas	Lipidome	id_quod_plerumque_accidit	pace_tua	imperium_in_imperio	Orbitrap	scientia_imperii_decus_et_tutamen
proteomic	CDS-FILE-689056	CDS-PROTEOMIC-334115	damnant_quod_non_intellegunt	Lipidome	saltus_in_demonstrando	Gallia_est_omnis_divisa_in_partes_tres	scientia,_aere_perennius	Orbitrap	scientiae_cedit_mare
proteomic	CDS-FILE-900642	CDS-PROTEOMIC-855255	Obedientia_civium_urbis_felicitas	Ubiquitylome	scientiae_cedit_mare	labor_ipse_voluptas	salus_in_arduis	Orbitrap	scientia_et_labor
proteomic	CDS-FILE-168011	CDS-PROTEOMIC-802321	haec_olim_meminisse_iuvabit	Metabolome	Gallia_est_omnis_divisa_in_partes_tres	e_causa_ignota	scientiae_et_patriae	Orbitrap	Macte_animo_Generose_puer_sic_itur_ad_astra
proteomic	CDS-FILE-498068	CDS-PROTEOMIC-529499	faber_est_suae_quisque_fortunae	Acetylome	salus_in_arduis	cacatum_non_est_pictum	salus_in_arduis	Orbitrap	nascentes_morimur_finisque_ab_origine_pendet
proteomic	CDS-FILE-712707	CDS-PROTEOMIC-637324	imperium_in_imperio	Ubiquitylome	scientia,_aere_perennius	faber_est_suae_quisque_fortunae	barba_crescit_caput_nescit	Orbitrap	scientiae_cedit_mare
proteomic	CDS-FILE-666189	CDS-PROTEOMIC-353708	scientiae_cedit_mare	Glycoproteome	faber_est_suae_quisque_fortunae	haec_olim_meminisse_iuvabit	a_bene_placito	Orbitrap	barba_crescit_caput_nescit
proteomic	CDS-FILE-108373	CDS-PROTEOMIC-992630	labor_ipse_voluptas	Metabolome	scientiae_cedit_mare	cacatum_non_est_pictum	scientia_et_sapientia	Orbitrap	e_causa_ignota
proteomic	CDS-FILE-979074	CDS-PROTEOMIC-230376	e_causa_ignota	Proteome	scientia_imperii_decus_et_tutamen	barba_crescit_caput_nescit	barba_crescit_caput_nescit	Orbitrap	saltus_in_demonstrando
proteomic	CDS-FILE-976173	CDS-PROTEOMIC-471342	imperium_in_imperio	Metabolome	saltus_in_demonstrando	scientiae_cedit_mare	scientia_imperii_decus_et_tutamen	Orbitrap	pace_tua
proteomic	CDS-FILE-370342	CDS-PROTEOMIC-765586	Macte_animo_Generose_puer_sic_itur_ad_astra	Proteome	e_causa_ignota	id_quod_plerumque_accidit	a_bene_placito	Orbitrap	e_causa_ignota
proteomic	CDS-FILE-660228	CDS-PROTEOMIC-279812	Macte_animo_Generose_puer_sic_itur_ad_astra	Acetylome	saltus_in_demonstrando	labor_ipse_voluptas	nascentes_morimur_finisque_ab_origine_pendet	Orbitrap	e_causa_ignota
proteomic	CDS-FILE-412041	CDS-PROTEOMIC-233991	cacatum_non_est_pictum	Proteome	labor_ipse_voluptas	Macte_animo_Generose_puer_sic_itur_ad_astra	imperium_in_imperio	Orbitrap	nanos_gigantum_humeris_insidentes
proteomic	CDS-FILE-213023	CDS-PROTEOMIC-453222	scientia_et_sapientia	Ubiquitylome	scientia_imperii_decus_et_tutamen	scientia_et_sapientia	nascentes_morimur_finisque_ab_origine_pendet	Orbitrap	imperium_in_imperio
proteomic	CDS-FILE-670996	CDS-PROTEOMIC-924858	cacatum_non_est_pictum	Lipidome	Gallia_est_omnis_divisa_in_partes_tres	faber_est_suae_quisque_fortunae	O_Tite_tute_Tati_tibi_tanta_tyranne_tulisti	Orbitrap	Macte_animo_Generose_puer_sic_itur_ad_astra
proteomic	CDS-FILE-450680	CDS-PROTEOMIC-135355	scientiae_cedit_mare	Ubiquitylome	haec_olim_meminisse_iuvabit	id_quod_plerumque_accidit	scientia_et_labor	Orbitrap	Gallia_est_omnis_divisa_in_partes_tres
proteomic	CDS-FILE-246322	CDS-PROTEOMIC-220365	scientia_et_labor	Lipidome	e_causa_ignota	pace_tua	scientia_et_sapientia	Orbitrap	Obedientia_civium_urbis_felicitas
proteomic	CDS-FILE-852795	CDS-PROTEOMIC-743136	Gallia_est_omnis_divisa_in_partes_tres	Acetylome	cacatum_non_est_pictum	scientiae_et_patriae	damnant_quod_non_intellegunt	Orbitrap	damnant_quod_non_intellegunt
proteomic	CDS-FILE-454485	CDS-PROTEOMIC-702580	saltus_in_demonstrando	Acetylome	e_causa_ignota	saltus_in_demonstrando	e_causa_ignota	Orbitrap	a_bene_placito
proteomic	CDS-FILE-679712	CDS-PROTEOMIC-621356	labor_ipse_voluptas	Phosphoproteome	haec_olim_meminisse_iuvabit	O_Tite_tute_Tati_tibi_tanta_tyranne_tulisti	damnant_quod_non_intellegunt	Orbitrap	cacatum_non_est_pictum
proteomic	CDS-FILE-206069	CDS-PROTEOMIC-326566	scientia_imperii_decus_et_tutamen	Ubiquitylome	a_bene_placito	damnant_quod_non_intellegunt	scientiae_cedit_mare	Orbitrap	haec_olim_meminisse_iuvabit
proteomic	CDS-FILE-599036	CDS-PROTEOMIC-804610	Obedientia_civium_urbis_felicitas	Proteome	scientia_et_sapientia	imperium_in_imperio	damnant_quod_non_intellegunt	Orbitrap	scientiae_et_patriae
proteomic	CDS-FILE-411881	CDS-PROTEOMIC-613058	Obedientia_civium_urbis_felicitas	Metabolome	damnant_quod_non_intellegunt	Gallia_est_omnis_divisa_in_partes_tres	Gallia_est_omnis_divisa_in_partes_tres	Orbitrap	saltus_in_demonstrando
proteomic	CDS-FILE-426674	CDS-PROTEOMIC-931192	id_quod_plerumque_accidit	Proteome	labor_ipse_voluptas	damnant_quod_non_intellegunt	O_Tite_tute_Tati_tibi_tanta_tyranne_tulisti	Orbitrap	saltus_in_demonstrando
proteomic	CDS-FILE-897798	CDS-PROTEOMIC-588981	scientia_et_sapientia	Proteome	labor_ipse_voluptas	id_quod_plerumque_accidit	cacatum_non_est_pictum	Orbitrap	saltus_in_demonstrando
proteomic	CDS-FILE-632347	CDS-PROTEOMIC-486637	O_Tite_tute_Tati_tibi_tanta_tyranne_tulisti	Glycoproteome	scientia_imperii_decus_et_tutamen	saltus_in_demonstrando	scientia_et_labor	Orbitrap	scientia_et_sapientia
proteomic	CDS-FILE-142881	CDS-PROTEOMIC-999675	barba_crescit_caput_nescit	Metabolome	scientia_et_sapientia	sapiens_qui_prospicit	faber_est_suae_quisque_fortunae	Orbitrap	sapiens_qui_prospicit
proteomic	CDS-FILE-415014	CDS-PROTEOMIC-150188	saltus_in_demonstrando	Glycoproteome	O_Tite_tute_Tati_tibi_tanta_tyranne_tulisti	cacatum_non_est_pictum	id_quod_plerumque_accidit	Orbitrap	Gallia_est_omnis_divisa_in_partes_tres
proteomic	CDS-FILE-361819	CDS-PROTEOMIC-487304	Obedientia_civium_urbis_felicitas	Acetylome	id_quod_plerumque_accidit	faber_est_suae_quisque_fortunae	e_causa_ignota	Orbitrap	pace_tua
proteomic	CDS-FILE-555316	CDS-PROTEOMIC-619737	scientia_et_sapientia	Metabolome	sapiens_qui_prospicit	nascentes_morimur_finisque_ab_origine_pendet	nanos_gigantum_humeris_insidentes	Orbitrap	scientia_imperii_decus_et_tutamen
proteomic	CDS-FILE-498929	CDS-PROTEOMIC-119980	salus_in_arduis	Ubiquitylome	scientia_et_sapientia	damnant_quod_non_intellegunt	scientia_imperii_decus_et_tutamen	Orbitrap	sapiens_qui_prospicit
proteomic	CDS-FILE-325005	CDS-PROTEOMIC-309399	cacatum_non_est_pictum	Phosphoproteome	barba_crescit_caput_nescit	scientia,_aere_perennius	haec_olim_meminisse_iuvabit	Orbitrap	cacatum_non_est_pictum
proteomic	CDS-FILE-342590	CDS-PROTEOMIC-734327	damnant_quod_non_intellegunt	Phosphoproteome	labor_ipse_voluptas	nanos_gigantum_humeris_insidentes	damnant_quod_non_intellegunt	Orbitrap	Macte_animo_Generose_puer_sic_itur_ad_astra
proteomic	CDS-FILE-462162	CDS-PROTEOMIC-782379	cacatum_non_est_pictum	Metabolome	scientia_et_sapientia	Macte_animo_Generose_puer_sic_itur_ad_astra	scientia_imperii_decus_et_tutamen	Orbitrap	damnant_quod_non_intellegunt
proteomic	CDS-FILE-293056	CDS-PROTEOMIC-445382	saltus_in_demonstrando	Acetylome	O_Tite_tute_Tati_tibi_tanta_tyranne_tulisti	Macte_animo_Generose_puer_sic_itur_ad_astra	saltus_in_demonstrando	Orbitrap	scientia_imperii_decus_et_tutamen
proteomic	CDS-FILE-154284	CDS-PROTEOMIC-461816	scientia,_aere_perennius	Phosphoproteome	O_Tite_tute_Tati_tibi_tanta_tyranne_tulisti	scientia_et_labor	haec_olim_meminisse_iuvabit	Orbitrap	scientia_imperii_decus_et_tutamen
proteomic	CDS-FILE-747282	CDS-PROTEOMIC-801635	a_bene_placito	Phosphoproteome	labor_ipse_voluptas	id_quod_plerumque_accidit	Macte_animo_Generose_puer_sic_itur_ad_astra	Orbitrap	cacatum_non_est_pictum
proteomic	CDS-FILE-121857	CDS-PROTEOMIC-892651	cacatum_non_est_pictum	Glycoproteome	Obedientia_civium_urbis_felicitas	damnant_quod_non_intellegunt	nascentes_morimur_finisque_ab_origine_pendet	Orbitrap	Gallia_est_omnis_divisa_in_partes_tres
proteomic	CDS-FILE-984386	CDS-PROTEOMIC-723805	id_quod_plerumque_accidit	Phosphoproteome	scientia_imperii_decus_et_tutamen	id_quod_plerumque_accidit	cacatum_non_est_pictum	Orbitrap	faber_est_suae_quisque_fortunae
proteomic	CDS-FILE-501276	CDS-PROTEOMIC-855032	haec_olim_meminisse_iuvabit	Metabolome	nascentes_morimur_finisque_ab_origine_pendet	saltus_in_demonstrando	haec_olim_meminisse_iuvabit	Orbitrap	barba_crescit_caput_nescit
proteomic	CDS-FILE-909262	CDS-PROTEOMIC-304887	a_bene_placito	Lipidome	cacatum_non_est_pictum	sapiens_qui_prospicit	scientia_et_labor	Orbitrap	pace_tua
proteomic	CDS-FILE-502475	CDS-PROTEOMIC-456494	scientiae_et_patriae	Ubiquitylome	sapiens_qui_prospicit	sapiens_qui_prospicit	Macte_animo_Generose_puer_sic_itur_ad_astra	Orbitrap	faber_est_suae_quisque_fortunae
proteomic	CDS-FILE-651063	CDS-PROTEOMIC-420199	salus_in_arduis	Lipidome	pace_tua	nanos_gigantum_humeris_insidentes	labor_ipse_voluptas	Orbitrap	O_Tite_tute_Tati_tibi_tanta_tyranne_tulisti
proteomic	CDS-FILE-918592	CDS-PROTEOMIC-931117	O_Tite_tute_Tati_tibi_tanta_tyranne_tulisti	Metabolome	haec_olim_meminisse_iuvabit	salus_in_arduis	labor_ipse_voluptas	Orbitrap	scientia_et_labor
proteomic	CDS-FILE-313673	CDS-PROTEOMIC-376983	a_bene_placito	Glycoproteome	O_Tite_tute_Tati_tibi_tanta_tyranne_tulisti	labor_ipse_voluptas	saltus_in_demonstrando	Orbitrap	O_Tite_tute_Tati_tibi_tanta_tyranne_tulisti
proteomic	CDS-FILE-783056	CDS-PROTEOMIC-776505	sapiens_qui_prospicit	Phosphoproteome	scientia_imperii_decus_et_tutamen	imperium_in_imperio	scientia,_aere_perennius	Orbitrap	Macte_animo_Generose_puer_sic_itur_ad_astra
proteomic	CDS-FILE-362282	CDS-PROTEOMIC-498615	Macte_animo_Generose_puer_sic_itur_ad_astra	Phosphoproteome	scientiae_cedit_mare	nascentes_morimur_finisque_ab_origine_pendet	scientia_et_labor	Orbitrap	sapiens_qui_prospicit
proteomic	CDS-FILE-434607	CDS-PROTEOMIC-468258	e_causa_ignota	Proteome	sapiens_qui_prospicit	a_bene_placito	scientiae_cedit_mare	Orbitrap	damnant_quod_non_intellegunt
proteomic	CDS-FILE-932574	CDS-PROTEOMIC-957666	barba_crescit_caput_nescit	Lipidome	scientiae_cedit_mare	saltus_in_demonstrando	Gallia_est_omnis_divisa_in_partes_tres	Orbitrap	id_quod_plerumque_accidit
proteomic	CDS-FILE-933519	CDS-PROTEOMIC-232491	scientia_et_labor	Metabolome	sapiens_qui_prospicit	damnant_quod_non_intellegunt	nascentes_morimur_finisque_ab_origine_pendet	Orbitrap	Gallia_est_omnis_divisa_in_partes_tres
proteomic	CDS-FILE-693978	CDS-PROTEOMIC-348755	a_bene_placito	Phosphoproteome	saltus_in_demonstrando	haec_olim_meminisse_iuvabit	haec_olim_meminisse_iuvabit	Orbitrap	a_bene_placito
proteomic	CDS-FILE-547655	CDS-PROTEOMIC-719583	nascentes_morimur_finisque_ab_origine_pendet	Glycoproteome	cacatum_non_est_pictum	damnant_quod_non_intellegunt	e_causa_ignota	Orbitrap	scientiae_cedit_mare
proteomic	CDS-FILE-814892	CDS-PROTEOMIC-176395	sapiens_qui_prospicit	Ubiquitylome	salus_in_arduis	haec_olim_meminisse_iuvabit	Macte_animo_Generose_puer_sic_itur_ad_astra	Orbitrap	cacatum_non_est_pictum
proteomic	CDS-FILE-333891	CDS-PROTEOMIC-994129	saltus_in_demonstrando	Proteome	e_causa_ignota	Macte_animo_Generose_puer_sic_itur_ad_astra	scientiae_cedit_mare	Orbitrap	Gallia_est_omnis_divisa_in_partes_tres
proteomic	CDS-FILE-520787	CDS-PROTEOMIC-877163	scientiae_cedit_mare	Acetylome	faber_est_suae_quisque_fortunae	nanos_gigantum_humeris_insidentes	scientiae_cedit_mare	Orbitrap	id_quod_plerumque_accidit
proteomic	CDS-FILE-283543	CDS-PROTEOMIC-864040	scientia_et_sapientia	Ubiquitylome	Obedientia_civium_urbis_felicitas	scientia_et_sapientia	id_quod_plerumque_accidit	Orbitrap	barba_crescit_caput_nescit
proteomic	CDS-FILE-970292	CDS-PROTEOMIC-330224	scientia_et_sapientia	Acetylome	e_causa_ignota	nanos_gigantum_humeris_insidentes	id_quod_plerumque_accidit	Orbitrap	sapiens_qui_prospicit
proteomic	CDS-FILE-512826	CDS-PROTEOMIC-232818	id_quod_plerumque_accidit	Phosphoproteome	Macte_animo_Generose_puer_sic_itur_ad_astra	id_quod_plerumque_accidit	O_Tite_tute_Tati_tibi_tanta_tyranne_tulisti	Orbitrap	scientia_et_labor
proteomic	CDS-FILE-871960	CDS-PROTEOMIC-595093	scientiae_cedit_mare	Phosphoproteome	scientiae_cedit_mare	nascentes_morimur_finisque_ab_origine_pendet	scientiae_et_patriae	Orbitrap	salus_in_arduis
proteomic	CDS-FILE-115527	CDS-PROTEOMIC-615406	haec_olim_meminisse_iuvabit	Acetylome	saltus_in_demonstrando	scientia_imperii_decus_et_tutamen	scientia_et_sapientia	Orbitrap	pace_tua
proteomic	CDS-FILE-990937	CDS-PROTEOMIC-810635	a_bene_placito	Proteome	Macte_animo_Generose_puer_sic_itur_ad_astra	Gallia_est_omnis_divisa_in_partes_tres	cacatum_non_est_pictum	Orbitrap	damnant_quod_non_intellegunt
proteomic	CDS-FILE-793310	CDS-PROTEOMIC-914574	imperium_in_imperio	Metabolome	Obedientia_civium_urbis_felicitas	sapiens_qui_prospicit	scientia,_aere_perennius	Orbitrap	saltus_in_demonstrando
proteomic	CDS-FILE-726937	CDS-PROTEOMIC-603757	labor_ipse_voluptas	Lipidome	barba_crescit_caput_nescit	scientia_imperii_decus_et_tutamen	cacatum_non_est_pictum	Orbitrap	imperium_in_imperio
proteomic	CDS-FILE-892924	CDS-PROTEOMIC-925623	sapiens_qui_prospicit	Lipidome	salus_in_arduis	imperium_in_imperio	nascentes_morimur_finisque_ab_origine_pendet	Orbitrap	faber_est_suae_quisque_fortunae
proteomic	CDS-FILE-833492	CDS-PROTEOMIC-229444	e_causa_ignota	Lipidome	damnant_quod_non_intellegunt	scientia,_aere_perennius	scientiae_et_patriae	Orbitrap	e_causa_ignota
proteomic	CDS-FILE-709369	CDS-PROTEOMIC-993397	scientia,_aere_perennius	Metabolome	scientiae_et_patriae	O_Tite_tute_Tati_tibi_tanta_tyranne_tulisti	sapiens_qui_prospicit	Orbitrap	labor_ipse_voluptas
proteomic	CDS-FILE-648473	CDS-PROTEOMIC-351331	nanos_gigantum_humeris_insidentes	Ubiquitylome	scientiae_et_patriae	scientia_et_labor	scientia_et_labor	Orbitrap	Obedientia_civium_urbis_felicitas
proteomic	CDS-FILE-196488	CDS-PROTEOMIC-213911	id_quod_plerumque_accidit	Acetylome	scientia_imperii_decus_et_tutamen	damnant_quod_non_intellegunt	Obedientia_civium_urbis_felicitas	Orbitrap	saltus_in_demonstrando
proteomic	CDS-FILE-632001	CDS-PROTEOMIC-824999	sapiens_qui_prospicit	Ubiquitylome	scientiae_et_patriae	nascentes_morimur_finisque_ab_origine_pendet	damnant_quod_non_intellegunt	Orbitrap	saltus_in_demonstrando
proteomic	CDS-FILE-848496	CDS-PROTEOMIC-167656	Obedientia_civium_urbis_felicitas	Phosphoproteome	labor_ipse_voluptas	Macte_animo_Generose_puer_sic_itur_ad_astra	labor_ipse_voluptas	Orbitrap	damnant_quod_non_intellegunt
proteomic	CDS-FILE-989403	CDS-PROTEOMIC-144927	O_Tite_tute_Tati_tibi_tanta_tyranne_tulisti	Ubiquitylome	a_bene_placito	damnant_quod_non_intellegunt	saltus_in_demonstrando	Orbitrap	barba_crescit_caput_nescit
proteomic	CDS-FILE-569229	CDS-PROTEOMIC-174712	pace_tua	Glycoproteome	saltus_in_demonstrando	cacatum_non_est_pictum	scientia,_aere_perennius	Orbitrap	saltus_in_demonstrando
proteomic	CDS-FILE-873478	CDS-PROTEOMIC-303172	Macte_animo_Generose_puer_sic_itur_ad_astra	Lipidome	O_Tite_tute_Tati_tibi_tanta_tyranne_tulisti	cacatum_non_est_pictum	damnant_quod_non_intellegunt	Orbitrap	imperium_in_imperio
proteomic	CDS-FILE-760532	CDS-PROTEOMIC-101692	saltus_in_demonstrando	Ubiquitylome	nascentes_morimur_finisque_ab_origine_pendet	saltus_in_demonstrando	scientiae_et_patriae	Orbitrap	a_bene_placito
proteomic	CDS-FILE-511448	CDS-PROTEOMIC-761944	a_bene_placito	Glycoproteome	scientia_et_labor	Macte_animo_Generose_puer_sic_itur_ad_astra	scientiae_cedit_mare	Orbitrap	labor_ipse_voluptas
proteomic	CDS-FILE-678729	CDS-PROTEOMIC-427762	scientia_et_sapientia	Glycoproteome	haec_olim_meminisse_iuvabit	scientia_et_sapientia	nascentes_morimur_finisque_ab_origine_pendet	Orbitrap	scientia,_aere_perennius
proteomic	CDS-FILE-977249	CDS-PROTEOMIC-706840	scientia_et_labor	Proteome	scientia,_aere_perennius	id_quod_plerumque_accidit	pace_tua	Orbitrap	labor_ipse_voluptas
proteomic	CDS-FILE-801806	CDS-PROTEOMIC-825419	Gallia_est_omnis_divisa_in_partes_tres	Acetylome	O_Tite_tute_Tati_tibi_tanta_tyranne_tulisti	scientia_et_labor	Macte_animo_Generose_puer_sic_itur_ad_astra	Orbitrap	O_Tite_tute_Tati_tibi_tanta_tyranne_tulisti
proteomic	CDS-FILE-853645	CDS-PROTEOMIC-991922	scientia,_aere_perennius	Metabolome	faber_est_suae_quisque_fortunae	salus_in_arduis	pace_tua	Orbitrap	damnant_quod_non_intellegunt
proteomic	CDS-FILE-427193	CDS-PROTEOMIC-930121	salus_in_arduis	Metabolome	Obedientia_civium_urbis_felicitas	labor_ipse_voluptas	nascentes_morimur_finisque_ab_origine_pendet	Orbitrap	scientia,_aere_perennius
proteomic	CDS-FILE-150570	CDS-PROTEOMIC-638583	scientiae_et_patriae	Glycoproteome	nanos_gigantum_humeris_insidentes	scientia,_aere_perennius	scientia,_aere_perennius	Orbitrap	salus_in_arduis
proteomic	CDS-FILE-288989	CDS-PROTEOMIC-614967	Gallia_est_omnis_divisa_in_partes_tres	Ubiquitylome	saltus_in_demonstrando	haec_olim_meminisse_iuvabit	O_Tite_tute_Tati_tibi_tanta_tyranne_tulisti	Orbitrap	sapiens_qui_prospicit
proteomic	CDS-FILE-683075	CDS-PROTEOMIC-106084	salus_in_arduis	Acetylome	damnant_quod_non_intellegunt	pace_tua	salus_in_arduis	Orbitrap	scientia,_aere_perennius
proteomic	CDS-FILE-534573	CDS-PROTEOMIC-771966	scientiae_cedit_mare	Metabolome	Gallia_est_omnis_divisa_in_partes_tres	Macte_animo_Generose_puer_sic_itur_ad_astra	haec_olim_meminisse_iuvabit	Orbitrap	faber_est_suae_quisque_fortunae
proteomic	CDS-FILE-480466	CDS-PROTEOMIC-613244	Gallia_est_omnis_divisa_in_partes_tres	Lipidome	haec_olim_meminisse_iuvabit	O_Tite_tute_Tati_tibi_tanta_tyranne_tulisti	faber_est_suae_quisque_fortunae	Orbitrap	a_bene_placito
proteomic	CDS-FILE-399794	CDS-PROTEOMIC-709701	Gallia_est_omnis_divisa_in_partes_tres	Lipidome	faber_est_suae_quisque_fortunae	scientiae_et_patriae	damnant_quod_non_intellegunt	Orbitrap	damnant_quod_non_intellegunt
proteomic	CDS-FILE-443843	CDS-PROTEOMIC-744961	sapiens_qui_prospicit	Acetylome	id_quod_plerumque_accidit	scientia_imperii_decus_et_tutamen	Gallia_est_omnis_divisa_in_partes_tres	Orbitrap	a_bene_placito
proteomic	CDS-FILE-987590	CDS-PROTEOMIC-410286	scientia_imperii_decus_et_tutamen	Acetylome	scientia_imperii_decus_et_tutamen	scientiae_cedit_mare	a_bene_placito	Orbitrap	scientiae_cedit_mare
proteomic	CDS-FILE-228227	CDS-PROTEOMIC-458637	scientia_imperii_decus_et_tutamen	Phosphoproteome	pace_tua	nascentes_morimur_finisque_ab_origine_pendet	Obedientia_civium_urbis_felicitas	Orbitrap	nanos_gigantum_humeris_insidentes
proteomic	CDS-FILE-415639	CDS-PROTEOMIC-532305	Obedientia_civium_urbis_felicitas	Glycoproteome	a_bene_placito	scientia_et_sapientia	scientia_et_labor	Orbitrap	sapiens_qui_prospicit
proteomic	CDS-FILE-136853	CDS-PROTEOMIC-792442	cacatum_non_est_pictum	Proteome	pace_tua	scientia_et_labor	scientia_et_labor	Orbitrap	scientia_imperii_decus_et_tutamen
proteomic	CDS-FILE-659459	CDS-PROTEOMIC-353318	Gallia_est_omnis_divisa_in_partes_tres	Proteome	a_bene_placito	scientia_imperii_decus_et_tutamen	Obedientia_civium_urbis_felicitas	Orbitrap	labor_ipse_voluptas
proteomic	CDS-FILE-594717	CDS-PROTEOMIC-146818	scientia,_aere_perennius	Acetylome	nanos_gigantum_humeris_insidentes	O_Tite_tute_Tati_tibi_tanta_tyranne_tulisti	imperium_in_imperio	Orbitrap	Macte_animo_Generose_puer_sic_itur_ad_astra
proteomic	CDS-FILE-590594	CDS-PROTEOMIC-595647	imperium_in_imperio	Acetylome	saltus_in_demonstrando	scientiae_cedit_mare	sapiens_qui_prospicit	Orbitrap	labor_ipse_voluptas
proteomic	CDS-FILE-606009	CDS-PROTEOMIC-800744	Gallia_est_omnis_divisa_in_partes_tres	Phosphoproteome	haec_olim_meminisse_iuvabit	sapiens_qui_prospicit	saltus_in_demonstrando	Orbitrap	haec_olim_meminisse_iuvabit
proteomic	CDS-FILE-233364	CDS-PROTEOMIC-487686	scientia_et_labor	Acetylome	a_bene_placito	a_bene_placito	pace_tua	Orbitrap	imperium_in_imperio
proteomic	CDS-FILE-605470	CDS-PROTEOMIC-230151	Obedientia_civium_urbis_felicitas	Ubiquitylome	sapiens_qui_prospicit	scientiae_et_patriae	scientiae_cedit_mare	Orbitrap	e_causa_ignota
proteomic	CDS-FILE-689383	CDS-PROTEOMIC-259124	Gallia_est_omnis_divisa_in_partes_tres	Lipidome	scientia_et_labor	imperium_in_imperio	cacatum_non_est_pictum	Orbitrap	haec_olim_meminisse_iuvabit
proteomic	CDS-FILE-592258	CDS-PROTEOMIC-914441	haec_olim_meminisse_iuvabit	Acetylome	scientia,_aere_perennius	imperium_in_imperio	damnant_quod_non_intellegunt	Orbitrap	scientia,_aere_perennius
proteomic	CDS-FILE-919757	CDS-PROTEOMIC-271416	salus_in_arduis	Acetylome	faber_est_suae_quisque_fortunae	salus_in_arduis	nanos_gigantum_humeris_insidentes	Orbitrap	Macte_animo_Generose_puer_sic_itur_ad_astra
proteomic	CDS-FILE-905394	CDS-PROTEOMIC-486914	e_causa_ignota	Metabolome	salus_in_arduis	saltus_in_demonstrando	damnant_quod_non_intellegunt	Orbitrap	sapiens_qui_prospicit
proteomic	CDS-FILE-146562	CDS-PROTEOMIC-885062	haec_olim_meminisse_iuvabit	Ubiquitylome	Gallia_est_omnis_divisa_in_partes_tres	O_Tite_tute_Tati_tibi_tanta_tyranne_tulisti	scientia_et_labor	Orbitrap	scientia,_aere_perennius
proteomic	CDS-FILE-547614	CDS-PROTEOMIC-173508	labor_ipse_voluptas	Ubiquitylome	salus_in_arduis	scientia_et_sapientia	O_Tite_tute_Tati_tibi_tanta_tyranne_tulisti	Orbitrap	saltus_in_demonstrando
proteomic	CDS-FILE-681762	CDS-PROTEOMIC-104934	damnant_quod_non_intellegunt	Metabolome	labor_ipse_voluptas	scientia_imperii_decus_et_tutamen	cacatum_non_est_pictum	Orbitrap	scientia_et_sapientia
proteomic	CDS-FILE-425687	CDS-PROTEOMIC-899383	nascentes_morimur_finisque_ab_origine_pendet	Glycoproteome	O_Tite_tute_Tati_tibi_tanta_tyranne_tulisti	sapiens_qui_prospicit	damnant_quod_non_intellegunt	Orbitrap	labor_ipse_voluptas
proteomic	CDS-FILE-658982	CDS-PROTEOMIC-450845	scientiae_et_patriae	Phosphoproteome	Obedientia_civium_urbis_felicitas	Macte_animo_Generose_puer_sic_itur_ad_astra	scientia,_aere_perennius	Orbitrap	barba_crescit_caput_nescit
proteomic	CDS-FILE-674460	CDS-PROTEOMIC-926123	cacatum_non_est_pictum	Lipidome	Gallia_est_omnis_divisa_in_partes_tres	scientia_et_labor	sapiens_qui_prospicit	Orbitrap	scientia_et_sapientia
proteomic	CDS-FILE-825511	CDS-PROTEOMIC-176471	faber_est_suae_quisque_fortunae	Lipidome	cacatum_non_est_pictum	labor_ipse_voluptas	sapiens_qui_prospicit	Orbitrap	nascentes_morimur_finisque_ab_origine_pendet
proteomic	CDS-FILE-794688	CDS-PROTEOMIC-719187	haec_olim_meminisse_iuvabit	Metabolome	e_causa_ignota	sapiens_qui_prospicit	id_quod_plerumque_accidit	Orbitrap	imperium_in_imperio
proteomic	CDS-FILE-846229	CDS-PROTEOMIC-293196	damnant_quod_non_intellegunt	Phosphoproteome	scientia_et_sapientia	O_Tite_tute_Tati_tibi_tanta_tyranne_tulisti	faber_est_suae_quisque_fortunae	Orbitrap	scientia_imperii_decus_et_tutamen
proteomic	CDS-FILE-594885	CDS-PROTEOMIC-999123	haec_olim_meminisse_iuvabit	Proteome	pace_tua	haec_olim_meminisse_iuvabit	nanos_gigantum_humeris_insidentes	Orbitrap	Gallia_est_omnis_divisa_in_partes_tres
proteomic	CDS-FILE-475250	CDS-PROTEOMIC-273940	id_quod_plerumque_accidit	Lipidome	Obedientia_civium_urbis_felicitas	scientia_imperii_decus_et_tutamen	barba_crescit_caput_nescit	Orbitrap	Obedientia_civium_urbis_felicitas
proteomic	CDS-FILE-992338	CDS-PROTEOMIC-987509	a_bene_placito	Ubiquitylome	id_quod_plerumque_accidit	scientiae_et_patriae	nanos_gigantum_humeris_insidentes	Orbitrap	O_Tite_tute_Tati_tibi_tanta_tyranne_tulisti
proteomic	CDS-FILE-451928	CDS-PROTEOMIC-813289	Macte_animo_Generose_puer_sic_itur_ad_astra	Acetylome	id_quod_plerumque_accidit	nascentes_morimur_finisque_ab_origine_pendet	nanos_gigantum_humeris_insidentes	Orbitrap	e_causa_ignota
proteomic	CDS-FILE-445019	CDS-PROTEOMIC-925362	cacatum_non_est_pictum	Metabolome	labor_ipse_voluptas	imperium_in_imperio	nanos_gigantum_humeris_insidentes	Orbitrap	Obedientia_civium_urbis_felicitas
proteomic	CDS-FILE-367617	CDS-PROTEOMIC-643556	scientia,_aere_perennius	Glycoproteome	scientia,_aere_perennius	cacatum_non_est_pictum	imperium_in_imperio	Orbitrap	scientiae_cedit_mare
proteomic	CDS-FILE-857620	CDS-PROTEOMIC-688360	nascentes_morimur_finisque_ab_origine_pendet	Acetylome	scientia_et_sapientia	haec_olim_meminisse_iuvabit	Obedientia_civium_urbis_felicitas	Orbitrap	scientia,_aere_perennius
proteomic	CDS-FILE-408401	CDS-PROTEOMIC-902690	scientia,_aere_perennius	Glycoproteome	damnant_quod_non_intellegunt	saltus_in_demonstrando	haec_olim_meminisse_iuvabit	Orbitrap	scientiae_et_patriae
proteomic	CDS-FILE-551336	CDS-PROTEOMIC-602300	labor_ipse_voluptas	Metabolome	cacatum_non_est_pictum	faber_est_suae_quisque_fortunae	scientiae_cedit_mare	Orbitrap	imperium_in_imperio
proteomic	CDS-FILE-276288	CDS-PROTEOMIC-131703	imperium_in_imperio	Metabolome	labor_ipse_voluptas	a_bene_placito	scientiae_cedit_mare	Orbitrap	saltus_in_demonstrando
proteomic	CDS-FILE-726340	CDS-PROTEOMIC-438725	Gallia_est_omnis_divisa_in_partes_tres	Phosphoproteome	O_Tite_tute_Tati_tibi_tanta_tyranne_tulisti	Obedientia_civium_urbis_felicitas	scientiae_et_patriae	Orbitrap	e_causa_ignota
proteomic	CDS-FILE-807177	CDS-PROTEOMIC-614106	scientiae_et_patriae	Metabolome	scientiae_et_patriae	Gallia_est_omnis_divisa_in_partes_tres	salus_in_arduis	Orbitrap	Macte_animo_Generose_puer_sic_itur_ad_astra
proteomic	CDS-FILE-530356	CDS-PROTEOMIC-679371	a_bene_placito	Ubiquitylome	damnant_quod_non_intellegunt	O_Tite_tute_Tati_tibi_tanta_tyranne_tulisti	Macte_animo_Generose_puer_sic_itur_ad_astra	Orbitrap	Macte_animo_Generose_puer_sic_itur_ad_astra
proteomic	CDS-FILE-615578	CDS-PROTEOMIC-822073	barba_crescit_caput_nescit	Lipidome	scientia_imperii_decus_et_tutamen	labor_ipse_voluptas	scientia,_aere_perennius	Orbitrap	damnant_quod_non_intellegunt
proteomic	CDS-FILE-244056	CDS-PROTEOMIC-582131	e_causa_ignota	Phosphoproteome	sapiens_qui_prospicit	Gallia_est_omnis_divisa_in_partes_tres	imperium_in_imperio	Orbitrap	id_quod_plerumque_accidit
proteomic	CDS-FILE-356919	CDS-PROTEOMIC-347191	saltus_in_demonstrando	Glycoproteome	damnant_quod_non_intellegunt	nanos_gigantum_humeris_insidentes	nanos_gigantum_humeris_insidentes	Orbitrap	scientia_et_sapientia
proteomic	CDS-FILE-699724	CDS-PROTEOMIC-211162	damnant_quod_non_intellegunt	Glycoproteome	Obedientia_civium_urbis_felicitas	Gallia_est_omnis_divisa_in_partes_tres	barba_crescit_caput_nescit	Orbitrap	saltus_in_demonstrando
proteomic	CDS-FILE-771273	CDS-PROTEOMIC-761728	O_Tite_tute_Tati_tibi_tanta_tyranne_tulisti	Acetylome	barba_crescit_caput_nescit	scientia_et_sapientia	a_bene_placito	Orbitrap	pace_tua
proteomic	CDS-FILE-849360	CDS-PROTEOMIC-708833	Obedientia_civium_urbis_felicitas	Ubiquitylome	scientia_imperii_decus_et_tutamen	scientia_imperii_decus_et_tutamen	scientiae_cedit_mare	Orbitrap	nascentes_morimur_finisque_ab_origine_pendet
proteomic	CDS-FILE-906738	CDS-PROTEOMIC-363811	scientia_et_sapientia	Proteome	e_causa_ignota	nascentes_morimur_finisque_ab_origine_pendet	id_quod_plerumque_accidit	Orbitrap	imperium_in_imperio
proteomic	CDS-FILE-263506	CDS-PROTEOMIC-458912	pace_tua	Proteome	pace_tua	Obedientia_civium_urbis_felicitas	id_quod_plerumque_accidit	Orbitrap	salus_in_arduis
proteomic	CDS-FILE-730454	CDS-PROTEOMIC-679141	barba_crescit_caput_nescit	Lipidome	scientia_imperii_decus_et_tutamen	labor_ipse_voluptas	damnant_quod_non_intellegunt	Orbitrap	damnant_quod_non_intellegunt
