type	file.file_id	proteomic_info_id	aliquot_id	analytical_fractions	instrument_make	proteomic_instrument_model	proteomic_design_description	manufacturer_model_name	crdc_id
proteomic	dg.4DFC/e041576e-3595-5c8b-b0b3-272bc7cb6400	GC-PROTEOMIC-140567	a_bene_placito	Acetylome	pace_tua	O_Tite_tute_Tati_tibi_tanta_tyranne_tulisti	barba_crescit_caput_nescit	Orbitrap	scientiae_et_patriae
proteomic	dg.4DFC/e041576e-3595-5c8b-b0b3-272bc7cb6399	GC-PROTEOMIC-605553	imperium_in_imperio	Phosphoproteome	Obedientia_civium_urbis_felicitas	imperium_in_imperio	faber_est_suae_quisque_fortunae	Orbitrap	id_quod_plerumque_accidit
proteomic	dg.4DFC/e041576e-3595-5c8b-b0b3-272bc7cb6398	GC-PROTEOMIC-151571	faber_est_suae_quisque_fortunae	Lipidome	imperium_in_imperio	faber_est_suae_quisque_fortunae	barba_crescit_caput_nescit	Orbitrap	scientia,_aere_perennius
proteomic	dg.4DFC/e041576e-3595-5c8b-b0b3-272bc7cb6397	GC-PROTEOMIC-937680	scientiae_et_patriae	Glycoproteome	id_quod_plerumque_accidit	faber_est_suae_quisque_fortunae	O_Tite_tute_Tati_tibi_tanta_tyranne_tulisti	Orbitrap	pace_tua
proteomic	dg.4DFC/e041576e-3595-5c8b-b0b3-272bc7cb6396	GC-PROTEOMIC-139679	scientia_et_labor	Glycoproteome	pace_tua	labor_ipse_voluptas	e_causa_ignota	Orbitrap	nascentes_morimur_finisque_ab_origine_pendet
proteomic	dg.4DFC/e041576e-3595-5c8b-b0b3-272bc7cb6395	GC-PROTEOMIC-405490	id_quod_plerumque_accidit	Ubiquitylome	Macte_animo_Generose_puer_sic_itur_ad_astra	scientia_et_labor	a_bene_placito	Orbitrap	scientiae_cedit_mare
proteomic	dg.4DFC/e041576e-3595-5c8b-b0b3-272bc7cb6394	GC-PROTEOMIC-371152	pace_tua	Ubiquitylome	cacatum_non_est_pictum	imperium_in_imperio	Gallia_est_omnis_divisa_in_partes_tres	Orbitrap	faber_est_suae_quisque_fortunae
proteomic	dg.4DFC/e041576e-3595-5c8b-b0b3-272bc7cb6393	GC-PROTEOMIC-311783	scientia_et_sapientia	Acetylome	salus_in_arduis	scientia_et_labor	scientia_et_sapientia	Orbitrap	O_Tite_tute_Tati_tibi_tanta_tyranne_tulisti
proteomic	dg.4DFC/e041576e-3595-5c8b-b0b3-272bc7cb6392	GC-PROTEOMIC-472779	O_Tite_tute_Tati_tibi_tanta_tyranne_tulisti	Glycoproteome	barba_crescit_caput_nescit	nascentes_morimur_finisque_ab_origine_pendet	nascentes_morimur_finisque_ab_origine_pendet	Orbitrap	saltus_in_demonstrando
proteomic	dg.4DFC/e041576e-3595-5c8b-b0b3-272bc7cb6391	GC-PROTEOMIC-620812	scientia,_aere_perennius	Acetylome	Obedientia_civium_urbis_felicitas	imperium_in_imperio	faber_est_suae_quisque_fortunae	Orbitrap	faber_est_suae_quisque_fortunae
proteomic	dg.4DFC/e041576e-3595-5c8b-b0b3-272bc7cb6390	GC-PROTEOMIC-729523	barba_crescit_caput_nescit	Glycoproteome	a_bene_placito	scientiae_cedit_mare	nascentes_morimur_finisque_ab_origine_pendet	Orbitrap	sapiens_qui_prospicit
proteomic	dg.4DFC/e041576e-3595-5c8b-b0b3-272bc7cb6389	GC-PROTEOMIC-824354	haec_olim_meminisse_iuvabit	Ubiquitylome	scientia_imperii_decus_et_tutamen	Obedientia_civium_urbis_felicitas	imperium_in_imperio	Orbitrap	Obedientia_civium_urbis_felicitas
proteomic	dg.4DFC/e041576e-3595-5c8b-b0b3-272bc7cb6388	GC-PROTEOMIC-637451	salus_in_arduis	Proteome	haec_olim_meminisse_iuvabit	barba_crescit_caput_nescit	scientia_et_labor	Orbitrap	barba_crescit_caput_nescit
proteomic	dg.4DFC/e041576e-3595-5c8b-b0b3-272bc7cb6387	GC-PROTEOMIC-928150	scientia,_aere_perennius	Acetylome	id_quod_plerumque_accidit	O_Tite_tute_Tati_tibi_tanta_tyranne_tulisti	e_causa_ignota	Orbitrap	nascentes_morimur_finisque_ab_origine_pendet
proteomic	dg.4DFC/e041576e-3595-5c8b-b0b3-272bc7cb6386	GC-PROTEOMIC-386975	cacatum_non_est_pictum	Ubiquitylome	barba_crescit_caput_nescit	Gallia_est_omnis_divisa_in_partes_tres	Macte_animo_Generose_puer_sic_itur_ad_astra	Orbitrap	scientiae_cedit_mare
proteomic	dg.4DFC/e041576e-3595-5c8b-b0b3-272bc7cb6385	GC-PROTEOMIC-323309	id_quod_plerumque_accidit	Lipidome	Obedientia_civium_urbis_felicitas	sapiens_qui_prospicit	scientia_imperii_decus_et_tutamen	Orbitrap	haec_olim_meminisse_iuvabit
proteomic	dg.4DFC/e041576e-3595-5c8b-b0b3-272bc7cb6384	GC-PROTEOMIC-699601	e_causa_ignota	Ubiquitylome	saltus_in_demonstrando	Macte_animo_Generose_puer_sic_itur_ad_astra	nascentes_morimur_finisque_ab_origine_pendet	Orbitrap	pace_tua
proteomic	dg.4DFC/e041576e-3595-5c8b-b0b3-272bc7cb6383	GC-PROTEOMIC-207718	a_bene_placito	Lipidome	imperium_in_imperio	Macte_animo_Generose_puer_sic_itur_ad_astra	a_bene_placito	Orbitrap	nascentes_morimur_finisque_ab_origine_pendet
proteomic	dg.4DFC/e041576e-3595-5c8b-b0b3-272bc7cb6382	GC-PROTEOMIC-636181	sapiens_qui_prospicit	Metabolome	nanos_gigantum_humeris_insidentes	scientia_imperii_decus_et_tutamen	imperium_in_imperio	Orbitrap	sapiens_qui_prospicit
proteomic	dg.4DFC/e041576e-3595-5c8b-b0b3-272bc7cb6381	GC-PROTEOMIC-321717	Obedientia_civium_urbis_felicitas	Lipidome	barba_crescit_caput_nescit	damnant_quod_non_intellegunt	barba_crescit_caput_nescit	Orbitrap	Gallia_est_omnis_divisa_in_partes_tres
proteomic	dg.4DFC/e041576e-3595-5c8b-b0b3-272bc7cb6380	GC-PROTEOMIC-627974	Gallia_est_omnis_divisa_in_partes_tres	Metabolome	barba_crescit_caput_nescit	scientia_et_sapientia	pace_tua	Orbitrap	scientiae_et_patriae
proteomic	dg.4DFC/e041576e-3595-5c8b-b0b3-272bc7cb6379	GC-PROTEOMIC-845282	cacatum_non_est_pictum	Metabolome	imperium_in_imperio	e_causa_ignota	id_quod_plerumque_accidit	Orbitrap	pace_tua
proteomic	dg.4DFC/e041576e-3595-5c8b-b0b3-272bc7cb6378	GC-PROTEOMIC-796896	nanos_gigantum_humeris_insidentes	Phosphoproteome	damnant_quod_non_intellegunt	id_quod_plerumque_accidit	pace_tua	Orbitrap	a_bene_placito
proteomic	dg.4DFC/e041576e-3595-5c8b-b0b3-272bc7cb6377	GC-PROTEOMIC-728610	e_causa_ignota	Phosphoproteome	faber_est_suae_quisque_fortunae	imperium_in_imperio	scientia_imperii_decus_et_tutamen	Orbitrap	O_Tite_tute_Tati_tibi_tanta_tyranne_tulisti
proteomic	dg.4DFC/e041576e-3595-5c8b-b0b3-272bc7cb6376	GC-PROTEOMIC-970057	imperium_in_imperio	Metabolome	nanos_gigantum_humeris_insidentes	O_Tite_tute_Tati_tibi_tanta_tyranne_tulisti	labor_ipse_voluptas	Orbitrap	haec_olim_meminisse_iuvabit
proteomic	dg.4DFC/e041576e-3595-5c8b-b0b3-272bc7cb6375	GC-PROTEOMIC-792490	imperium_in_imperio	Acetylome	haec_olim_meminisse_iuvabit	damnant_quod_non_intellegunt	barba_crescit_caput_nescit	Orbitrap	pace_tua
proteomic	dg.4DFC/e041576e-3595-5c8b-b0b3-272bc7cb6374	GC-PROTEOMIC-347893	scientiae_et_patriae	Glycoproteome	a_bene_placito	nascentes_morimur_finisque_ab_origine_pendet	labor_ipse_voluptas	Orbitrap	scientia,_aere_perennius
proteomic	dg.4DFC/e041576e-3595-5c8b-b0b3-272bc7cb6373	GC-PROTEOMIC-312983	id_quod_plerumque_accidit	Metabolome	a_bene_placito	saltus_in_demonstrando	imperium_in_imperio	Orbitrap	O_Tite_tute_Tati_tibi_tanta_tyranne_tulisti
proteomic	dg.4DFC/e041576e-3595-5c8b-b0b3-272bc7cb6372	GC-PROTEOMIC-521723	nascentes_morimur_finisque_ab_origine_pendet	Lipidome	nanos_gigantum_humeris_insidentes	scientia_et_labor	nascentes_morimur_finisque_ab_origine_pendet	Orbitrap	nascentes_morimur_finisque_ab_origine_pendet
proteomic	dg.4DFC/e041576e-3595-5c8b-b0b3-272bc7cb6371	GC-PROTEOMIC-912861	Macte_animo_Generose_puer_sic_itur_ad_astra	Proteome	sapiens_qui_prospicit	scientiae_et_patriae	pace_tua	Orbitrap	scientiae_et_patriae
proteomic	dg.4DFC/e041576e-3595-5c8b-b0b3-272bc7cb6370	GC-PROTEOMIC-855609	damnant_quod_non_intellegunt	Glycoproteome	Macte_animo_Generose_puer_sic_itur_ad_astra	e_causa_ignota	barba_crescit_caput_nescit	Orbitrap	id_quod_plerumque_accidit
proteomic	dg.4DFC/e041576e-3595-5c8b-b0b3-272bc7cb6369	GC-PROTEOMIC-829956	cacatum_non_est_pictum	Acetylome	scientiae_cedit_mare	O_Tite_tute_Tati_tibi_tanta_tyranne_tulisti	labor_ipse_voluptas	Orbitrap	O_Tite_tute_Tati_tibi_tanta_tyranne_tulisti
proteomic	dg.4DFC/e041576e-3595-5c8b-b0b3-272bc7cb6368	GC-PROTEOMIC-796673	salus_in_arduis	Glycoproteome	faber_est_suae_quisque_fortunae	imperium_in_imperio	Gallia_est_omnis_divisa_in_partes_tres	Orbitrap	e_causa_ignota
proteomic	dg.4DFC/e041576e-3595-5c8b-b0b3-272bc7cb6367	GC-PROTEOMIC-457089	damnant_quod_non_intellegunt	Metabolome	nanos_gigantum_humeris_insidentes	salus_in_arduis	damnant_quod_non_intellegunt	Orbitrap	haec_olim_meminisse_iuvabit
proteomic	dg.4DFC/e041576e-3595-5c8b-b0b3-272bc7cb6366	GC-PROTEOMIC-483033	Obedientia_civium_urbis_felicitas	Proteome	scientia_imperii_decus_et_tutamen	scientiae_cedit_mare	pace_tua	Orbitrap	id_quod_plerumque_accidit
proteomic	dg.4DFC/e041576e-3595-5c8b-b0b3-272bc7cb6365	GC-PROTEOMIC-505891	barba_crescit_caput_nescit	Glycoproteome	scientiae_cedit_mare	nanos_gigantum_humeris_insidentes	salus_in_arduis	Orbitrap	salus_in_arduis
proteomic	dg.4DFC/e041576e-3595-5c8b-b0b3-272bc7cb6364	GC-PROTEOMIC-561206	Obedientia_civium_urbis_felicitas	Phosphoproteome	a_bene_placito	scientia_imperii_decus_et_tutamen	Macte_animo_Generose_puer_sic_itur_ad_astra	Orbitrap	Gallia_est_omnis_divisa_in_partes_tres
proteomic	dg.4DFC/e041576e-3595-5c8b-b0b3-272bc7cb6363	GC-PROTEOMIC-664475	saltus_in_demonstrando	Acetylome	cacatum_non_est_pictum	scientia_imperii_decus_et_tutamen	scientia_imperii_decus_et_tutamen	Orbitrap	salus_in_arduis
proteomic	dg.4DFC/e041576e-3595-5c8b-b0b3-272bc7cb6362	GC-PROTEOMIC-850651	Obedientia_civium_urbis_felicitas	Proteome	scientia,_aere_perennius	scientia_et_labor	salus_in_arduis	Orbitrap	scientia_et_labor
proteomic	dg.4DFC/e041576e-3595-5c8b-b0b3-272bc7cb6361	GC-PROTEOMIC-502587	sapiens_qui_prospicit	Phosphoproteome	scientiae_cedit_mare	Obedientia_civium_urbis_felicitas	scientiae_cedit_mare	Orbitrap	haec_olim_meminisse_iuvabit
proteomic	dg.4DFC/e041576e-3595-5c8b-b0b3-272bc7cb6360	GC-PROTEOMIC-376410	nanos_gigantum_humeris_insidentes	Acetylome	saltus_in_demonstrando	a_bene_placito	Obedientia_civium_urbis_felicitas	Orbitrap	damnant_quod_non_intellegunt
proteomic	dg.4DFC/e041576e-3595-5c8b-b0b3-272bc7cb6359	GC-PROTEOMIC-393346	scientia_et_sapientia	Lipidome	haec_olim_meminisse_iuvabit	cacatum_non_est_pictum	pace_tua	Orbitrap	O_Tite_tute_Tati_tibi_tanta_tyranne_tulisti
proteomic	dg.4DFC/e041576e-3595-5c8b-b0b3-272bc7cb6358	GC-PROTEOMIC-105899	pace_tua	Proteome	cacatum_non_est_pictum	O_Tite_tute_Tati_tibi_tanta_tyranne_tulisti	haec_olim_meminisse_iuvabit	Orbitrap	Obedientia_civium_urbis_felicitas
proteomic	dg.4DFC/e041576e-3595-5c8b-b0b3-272bc7cb6357	GC-PROTEOMIC-271143	Gallia_est_omnis_divisa_in_partes_tres	Acetylome	e_causa_ignota	salus_in_arduis	scientia,_aere_perennius	Orbitrap	scientiae_cedit_mare
proteomic	dg.4DFC/e041576e-3595-5c8b-b0b3-272bc7cb6356	GC-PROTEOMIC-481973	scientia_et_sapientia	Metabolome	scientia,_aere_perennius	nascentes_morimur_finisque_ab_origine_pendet	scientiae_cedit_mare	Orbitrap	salus_in_arduis
proteomic	dg.4DFC/e041576e-3595-5c8b-b0b3-272bc7cb6355	GC-PROTEOMIC-864616	cacatum_non_est_pictum	Metabolome	scientia_et_sapientia	scientia_et_sapientia	imperium_in_imperio	Orbitrap	scientiae_cedit_mare
proteomic	dg.4DFC/e041576e-3595-5c8b-b0b3-272bc7cb6354	GC-PROTEOMIC-157748	scientia_et_sapientia	Lipidome	pace_tua	a_bene_placito	scientia_imperii_decus_et_tutamen	Orbitrap	cacatum_non_est_pictum
proteomic	dg.4DFC/e041576e-3595-5c8b-b0b3-272bc7cb6353	GC-PROTEOMIC-646309	barba_crescit_caput_nescit	Glycoproteome	sapiens_qui_prospicit	cacatum_non_est_pictum	labor_ipse_voluptas	Orbitrap	scientia_et_labor
proteomic	dg.4DFC/e041576e-3595-5c8b-b0b3-272bc7cb6352	GC-PROTEOMIC-111351	O_Tite_tute_Tati_tibi_tanta_tyranne_tulisti	Glycoproteome	labor_ipse_voluptas	nanos_gigantum_humeris_insidentes	imperium_in_imperio	Orbitrap	Obedientia_civium_urbis_felicitas
proteomic	dg.4DFC/e041576e-3595-5c8b-b0b3-272bc7cb6351	GC-PROTEOMIC-752950	nanos_gigantum_humeris_insidentes	Glycoproteome	damnant_quod_non_intellegunt	pace_tua	Macte_animo_Generose_puer_sic_itur_ad_astra	Orbitrap	imperium_in_imperio
proteomic	dg.4DFC/e041576e-3595-5c8b-b0b3-272bc7cb6350	GC-PROTEOMIC-185003	scientia_et_sapientia	Glycoproteome	salus_in_arduis	barba_crescit_caput_nescit	haec_olim_meminisse_iuvabit	Orbitrap	scientia_et_sapientia
proteomic	dg.4DFC/e041576e-3595-5c8b-b0b3-272bc7cb6349	GC-PROTEOMIC-313489	saltus_in_demonstrando	Lipidome	imperium_in_imperio	Macte_animo_Generose_puer_sic_itur_ad_astra	damnant_quod_non_intellegunt	Orbitrap	scientia,_aere_perennius
proteomic	dg.4DFC/e041576e-3595-5c8b-b0b3-272bc7cb6348	GC-PROTEOMIC-969156	nascentes_morimur_finisque_ab_origine_pendet	Phosphoproteome	scientia,_aere_perennius	faber_est_suae_quisque_fortunae	Obedientia_civium_urbis_felicitas	Orbitrap	e_causa_ignota
proteomic	dg.4DFC/e041576e-3595-5c8b-b0b3-272bc7cb6347	GC-PROTEOMIC-738882	scientia_imperii_decus_et_tutamen	Glycoproteome	scientia_imperii_decus_et_tutamen	labor_ipse_voluptas	damnant_quod_non_intellegunt	Orbitrap	scientia_et_sapientia
proteomic	dg.4DFC/e041576e-3595-5c8b-b0b3-272bc7cb6346	GC-PROTEOMIC-797215	damnant_quod_non_intellegunt	Lipidome	nascentes_morimur_finisque_ab_origine_pendet	faber_est_suae_quisque_fortunae	scientiae_cedit_mare	Orbitrap	scientiae_cedit_mare
proteomic	dg.4DFC/e041576e-3595-5c8b-b0b3-272bc7cb6345	GC-PROTEOMIC-113941	nascentes_morimur_finisque_ab_origine_pendet	Proteome	labor_ipse_voluptas	barba_crescit_caput_nescit	scientiae_cedit_mare	Orbitrap	scientia_et_labor
proteomic	dg.4DFC/e041576e-3595-5c8b-b0b3-272bc7cb6344	GC-PROTEOMIC-924594	barba_crescit_caput_nescit	Lipidome	Obedientia_civium_urbis_felicitas	scientiae_et_patriae	haec_olim_meminisse_iuvabit	Orbitrap	scientia_imperii_decus_et_tutamen
proteomic	dg.4DFC/e041576e-3595-5c8b-b0b3-272bc7cb6343	GC-PROTEOMIC-743844	scientia_imperii_decus_et_tutamen	Phosphoproteome	Macte_animo_Generose_puer_sic_itur_ad_astra	scientia_et_sapientia	a_bene_placito	Orbitrap	scientiae_cedit_mare
proteomic	dg.4DFC/e041576e-3595-5c8b-b0b3-272bc7cb6342	GC-PROTEOMIC-544490	e_causa_ignota	Metabolome	haec_olim_meminisse_iuvabit	sapiens_qui_prospicit	cacatum_non_est_pictum	Orbitrap	nanos_gigantum_humeris_insidentes
proteomic	dg.4DFC/e041576e-3595-5c8b-b0b3-272bc7cb6341	GC-PROTEOMIC-689820	scientiae_cedit_mare	Phosphoproteome	id_quod_plerumque_accidit	O_Tite_tute_Tati_tibi_tanta_tyranne_tulisti	faber_est_suae_quisque_fortunae	Orbitrap	sapiens_qui_prospicit
proteomic	dg.4DFC/e041576e-3595-5c8b-b0b3-272bc7cb6340	GC-PROTEOMIC-240823	Gallia_est_omnis_divisa_in_partes_tres	Glycoproteome	scientiae_cedit_mare	nascentes_morimur_finisque_ab_origine_pendet	Obedientia_civium_urbis_felicitas	Orbitrap	Obedientia_civium_urbis_felicitas
proteomic	dg.4DFC/e041576e-3595-5c8b-b0b3-272bc7cb6339	GC-PROTEOMIC-793771	scientiae_cedit_mare	Glycoproteome	scientia_imperii_decus_et_tutamen	scientiae_et_patriae	cacatum_non_est_pictum	Orbitrap	sapiens_qui_prospicit
proteomic	dg.4DFC/e041576e-3595-5c8b-b0b3-272bc7cb6338	GC-PROTEOMIC-150385	Macte_animo_Generose_puer_sic_itur_ad_astra	Phosphoproteome	scientia_et_labor	scientia,_aere_perennius	id_quod_plerumque_accidit	Orbitrap	haec_olim_meminisse_iuvabit
proteomic	dg.4DFC/e041576e-3595-5c8b-b0b3-272bc7cb6337	GC-PROTEOMIC-743945	labor_ipse_voluptas	Glycoproteome	id_quod_plerumque_accidit	Gallia_est_omnis_divisa_in_partes_tres	scientiae_cedit_mare	Orbitrap	damnant_quod_non_intellegunt
proteomic	dg.4DFC/e041576e-3595-5c8b-b0b3-272bc7cb6336	GC-PROTEOMIC-904971	scientia_imperii_decus_et_tutamen	Lipidome	nascentes_morimur_finisque_ab_origine_pendet	damnant_quod_non_intellegunt	O_Tite_tute_Tati_tibi_tanta_tyranne_tulisti	Orbitrap	id_quod_plerumque_accidit
proteomic	dg.4DFC/e041576e-3595-5c8b-b0b3-272bc7cb6335	GC-PROTEOMIC-579761	salus_in_arduis	Glycoproteome	scientia_et_sapientia	barba_crescit_caput_nescit	scientia_et_sapientia	Orbitrap	Macte_animo_Generose_puer_sic_itur_ad_astra
proteomic	dg.4DFC/e041576e-3595-5c8b-b0b3-272bc7cb6334	GC-PROTEOMIC-966003	O_Tite_tute_Tati_tibi_tanta_tyranne_tulisti	Ubiquitylome	e_causa_ignota	Gallia_est_omnis_divisa_in_partes_tres	haec_olim_meminisse_iuvabit	Orbitrap	Gallia_est_omnis_divisa_in_partes_tres
proteomic	dg.4DFC/e041576e-3595-5c8b-b0b3-272bc7cb6333	GC-PROTEOMIC-317029	nascentes_morimur_finisque_ab_origine_pendet	Ubiquitylome	scientia_imperii_decus_et_tutamen	nascentes_morimur_finisque_ab_origine_pendet	O_Tite_tute_Tati_tibi_tanta_tyranne_tulisti	Orbitrap	nanos_gigantum_humeris_insidentes
proteomic	dg.4DFC/e041576e-3595-5c8b-b0b3-272bc7cb6332	GC-PROTEOMIC-421690	sapiens_qui_prospicit	Proteome	a_bene_placito	e_causa_ignota	pace_tua	Orbitrap	scientia_et_labor
proteomic	dg.4DFC/e041576e-3595-5c8b-b0b3-272bc7cb6331	GC-PROTEOMIC-710622	id_quod_plerumque_accidit	Ubiquitylome	scientia_et_sapientia	pace_tua	labor_ipse_voluptas	Orbitrap	faber_est_suae_quisque_fortunae
proteomic	dg.4DFC/e041576e-3595-5c8b-b0b3-272bc7cb6330	GC-PROTEOMIC-518214	e_causa_ignota	Acetylome	haec_olim_meminisse_iuvabit	sapiens_qui_prospicit	Obedientia_civium_urbis_felicitas	Orbitrap	haec_olim_meminisse_iuvabit
proteomic	dg.4DFC/e041576e-3595-5c8b-b0b3-272bc7cb6329	GC-PROTEOMIC-504059	Gallia_est_omnis_divisa_in_partes_tres	Ubiquitylome	Obedientia_civium_urbis_felicitas	Gallia_est_omnis_divisa_in_partes_tres	cacatum_non_est_pictum	Orbitrap	salus_in_arduis
proteomic	dg.4DFC/e041576e-3595-5c8b-b0b3-272bc7cb6328	GC-PROTEOMIC-826957	scientia_et_labor	Metabolome	id_quod_plerumque_accidit	labor_ipse_voluptas	scientia_imperii_decus_et_tutamen	Orbitrap	nascentes_morimur_finisque_ab_origine_pendet
proteomic	dg.4DFC/e041576e-3595-5c8b-b0b3-272bc7cb6327	GC-PROTEOMIC-723915	id_quod_plerumque_accidit	Acetylome	a_bene_placito	Gallia_est_omnis_divisa_in_partes_tres	sapiens_qui_prospicit	Orbitrap	imperium_in_imperio
proteomic	dg.4DFC/e041576e-3595-5c8b-b0b3-272bc7cb6326	GC-PROTEOMIC-378491	nanos_gigantum_humeris_insidentes	Acetylome	pace_tua	scientia_imperii_decus_et_tutamen	imperium_in_imperio	Orbitrap	sapiens_qui_prospicit
proteomic	dg.4DFC/e041576e-3595-5c8b-b0b3-272bc7cb6325	GC-PROTEOMIC-567558	Obedientia_civium_urbis_felicitas	Phosphoproteome	scientia,_aere_perennius	e_causa_ignota	Macte_animo_Generose_puer_sic_itur_ad_astra	Orbitrap	labor_ipse_voluptas
proteomic	dg.4DFC/e041576e-3595-5c8b-b0b3-272bc7cb6324	GC-PROTEOMIC-119725	e_causa_ignota	Metabolome	salus_in_arduis	faber_est_suae_quisque_fortunae	labor_ipse_voluptas	Orbitrap	salus_in_arduis
proteomic	dg.4DFC/e041576e-3595-5c8b-b0b3-272bc7cb6323	GC-PROTEOMIC-406041	nanos_gigantum_humeris_insidentes	Proteome	scientiae_et_patriae	sapiens_qui_prospicit	nascentes_morimur_finisque_ab_origine_pendet	Orbitrap	haec_olim_meminisse_iuvabit
proteomic	dg.4DFC/e041576e-3595-5c8b-b0b3-272bc7cb6322	GC-PROTEOMIC-335972	pace_tua	Metabolome	O_Tite_tute_Tati_tibi_tanta_tyranne_tulisti	nanos_gigantum_humeris_insidentes	a_bene_placito	Orbitrap	salus_in_arduis
proteomic	dg.4DFC/e041576e-3595-5c8b-b0b3-272bc7cb6321	GC-PROTEOMIC-327120	scientia_imperii_decus_et_tutamen	Phosphoproteome	O_Tite_tute_Tati_tibi_tanta_tyranne_tulisti	saltus_in_demonstrando	faber_est_suae_quisque_fortunae	Orbitrap	damnant_quod_non_intellegunt
proteomic	dg.4DFC/e041576e-3595-5c8b-b0b3-272bc7cb6320	GC-PROTEOMIC-125122	pace_tua	Proteome	O_Tite_tute_Tati_tibi_tanta_tyranne_tulisti	barba_crescit_caput_nescit	e_causa_ignota	Orbitrap	labor_ipse_voluptas
proteomic	dg.4DFC/e041576e-3595-5c8b-b0b3-272bc7cb6319	GC-PROTEOMIC-616581	imperium_in_imperio	Glycoproteome	cacatum_non_est_pictum	nanos_gigantum_humeris_insidentes	cacatum_non_est_pictum	Orbitrap	imperium_in_imperio
proteomic	dg.4DFC/e041576e-3595-5c8b-b0b3-272bc7cb6318	GC-PROTEOMIC-402797	scientiae_et_patriae	Metabolome	scientia_et_labor	imperium_in_imperio	Macte_animo_Generose_puer_sic_itur_ad_astra	Orbitrap	scientia_imperii_decus_et_tutamen
proteomic	dg.4DFC/e041576e-3595-5c8b-b0b3-272bc7cb6317	GC-PROTEOMIC-406458	salus_in_arduis	Glycoproteome	saltus_in_demonstrando	O_Tite_tute_Tati_tibi_tanta_tyranne_tulisti	scientia_et_labor	Orbitrap	nascentes_morimur_finisque_ab_origine_pendet
proteomic	dg.4DFC/e041576e-3595-5c8b-b0b3-272bc7cb6316	GC-PROTEOMIC-449643	haec_olim_meminisse_iuvabit	Ubiquitylome	O_Tite_tute_Tati_tibi_tanta_tyranne_tulisti	faber_est_suae_quisque_fortunae	faber_est_suae_quisque_fortunae	Orbitrap	pace_tua
proteomic	dg.4DFC/e041576e-3595-5c8b-b0b3-272bc7cb6315	GC-PROTEOMIC-502212	id_quod_plerumque_accidit	Ubiquitylome	haec_olim_meminisse_iuvabit	scientia_et_labor	sapiens_qui_prospicit	Orbitrap	faber_est_suae_quisque_fortunae
proteomic	dg.4DFC/e041576e-3595-5c8b-b0b3-272bc7cb6314	GC-PROTEOMIC-324440	imperium_in_imperio	Metabolome	cacatum_non_est_pictum	scientia_imperii_decus_et_tutamen	scientiae_cedit_mare	Orbitrap	scientiae_cedit_mare
proteomic	dg.4DFC/e041576e-3595-5c8b-b0b3-272bc7cb6313	GC-PROTEOMIC-369540	saltus_in_demonstrando	Glycoproteome	scientiae_et_patriae	e_causa_ignota	nascentes_morimur_finisque_ab_origine_pendet	Orbitrap	Gallia_est_omnis_divisa_in_partes_tres
proteomic	dg.4DFC/e041576e-3595-5c8b-b0b3-272bc7cb6312	GC-PROTEOMIC-181038	faber_est_suae_quisque_fortunae	Ubiquitylome	cacatum_non_est_pictum	e_causa_ignota	cacatum_non_est_pictum	Orbitrap	scientia,_aere_perennius
proteomic	dg.4DFC/e041576e-3595-5c8b-b0b3-272bc7cb6311	GC-PROTEOMIC-723212	scientiae_cedit_mare	Proteome	scientia_et_labor	labor_ipse_voluptas	haec_olim_meminisse_iuvabit	Orbitrap	pace_tua
proteomic	dg.4DFC/e041576e-3595-5c8b-b0b3-272bc7cb6310	GC-PROTEOMIC-514301	scientiae_cedit_mare	Metabolome	scientia_et_labor	cacatum_non_est_pictum	Gallia_est_omnis_divisa_in_partes_tres	Orbitrap	e_causa_ignota
proteomic	dg.4DFC/e041576e-3595-5c8b-b0b3-272bc7cb6309	GC-PROTEOMIC-462142	nanos_gigantum_humeris_insidentes	Acetylome	nanos_gigantum_humeris_insidentes	Gallia_est_omnis_divisa_in_partes_tres	imperium_in_imperio	Orbitrap	haec_olim_meminisse_iuvabit
proteomic	dg.4DFC/e041576e-3595-5c8b-b0b3-272bc7cb6308	GC-PROTEOMIC-326500	scientia_et_labor	Ubiquitylome	faber_est_suae_quisque_fortunae	sapiens_qui_prospicit	barba_crescit_caput_nescit	Orbitrap	nanos_gigantum_humeris_insidentes
proteomic	dg.4DFC/e041576e-3595-5c8b-b0b3-272bc7cb6307	GC-PROTEOMIC-939981	nascentes_morimur_finisque_ab_origine_pendet	Ubiquitylome	scientia_et_sapientia	scientia_imperii_decus_et_tutamen	id_quod_plerumque_accidit	Orbitrap	damnant_quod_non_intellegunt
proteomic	dg.4DFC/e041576e-3595-5c8b-b0b3-272bc7cb6306	GC-PROTEOMIC-639833	scientiae_et_patriae	Ubiquitylome	scientia_imperii_decus_et_tutamen	scientia_et_sapientia	a_bene_placito	Orbitrap	barba_crescit_caput_nescit
proteomic	dg.4DFC/e041576e-3595-5c8b-b0b3-272bc7cb6305	GC-PROTEOMIC-458495	saltus_in_demonstrando	Ubiquitylome	Macte_animo_Generose_puer_sic_itur_ad_astra	a_bene_placito	labor_ipse_voluptas	Orbitrap	labor_ipse_voluptas
proteomic	dg.4DFC/e041576e-3595-5c8b-b0b3-272bc7cb6304	GC-PROTEOMIC-848394	sapiens_qui_prospicit	Metabolome	e_causa_ignota	Gallia_est_omnis_divisa_in_partes_tres	scientia,_aere_perennius	Orbitrap	pace_tua
proteomic	dg.4DFC/e041576e-3595-5c8b-b0b3-272bc7cb6303	GC-PROTEOMIC-391979	Gallia_est_omnis_divisa_in_partes_tres	Acetylome	labor_ipse_voluptas	cacatum_non_est_pictum	damnant_quod_non_intellegunt	Orbitrap	nanos_gigantum_humeris_insidentes
proteomic	dg.4DFC/e041576e-3595-5c8b-b0b3-272bc7cb6302	GC-PROTEOMIC-274887	barba_crescit_caput_nescit	Glycoproteome	haec_olim_meminisse_iuvabit	Obedientia_civium_urbis_felicitas	scientiae_cedit_mare	Orbitrap	e_causa_ignota
proteomic	dg.4DFC/e041576e-3595-5c8b-b0b3-272bc7cb6301	GC-PROTEOMIC-267038	cacatum_non_est_pictum	Acetylome	e_causa_ignota	scientia_imperii_decus_et_tutamen	a_bene_placito	Orbitrap	scientiae_et_patriae
proteomic	dg.4DFC/e041576e-3595-5c8b-b0b3-272bc7cb6300	GC-PROTEOMIC-555660	faber_est_suae_quisque_fortunae	Glycoproteome	sapiens_qui_prospicit	faber_est_suae_quisque_fortunae	Macte_animo_Generose_puer_sic_itur_ad_astra	Orbitrap	Obedientia_civium_urbis_felicitas
proteomic	dg.4DFC/e041576e-3595-5c8b-b0b3-272bc7cb6299	GC-PROTEOMIC-780742	scientia_et_sapientia	Proteome	barba_crescit_caput_nescit	Obedientia_civium_urbis_felicitas	sapiens_qui_prospicit	Orbitrap	sapiens_qui_prospicit
proteomic	dg.4DFC/e041576e-3595-5c8b-b0b3-272bc7cb6298	GC-PROTEOMIC-319696	labor_ipse_voluptas	Acetylome	Gallia_est_omnis_divisa_in_partes_tres	scientia_et_sapientia	Gallia_est_omnis_divisa_in_partes_tres	Orbitrap	a_bene_placito
proteomic	dg.4DFC/e041576e-3595-5c8b-b0b3-272bc7cb6297	GC-PROTEOMIC-532465	scientia,_aere_perennius	Acetylome	cacatum_non_est_pictum	haec_olim_meminisse_iuvabit	Gallia_est_omnis_divisa_in_partes_tres	Orbitrap	labor_ipse_voluptas
proteomic	dg.4DFC/e041576e-3595-5c8b-b0b3-272bc7cb6296	GC-PROTEOMIC-324320	scientia,_aere_perennius	Lipidome	Obedientia_civium_urbis_felicitas	cacatum_non_est_pictum	scientiae_cedit_mare	Orbitrap	scientia_et_sapientia
proteomic	dg.4DFC/e041576e-3595-5c8b-b0b3-272bc7cb6295	GC-PROTEOMIC-210565	haec_olim_meminisse_iuvabit	Phosphoproteome	scientia_et_labor	imperium_in_imperio	a_bene_placito	Orbitrap	imperium_in_imperio
proteomic	dg.4DFC/e041576e-3595-5c8b-b0b3-272bc7cb6294	GC-PROTEOMIC-667631	O_Tite_tute_Tati_tibi_tanta_tyranne_tulisti	Phosphoproteome	a_bene_placito	Macte_animo_Generose_puer_sic_itur_ad_astra	imperium_in_imperio	Orbitrap	scientia_imperii_decus_et_tutamen
proteomic	dg.4DFC/e041576e-3595-5c8b-b0b3-272bc7cb6293	GC-PROTEOMIC-185643	scientia_et_labor	Ubiquitylome	sapiens_qui_prospicit	faber_est_suae_quisque_fortunae	cacatum_non_est_pictum	Orbitrap	labor_ipse_voluptas
proteomic	dg.4DFC/e041576e-3595-5c8b-b0b3-272bc7cb6292	GC-PROTEOMIC-508632	a_bene_placito	Glycoproteome	barba_crescit_caput_nescit	saltus_in_demonstrando	scientia,_aere_perennius	Orbitrap	e_causa_ignota
proteomic	dg.4DFC/e041576e-3595-5c8b-b0b3-272bc7cb6291	GC-PROTEOMIC-773191	pace_tua	Ubiquitylome	labor_ipse_voluptas	scientia_et_labor	Macte_animo_Generose_puer_sic_itur_ad_astra	Orbitrap	sapiens_qui_prospicit
proteomic	dg.4DFC/e041576e-3595-5c8b-b0b3-272bc7cb6290	GC-PROTEOMIC-382442	O_Tite_tute_Tati_tibi_tanta_tyranne_tulisti	Phosphoproteome	e_causa_ignota	Obedientia_civium_urbis_felicitas	scientia,_aere_perennius	Orbitrap	scientiae_cedit_mare
proteomic	dg.4DFC/e041576e-3595-5c8b-b0b3-272bc7cb6289	GC-PROTEOMIC-516610	scientia,_aere_perennius	Acetylome	damnant_quod_non_intellegunt	id_quod_plerumque_accidit	a_bene_placito	Orbitrap	a_bene_placito
proteomic	dg.4DFC/e041576e-3595-5c8b-b0b3-272bc7cb6288	GC-PROTEOMIC-663240	salus_in_arduis	Ubiquitylome	cacatum_non_est_pictum	scientiae_et_patriae	haec_olim_meminisse_iuvabit	Orbitrap	Obedientia_civium_urbis_felicitas
proteomic	dg.4DFC/e041576e-3595-5c8b-b0b3-272bc7cb6287	GC-PROTEOMIC-829766	haec_olim_meminisse_iuvabit	Metabolome	faber_est_suae_quisque_fortunae	nascentes_morimur_finisque_ab_origine_pendet	scientia_et_labor	Orbitrap	scientia_et_labor
proteomic	dg.4DFC/e041576e-3595-5c8b-b0b3-272bc7cb6286	GC-PROTEOMIC-745316	a_bene_placito	Glycoproteome	O_Tite_tute_Tati_tibi_tanta_tyranne_tulisti	salus_in_arduis	scientia_et_labor	Orbitrap	scientia_et_sapientia
proteomic	dg.4DFC/e041576e-3595-5c8b-b0b3-272bc7cb6285	GC-PROTEOMIC-748530	scientia,_aere_perennius	Metabolome	scientiae_et_patriae	pace_tua	O_Tite_tute_Tati_tibi_tanta_tyranne_tulisti	Orbitrap	e_causa_ignota
proteomic	dg.4DFC/e041576e-3595-5c8b-b0b3-272bc7cb6284	GC-PROTEOMIC-824720	Gallia_est_omnis_divisa_in_partes_tres	Metabolome	O_Tite_tute_Tati_tibi_tanta_tyranne_tulisti	scientiae_et_patriae	scientia_et_labor	Orbitrap	O_Tite_tute_Tati_tibi_tanta_tyranne_tulisti
proteomic	dg.4DFC/e041576e-3595-5c8b-b0b3-272bc7cb6283	GC-PROTEOMIC-310974	scientiae_et_patriae	Ubiquitylome	scientia_et_labor	scientia_imperii_decus_et_tutamen	scientia_et_sapientia	Orbitrap	haec_olim_meminisse_iuvabit
proteomic	dg.4DFC/e041576e-3595-5c8b-b0b3-272bc7cb6282	GC-PROTEOMIC-774512	nascentes_morimur_finisque_ab_origine_pendet	Proteome	Obedientia_civium_urbis_felicitas	Obedientia_civium_urbis_felicitas	O_Tite_tute_Tati_tibi_tanta_tyranne_tulisti	Orbitrap	a_bene_placito
proteomic	dg.4DFC/e041576e-3595-5c8b-b0b3-272bc7cb6281	GC-PROTEOMIC-651420	id_quod_plerumque_accidit	Phosphoproteome	salus_in_arduis	a_bene_placito	nanos_gigantum_humeris_insidentes	Orbitrap	e_causa_ignota
proteomic	dg.4DFC/e041576e-3595-5c8b-b0b3-272bc7cb6280	GC-PROTEOMIC-783648	faber_est_suae_quisque_fortunae	Glycoproteome	scientia_et_labor	cacatum_non_est_pictum	scientiae_et_patriae	Orbitrap	cacatum_non_est_pictum
proteomic	dg.4DFC/e041576e-3595-5c8b-b0b3-272bc7cb6279	GC-PROTEOMIC-781336	sapiens_qui_prospicit	Phosphoproteome	scientiae_et_patriae	labor_ipse_voluptas	saltus_in_demonstrando	Orbitrap	scientia_et_labor
proteomic	dg.4DFC/e041576e-3595-5c8b-b0b3-272bc7cb6278	GC-PROTEOMIC-299550	haec_olim_meminisse_iuvabit	Proteome	a_bene_placito	Obedientia_civium_urbis_felicitas	nanos_gigantum_humeris_insidentes	Orbitrap	imperium_in_imperio
proteomic	dg.4DFC/e041576e-3595-5c8b-b0b3-272bc7cb6277	GC-PROTEOMIC-557515	a_bene_placito	Metabolome	saltus_in_demonstrando	Macte_animo_Generose_puer_sic_itur_ad_astra	scientiae_cedit_mare	Orbitrap	labor_ipse_voluptas
proteomic	dg.4DFC/e041576e-3595-5c8b-b0b3-272bc7cb6276	GC-PROTEOMIC-873374	Macte_animo_Generose_puer_sic_itur_ad_astra	Ubiquitylome	Macte_animo_Generose_puer_sic_itur_ad_astra	labor_ipse_voluptas	salus_in_arduis	Orbitrap	labor_ipse_voluptas
proteomic	dg.4DFC/e041576e-3595-5c8b-b0b3-272bc7cb6275	GC-PROTEOMIC-508266	scientiae_cedit_mare	Metabolome	barba_crescit_caput_nescit	pace_tua	scientia_imperii_decus_et_tutamen	Orbitrap	O_Tite_tute_Tati_tibi_tanta_tyranne_tulisti
proteomic	dg.4DFC/e041576e-3595-5c8b-b0b3-272bc7cb6274	GC-PROTEOMIC-416989	id_quod_plerumque_accidit	Ubiquitylome	pace_tua	Macte_animo_Generose_puer_sic_itur_ad_astra	a_bene_placito	Orbitrap	nascentes_morimur_finisque_ab_origine_pendet
proteomic	dg.4DFC/e041576e-3595-5c8b-b0b3-272bc7cb6273	GC-PROTEOMIC-745336	e_causa_ignota	Ubiquitylome	cacatum_non_est_pictum	nanos_gigantum_humeris_insidentes	sapiens_qui_prospicit	Orbitrap	scientia_et_sapientia
proteomic	dg.4DFC/e041576e-3595-5c8b-b0b3-272bc7cb6272	GC-PROTEOMIC-863670	scientia_imperii_decus_et_tutamen	Phosphoproteome	saltus_in_demonstrando	labor_ipse_voluptas	saltus_in_demonstrando	Orbitrap	scientia_imperii_decus_et_tutamen
proteomic	dg.4DFC/e041576e-3595-5c8b-b0b3-272bc7cb6271	GC-PROTEOMIC-628119	scientiae_cedit_mare	Metabolome	O_Tite_tute_Tati_tibi_tanta_tyranne_tulisti	a_bene_placito	Macte_animo_Generose_puer_sic_itur_ad_astra	Orbitrap	saltus_in_demonstrando
proteomic	dg.4DFC/e041576e-3595-5c8b-b0b3-272bc7cb6270	GC-PROTEOMIC-816592	saltus_in_demonstrando	Ubiquitylome	id_quod_plerumque_accidit	faber_est_suae_quisque_fortunae	imperium_in_imperio	Orbitrap	e_causa_ignota
proteomic	dg.4DFC/e041576e-3595-5c8b-b0b3-272bc7cb6269	GC-PROTEOMIC-660291	O_Tite_tute_Tati_tibi_tanta_tyranne_tulisti	Glycoproteome	scientia_imperii_decus_et_tutamen	e_causa_ignota	salus_in_arduis	Orbitrap	scientia_imperii_decus_et_tutamen
proteomic	dg.4DFC/e041576e-3595-5c8b-b0b3-272bc7cb6268	GC-PROTEOMIC-872659	saltus_in_demonstrando	Ubiquitylome	a_bene_placito	scientia_et_sapientia	scientia_et_labor	Orbitrap	damnant_quod_non_intellegunt
proteomic	dg.4DFC/e041576e-3595-5c8b-b0b3-272bc7cb6267	GC-PROTEOMIC-742436	e_causa_ignota	Ubiquitylome	O_Tite_tute_Tati_tibi_tanta_tyranne_tulisti	id_quod_plerumque_accidit	scientiae_et_patriae	Orbitrap	pace_tua
proteomic	dg.4DFC/e041576e-3595-5c8b-b0b3-272bc7cb6266	GC-PROTEOMIC-692387	nanos_gigantum_humeris_insidentes	Phosphoproteome	e_causa_ignota	scientia,_aere_perennius	nascentes_morimur_finisque_ab_origine_pendet	Orbitrap	imperium_in_imperio
proteomic	dg.4DFC/e041576e-3595-5c8b-b0b3-272bc7cb6265	GC-PROTEOMIC-684871	haec_olim_meminisse_iuvabit	Acetylome	scientiae_et_patriae	nanos_gigantum_humeris_insidentes	saltus_in_demonstrando	Orbitrap	barba_crescit_caput_nescit
proteomic	dg.4DFC/e041576e-3595-5c8b-b0b3-272bc7cb6264	GC-PROTEOMIC-864619	scientiae_et_patriae	Glycoproteome	sapiens_qui_prospicit	scientia_et_labor	e_causa_ignota	Orbitrap	pace_tua
proteomic	dg.4DFC/e041576e-3595-5c8b-b0b3-272bc7cb6263	GC-PROTEOMIC-641181	scientia,_aere_perennius	Ubiquitylome	scientia_imperii_decus_et_tutamen	cacatum_non_est_pictum	pace_tua	Orbitrap	barba_crescit_caput_nescit
proteomic	dg.4DFC/e041576e-3595-5c8b-b0b3-272bc7cb6262	GC-PROTEOMIC-101091	O_Tite_tute_Tati_tibi_tanta_tyranne_tulisti	Ubiquitylome	imperium_in_imperio	scientia_imperii_decus_et_tutamen	nascentes_morimur_finisque_ab_origine_pendet	Orbitrap	id_quod_plerumque_accidit
proteomic	dg.4DFC/e041576e-3595-5c8b-b0b3-272bc7cb6261	GC-PROTEOMIC-377059	pace_tua	Phosphoproteome	imperium_in_imperio	scientiae_et_patriae	scientiae_cedit_mare	Orbitrap	salus_in_arduis
proteomic	dg.4DFC/e041576e-3595-5c8b-b0b3-272bc7cb6260	GC-PROTEOMIC-815354	damnant_quod_non_intellegunt	Proteome	scientia,_aere_perennius	e_causa_ignota	e_causa_ignota	Orbitrap	nascentes_morimur_finisque_ab_origine_pendet
proteomic	dg.4DFC/e041576e-3595-5c8b-b0b3-272bc7cb6259	GC-PROTEOMIC-542763	nascentes_morimur_finisque_ab_origine_pendet	Glycoproteome	cacatum_non_est_pictum	imperium_in_imperio	salus_in_arduis	Orbitrap	Gallia_est_omnis_divisa_in_partes_tres
proteomic	dg.4DFC/e041576e-3595-5c8b-b0b3-272bc7cb6258	GC-PROTEOMIC-557107	pace_tua	Phosphoproteome	pace_tua	Obedientia_civium_urbis_felicitas	sapiens_qui_prospicit	Orbitrap	damnant_quod_non_intellegunt
proteomic	dg.4DFC/e041576e-3595-5c8b-b0b3-272bc7cb6257	GC-PROTEOMIC-472930	e_causa_ignota	Phosphoproteome	scientia_et_labor	scientiae_cedit_mare	barba_crescit_caput_nescit	Orbitrap	scientia_et_sapientia
proteomic	dg.4DFC/e041576e-3595-5c8b-b0b3-272bc7cb6256	GC-PROTEOMIC-458964	haec_olim_meminisse_iuvabit	Proteome	pace_tua	scientiae_cedit_mare	scientiae_et_patriae	Orbitrap	Gallia_est_omnis_divisa_in_partes_tres
proteomic	dg.4DFC/e041576e-3595-5c8b-b0b3-272bc7cb6255	GC-PROTEOMIC-409929	scientiae_et_patriae	Lipidome	salus_in_arduis	barba_crescit_caput_nescit	faber_est_suae_quisque_fortunae	Orbitrap	Macte_animo_Generose_puer_sic_itur_ad_astra
proteomic	dg.4DFC/e041576e-3595-5c8b-b0b3-272bc7cb6254	GC-PROTEOMIC-735488	scientiae_cedit_mare	Acetylome	scientia_imperii_decus_et_tutamen	sapiens_qui_prospicit	labor_ipse_voluptas	Orbitrap	Gallia_est_omnis_divisa_in_partes_tres
proteomic	dg.4DFC/e041576e-3595-5c8b-b0b3-272bc7cb6253	GC-PROTEOMIC-513941	scientia_imperii_decus_et_tutamen	Glycoproteome	sapiens_qui_prospicit	haec_olim_meminisse_iuvabit	salus_in_arduis	Orbitrap	barba_crescit_caput_nescit
proteomic	dg.4DFC/e041576e-3595-5c8b-b0b3-272bc7cb6252	GC-PROTEOMIC-840853	pace_tua	Proteome	pace_tua	scientia_et_labor	haec_olim_meminisse_iuvabit	Orbitrap	O_Tite_tute_Tati_tibi_tanta_tyranne_tulisti
proteomic	dg.4DFC/e041576e-3595-5c8b-b0b3-272bc7cb6251	GC-PROTEOMIC-101513	saltus_in_demonstrando	Lipidome	saltus_in_demonstrando	saltus_in_demonstrando	saltus_in_demonstrando	Orbitrap	nascentes_morimur_finisque_ab_origine_pendet
proteomic	dg.4DFC/e041576e-3595-5c8b-b0b3-272bc7cb6250	GC-PROTEOMIC-582075	e_causa_ignota	Phosphoproteome	sapiens_qui_prospicit	pace_tua	barba_crescit_caput_nescit	Orbitrap	salus_in_arduis
proteomic	dg.4DFC/e041576e-3595-5c8b-b0b3-272bc7cb6249	GC-PROTEOMIC-162215	nascentes_morimur_finisque_ab_origine_pendet	Ubiquitylome	scientiae_cedit_mare	scientiae_et_patriae	scientia_imperii_decus_et_tutamen	Orbitrap	id_quod_plerumque_accidit
proteomic	dg.4DFC/e041576e-3595-5c8b-b0b3-272bc7cb6248	GC-PROTEOMIC-268646	Macte_animo_Generose_puer_sic_itur_ad_astra	Lipidome	scientiae_et_patriae	saltus_in_demonstrando	imperium_in_imperio	Orbitrap	faber_est_suae_quisque_fortunae
proteomic	dg.4DFC/e041576e-3595-5c8b-b0b3-272bc7cb6247	GC-PROTEOMIC-421287	imperium_in_imperio	Ubiquitylome	cacatum_non_est_pictum	Macte_animo_Generose_puer_sic_itur_ad_astra	sapiens_qui_prospicit	Orbitrap	cacatum_non_est_pictum
proteomic	dg.4DFC/e041576e-3595-5c8b-b0b3-272bc7cb6246	GC-PROTEOMIC-118688	barba_crescit_caput_nescit	Metabolome	a_bene_placito	labor_ipse_voluptas	scientiae_cedit_mare	Orbitrap	Macte_animo_Generose_puer_sic_itur_ad_astra
proteomic	dg.4DFC/e041576e-3595-5c8b-b0b3-272bc7cb6245	GC-PROTEOMIC-197603	faber_est_suae_quisque_fortunae	Phosphoproteome	labor_ipse_voluptas	Macte_animo_Generose_puer_sic_itur_ad_astra	scientia_et_labor	Orbitrap	scientia,_aere_perennius
proteomic	dg.4DFC/e041576e-3595-5c8b-b0b3-272bc7cb6244	GC-PROTEOMIC-999241	salus_in_arduis	Ubiquitylome	e_causa_ignota	Obedientia_civium_urbis_felicitas	haec_olim_meminisse_iuvabit	Orbitrap	id_quod_plerumque_accidit
proteomic	dg.4DFC/e041576e-3595-5c8b-b0b3-272bc7cb6243	GC-PROTEOMIC-327504	haec_olim_meminisse_iuvabit	Ubiquitylome	scientia_imperii_decus_et_tutamen	saltus_in_demonstrando	scientiae_et_patriae	Orbitrap	id_quod_plerumque_accidit
proteomic	dg.4DFC/e041576e-3595-5c8b-b0b3-272bc7cb6242	GC-PROTEOMIC-864796	imperium_in_imperio	Metabolome	labor_ipse_voluptas	haec_olim_meminisse_iuvabit	labor_ipse_voluptas	Orbitrap	scientiae_cedit_mare
proteomic	dg.4DFC/e041576e-3595-5c8b-b0b3-272bc7cb6241	GC-PROTEOMIC-415189	salus_in_arduis	Glycoproteome	sapiens_qui_prospicit	e_causa_ignota	Macte_animo_Generose_puer_sic_itur_ad_astra	Orbitrap	scientiae_cedit_mare
proteomic	dg.4DFC/e041576e-3595-5c8b-b0b3-272bc7cb6240	GC-PROTEOMIC-544789	nanos_gigantum_humeris_insidentes	Proteome	pace_tua	scientiae_et_patriae	Obedientia_civium_urbis_felicitas	Orbitrap	Macte_animo_Generose_puer_sic_itur_ad_astra
proteomic	dg.4DFC/e041576e-3595-5c8b-b0b3-272bc7cb6239	GC-PROTEOMIC-729933	Macte_animo_Generose_puer_sic_itur_ad_astra	Lipidome	haec_olim_meminisse_iuvabit	Obedientia_civium_urbis_felicitas	sapiens_qui_prospicit	Orbitrap	barba_crescit_caput_nescit
proteomic	dg.4DFC/e041576e-3595-5c8b-b0b3-272bc7cb6238	GC-PROTEOMIC-741495	imperium_in_imperio	Metabolome	Obedientia_civium_urbis_felicitas	a_bene_placito	Macte_animo_Generose_puer_sic_itur_ad_astra	Orbitrap	barba_crescit_caput_nescit
proteomic	dg.4DFC/e041576e-3595-5c8b-b0b3-272bc7cb6237	GC-PROTEOMIC-472940	saltus_in_demonstrando	Glycoproteome	saltus_in_demonstrando	cacatum_non_est_pictum	a_bene_placito	Orbitrap	labor_ipse_voluptas
proteomic	dg.4DFC/e041576e-3595-5c8b-b0b3-272bc7cb6236	GC-PROTEOMIC-505197	scientia_imperii_decus_et_tutamen	Acetylome	cacatum_non_est_pictum	pace_tua	scientiae_cedit_mare	Orbitrap	scientia_et_labor
proteomic	dg.4DFC/e041576e-3595-5c8b-b0b3-272bc7cb6235	GC-PROTEOMIC-767815	faber_est_suae_quisque_fortunae	Acetylome	Macte_animo_Generose_puer_sic_itur_ad_astra	labor_ipse_voluptas	Obedientia_civium_urbis_felicitas	Orbitrap	cacatum_non_est_pictum
proteomic	dg.4DFC/e041576e-3595-5c8b-b0b3-272bc7cb6234	GC-PROTEOMIC-744570	Obedientia_civium_urbis_felicitas	Proteome	nanos_gigantum_humeris_insidentes	salus_in_arduis	Macte_animo_Generose_puer_sic_itur_ad_astra	Orbitrap	sapiens_qui_prospicit
proteomic	dg.4DFC/e041576e-3595-5c8b-b0b3-272bc7cb6233	GC-PROTEOMIC-190356	O_Tite_tute_Tati_tibi_tanta_tyranne_tulisti	Metabolome	barba_crescit_caput_nescit	scientia_imperii_decus_et_tutamen	nanos_gigantum_humeris_insidentes	Orbitrap	scientiae_et_patriae
proteomic	dg.4DFC/e041576e-3595-5c8b-b0b3-272bc7cb6232	GC-PROTEOMIC-320918	nanos_gigantum_humeris_insidentes	Glycoproteome	saltus_in_demonstrando	scientia_et_sapientia	scientiae_cedit_mare	Orbitrap	labor_ipse_voluptas
proteomic	dg.4DFC/e041576e-3595-5c8b-b0b3-272bc7cb6231	GC-PROTEOMIC-235820	saltus_in_demonstrando	Glycoproteome	scientiae_et_patriae	nascentes_morimur_finisque_ab_origine_pendet	Gallia_est_omnis_divisa_in_partes_tres	Orbitrap	scientia,_aere_perennius
proteomic	dg.4DFC/e041576e-3595-5c8b-b0b3-272bc7cb6230	GC-PROTEOMIC-952650	Gallia_est_omnis_divisa_in_partes_tres	Lipidome	O_Tite_tute_Tati_tibi_tanta_tyranne_tulisti	Macte_animo_Generose_puer_sic_itur_ad_astra	haec_olim_meminisse_iuvabit	Orbitrap	nascentes_morimur_finisque_ab_origine_pendet
proteomic	dg.4DFC/e041576e-3595-5c8b-b0b3-272bc7cb6229	GC-PROTEOMIC-959701	nanos_gigantum_humeris_insidentes	Proteome	scientiae_cedit_mare	nascentes_morimur_finisque_ab_origine_pendet	faber_est_suae_quisque_fortunae	Orbitrap	saltus_in_demonstrando
proteomic	dg.4DFC/e041576e-3595-5c8b-b0b3-272bc7cb6228	GC-PROTEOMIC-108435	barba_crescit_caput_nescit	Lipidome	a_bene_placito	scientia_et_labor	scientia_et_labor	Orbitrap	scientia_et_sapientia
proteomic	dg.4DFC/e041576e-3595-5c8b-b0b3-272bc7cb6227	GC-PROTEOMIC-842423	Obedientia_civium_urbis_felicitas	Ubiquitylome	scientiae_et_patriae	faber_est_suae_quisque_fortunae	e_causa_ignota	Orbitrap	nanos_gigantum_humeris_insidentes
proteomic	dg.4DFC/e041576e-3595-5c8b-b0b3-272bc7cb6226	GC-PROTEOMIC-206129	saltus_in_demonstrando	Lipidome	cacatum_non_est_pictum	imperium_in_imperio	labor_ipse_voluptas	Orbitrap	scientia_et_labor
proteomic	dg.4DFC/e041576e-3595-5c8b-b0b3-272bc7cb6225	GC-PROTEOMIC-576673	saltus_in_demonstrando	Proteome	labor_ipse_voluptas	imperium_in_imperio	e_causa_ignota	Orbitrap	faber_est_suae_quisque_fortunae
proteomic	dg.4DFC/e041576e-3595-5c8b-b0b3-272bc7cb6224	GC-PROTEOMIC-373447	scientiae_et_patriae	Ubiquitylome	scientiae_cedit_mare	saltus_in_demonstrando	Macte_animo_Generose_puer_sic_itur_ad_astra	Orbitrap	scientia_et_labor
proteomic	dg.4DFC/e041576e-3595-5c8b-b0b3-272bc7cb6223	GC-PROTEOMIC-229291	Macte_animo_Generose_puer_sic_itur_ad_astra	Phosphoproteome	faber_est_suae_quisque_fortunae	labor_ipse_voluptas	cacatum_non_est_pictum	Orbitrap	faber_est_suae_quisque_fortunae
proteomic	dg.4DFC/e041576e-3595-5c8b-b0b3-272bc7cb6222	GC-PROTEOMIC-136435	scientiae_cedit_mare	Lipidome	nascentes_morimur_finisque_ab_origine_pendet	haec_olim_meminisse_iuvabit	scientiae_et_patriae	Orbitrap	Macte_animo_Generose_puer_sic_itur_ad_astra
proteomic	dg.4DFC/e041576e-3595-5c8b-b0b3-272bc7cb6221	GC-PROTEOMIC-308023	scientia_et_labor	Ubiquitylome	saltus_in_demonstrando	faber_est_suae_quisque_fortunae	nascentes_morimur_finisque_ab_origine_pendet	Orbitrap	a_bene_placito
proteomic	dg.4DFC/e041576e-3595-5c8b-b0b3-272bc7cb6220	GC-PROTEOMIC-347648	cacatum_non_est_pictum	Lipidome	Gallia_est_omnis_divisa_in_partes_tres	id_quod_plerumque_accidit	nascentes_morimur_finisque_ab_origine_pendet	Orbitrap	damnant_quod_non_intellegunt
proteomic	dg.4DFC/e041576e-3595-5c8b-b0b3-272bc7cb6219	GC-PROTEOMIC-313765	scientia_imperii_decus_et_tutamen	Glycoproteome	scientia_et_labor	pace_tua	damnant_quod_non_intellegunt	Orbitrap	scientia_et_sapientia
proteomic	dg.4DFC/e041576e-3595-5c8b-b0b3-272bc7cb6218	GC-PROTEOMIC-955487	salus_in_arduis	Glycoproteome	scientia_imperii_decus_et_tutamen	scientia_et_sapientia	nascentes_morimur_finisque_ab_origine_pendet	Orbitrap	nascentes_morimur_finisque_ab_origine_pendet
proteomic	dg.4DFC/e041576e-3595-5c8b-b0b3-272bc7cb6217	GC-PROTEOMIC-691859	saltus_in_demonstrando	Acetylome	e_causa_ignota	nanos_gigantum_humeris_insidentes	sapiens_qui_prospicit	Orbitrap	Macte_animo_Generose_puer_sic_itur_ad_astra
proteomic	dg.4DFC/e041576e-3595-5c8b-b0b3-272bc7cb6216	GC-PROTEOMIC-194849	O_Tite_tute_Tati_tibi_tanta_tyranne_tulisti	Glycoproteome	pace_tua	O_Tite_tute_Tati_tibi_tanta_tyranne_tulisti	scientiae_cedit_mare	Orbitrap	Obedientia_civium_urbis_felicitas
proteomic	dg.4DFC/e041576e-3595-5c8b-b0b3-272bc7cb6215	GC-PROTEOMIC-328404	id_quod_plerumque_accidit	Glycoproteome	scientia_et_labor	salus_in_arduis	imperium_in_imperio	Orbitrap	Gallia_est_omnis_divisa_in_partes_tres
proteomic	dg.4DFC/e041576e-3595-5c8b-b0b3-272bc7cb6214	GC-PROTEOMIC-555805	O_Tite_tute_Tati_tibi_tanta_tyranne_tulisti	Ubiquitylome	haec_olim_meminisse_iuvabit	e_causa_ignota	damnant_quod_non_intellegunt	Orbitrap	haec_olim_meminisse_iuvabit
proteomic	dg.4DFC/e041576e-3595-5c8b-b0b3-272bc7cb6213	GC-PROTEOMIC-763998	scientiae_et_patriae	Phosphoproteome	barba_crescit_caput_nescit	labor_ipse_voluptas	faber_est_suae_quisque_fortunae	Orbitrap	saltus_in_demonstrando
proteomic	dg.4DFC/e041576e-3595-5c8b-b0b3-272bc7cb6212	GC-PROTEOMIC-176503	a_bene_placito	Proteome	barba_crescit_caput_nescit	e_causa_ignota	scientia_imperii_decus_et_tutamen	Orbitrap	scientiae_et_patriae
proteomic	dg.4DFC/e041576e-3595-5c8b-b0b3-272bc7cb6211	GC-PROTEOMIC-617175	scientiae_cedit_mare	Ubiquitylome	damnant_quod_non_intellegunt	scientia,_aere_perennius	saltus_in_demonstrando	Orbitrap	pace_tua
proteomic	dg.4DFC/e041576e-3595-5c8b-b0b3-272bc7cb6210	GC-PROTEOMIC-322414	damnant_quod_non_intellegunt	Glycoproteome	cacatum_non_est_pictum	damnant_quod_non_intellegunt	damnant_quod_non_intellegunt	Orbitrap	scientiae_cedit_mare
proteomic	dg.4DFC/e041576e-3595-5c8b-b0b3-272bc7cb6209	GC-PROTEOMIC-964165	saltus_in_demonstrando	Metabolome	scientiae_cedit_mare	a_bene_placito	nanos_gigantum_humeris_insidentes	Orbitrap	Macte_animo_Generose_puer_sic_itur_ad_astra
proteomic	dg.4DFC/e041576e-3595-5c8b-b0b3-272bc7cb6208	GC-PROTEOMIC-382235	scientiae_et_patriae	Glycoproteome	Obedientia_civium_urbis_felicitas	imperium_in_imperio	id_quod_plerumque_accidit	Orbitrap	Obedientia_civium_urbis_felicitas
proteomic	dg.4DFC/e041576e-3595-5c8b-b0b3-272bc7cb6207	GC-PROTEOMIC-655237	pace_tua	Metabolome	imperium_in_imperio	O_Tite_tute_Tati_tibi_tanta_tyranne_tulisti	damnant_quod_non_intellegunt	Orbitrap	scientia_et_labor
proteomic	dg.4DFC/e041576e-3595-5c8b-b0b3-272bc7cb6206	GC-PROTEOMIC-693687	nascentes_morimur_finisque_ab_origine_pendet	Ubiquitylome	barba_crescit_caput_nescit	pace_tua	imperium_in_imperio	Orbitrap	scientia_et_sapientia
proteomic	dg.4DFC/e041576e-3595-5c8b-b0b3-272bc7cb6205	GC-PROTEOMIC-349224	imperium_in_imperio	Lipidome	saltus_in_demonstrando	scientia_et_labor	Macte_animo_Generose_puer_sic_itur_ad_astra	Orbitrap	saltus_in_demonstrando
proteomic	dg.4DFC/e041576e-3595-5c8b-b0b3-272bc7cb6204	GC-PROTEOMIC-331426	salus_in_arduis	Acetylome	nanos_gigantum_humeris_insidentes	nanos_gigantum_humeris_insidentes	O_Tite_tute_Tati_tibi_tanta_tyranne_tulisti	Orbitrap	Macte_animo_Generose_puer_sic_itur_ad_astra
proteomic	dg.4DFC/e041576e-3595-5c8b-b0b3-272bc7cb6203	GC-PROTEOMIC-596010	scientia_et_sapientia	Glycoproteome	Gallia_est_omnis_divisa_in_partes_tres	O_Tite_tute_Tati_tibi_tanta_tyranne_tulisti	scientia,_aere_perennius	Orbitrap	nascentes_morimur_finisque_ab_origine_pendet
proteomic	dg.4DFC/e041576e-3595-5c8b-b0b3-272bc7cb6202	GC-PROTEOMIC-870293	damnant_quod_non_intellegunt	Proteome	e_causa_ignota	scientiae_et_patriae	sapiens_qui_prospicit	Orbitrap	e_causa_ignota
proteomic	dg.4DFC/e041576e-3595-5c8b-b0b3-272bc7cb6201	GC-PROTEOMIC-478108	a_bene_placito	Glycoproteome	scientia,_aere_perennius	a_bene_placito	nascentes_morimur_finisque_ab_origine_pendet	Orbitrap	scientia_et_labor
