type	file.file_id	proteomic_info_id	aliquot_id	analytical_fractions	instrument_make	proteomic_instrument_model	proteomic_design_description	manufacturer_model_name	crdc_id
proteomic	CDS-FILE-926233	CDS-PROTEOMIC-745470	salus_in_arduis	Glycoproteome	pace_tua	scientia,_aere_perennius	scientiae_et_patriae	Orbitrap	damnant_quod_non_intellegunt
proteomic	CDS-FILE-553522	CDS-PROTEOMIC-582592	e_causa_ignota	Glycoproteome	scientia_et_sapientia	imperium_in_imperio	scientia,_aere_perennius	Orbitrap	salus_in_arduis
proteomic	CDS-FILE-585684	CDS-PROTEOMIC-259455	scientia,_aere_perennius	Lipidome	faber_est_suae_quisque_fortunae	O_Tite_tute_Tati_tibi_tanta_tyranne_tulisti	scientia,_aere_perennius	Orbitrap	nanos_gigantum_humeris_insidentes
proteomic	CDS-FILE-655283	CDS-PROTEOMIC-211561	scientia_imperii_decus_et_tutamen	Phosphoproteome	nascentes_morimur_finisque_ab_origine_pendet	id_quod_plerumque_accidit	Macte_animo_Generose_puer_sic_itur_ad_astra	Orbitrap	Gallia_est_omnis_divisa_in_partes_tres
proteomic	CDS-FILE-556911	CDS-PROTEOMIC-988455	scientia_imperii_decus_et_tutamen	Phosphoproteome	scientiae_et_patriae	pace_tua	Obedientia_civium_urbis_felicitas	Orbitrap	Macte_animo_Generose_puer_sic_itur_ad_astra
proteomic	CDS-FILE-348534	CDS-PROTEOMIC-514965	a_bene_placito	Metabolome	haec_olim_meminisse_iuvabit	nascentes_morimur_finisque_ab_origine_pendet	saltus_in_demonstrando	Orbitrap	Macte_animo_Generose_puer_sic_itur_ad_astra
proteomic	CDS-FILE-310313	CDS-PROTEOMIC-862694	scientia_imperii_decus_et_tutamen	Lipidome	scientia,_aere_perennius	labor_ipse_voluptas	nascentes_morimur_finisque_ab_origine_pendet	Orbitrap	faber_est_suae_quisque_fortunae
proteomic	CDS-FILE-428764	CDS-PROTEOMIC-307983	scientia_et_labor	Phosphoproteome	nanos_gigantum_humeris_insidentes	O_Tite_tute_Tati_tibi_tanta_tyranne_tulisti	id_quod_plerumque_accidit	Orbitrap	nanos_gigantum_humeris_insidentes
proteomic	CDS-FILE-522741	CDS-PROTEOMIC-982713	labor_ipse_voluptas	Lipidome	labor_ipse_voluptas	nascentes_morimur_finisque_ab_origine_pendet	scientia_imperii_decus_et_tutamen	Orbitrap	saltus_in_demonstrando
proteomic	CDS-FILE-503679	CDS-PROTEOMIC-153248	saltus_in_demonstrando	Proteome	labor_ipse_voluptas	cacatum_non_est_pictum	scientia_imperii_decus_et_tutamen	Orbitrap	barba_crescit_caput_nescit
proteomic	CDS-FILE-944135	CDS-PROTEOMIC-272401	Gallia_est_omnis_divisa_in_partes_tres	Phosphoproteome	barba_crescit_caput_nescit	salus_in_arduis	labor_ipse_voluptas	Orbitrap	scientiae_et_patriae
proteomic	CDS-FILE-245204	CDS-PROTEOMIC-159290	nascentes_morimur_finisque_ab_origine_pendet	Acetylome	salus_in_arduis	scientiae_et_patriae	id_quod_plerumque_accidit	Orbitrap	e_causa_ignota
proteomic	CDS-FILE-930969	CDS-PROTEOMIC-889578	faber_est_suae_quisque_fortunae	Proteome	Obedientia_civium_urbis_felicitas	cacatum_non_est_pictum	cacatum_non_est_pictum	Orbitrap	labor_ipse_voluptas
proteomic	CDS-FILE-500675	CDS-PROTEOMIC-820104	id_quod_plerumque_accidit	Phosphoproteome	labor_ipse_voluptas	pace_tua	cacatum_non_est_pictum	Orbitrap	imperium_in_imperio
proteomic	CDS-FILE-315700	CDS-PROTEOMIC-415894	nascentes_morimur_finisque_ab_origine_pendet	Glycoproteome	haec_olim_meminisse_iuvabit	scientia_et_sapientia	a_bene_placito	Orbitrap	salus_in_arduis
proteomic	CDS-FILE-156449	CDS-PROTEOMIC-467678	scientia_et_labor	Lipidome	imperium_in_imperio	faber_est_suae_quisque_fortunae	damnant_quod_non_intellegunt	Orbitrap	Gallia_est_omnis_divisa_in_partes_tres
proteomic	CDS-FILE-263846	CDS-PROTEOMIC-917973	scientia,_aere_perennius	Proteome	pace_tua	e_causa_ignota	scientiae_et_patriae	Orbitrap	salus_in_arduis
proteomic	CDS-FILE-253511	CDS-PROTEOMIC-321408	O_Tite_tute_Tati_tibi_tanta_tyranne_tulisti	Glycoproteome	cacatum_non_est_pictum	saltus_in_demonstrando	damnant_quod_non_intellegunt	Orbitrap	nanos_gigantum_humeris_insidentes
proteomic	CDS-FILE-941614	CDS-PROTEOMIC-544546	scientia_imperii_decus_et_tutamen	Acetylome	scientia_et_labor	scientia,_aere_perennius	nascentes_morimur_finisque_ab_origine_pendet	Orbitrap	scientia_et_sapientia
proteomic	CDS-FILE-928307	CDS-PROTEOMIC-254865	damnant_quod_non_intellegunt	Proteome	scientia_et_labor	labor_ipse_voluptas	faber_est_suae_quisque_fortunae	Orbitrap	Gallia_est_omnis_divisa_in_partes_tres
proteomic	CDS-FILE-709542	CDS-PROTEOMIC-754026	faber_est_suae_quisque_fortunae	Glycoproteome	faber_est_suae_quisque_fortunae	scientia,_aere_perennius	nanos_gigantum_humeris_insidentes	Orbitrap	salus_in_arduis
proteomic	CDS-FILE-120372	CDS-PROTEOMIC-760301	nanos_gigantum_humeris_insidentes	Acetylome	salus_in_arduis	O_Tite_tute_Tati_tibi_tanta_tyranne_tulisti	scientiae_et_patriae	Orbitrap	scientia_et_sapientia
proteomic	CDS-FILE-973548	CDS-PROTEOMIC-239153	Obedientia_civium_urbis_felicitas	Acetylome	scientia_et_sapientia	cacatum_non_est_pictum	sapiens_qui_prospicit	Orbitrap	scientia_et_labor
proteomic	CDS-FILE-749750	CDS-PROTEOMIC-380493	sapiens_qui_prospicit	Ubiquitylome	damnant_quod_non_intellegunt	a_bene_placito	scientia_et_labor	Orbitrap	scientia,_aere_perennius
proteomic	CDS-FILE-340082	CDS-PROTEOMIC-929527	Obedientia_civium_urbis_felicitas	Proteome	salus_in_arduis	saltus_in_demonstrando	damnant_quod_non_intellegunt	Orbitrap	pace_tua
proteomic	CDS-FILE-139309	CDS-PROTEOMIC-558084	Obedientia_civium_urbis_felicitas	Ubiquitylome	scientiae_et_patriae	scientia_et_sapientia	barba_crescit_caput_nescit	Orbitrap	nascentes_morimur_finisque_ab_origine_pendet
proteomic	CDS-FILE-796825	CDS-PROTEOMIC-696649	labor_ipse_voluptas	Metabolome	nanos_gigantum_humeris_insidentes	imperium_in_imperio	O_Tite_tute_Tati_tibi_tanta_tyranne_tulisti	Orbitrap	id_quod_plerumque_accidit
proteomic	CDS-FILE-643030	CDS-PROTEOMIC-501662	a_bene_placito	Ubiquitylome	damnant_quod_non_intellegunt	labor_ipse_voluptas	cacatum_non_est_pictum	Orbitrap	imperium_in_imperio
proteomic	CDS-FILE-751127	CDS-PROTEOMIC-554988	nanos_gigantum_humeris_insidentes	Lipidome	salus_in_arduis	imperium_in_imperio	O_Tite_tute_Tati_tibi_tanta_tyranne_tulisti	Orbitrap	saltus_in_demonstrando
proteomic	CDS-FILE-784726	CDS-PROTEOMIC-696165	nascentes_morimur_finisque_ab_origine_pendet	Lipidome	scientiae_et_patriae	scientiae_et_patriae	saltus_in_demonstrando	Orbitrap	nascentes_morimur_finisque_ab_origine_pendet
proteomic	CDS-FILE-294924	CDS-PROTEOMIC-123528	nascentes_morimur_finisque_ab_origine_pendet	Glycoproteome	a_bene_placito	Obedientia_civium_urbis_felicitas	pace_tua	Orbitrap	scientiae_cedit_mare
proteomic	CDS-FILE-713323	CDS-PROTEOMIC-741522	damnant_quod_non_intellegunt	Acetylome	scientia_et_labor	a_bene_placito	saltus_in_demonstrando	Orbitrap	labor_ipse_voluptas
proteomic	CDS-FILE-748430	CDS-PROTEOMIC-807178	scientiae_et_patriae	Ubiquitylome	saltus_in_demonstrando	haec_olim_meminisse_iuvabit	faber_est_suae_quisque_fortunae	Orbitrap	faber_est_suae_quisque_fortunae
proteomic	CDS-FILE-434397	CDS-PROTEOMIC-562388	scientia_et_labor	Proteome	O_Tite_tute_Tati_tibi_tanta_tyranne_tulisti	faber_est_suae_quisque_fortunae	imperium_in_imperio	Orbitrap	id_quod_plerumque_accidit
proteomic	CDS-FILE-783731	CDS-PROTEOMIC-399084	scientia_et_labor	Glycoproteome	a_bene_placito	labor_ipse_voluptas	barba_crescit_caput_nescit	Orbitrap	barba_crescit_caput_nescit
proteomic	CDS-FILE-156582	CDS-PROTEOMIC-733310	cacatum_non_est_pictum	Phosphoproteome	labor_ipse_voluptas	nascentes_morimur_finisque_ab_origine_pendet	scientia_imperii_decus_et_tutamen	Orbitrap	a_bene_placito
proteomic	CDS-FILE-512353	CDS-PROTEOMIC-334116	scientia_imperii_decus_et_tutamen	Lipidome	scientia_et_sapientia	sapiens_qui_prospicit	Gallia_est_omnis_divisa_in_partes_tres	Orbitrap	scientiae_cedit_mare
proteomic	CDS-FILE-513783	CDS-PROTEOMIC-981304	salus_in_arduis	Glycoproteome	damnant_quod_non_intellegunt	scientiae_et_patriae	haec_olim_meminisse_iuvabit	Orbitrap	barba_crescit_caput_nescit
proteomic	CDS-FILE-951553	CDS-PROTEOMIC-959490	scientia_et_labor	Ubiquitylome	cacatum_non_est_pictum	Obedientia_civium_urbis_felicitas	saltus_in_demonstrando	Orbitrap	imperium_in_imperio
proteomic	CDS-FILE-882627	CDS-PROTEOMIC-416356	barba_crescit_caput_nescit	Phosphoproteome	id_quod_plerumque_accidit	a_bene_placito	nanos_gigantum_humeris_insidentes	Orbitrap	scientiae_et_patriae
proteomic	CDS-FILE-753967	CDS-PROTEOMIC-901506	scientia_et_labor	Lipidome	cacatum_non_est_pictum	nascentes_morimur_finisque_ab_origine_pendet	haec_olim_meminisse_iuvabit	Orbitrap	scientiae_et_patriae
proteomic	CDS-FILE-177810	CDS-PROTEOMIC-446479	id_quod_plerumque_accidit	Phosphoproteome	faber_est_suae_quisque_fortunae	saltus_in_demonstrando	faber_est_suae_quisque_fortunae	Orbitrap	barba_crescit_caput_nescit
proteomic	CDS-FILE-129069	CDS-PROTEOMIC-510625	imperium_in_imperio	Lipidome	faber_est_suae_quisque_fortunae	haec_olim_meminisse_iuvabit	scientia_et_labor	Orbitrap	id_quod_plerumque_accidit
proteomic	CDS-FILE-544728	CDS-PROTEOMIC-380560	damnant_quod_non_intellegunt	Phosphoproteome	labor_ipse_voluptas	O_Tite_tute_Tati_tibi_tanta_tyranne_tulisti	id_quod_plerumque_accidit	Orbitrap	O_Tite_tute_Tati_tibi_tanta_tyranne_tulisti
proteomic	CDS-FILE-617974	CDS-PROTEOMIC-476080	salus_in_arduis	Ubiquitylome	damnant_quod_non_intellegunt	imperium_in_imperio	nascentes_morimur_finisque_ab_origine_pendet	Orbitrap	scientia_et_labor
proteomic	CDS-FILE-683817	CDS-PROTEOMIC-959178	haec_olim_meminisse_iuvabit	Metabolome	faber_est_suae_quisque_fortunae	nanos_gigantum_humeris_insidentes	imperium_in_imperio	Orbitrap	scientia_et_sapientia
proteomic	CDS-FILE-840729	CDS-PROTEOMIC-686237	pace_tua	Proteome	scientia,_aere_perennius	imperium_in_imperio	scientia,_aere_perennius	Orbitrap	cacatum_non_est_pictum
proteomic	CDS-FILE-143896	CDS-PROTEOMIC-627214	scientiae_et_patriae	Metabolome	O_Tite_tute_Tati_tibi_tanta_tyranne_tulisti	faber_est_suae_quisque_fortunae	nascentes_morimur_finisque_ab_origine_pendet	Orbitrap	scientia_et_labor
proteomic	CDS-FILE-588142	CDS-PROTEOMIC-442853	nascentes_morimur_finisque_ab_origine_pendet	Metabolome	scientia_et_labor	labor_ipse_voluptas	barba_crescit_caput_nescit	Orbitrap	id_quod_plerumque_accidit
proteomic	CDS-FILE-720499	CDS-PROTEOMIC-668137	id_quod_plerumque_accidit	Ubiquitylome	cacatum_non_est_pictum	scientiae_cedit_mare	imperium_in_imperio	Orbitrap	pace_tua
proteomic	CDS-FILE-455269	CDS-PROTEOMIC-138817	a_bene_placito	Metabolome	Gallia_est_omnis_divisa_in_partes_tres	a_bene_placito	salus_in_arduis	Orbitrap	Gallia_est_omnis_divisa_in_partes_tres
proteomic	CDS-FILE-424611	CDS-PROTEOMIC-587694	scientiae_et_patriae	Phosphoproteome	nanos_gigantum_humeris_insidentes	Macte_animo_Generose_puer_sic_itur_ad_astra	Gallia_est_omnis_divisa_in_partes_tres	Orbitrap	scientia_imperii_decus_et_tutamen
proteomic	CDS-FILE-634208	CDS-PROTEOMIC-709622	O_Tite_tute_Tati_tibi_tanta_tyranne_tulisti	Proteome	scientia,_aere_perennius	nascentes_morimur_finisque_ab_origine_pendet	salus_in_arduis	Orbitrap	scientia_et_sapientia
proteomic	CDS-FILE-371830	CDS-PROTEOMIC-543021	e_causa_ignota	Metabolome	Gallia_est_omnis_divisa_in_partes_tres	cacatum_non_est_pictum	faber_est_suae_quisque_fortunae	Orbitrap	saltus_in_demonstrando
proteomic	CDS-FILE-737964	CDS-PROTEOMIC-302317	Obedientia_civium_urbis_felicitas	Phosphoproteome	pace_tua	Macte_animo_Generose_puer_sic_itur_ad_astra	scientiae_cedit_mare	Orbitrap	barba_crescit_caput_nescit
proteomic	CDS-FILE-516441	CDS-PROTEOMIC-735385	scientia_et_sapientia	Glycoproteome	scientia_et_sapientia	scientia_et_labor	id_quod_plerumque_accidit	Orbitrap	salus_in_arduis
proteomic	CDS-FILE-629942	CDS-PROTEOMIC-407211	damnant_quod_non_intellegunt	Acetylome	barba_crescit_caput_nescit	nanos_gigantum_humeris_insidentes	haec_olim_meminisse_iuvabit	Orbitrap	id_quod_plerumque_accidit
proteomic	CDS-FILE-563816	CDS-PROTEOMIC-142840	Obedientia_civium_urbis_felicitas	Phosphoproteome	scientia,_aere_perennius	e_causa_ignota	e_causa_ignota	Orbitrap	nanos_gigantum_humeris_insidentes
proteomic	CDS-FILE-451711	CDS-PROTEOMIC-187253	sapiens_qui_prospicit	Metabolome	salus_in_arduis	scientia_imperii_decus_et_tutamen	nascentes_morimur_finisque_ab_origine_pendet	Orbitrap	haec_olim_meminisse_iuvabit
proteomic	CDS-FILE-808919	CDS-PROTEOMIC-458842	pace_tua	Ubiquitylome	scientia_imperii_decus_et_tutamen	id_quod_plerumque_accidit	salus_in_arduis	Orbitrap	scientiae_et_patriae
proteomic	CDS-FILE-892738	CDS-PROTEOMIC-257221	scientia_imperii_decus_et_tutamen	Phosphoproteome	scientia_imperii_decus_et_tutamen	faber_est_suae_quisque_fortunae	pace_tua	Orbitrap	sapiens_qui_prospicit
proteomic	CDS-FILE-105357	CDS-PROTEOMIC-405667	a_bene_placito	Lipidome	Gallia_est_omnis_divisa_in_partes_tres	sapiens_qui_prospicit	scientia,_aere_perennius	Orbitrap	Obedientia_civium_urbis_felicitas
proteomic	CDS-FILE-434500	CDS-PROTEOMIC-122952	imperium_in_imperio	Lipidome	scientia_et_labor	sapiens_qui_prospicit	cacatum_non_est_pictum	Orbitrap	scientiae_et_patriae
proteomic	CDS-FILE-671319	CDS-PROTEOMIC-956790	nanos_gigantum_humeris_insidentes	Phosphoproteome	id_quod_plerumque_accidit	scientiae_cedit_mare	nanos_gigantum_humeris_insidentes	Orbitrap	sapiens_qui_prospicit
proteomic	CDS-FILE-339949	CDS-PROTEOMIC-574679	scientiae_et_patriae	Proteome	Macte_animo_Generose_puer_sic_itur_ad_astra	faber_est_suae_quisque_fortunae	imperium_in_imperio	Orbitrap	scientia,_aere_perennius
proteomic	CDS-FILE-389227	CDS-PROTEOMIC-278791	faber_est_suae_quisque_fortunae	Acetylome	Obedientia_civium_urbis_felicitas	scientiae_cedit_mare	a_bene_placito	Orbitrap	damnant_quod_non_intellegunt
proteomic	CDS-FILE-998736	CDS-PROTEOMIC-804368	scientiae_et_patriae	Ubiquitylome	nanos_gigantum_humeris_insidentes	scientia_et_labor	nascentes_morimur_finisque_ab_origine_pendet	Orbitrap	scientia,_aere_perennius
proteomic	CDS-FILE-502002	CDS-PROTEOMIC-968718	damnant_quod_non_intellegunt	Acetylome	faber_est_suae_quisque_fortunae	O_Tite_tute_Tati_tibi_tanta_tyranne_tulisti	scientiae_cedit_mare	Orbitrap	scientia_imperii_decus_et_tutamen
proteomic	CDS-FILE-713897	CDS-PROTEOMIC-144078	damnant_quod_non_intellegunt	Metabolome	Obedientia_civium_urbis_felicitas	Gallia_est_omnis_divisa_in_partes_tres	nascentes_morimur_finisque_ab_origine_pendet	Orbitrap	salus_in_arduis
proteomic	CDS-FILE-468837	CDS-PROTEOMIC-527340	haec_olim_meminisse_iuvabit	Phosphoproteome	a_bene_placito	damnant_quod_non_intellegunt	scientiae_et_patriae	Orbitrap	barba_crescit_caput_nescit
proteomic	CDS-FILE-401247	CDS-PROTEOMIC-686491	cacatum_non_est_pictum	Glycoproteome	labor_ipse_voluptas	e_causa_ignota	scientia_et_sapientia	Orbitrap	salus_in_arduis
proteomic	CDS-FILE-391840	CDS-PROTEOMIC-205271	imperium_in_imperio	Proteome	scientia_et_sapientia	O_Tite_tute_Tati_tibi_tanta_tyranne_tulisti	Gallia_est_omnis_divisa_in_partes_tres	Orbitrap	haec_olim_meminisse_iuvabit
proteomic	CDS-FILE-302524	CDS-PROTEOMIC-228444	Macte_animo_Generose_puer_sic_itur_ad_astra	Phosphoproteome	scientia,_aere_perennius	O_Tite_tute_Tati_tibi_tanta_tyranne_tulisti	scientia_et_sapientia	Orbitrap	Macte_animo_Generose_puer_sic_itur_ad_astra
proteomic	CDS-FILE-212524	CDS-PROTEOMIC-302185	cacatum_non_est_pictum	Glycoproteome	a_bene_placito	saltus_in_demonstrando	salus_in_arduis	Orbitrap	pace_tua
proteomic	CDS-FILE-677799	CDS-PROTEOMIC-113654	damnant_quod_non_intellegunt	Phosphoproteome	imperium_in_imperio	faber_est_suae_quisque_fortunae	scientia_et_sapientia	Orbitrap	O_Tite_tute_Tati_tibi_tanta_tyranne_tulisti
proteomic	CDS-FILE-259951	CDS-PROTEOMIC-433757	faber_est_suae_quisque_fortunae	Metabolome	scientiae_cedit_mare	damnant_quod_non_intellegunt	barba_crescit_caput_nescit	Orbitrap	haec_olim_meminisse_iuvabit
proteomic	CDS-FILE-823661	CDS-PROTEOMIC-730891	scientiae_et_patriae	Phosphoproteome	scientiae_cedit_mare	scientia_et_sapientia	scientia_imperii_decus_et_tutamen	Orbitrap	sapiens_qui_prospicit
proteomic	CDS-FILE-592081	CDS-PROTEOMIC-556919	labor_ipse_voluptas	Proteome	scientia_et_sapientia	haec_olim_meminisse_iuvabit	pace_tua	Orbitrap	e_causa_ignota
proteomic	CDS-FILE-371896	CDS-PROTEOMIC-920522	e_causa_ignota	Glycoproteome	Gallia_est_omnis_divisa_in_partes_tres	damnant_quod_non_intellegunt	labor_ipse_voluptas	Orbitrap	saltus_in_demonstrando
proteomic	CDS-FILE-996368	CDS-PROTEOMIC-910051	scientia,_aere_perennius	Ubiquitylome	scientiae_et_patriae	scientia_et_sapientia	scientia,_aere_perennius	Orbitrap	salus_in_arduis
proteomic	CDS-FILE-264055	CDS-PROTEOMIC-210875	haec_olim_meminisse_iuvabit	Proteome	salus_in_arduis	nascentes_morimur_finisque_ab_origine_pendet	id_quod_plerumque_accidit	Orbitrap	scientiae_cedit_mare
proteomic	CDS-FILE-660080	CDS-PROTEOMIC-271577	Macte_animo_Generose_puer_sic_itur_ad_astra	Proteome	scientiae_cedit_mare	id_quod_plerumque_accidit	saltus_in_demonstrando	Orbitrap	cacatum_non_est_pictum
proteomic	CDS-FILE-844655	CDS-PROTEOMIC-320616	scientia_imperii_decus_et_tutamen	Proteome	salus_in_arduis	O_Tite_tute_Tati_tibi_tanta_tyranne_tulisti	scientia_et_labor	Orbitrap	Obedientia_civium_urbis_felicitas
proteomic	CDS-FILE-654311	CDS-PROTEOMIC-245238	Obedientia_civium_urbis_felicitas	Proteome	scientia_imperii_decus_et_tutamen	a_bene_placito	e_causa_ignota	Orbitrap	Gallia_est_omnis_divisa_in_partes_tres
proteomic	CDS-FILE-152854	CDS-PROTEOMIC-717570	pace_tua	Glycoproteome	scientia,_aere_perennius	e_causa_ignota	faber_est_suae_quisque_fortunae	Orbitrap	Macte_animo_Generose_puer_sic_itur_ad_astra
proteomic	CDS-FILE-190027	CDS-PROTEOMIC-582124	O_Tite_tute_Tati_tibi_tanta_tyranne_tulisti	Acetylome	faber_est_suae_quisque_fortunae	scientia,_aere_perennius	cacatum_non_est_pictum	Orbitrap	scientia_imperii_decus_et_tutamen
proteomic	CDS-FILE-222422	CDS-PROTEOMIC-328125	Macte_animo_Generose_puer_sic_itur_ad_astra	Phosphoproteome	cacatum_non_est_pictum	saltus_in_demonstrando	a_bene_placito	Orbitrap	nascentes_morimur_finisque_ab_origine_pendet
proteomic	CDS-FILE-545669	CDS-PROTEOMIC-807827	nascentes_morimur_finisque_ab_origine_pendet	Lipidome	pace_tua	scientia,_aere_perennius	Macte_animo_Generose_puer_sic_itur_ad_astra	Orbitrap	nanos_gigantum_humeris_insidentes
proteomic	CDS-FILE-159175	CDS-PROTEOMIC-989017	cacatum_non_est_pictum	Phosphoproteome	scientia_et_labor	barba_crescit_caput_nescit	salus_in_arduis	Orbitrap	Macte_animo_Generose_puer_sic_itur_ad_astra
proteomic	CDS-FILE-489777	CDS-PROTEOMIC-540142	cacatum_non_est_pictum	Proteome	scientia_et_labor	scientia,_aere_perennius	imperium_in_imperio	Orbitrap	scientiae_cedit_mare
proteomic	CDS-FILE-487168	CDS-PROTEOMIC-968110	nascentes_morimur_finisque_ab_origine_pendet	Proteome	barba_crescit_caput_nescit	nanos_gigantum_humeris_insidentes	salus_in_arduis	Orbitrap	Obedientia_civium_urbis_felicitas
proteomic	CDS-FILE-367565	CDS-PROTEOMIC-800615	scientiae_et_patriae	Metabolome	damnant_quod_non_intellegunt	O_Tite_tute_Tati_tibi_tanta_tyranne_tulisti	scientiae_cedit_mare	Orbitrap	faber_est_suae_quisque_fortunae
proteomic	CDS-FILE-766455	CDS-PROTEOMIC-934326	imperium_in_imperio	Phosphoproteome	scientiae_cedit_mare	imperium_in_imperio	scientia_et_sapientia	Orbitrap	cacatum_non_est_pictum
proteomic	CDS-FILE-392533	CDS-PROTEOMIC-936307	Obedientia_civium_urbis_felicitas	Ubiquitylome	scientia_imperii_decus_et_tutamen	scientiae_et_patriae	scientia_et_labor	Orbitrap	scientia,_aere_perennius
proteomic	CDS-FILE-273324	CDS-PROTEOMIC-300697	O_Tite_tute_Tati_tibi_tanta_tyranne_tulisti	Glycoproteome	Gallia_est_omnis_divisa_in_partes_tres	barba_crescit_caput_nescit	pace_tua	Orbitrap	scientiae_et_patriae
proteomic	CDS-FILE-528920	CDS-PROTEOMIC-500604	haec_olim_meminisse_iuvabit	Acetylome	Macte_animo_Generose_puer_sic_itur_ad_astra	scientia_imperii_decus_et_tutamen	Macte_animo_Generose_puer_sic_itur_ad_astra	Orbitrap	sapiens_qui_prospicit
proteomic	CDS-FILE-361811	CDS-PROTEOMIC-975320	O_Tite_tute_Tati_tibi_tanta_tyranne_tulisti	Ubiquitylome	labor_ipse_voluptas	scientiae_et_patriae	cacatum_non_est_pictum	Orbitrap	nascentes_morimur_finisque_ab_origine_pendet
proteomic	CDS-FILE-353409	CDS-PROTEOMIC-346630	scientia_et_sapientia	Metabolome	faber_est_suae_quisque_fortunae	faber_est_suae_quisque_fortunae	scientia_et_sapientia	Orbitrap	O_Tite_tute_Tati_tibi_tanta_tyranne_tulisti
proteomic	CDS-FILE-887682	CDS-PROTEOMIC-570281	e_causa_ignota	Phosphoproteome	scientiae_et_patriae	scientiae_et_patriae	pace_tua	Orbitrap	barba_crescit_caput_nescit
proteomic	CDS-FILE-218567	CDS-PROTEOMIC-646799	salus_in_arduis	Proteome	Gallia_est_omnis_divisa_in_partes_tres	cacatum_non_est_pictum	labor_ipse_voluptas	Orbitrap	saltus_in_demonstrando
proteomic	CDS-FILE-118362	CDS-PROTEOMIC-128874	O_Tite_tute_Tati_tibi_tanta_tyranne_tulisti	Lipidome	scientia,_aere_perennius	Macte_animo_Generose_puer_sic_itur_ad_astra	saltus_in_demonstrando	Orbitrap	scientiae_cedit_mare
proteomic	CDS-FILE-254086	CDS-PROTEOMIC-166788	scientia_et_sapientia	Glycoproteome	faber_est_suae_quisque_fortunae	scientia_et_sapientia	imperium_in_imperio	Orbitrap	salus_in_arduis
proteomic	CDS-FILE-922456	CDS-PROTEOMIC-877793	scientia_imperii_decus_et_tutamen	Metabolome	Obedientia_civium_urbis_felicitas	nascentes_morimur_finisque_ab_origine_pendet	nascentes_morimur_finisque_ab_origine_pendet	Orbitrap	salus_in_arduis
proteomic	CDS-FILE-851993	CDS-PROTEOMIC-929357	id_quod_plerumque_accidit	Ubiquitylome	nanos_gigantum_humeris_insidentes	pace_tua	scientia_et_labor	Orbitrap	saltus_in_demonstrando
proteomic	CDS-FILE-579689	CDS-PROTEOMIC-670824	scientia_et_sapientia	Glycoproteome	id_quod_plerumque_accidit	barba_crescit_caput_nescit	e_causa_ignota	Orbitrap	pace_tua
proteomic	CDS-FILE-926605	CDS-PROTEOMIC-728516	scientiae_cedit_mare	Proteome	scientiae_cedit_mare	scientia,_aere_perennius	a_bene_placito	Orbitrap	cacatum_non_est_pictum
proteomic	CDS-FILE-830215	CDS-PROTEOMIC-202423	haec_olim_meminisse_iuvabit	Acetylome	saltus_in_demonstrando	scientiae_et_patriae	damnant_quod_non_intellegunt	Orbitrap	id_quod_plerumque_accidit
proteomic	CDS-FILE-966083	CDS-PROTEOMIC-565091	salus_in_arduis	Metabolome	faber_est_suae_quisque_fortunae	imperium_in_imperio	damnant_quod_non_intellegunt	Orbitrap	scientia,_aere_perennius
proteomic	CDS-FILE-651732	CDS-PROTEOMIC-608544	a_bene_placito	Phosphoproteome	scientia_imperii_decus_et_tutamen	saltus_in_demonstrando	labor_ipse_voluptas	Orbitrap	faber_est_suae_quisque_fortunae
proteomic	CDS-FILE-941843	CDS-PROTEOMIC-313378	scientiae_et_patriae	Glycoproteome	scientia_et_labor	saltus_in_demonstrando	labor_ipse_voluptas	Orbitrap	a_bene_placito
proteomic	CDS-FILE-144037	CDS-PROTEOMIC-913724	faber_est_suae_quisque_fortunae	Ubiquitylome	scientiae_cedit_mare	pace_tua	scientia_et_sapientia	Orbitrap	scientia,_aere_perennius
proteomic	CDS-FILE-419849	CDS-PROTEOMIC-854188	haec_olim_meminisse_iuvabit	Ubiquitylome	faber_est_suae_quisque_fortunae	faber_est_suae_quisque_fortunae	faber_est_suae_quisque_fortunae	Orbitrap	cacatum_non_est_pictum
proteomic	CDS-FILE-974446	CDS-PROTEOMIC-536560	Gallia_est_omnis_divisa_in_partes_tres	Proteome	O_Tite_tute_Tati_tibi_tanta_tyranne_tulisti	id_quod_plerumque_accidit	labor_ipse_voluptas	Orbitrap	saltus_in_demonstrando
proteomic	CDS-FILE-208638	CDS-PROTEOMIC-201207	id_quod_plerumque_accidit	Lipidome	barba_crescit_caput_nescit	haec_olim_meminisse_iuvabit	scientia_et_sapientia	Orbitrap	scientiae_et_patriae
proteomic	CDS-FILE-180944	CDS-PROTEOMIC-959752	Obedientia_civium_urbis_felicitas	Lipidome	nanos_gigantum_humeris_insidentes	scientia,_aere_perennius	pace_tua	Orbitrap	labor_ipse_voluptas
proteomic	CDS-FILE-751552	CDS-PROTEOMIC-715224	sapiens_qui_prospicit	Lipidome	O_Tite_tute_Tati_tibi_tanta_tyranne_tulisti	pace_tua	Obedientia_civium_urbis_felicitas	Orbitrap	imperium_in_imperio
proteomic	CDS-FILE-855066	CDS-PROTEOMIC-785458	haec_olim_meminisse_iuvabit	Acetylome	damnant_quod_non_intellegunt	nanos_gigantum_humeris_insidentes	imperium_in_imperio	Orbitrap	scientia_et_sapientia
proteomic	CDS-FILE-871111	CDS-PROTEOMIC-574891	Obedientia_civium_urbis_felicitas	Metabolome	scientia,_aere_perennius	scientiae_cedit_mare	cacatum_non_est_pictum	Orbitrap	barba_crescit_caput_nescit
proteomic	CDS-FILE-728270	CDS-PROTEOMIC-269272	sapiens_qui_prospicit	Proteome	nanos_gigantum_humeris_insidentes	Macte_animo_Generose_puer_sic_itur_ad_astra	barba_crescit_caput_nescit	Orbitrap	scientia_et_labor
proteomic	CDS-FILE-831925	CDS-PROTEOMIC-121077	nanos_gigantum_humeris_insidentes	Phosphoproteome	nascentes_morimur_finisque_ab_origine_pendet	labor_ipse_voluptas	O_Tite_tute_Tati_tibi_tanta_tyranne_tulisti	Orbitrap	Gallia_est_omnis_divisa_in_partes_tres
proteomic	CDS-FILE-215259	CDS-PROTEOMIC-971356	scientia,_aere_perennius	Ubiquitylome	labor_ipse_voluptas	imperium_in_imperio	nanos_gigantum_humeris_insidentes	Orbitrap	barba_crescit_caput_nescit
proteomic	CDS-FILE-819170	CDS-PROTEOMIC-644511	scientia,_aere_perennius	Glycoproteome	salus_in_arduis	faber_est_suae_quisque_fortunae	scientia_imperii_decus_et_tutamen	Orbitrap	imperium_in_imperio
proteomic	CDS-FILE-659976	CDS-PROTEOMIC-698096	pace_tua	Phosphoproteome	e_causa_ignota	scientia_et_labor	scientia_et_sapientia	Orbitrap	nascentes_morimur_finisque_ab_origine_pendet
proteomic	CDS-FILE-407093	CDS-PROTEOMIC-163304	faber_est_suae_quisque_fortunae	Proteome	saltus_in_demonstrando	sapiens_qui_prospicit	barba_crescit_caput_nescit	Orbitrap	Macte_animo_Generose_puer_sic_itur_ad_astra
proteomic	CDS-FILE-370262	CDS-PROTEOMIC-887070	scientiae_et_patriae	Phosphoproteome	scientia_imperii_decus_et_tutamen	cacatum_non_est_pictum	scientia,_aere_perennius	Orbitrap	id_quod_plerumque_accidit
proteomic	CDS-FILE-377112	CDS-PROTEOMIC-688135	haec_olim_meminisse_iuvabit	Ubiquitylome	sapiens_qui_prospicit	scientia_et_labor	salus_in_arduis	Orbitrap	damnant_quod_non_intellegunt
proteomic	CDS-FILE-476137	CDS-PROTEOMIC-890842	scientiae_cedit_mare	Phosphoproteome	cacatum_non_est_pictum	Obedientia_civium_urbis_felicitas	Obedientia_civium_urbis_felicitas	Orbitrap	labor_ipse_voluptas
proteomic	CDS-FILE-717276	CDS-PROTEOMIC-513046	scientia_et_labor	Glycoproteome	cacatum_non_est_pictum	scientiae_et_patriae	pace_tua	Orbitrap	faber_est_suae_quisque_fortunae
proteomic	CDS-FILE-509146	CDS-PROTEOMIC-656297	scientia_et_sapientia	Acetylome	saltus_in_demonstrando	scientiae_cedit_mare	haec_olim_meminisse_iuvabit	Orbitrap	Macte_animo_Generose_puer_sic_itur_ad_astra
proteomic	CDS-FILE-453788	CDS-PROTEOMIC-447883	a_bene_placito	Ubiquitylome	scientiae_cedit_mare	Gallia_est_omnis_divisa_in_partes_tres	Macte_animo_Generose_puer_sic_itur_ad_astra	Orbitrap	pace_tua
proteomic	CDS-FILE-357040	CDS-PROTEOMIC-805089	salus_in_arduis	Glycoproteome	barba_crescit_caput_nescit	nanos_gigantum_humeris_insidentes	id_quod_plerumque_accidit	Orbitrap	a_bene_placito
proteomic	CDS-FILE-231889	CDS-PROTEOMIC-389270	damnant_quod_non_intellegunt	Lipidome	scientiae_cedit_mare	Macte_animo_Generose_puer_sic_itur_ad_astra	Gallia_est_omnis_divisa_in_partes_tres	Orbitrap	saltus_in_demonstrando
proteomic	CDS-FILE-877083	CDS-PROTEOMIC-392547	damnant_quod_non_intellegunt	Acetylome	e_causa_ignota	faber_est_suae_quisque_fortunae	scientia_imperii_decus_et_tutamen	Orbitrap	id_quod_plerumque_accidit
proteomic	CDS-FILE-257939	CDS-PROTEOMIC-162805	saltus_in_demonstrando	Lipidome	sapiens_qui_prospicit	damnant_quod_non_intellegunt	nascentes_morimur_finisque_ab_origine_pendet	Orbitrap	scientia_et_sapientia
proteomic	CDS-FILE-728993	CDS-PROTEOMIC-572316	nascentes_morimur_finisque_ab_origine_pendet	Metabolome	id_quod_plerumque_accidit	nascentes_morimur_finisque_ab_origine_pendet	haec_olim_meminisse_iuvabit	Orbitrap	salus_in_arduis
proteomic	CDS-FILE-539560	CDS-PROTEOMIC-510754	scientia,_aere_perennius	Lipidome	scientiae_et_patriae	faber_est_suae_quisque_fortunae	scientiae_cedit_mare	Orbitrap	nanos_gigantum_humeris_insidentes
proteomic	CDS-FILE-708029	CDS-PROTEOMIC-656920	Gallia_est_omnis_divisa_in_partes_tres	Metabolome	scientia,_aere_perennius	cacatum_non_est_pictum	imperium_in_imperio	Orbitrap	salus_in_arduis
proteomic	CDS-FILE-831984	CDS-PROTEOMIC-996661	scientia_imperii_decus_et_tutamen	Acetylome	id_quod_plerumque_accidit	faber_est_suae_quisque_fortunae	cacatum_non_est_pictum	Orbitrap	a_bene_placito
proteomic	CDS-FILE-460002	CDS-PROTEOMIC-215929	scientia_et_sapientia	Proteome	scientiae_et_patriae	id_quod_plerumque_accidit	salus_in_arduis	Orbitrap	Macte_animo_Generose_puer_sic_itur_ad_astra
proteomic	CDS-FILE-849280	CDS-PROTEOMIC-975239	imperium_in_imperio	Proteome	cacatum_non_est_pictum	sapiens_qui_prospicit	O_Tite_tute_Tati_tibi_tanta_tyranne_tulisti	Orbitrap	Macte_animo_Generose_puer_sic_itur_ad_astra
proteomic	CDS-FILE-988509	CDS-PROTEOMIC-348923	e_causa_ignota	Proteome	saltus_in_demonstrando	scientia_et_labor	nanos_gigantum_humeris_insidentes	Orbitrap	scientia,_aere_perennius
proteomic	CDS-FILE-563279	CDS-PROTEOMIC-969060	Macte_animo_Generose_puer_sic_itur_ad_astra	Acetylome	sapiens_qui_prospicit	e_causa_ignota	Obedientia_civium_urbis_felicitas	Orbitrap	scientiae_cedit_mare
proteomic	CDS-FILE-754094	CDS-PROTEOMIC-986535	id_quod_plerumque_accidit	Phosphoproteome	barba_crescit_caput_nescit	Gallia_est_omnis_divisa_in_partes_tres	id_quod_plerumque_accidit	Orbitrap	id_quod_plerumque_accidit
proteomic	CDS-FILE-529876	CDS-PROTEOMIC-577365	O_Tite_tute_Tati_tibi_tanta_tyranne_tulisti	Metabolome	nascentes_morimur_finisque_ab_origine_pendet	sapiens_qui_prospicit	scientiae_cedit_mare	Orbitrap	barba_crescit_caput_nescit
proteomic	CDS-FILE-969035	CDS-PROTEOMIC-396043	nascentes_morimur_finisque_ab_origine_pendet	Glycoproteome	labor_ipse_voluptas	sapiens_qui_prospicit	O_Tite_tute_Tati_tibi_tanta_tyranne_tulisti	Orbitrap	pace_tua
proteomic	CDS-FILE-502352	CDS-PROTEOMIC-772880	scientiae_et_patriae	Lipidome	imperium_in_imperio	e_causa_ignota	Obedientia_civium_urbis_felicitas	Orbitrap	scientiae_cedit_mare
proteomic	CDS-FILE-441364	CDS-PROTEOMIC-554605	scientia_imperii_decus_et_tutamen	Ubiquitylome	Macte_animo_Generose_puer_sic_itur_ad_astra	a_bene_placito	scientiae_et_patriae	Orbitrap	sapiens_qui_prospicit
proteomic	CDS-FILE-361559	CDS-PROTEOMIC-789956	scientia,_aere_perennius	Phosphoproteome	Gallia_est_omnis_divisa_in_partes_tres	e_causa_ignota	id_quod_plerumque_accidit	Orbitrap	e_causa_ignota
proteomic	CDS-FILE-306080	CDS-PROTEOMIC-548409	scientia,_aere_perennius	Proteome	haec_olim_meminisse_iuvabit	e_causa_ignota	labor_ipse_voluptas	Orbitrap	O_Tite_tute_Tati_tibi_tanta_tyranne_tulisti
proteomic	CDS-FILE-575314	CDS-PROTEOMIC-807085	id_quod_plerumque_accidit	Ubiquitylome	haec_olim_meminisse_iuvabit	Gallia_est_omnis_divisa_in_partes_tres	O_Tite_tute_Tati_tibi_tanta_tyranne_tulisti	Orbitrap	faber_est_suae_quisque_fortunae
proteomic	CDS-FILE-328039	CDS-PROTEOMIC-177284	cacatum_non_est_pictum	Phosphoproteome	scientia_et_sapientia	scientiae_cedit_mare	nascentes_morimur_finisque_ab_origine_pendet	Orbitrap	sapiens_qui_prospicit
proteomic	CDS-FILE-719466	CDS-PROTEOMIC-802543	O_Tite_tute_Tati_tibi_tanta_tyranne_tulisti	Lipidome	imperium_in_imperio	scientia_et_labor	scientia_et_labor	Orbitrap	imperium_in_imperio
proteomic	CDS-FILE-112987	CDS-PROTEOMIC-836903	e_causa_ignota	Ubiquitylome	nanos_gigantum_humeris_insidentes	pace_tua	nascentes_morimur_finisque_ab_origine_pendet	Orbitrap	Macte_animo_Generose_puer_sic_itur_ad_astra
proteomic	CDS-FILE-831746	CDS-PROTEOMIC-803541	scientia_imperii_decus_et_tutamen	Proteome	id_quod_plerumque_accidit	haec_olim_meminisse_iuvabit	Obedientia_civium_urbis_felicitas	Orbitrap	id_quod_plerumque_accidit
proteomic	CDS-FILE-607680	CDS-PROTEOMIC-838232	scientia_imperii_decus_et_tutamen	Lipidome	scientia_imperii_decus_et_tutamen	O_Tite_tute_Tati_tibi_tanta_tyranne_tulisti	imperium_in_imperio	Orbitrap	Gallia_est_omnis_divisa_in_partes_tres
proteomic	CDS-FILE-170270	CDS-PROTEOMIC-121026	nanos_gigantum_humeris_insidentes	Phosphoproteome	Gallia_est_omnis_divisa_in_partes_tres	salus_in_arduis	scientia,_aere_perennius	Orbitrap	scientia_imperii_decus_et_tutamen
proteomic	CDS-FILE-903275	CDS-PROTEOMIC-610643	Obedientia_civium_urbis_felicitas	Acetylome	saltus_in_demonstrando	nanos_gigantum_humeris_insidentes	salus_in_arduis	Orbitrap	Gallia_est_omnis_divisa_in_partes_tres
proteomic	CDS-FILE-864799	CDS-PROTEOMIC-464272	scientia,_aere_perennius	Proteome	imperium_in_imperio	faber_est_suae_quisque_fortunae	Macte_animo_Generose_puer_sic_itur_ad_astra	Orbitrap	damnant_quod_non_intellegunt
proteomic	CDS-FILE-630220	CDS-PROTEOMIC-566767	a_bene_placito	Acetylome	barba_crescit_caput_nescit	scientia,_aere_perennius	sapiens_qui_prospicit	Orbitrap	pace_tua
proteomic	CDS-FILE-345490	CDS-PROTEOMIC-426037	scientiae_et_patriae	Lipidome	nanos_gigantum_humeris_insidentes	Obedientia_civium_urbis_felicitas	damnant_quod_non_intellegunt	Orbitrap	faber_est_suae_quisque_fortunae
proteomic	CDS-FILE-551904	CDS-PROTEOMIC-246600	sapiens_qui_prospicit	Lipidome	nascentes_morimur_finisque_ab_origine_pendet	e_causa_ignota	barba_crescit_caput_nescit	Orbitrap	haec_olim_meminisse_iuvabit
proteomic	CDS-FILE-805906	CDS-PROTEOMIC-814356	Obedientia_civium_urbis_felicitas	Glycoproteome	saltus_in_demonstrando	a_bene_placito	scientia_imperii_decus_et_tutamen	Orbitrap	haec_olim_meminisse_iuvabit
proteomic	CDS-FILE-661788	CDS-PROTEOMIC-173208	cacatum_non_est_pictum	Proteome	O_Tite_tute_Tati_tibi_tanta_tyranne_tulisti	barba_crescit_caput_nescit	labor_ipse_voluptas	Orbitrap	id_quod_plerumque_accidit
proteomic	CDS-FILE-624581	CDS-PROTEOMIC-388826	damnant_quod_non_intellegunt	Lipidome	scientiae_cedit_mare	faber_est_suae_quisque_fortunae	Gallia_est_omnis_divisa_in_partes_tres	Orbitrap	Gallia_est_omnis_divisa_in_partes_tres
proteomic	CDS-FILE-735990	CDS-PROTEOMIC-435158	scientia_et_labor	Proteome	id_quod_plerumque_accidit	id_quod_plerumque_accidit	sapiens_qui_prospicit	Orbitrap	id_quod_plerumque_accidit
proteomic	CDS-FILE-392051	CDS-PROTEOMIC-648512	Macte_animo_Generose_puer_sic_itur_ad_astra	Proteome	barba_crescit_caput_nescit	scientiae_et_patriae	scientiae_cedit_mare	Orbitrap	nanos_gigantum_humeris_insidentes
proteomic	CDS-FILE-806726	CDS-PROTEOMIC-361971	salus_in_arduis	Acetylome	faber_est_suae_quisque_fortunae	scientiae_et_patriae	e_causa_ignota	Orbitrap	scientia_imperii_decus_et_tutamen
proteomic	CDS-FILE-152501	CDS-PROTEOMIC-842970	cacatum_non_est_pictum	Ubiquitylome	cacatum_non_est_pictum	haec_olim_meminisse_iuvabit	nascentes_morimur_finisque_ab_origine_pendet	Orbitrap	Gallia_est_omnis_divisa_in_partes_tres
proteomic	CDS-FILE-427986	CDS-PROTEOMIC-463098	Macte_animo_Generose_puer_sic_itur_ad_astra	Acetylome	cacatum_non_est_pictum	id_quod_plerumque_accidit	a_bene_placito	Orbitrap	scientia_et_sapientia
proteomic	CDS-FILE-224768	CDS-PROTEOMIC-675693	nanos_gigantum_humeris_insidentes	Metabolome	scientia_et_labor	scientiae_et_patriae	a_bene_placito	Orbitrap	haec_olim_meminisse_iuvabit
proteomic	CDS-FILE-399809	CDS-PROTEOMIC-581917	cacatum_non_est_pictum	Acetylome	saltus_in_demonstrando	O_Tite_tute_Tati_tibi_tanta_tyranne_tulisti	damnant_quod_non_intellegunt	Orbitrap	a_bene_placito
proteomic	CDS-FILE-501966	CDS-PROTEOMIC-185790	scientia_et_labor	Acetylome	sapiens_qui_prospicit	haec_olim_meminisse_iuvabit	scientia_et_labor	Orbitrap	a_bene_placito
proteomic	CDS-FILE-760324	CDS-PROTEOMIC-594575	id_quod_plerumque_accidit	Proteome	pace_tua	scientia_imperii_decus_et_tutamen	a_bene_placito	Orbitrap	Macte_animo_Generose_puer_sic_itur_ad_astra
proteomic	CDS-FILE-276462	CDS-PROTEOMIC-323740	e_causa_ignota	Acetylome	Obedientia_civium_urbis_felicitas	cacatum_non_est_pictum	O_Tite_tute_Tati_tibi_tanta_tyranne_tulisti	Orbitrap	saltus_in_demonstrando
proteomic	CDS-FILE-937283	CDS-PROTEOMIC-723262	cacatum_non_est_pictum	Lipidome	id_quod_plerumque_accidit	saltus_in_demonstrando	pace_tua	Orbitrap	salus_in_arduis
proteomic	CDS-FILE-136416	CDS-PROTEOMIC-798222	pace_tua	Ubiquitylome	scientia_et_sapientia	haec_olim_meminisse_iuvabit	scientiae_et_patriae	Orbitrap	pace_tua
proteomic	CDS-FILE-665247	CDS-PROTEOMIC-704023	salus_in_arduis	Acetylome	barba_crescit_caput_nescit	labor_ipse_voluptas	e_causa_ignota	Orbitrap	sapiens_qui_prospicit
proteomic	CDS-FILE-900668	CDS-PROTEOMIC-763869	scientia,_aere_perennius	Phosphoproteome	scientia_imperii_decus_et_tutamen	faber_est_suae_quisque_fortunae	Gallia_est_omnis_divisa_in_partes_tres	Orbitrap	Obedientia_civium_urbis_felicitas
proteomic	CDS-FILE-131078	CDS-PROTEOMIC-655234	scientiae_et_patriae	Phosphoproteome	haec_olim_meminisse_iuvabit	pace_tua	labor_ipse_voluptas	Orbitrap	e_causa_ignota
proteomic	CDS-FILE-560293	CDS-PROTEOMIC-715800	Gallia_est_omnis_divisa_in_partes_tres	Glycoproteome	pace_tua	e_causa_ignota	haec_olim_meminisse_iuvabit	Orbitrap	scientia_imperii_decus_et_tutamen
proteomic	CDS-FILE-249181	CDS-PROTEOMIC-980995	labor_ipse_voluptas	Metabolome	cacatum_non_est_pictum	id_quod_plerumque_accidit	scientia_imperii_decus_et_tutamen	Orbitrap	saltus_in_demonstrando
proteomic	CDS-FILE-656001	CDS-PROTEOMIC-226592	salus_in_arduis	Metabolome	haec_olim_meminisse_iuvabit	e_causa_ignota	nanos_gigantum_humeris_insidentes	Orbitrap	Macte_animo_Generose_puer_sic_itur_ad_astra
proteomic	CDS-FILE-603552	CDS-PROTEOMIC-927290	cacatum_non_est_pictum	Acetylome	nascentes_morimur_finisque_ab_origine_pendet	nascentes_morimur_finisque_ab_origine_pendet	nanos_gigantum_humeris_insidentes	Orbitrap	Macte_animo_Generose_puer_sic_itur_ad_astra
proteomic	CDS-FILE-454539	CDS-PROTEOMIC-176271	a_bene_placito	Ubiquitylome	barba_crescit_caput_nescit	haec_olim_meminisse_iuvabit	scientia_imperii_decus_et_tutamen	Orbitrap	salus_in_arduis
proteomic	CDS-FILE-211509	CDS-PROTEOMIC-264269	Obedientia_civium_urbis_felicitas	Glycoproteome	Macte_animo_Generose_puer_sic_itur_ad_astra	scientia_et_labor	scientiae_et_patriae	Orbitrap	barba_crescit_caput_nescit
proteomic	CDS-FILE-776820	CDS-PROTEOMIC-309802	scientiae_cedit_mare	Proteome	pace_tua	scientiae_et_patriae	faber_est_suae_quisque_fortunae	Orbitrap	O_Tite_tute_Tati_tibi_tanta_tyranne_tulisti
proteomic	CDS-FILE-526739	CDS-PROTEOMIC-407171	nanos_gigantum_humeris_insidentes	Ubiquitylome	Obedientia_civium_urbis_felicitas	salus_in_arduis	Macte_animo_Generose_puer_sic_itur_ad_astra	Orbitrap	barba_crescit_caput_nescit
proteomic	CDS-FILE-850829	CDS-PROTEOMIC-344092	O_Tite_tute_Tati_tibi_tanta_tyranne_tulisti	Proteome	imperium_in_imperio	haec_olim_meminisse_iuvabit	Macte_animo_Generose_puer_sic_itur_ad_astra	Orbitrap	cacatum_non_est_pictum
proteomic	CDS-FILE-248919	CDS-PROTEOMIC-296771	pace_tua	Glycoproteome	haec_olim_meminisse_iuvabit	barba_crescit_caput_nescit	haec_olim_meminisse_iuvabit	Orbitrap	haec_olim_meminisse_iuvabit
proteomic	CDS-FILE-126987	CDS-PROTEOMIC-799868	scientiae_cedit_mare	Ubiquitylome	pace_tua	nanos_gigantum_humeris_insidentes	pace_tua	Orbitrap	scientiae_et_patriae
proteomic	CDS-FILE-120921	CDS-PROTEOMIC-241165	a_bene_placito	Proteome	labor_ipse_voluptas	O_Tite_tute_Tati_tibi_tanta_tyranne_tulisti	id_quod_plerumque_accidit	Orbitrap	Gallia_est_omnis_divisa_in_partes_tres
proteomic	CDS-FILE-290873	CDS-PROTEOMIC-955487	Gallia_est_omnis_divisa_in_partes_tres	Acetylome	barba_crescit_caput_nescit	a_bene_placito	sapiens_qui_prospicit	Orbitrap	pace_tua
proteomic	CDS-FILE-741400	CDS-PROTEOMIC-747678	scientia_imperii_decus_et_tutamen	Acetylome	labor_ipse_voluptas	labor_ipse_voluptas	id_quod_plerumque_accidit	Orbitrap	cacatum_non_est_pictum
proteomic	CDS-FILE-377699	CDS-PROTEOMIC-409842	damnant_quod_non_intellegunt	Glycoproteome	scientia_et_labor	haec_olim_meminisse_iuvabit	scientia_et_labor	Orbitrap	scientia_et_labor
proteomic	CDS-FILE-622023	CDS-PROTEOMIC-726008	damnant_quod_non_intellegunt	Ubiquitylome	O_Tite_tute_Tati_tibi_tanta_tyranne_tulisti	faber_est_suae_quisque_fortunae	saltus_in_demonstrando	Orbitrap	a_bene_placito
proteomic	CDS-FILE-175076	CDS-PROTEOMIC-279365	salus_in_arduis	Lipidome	imperium_in_imperio	salus_in_arduis	scientia_et_labor	Orbitrap	O_Tite_tute_Tati_tibi_tanta_tyranne_tulisti
proteomic	CDS-FILE-581177	CDS-PROTEOMIC-417272	salus_in_arduis	Phosphoproteome	Obedientia_civium_urbis_felicitas	scientia_imperii_decus_et_tutamen	scientia_imperii_decus_et_tutamen	Orbitrap	scientia_et_labor
proteomic	CDS-FILE-361284	CDS-PROTEOMIC-304463	cacatum_non_est_pictum	Metabolome	scientia_et_labor	faber_est_suae_quisque_fortunae	labor_ipse_voluptas	Orbitrap	scientia_et_sapientia
proteomic	CDS-FILE-267831	CDS-PROTEOMIC-470980	e_causa_ignota	Phosphoproteome	scientia_imperii_decus_et_tutamen	scientia,_aere_perennius	a_bene_placito	Orbitrap	damnant_quod_non_intellegunt
proteomic	CDS-FILE-788099	CDS-PROTEOMIC-662764	scientia,_aere_perennius	Glycoproteome	saltus_in_demonstrando	pace_tua	salus_in_arduis	Orbitrap	faber_est_suae_quisque_fortunae
