type	file.file_id	proteomic_info_id	aliquot_id	analytical_fractions	instrument_make	proteomic_instrument_model	proteomic_design_description	manufacturer_model_name
proteomic	CDS-FILE-389464	CDS-PROTEOMIC-263840	labor_ipse_voluptas	Phosphoproteome	scientia,_aere_perennius	Obedientia_civium_urbis_felicitas	scientiae_cedit_mare	Orbitrap
proteomic	CDS-FILE-774720	CDS-PROTEOMIC-553677	pace_tua	Metabolome	scientia_et_labor	scientiae_et_patriae	pace_tua	Orbitrap
proteomic	CDS-FILE-990444	CDS-PROTEOMIC-736713	Obedientia_civium_urbis_felicitas	Acetylome	labor_ipse_voluptas	labor_ipse_voluptas	scientiae_cedit_mare	Orbitrap
proteomic	CDS-FILE-915102	CDS-PROTEOMIC-227854	Macte_animo_Generose_puer_sic_itur_ad_astra	Acetylome	scientiae_cedit_mare	scientiae_cedit_mare	faber_est_suae_quisque_fortunae	Orbitrap
proteomic	CDS-FILE-477968	CDS-PROTEOMIC-984283	labor_ipse_voluptas	Acetylome	barba_crescit_caput_nescit	scientiae_cedit_mare	sapiens_qui_prospicit	Orbitrap
proteomic	CDS-FILE-266402	CDS-PROTEOMIC-685901	a_bene_placito	Proteome	Obedientia_civium_urbis_felicitas	scientia_et_sapientia	id_quod_plerumque_accidit	Orbitrap
proteomic	CDS-FILE-704455	CDS-PROTEOMIC-281145	Macte_animo_Generose_puer_sic_itur_ad_astra	Proteome	saltus_in_demonstrando	O_Tite_tute_Tati_tibi_tanta_tyranne_tulisti	salus_in_arduis	Orbitrap
proteomic	CDS-FILE-242287	CDS-PROTEOMIC-634146	pace_tua	Proteome	id_quod_plerumque_accidit	a_bene_placito	nanos_gigantum_humeris_insidentes	Orbitrap
proteomic	CDS-FILE-506595	CDS-PROTEOMIC-824945	labor_ipse_voluptas	Metabolome	nascentes_morimur_finisque_ab_origine_pendet	pace_tua	sapiens_qui_prospicit	Orbitrap
proteomic	CDS-FILE-788367	CDS-PROTEOMIC-803136	saltus_in_demonstrando	Metabolome	Obedientia_civium_urbis_felicitas	saltus_in_demonstrando	Macte_animo_Generose_puer_sic_itur_ad_astra	Orbitrap
proteomic	CDS-FILE-197302	CDS-PROTEOMIC-694475	barba_crescit_caput_nescit	Metabolome	nascentes_morimur_finisque_ab_origine_pendet	cacatum_non_est_pictum	id_quod_plerumque_accidit	Orbitrap
proteomic	CDS-FILE-421087	CDS-PROTEOMIC-970767	scientia_imperii_decus_et_tutamen	Proteome	cacatum_non_est_pictum	Obedientia_civium_urbis_felicitas	nanos_gigantum_humeris_insidentes	Orbitrap
proteomic	CDS-FILE-308843	CDS-PROTEOMIC-261157	scientiae_et_patriae	Lipidome	id_quod_plerumque_accidit	Obedientia_civium_urbis_felicitas	O_Tite_tute_Tati_tibi_tanta_tyranne_tulisti	Orbitrap
proteomic	CDS-FILE-889930	CDS-PROTEOMIC-497464	salus_in_arduis	Lipidome	Macte_animo_Generose_puer_sic_itur_ad_astra	labor_ipse_voluptas	barba_crescit_caput_nescit	Orbitrap
proteomic	CDS-FILE-784453	CDS-PROTEOMIC-419123	scientiae_et_patriae	Lipidome	salus_in_arduis	nascentes_morimur_finisque_ab_origine_pendet	damnant_quod_non_intellegunt	Orbitrap
proteomic	CDS-FILE-289599	CDS-PROTEOMIC-994145	Obedientia_civium_urbis_felicitas	Acetylome	haec_olim_meminisse_iuvabit	scientia_imperii_decus_et_tutamen	pace_tua	Orbitrap
proteomic	CDS-FILE-917133	CDS-PROTEOMIC-959907	a_bene_placito	Glycoproteome	scientiae_cedit_mare	id_quod_plerumque_accidit	scientia_et_labor	Orbitrap
proteomic	CDS-FILE-117042	CDS-PROTEOMIC-906232	scientiae_et_patriae	Metabolome	pace_tua	Obedientia_civium_urbis_felicitas	Obedientia_civium_urbis_felicitas	Orbitrap
proteomic	CDS-FILE-344827	CDS-PROTEOMIC-910010	id_quod_plerumque_accidit	Glycoproteome	scientiae_cedit_mare	saltus_in_demonstrando	scientiae_cedit_mare	Orbitrap
proteomic	CDS-FILE-752058	CDS-PROTEOMIC-178940	haec_olim_meminisse_iuvabit	Proteome	nanos_gigantum_humeris_insidentes	scientiae_cedit_mare	haec_olim_meminisse_iuvabit	Orbitrap
proteomic	CDS-FILE-115277	CDS-PROTEOMIC-778887	faber_est_suae_quisque_fortunae	Glycoproteome	haec_olim_meminisse_iuvabit	a_bene_placito	e_causa_ignota	Orbitrap
proteomic	CDS-FILE-500985	CDS-PROTEOMIC-738121	Obedientia_civium_urbis_felicitas	Lipidome	pace_tua	labor_ipse_voluptas	labor_ipse_voluptas	Orbitrap
proteomic	CDS-FILE-302598	CDS-PROTEOMIC-479237	cacatum_non_est_pictum	Lipidome	Obedientia_civium_urbis_felicitas	O_Tite_tute_Tati_tibi_tanta_tyranne_tulisti	id_quod_plerumque_accidit	Orbitrap
proteomic	CDS-FILE-752312	CDS-PROTEOMIC-937910	labor_ipse_voluptas	Ubiquitylome	scientia,_aere_perennius	damnant_quod_non_intellegunt	saltus_in_demonstrando	Orbitrap
proteomic	CDS-FILE-786132	CDS-PROTEOMIC-990347	a_bene_placito	Metabolome	damnant_quod_non_intellegunt	e_causa_ignota	sapiens_qui_prospicit	Orbitrap
proteomic	CDS-FILE-619653	CDS-PROTEOMIC-565067	id_quod_plerumque_accidit	Proteome	scientia_et_labor	id_quod_plerumque_accidit	nascentes_morimur_finisque_ab_origine_pendet	Orbitrap
proteomic	CDS-FILE-806873	CDS-PROTEOMIC-960880	O_Tite_tute_Tati_tibi_tanta_tyranne_tulisti	Lipidome	Macte_animo_Generose_puer_sic_itur_ad_astra	scientia_et_labor	pace_tua	Orbitrap
proteomic	CDS-FILE-645938	CDS-PROTEOMIC-255737	pace_tua	Phosphoproteome	nanos_gigantum_humeris_insidentes	cacatum_non_est_pictum	damnant_quod_non_intellegunt	Orbitrap
proteomic	CDS-FILE-571741	CDS-PROTEOMIC-543742	imperium_in_imperio	Proteome	nascentes_morimur_finisque_ab_origine_pendet	scientiae_cedit_mare	id_quod_plerumque_accidit	Orbitrap
proteomic	CDS-FILE-555349	CDS-PROTEOMIC-709205	imperium_in_imperio	Metabolome	faber_est_suae_quisque_fortunae	scientia,_aere_perennius	scientiae_cedit_mare	Orbitrap
proteomic	CDS-FILE-870242	CDS-PROTEOMIC-317712	scientiae_cedit_mare	Phosphoproteome	saltus_in_demonstrando	O_Tite_tute_Tati_tibi_tanta_tyranne_tulisti	scientia_et_labor	Orbitrap
proteomic	CDS-FILE-795112	CDS-PROTEOMIC-147857	scientia_imperii_decus_et_tutamen	Acetylome	cacatum_non_est_pictum	scientiae_cedit_mare	barba_crescit_caput_nescit	Orbitrap
proteomic	CDS-FILE-967691	CDS-PROTEOMIC-288209	damnant_quod_non_intellegunt	Glycoproteome	imperium_in_imperio	scientiae_et_patriae	e_causa_ignota	Orbitrap
proteomic	CDS-FILE-474742	CDS-PROTEOMIC-961276	Obedientia_civium_urbis_felicitas	Proteome	labor_ipse_voluptas	sapiens_qui_prospicit	scientiae_cedit_mare	Orbitrap
proteomic	CDS-FILE-778235	CDS-PROTEOMIC-630403	Macte_animo_Generose_puer_sic_itur_ad_astra	Acetylome	faber_est_suae_quisque_fortunae	nanos_gigantum_humeris_insidentes	Obedientia_civium_urbis_felicitas	Orbitrap
proteomic	CDS-FILE-550365	CDS-PROTEOMIC-671353	scientia,_aere_perennius	Metabolome	faber_est_suae_quisque_fortunae	nanos_gigantum_humeris_insidentes	scientia_et_sapientia	Orbitrap
proteomic	CDS-FILE-816111	CDS-PROTEOMIC-293987	nanos_gigantum_humeris_insidentes	Lipidome	O_Tite_tute_Tati_tibi_tanta_tyranne_tulisti	O_Tite_tute_Tati_tibi_tanta_tyranne_tulisti	e_causa_ignota	Orbitrap
proteomic	CDS-FILE-483632	CDS-PROTEOMIC-930846	Gallia_est_omnis_divisa_in_partes_tres	Ubiquitylome	scientiae_et_patriae	damnant_quod_non_intellegunt	sapiens_qui_prospicit	Orbitrap
proteomic	CDS-FILE-881032	CDS-PROTEOMIC-585059	O_Tite_tute_Tati_tibi_tanta_tyranne_tulisti	Lipidome	haec_olim_meminisse_iuvabit	saltus_in_demonstrando	Macte_animo_Generose_puer_sic_itur_ad_astra	Orbitrap
proteomic	CDS-FILE-433245	CDS-PROTEOMIC-342743	sapiens_qui_prospicit	Ubiquitylome	cacatum_non_est_pictum	cacatum_non_est_pictum	Obedientia_civium_urbis_felicitas	Orbitrap
proteomic	CDS-FILE-545941	CDS-PROTEOMIC-371665	scientia_imperii_decus_et_tutamen	Glycoproteome	scientia_et_sapientia	id_quod_plerumque_accidit	id_quod_plerumque_accidit	Orbitrap
proteomic	CDS-FILE-113983	CDS-PROTEOMIC-875691	a_bene_placito	Glycoproteome	imperium_in_imperio	faber_est_suae_quisque_fortunae	damnant_quod_non_intellegunt	Orbitrap
proteomic	CDS-FILE-449856	CDS-PROTEOMIC-876062	scientiae_et_patriae	Lipidome	faber_est_suae_quisque_fortunae	Gallia_est_omnis_divisa_in_partes_tres	salus_in_arduis	Orbitrap
proteomic	CDS-FILE-983984	CDS-PROTEOMIC-357718	scientiae_cedit_mare	Acetylome	haec_olim_meminisse_iuvabit	O_Tite_tute_Tati_tibi_tanta_tyranne_tulisti	e_causa_ignota	Orbitrap
proteomic	CDS-FILE-791431	CDS-PROTEOMIC-611596	cacatum_non_est_pictum	Proteome	nascentes_morimur_finisque_ab_origine_pendet	damnant_quod_non_intellegunt	salus_in_arduis	Orbitrap
proteomic	CDS-FILE-698526	CDS-PROTEOMIC-286212	salus_in_arduis	Proteome	salus_in_arduis	faber_est_suae_quisque_fortunae	scientia,_aere_perennius	Orbitrap
proteomic	CDS-FILE-865087	CDS-PROTEOMIC-224422	O_Tite_tute_Tati_tibi_tanta_tyranne_tulisti	Phosphoproteome	nanos_gigantum_humeris_insidentes	barba_crescit_caput_nescit	scientia,_aere_perennius	Orbitrap
proteomic	CDS-FILE-445726	CDS-PROTEOMIC-570626	a_bene_placito	Acetylome	scientia_et_labor	haec_olim_meminisse_iuvabit	O_Tite_tute_Tati_tibi_tanta_tyranne_tulisti	Orbitrap
proteomic	CDS-FILE-589474	CDS-PROTEOMIC-787146	scientiae_et_patriae	Metabolome	damnant_quod_non_intellegunt	scientia,_aere_perennius	sapiens_qui_prospicit	Orbitrap
proteomic	CDS-FILE-130201	CDS-PROTEOMIC-302277	sapiens_qui_prospicit	Ubiquitylome	scientia_et_sapientia	scientia,_aere_perennius	id_quod_plerumque_accidit	Orbitrap
proteomic	CDS-FILE-385607	CDS-PROTEOMIC-193379	scientia_et_sapientia	Metabolome	scientiae_et_patriae	nanos_gigantum_humeris_insidentes	labor_ipse_voluptas	Orbitrap
proteomic	CDS-FILE-210212	CDS-PROTEOMIC-467367	scientiae_et_patriae	Acetylome	imperium_in_imperio	O_Tite_tute_Tati_tibi_tanta_tyranne_tulisti	pace_tua	Orbitrap
proteomic	CDS-FILE-107758	CDS-PROTEOMIC-195120	faber_est_suae_quisque_fortunae	Metabolome	salus_in_arduis	scientia_et_sapientia	id_quod_plerumque_accidit	Orbitrap
proteomic	CDS-FILE-940747	CDS-PROTEOMIC-647969	cacatum_non_est_pictum	Proteome	imperium_in_imperio	faber_est_suae_quisque_fortunae	scientiae_cedit_mare	Orbitrap
proteomic	CDS-FILE-111437	CDS-PROTEOMIC-978191	nascentes_morimur_finisque_ab_origine_pendet	Lipidome	salus_in_arduis	scientia,_aere_perennius	haec_olim_meminisse_iuvabit	Orbitrap
proteomic	CDS-FILE-400288	CDS-PROTEOMIC-149981	sapiens_qui_prospicit	Glycoproteome	a_bene_placito	barba_crescit_caput_nescit	labor_ipse_voluptas	Orbitrap
proteomic	CDS-FILE-579701	CDS-PROTEOMIC-866459	id_quod_plerumque_accidit	Glycoproteome	sapiens_qui_prospicit	nanos_gigantum_humeris_insidentes	saltus_in_demonstrando	Orbitrap
proteomic	CDS-FILE-947313	CDS-PROTEOMIC-318247	cacatum_non_est_pictum	Glycoproteome	Obedientia_civium_urbis_felicitas	imperium_in_imperio	faber_est_suae_quisque_fortunae	Orbitrap
proteomic	CDS-FILE-570430	CDS-PROTEOMIC-820427	salus_in_arduis	Phosphoproteome	scientia_et_sapientia	damnant_quod_non_intellegunt	faber_est_suae_quisque_fortunae	Orbitrap
proteomic	CDS-FILE-696265	CDS-PROTEOMIC-682554	pace_tua	Glycoproteome	nanos_gigantum_humeris_insidentes	scientia,_aere_perennius	O_Tite_tute_Tati_tibi_tanta_tyranne_tulisti	Orbitrap
proteomic	CDS-FILE-834567	CDS-PROTEOMIC-481927	salus_in_arduis	Proteome	salus_in_arduis	imperium_in_imperio	haec_olim_meminisse_iuvabit	Orbitrap
proteomic	CDS-FILE-464484	CDS-PROTEOMIC-994620	damnant_quod_non_intellegunt	Metabolome	scientia_et_labor	scientia_et_sapientia	scientiae_cedit_mare	Orbitrap
proteomic	CDS-FILE-417166	CDS-PROTEOMIC-147295	faber_est_suae_quisque_fortunae	Phosphoproteome	scientiae_et_patriae	scientia_et_sapientia	nascentes_morimur_finisque_ab_origine_pendet	Orbitrap
proteomic	CDS-FILE-839115	CDS-PROTEOMIC-234306	saltus_in_demonstrando	Ubiquitylome	scientia_et_sapientia	labor_ipse_voluptas	Gallia_est_omnis_divisa_in_partes_tres	Orbitrap
proteomic	CDS-FILE-843590	CDS-PROTEOMIC-613469	scientia_et_sapientia	Phosphoproteome	scientia_et_labor	O_Tite_tute_Tati_tibi_tanta_tyranne_tulisti	faber_est_suae_quisque_fortunae	Orbitrap
proteomic	CDS-FILE-680368	CDS-PROTEOMIC-772940	haec_olim_meminisse_iuvabit	Ubiquitylome	Obedientia_civium_urbis_felicitas	pace_tua	Obedientia_civium_urbis_felicitas	Orbitrap
proteomic	CDS-FILE-684575	CDS-PROTEOMIC-332299	labor_ipse_voluptas	Phosphoproteome	salus_in_arduis	Obedientia_civium_urbis_felicitas	Macte_animo_Generose_puer_sic_itur_ad_astra	Orbitrap
proteomic	CDS-FILE-927888	CDS-PROTEOMIC-501872	haec_olim_meminisse_iuvabit	Glycoproteome	saltus_in_demonstrando	haec_olim_meminisse_iuvabit	sapiens_qui_prospicit	Orbitrap
proteomic	CDS-FILE-961224	CDS-PROTEOMIC-400402	sapiens_qui_prospicit	Ubiquitylome	Gallia_est_omnis_divisa_in_partes_tres	saltus_in_demonstrando	nascentes_morimur_finisque_ab_origine_pendet	Orbitrap
proteomic	CDS-FILE-863836	CDS-PROTEOMIC-988776	scientiae_cedit_mare	Lipidome	scientiae_et_patriae	scientia_et_labor	salus_in_arduis	Orbitrap
proteomic	CDS-FILE-852692	CDS-PROTEOMIC-357210	nascentes_morimur_finisque_ab_origine_pendet	Lipidome	Gallia_est_omnis_divisa_in_partes_tres	scientia,_aere_perennius	salus_in_arduis	Orbitrap
proteomic	CDS-FILE-911070	CDS-PROTEOMIC-838904	Gallia_est_omnis_divisa_in_partes_tres	Glycoproteome	id_quod_plerumque_accidit	Gallia_est_omnis_divisa_in_partes_tres	scientia,_aere_perennius	Orbitrap
proteomic	CDS-FILE-436233	CDS-PROTEOMIC-819099	scientiae_cedit_mare	Glycoproteome	scientiae_cedit_mare	damnant_quod_non_intellegunt	salus_in_arduis	Orbitrap
proteomic	CDS-FILE-831405	CDS-PROTEOMIC-634916	salus_in_arduis	Acetylome	saltus_in_demonstrando	Gallia_est_omnis_divisa_in_partes_tres	nascentes_morimur_finisque_ab_origine_pendet	Orbitrap
proteomic	CDS-FILE-954234	CDS-PROTEOMIC-805460	Macte_animo_Generose_puer_sic_itur_ad_astra	Proteome	faber_est_suae_quisque_fortunae	haec_olim_meminisse_iuvabit	salus_in_arduis	Orbitrap
proteomic	CDS-FILE-324907	CDS-PROTEOMIC-152873	barba_crescit_caput_nescit	Metabolome	pace_tua	Macte_animo_Generose_puer_sic_itur_ad_astra	a_bene_placito	Orbitrap
proteomic	CDS-FILE-406966	CDS-PROTEOMIC-424825	O_Tite_tute_Tati_tibi_tanta_tyranne_tulisti	Acetylome	scientiae_et_patriae	damnant_quod_non_intellegunt	faber_est_suae_quisque_fortunae	Orbitrap
proteomic	CDS-FILE-510297	CDS-PROTEOMIC-200878	O_Tite_tute_Tati_tibi_tanta_tyranne_tulisti	Acetylome	id_quod_plerumque_accidit	id_quod_plerumque_accidit	O_Tite_tute_Tati_tibi_tanta_tyranne_tulisti	Orbitrap
proteomic	CDS-FILE-202040	CDS-PROTEOMIC-800595	id_quod_plerumque_accidit	Lipidome	scientiae_cedit_mare	scientiae_cedit_mare	id_quod_plerumque_accidit	Orbitrap
proteomic	CDS-FILE-830593	CDS-PROTEOMIC-990573	e_causa_ignota	Ubiquitylome	a_bene_placito	cacatum_non_est_pictum	cacatum_non_est_pictum	Orbitrap
proteomic	CDS-FILE-849545	CDS-PROTEOMIC-593657	scientiae_cedit_mare	Lipidome	id_quod_plerumque_accidit	scientia_et_labor	O_Tite_tute_Tati_tibi_tanta_tyranne_tulisti	Orbitrap
proteomic	CDS-FILE-883229	CDS-PROTEOMIC-166265	scientia_et_sapientia	Glycoproteome	scientia_et_sapientia	e_causa_ignota	imperium_in_imperio	Orbitrap
proteomic	CDS-FILE-987164	CDS-PROTEOMIC-291094	O_Tite_tute_Tati_tibi_tanta_tyranne_tulisti	Metabolome	id_quod_plerumque_accidit	imperium_in_imperio	scientia_imperii_decus_et_tutamen	Orbitrap
proteomic	CDS-FILE-484516	CDS-PROTEOMIC-643771	sapiens_qui_prospicit	Phosphoproteome	saltus_in_demonstrando	scientiae_et_patriae	pace_tua	Orbitrap
proteomic	CDS-FILE-135306	CDS-PROTEOMIC-361150	scientia_et_labor	Acetylome	nascentes_morimur_finisque_ab_origine_pendet	scientia_et_sapientia	e_causa_ignota	Orbitrap
proteomic	CDS-FILE-120499	CDS-PROTEOMIC-831635	e_causa_ignota	Lipidome	damnant_quod_non_intellegunt	faber_est_suae_quisque_fortunae	imperium_in_imperio	Orbitrap
proteomic	CDS-FILE-696729	CDS-PROTEOMIC-853847	scientia_et_sapientia	Lipidome	id_quod_plerumque_accidit	imperium_in_imperio	scientia,_aere_perennius	Orbitrap
proteomic	CDS-FILE-261233	CDS-PROTEOMIC-229171	Gallia_est_omnis_divisa_in_partes_tres	Lipidome	Obedientia_civium_urbis_felicitas	haec_olim_meminisse_iuvabit	damnant_quod_non_intellegunt	Orbitrap
proteomic	CDS-FILE-197713	CDS-PROTEOMIC-569055	scientia,_aere_perennius	Proteome	Gallia_est_omnis_divisa_in_partes_tres	labor_ipse_voluptas	pace_tua	Orbitrap
proteomic	CDS-FILE-603595	CDS-PROTEOMIC-356546	scientiae_cedit_mare	Ubiquitylome	damnant_quod_non_intellegunt	imperium_in_imperio	O_Tite_tute_Tati_tibi_tanta_tyranne_tulisti	Orbitrap
proteomic	CDS-FILE-149062	CDS-PROTEOMIC-821082	Obedientia_civium_urbis_felicitas	Phosphoproteome	Macte_animo_Generose_puer_sic_itur_ad_astra	nascentes_morimur_finisque_ab_origine_pendet	scientiae_et_patriae	Orbitrap
proteomic	CDS-FILE-188694	CDS-PROTEOMIC-244015	nanos_gigantum_humeris_insidentes	Phosphoproteome	scientia_et_labor	labor_ipse_voluptas	haec_olim_meminisse_iuvabit	Orbitrap
proteomic	CDS-FILE-488594	CDS-PROTEOMIC-431846	barba_crescit_caput_nescit	Lipidome	nascentes_morimur_finisque_ab_origine_pendet	a_bene_placito	scientiae_cedit_mare	Orbitrap
proteomic	CDS-FILE-295317	CDS-PROTEOMIC-220363	haec_olim_meminisse_iuvabit	Glycoproteome	haec_olim_meminisse_iuvabit	scientiae_cedit_mare	salus_in_arduis	Orbitrap
proteomic	CDS-FILE-755637	CDS-PROTEOMIC-837339	e_causa_ignota	Ubiquitylome	e_causa_ignota	scientia_et_sapientia	damnant_quod_non_intellegunt	Orbitrap
proteomic	CDS-FILE-554636	CDS-PROTEOMIC-409286	e_causa_ignota	Glycoproteome	Macte_animo_Generose_puer_sic_itur_ad_astra	scientia_et_labor	pace_tua	Orbitrap
proteomic	CDS-FILE-970110	CDS-PROTEOMIC-522809	id_quod_plerumque_accidit	Lipidome	barba_crescit_caput_nescit	nanos_gigantum_humeris_insidentes	pace_tua	Orbitrap
proteomic	CDS-FILE-450857	CDS-PROTEOMIC-713565	scientia,_aere_perennius	Phosphoproteome	O_Tite_tute_Tati_tibi_tanta_tyranne_tulisti	saltus_in_demonstrando	imperium_in_imperio	Orbitrap
proteomic	CDS-FILE-495804	CDS-PROTEOMIC-228014	Gallia_est_omnis_divisa_in_partes_tres	Ubiquitylome	pace_tua	nascentes_morimur_finisque_ab_origine_pendet	scientia_imperii_decus_et_tutamen	Orbitrap
proteomic	CDS-FILE-511229	CDS-PROTEOMIC-466935	faber_est_suae_quisque_fortunae	Acetylome	scientia_et_sapientia	scientia_imperii_decus_et_tutamen	scientia_imperii_decus_et_tutamen	Orbitrap
proteomic	CDS-FILE-329049	CDS-PROTEOMIC-751229	damnant_quod_non_intellegunt	Acetylome	nascentes_morimur_finisque_ab_origine_pendet	scientia_et_labor	scientia_et_sapientia	Orbitrap
proteomic	CDS-FILE-421092	CDS-PROTEOMIC-805800	scientiae_cedit_mare	Phosphoproteome	imperium_in_imperio	cacatum_non_est_pictum	Gallia_est_omnis_divisa_in_partes_tres	Orbitrap
proteomic	CDS-FILE-232935	CDS-PROTEOMIC-995993	scientia_imperii_decus_et_tutamen	Acetylome	e_causa_ignota	e_causa_ignota	nanos_gigantum_humeris_insidentes	Orbitrap
proteomic	CDS-FILE-102415	CDS-PROTEOMIC-581565	O_Tite_tute_Tati_tibi_tanta_tyranne_tulisti	Proteome	scientia_imperii_decus_et_tutamen	damnant_quod_non_intellegunt	pace_tua	Orbitrap
proteomic	CDS-FILE-190531	CDS-PROTEOMIC-908312	nanos_gigantum_humeris_insidentes	Ubiquitylome	Obedientia_civium_urbis_felicitas	scientia_et_labor	Gallia_est_omnis_divisa_in_partes_tres	Orbitrap
proteomic	CDS-FILE-861922	CDS-PROTEOMIC-876009	Macte_animo_Generose_puer_sic_itur_ad_astra	Glycoproteome	scientiae_et_patriae	cacatum_non_est_pictum	damnant_quod_non_intellegunt	Orbitrap
proteomic	CDS-FILE-718056	CDS-PROTEOMIC-948380	scientiae_cedit_mare	Acetylome	Macte_animo_Generose_puer_sic_itur_ad_astra	scientia,_aere_perennius	sapiens_qui_prospicit	Orbitrap
proteomic	CDS-FILE-198663	CDS-PROTEOMIC-568152	salus_in_arduis	Metabolome	scientia,_aere_perennius	scientiae_cedit_mare	scientia,_aere_perennius	Orbitrap
proteomic	CDS-FILE-780120	CDS-PROTEOMIC-850810	Obedientia_civium_urbis_felicitas	Ubiquitylome	scientiae_et_patriae	nascentes_morimur_finisque_ab_origine_pendet	scientia_imperii_decus_et_tutamen	Orbitrap
proteomic	CDS-FILE-842391	CDS-PROTEOMIC-106302	faber_est_suae_quisque_fortunae	Phosphoproteome	a_bene_placito	scientia_imperii_decus_et_tutamen	nascentes_morimur_finisque_ab_origine_pendet	Orbitrap
proteomic	CDS-FILE-147080	CDS-PROTEOMIC-901823	scientiae_cedit_mare	Acetylome	barba_crescit_caput_nescit	faber_est_suae_quisque_fortunae	scientia_et_sapientia	Orbitrap
proteomic	CDS-FILE-798829	CDS-PROTEOMIC-461334	nanos_gigantum_humeris_insidentes	Proteome	O_Tite_tute_Tati_tibi_tanta_tyranne_tulisti	scientia_et_labor	damnant_quod_non_intellegunt	Orbitrap
proteomic	CDS-FILE-591208	CDS-PROTEOMIC-759499	barba_crescit_caput_nescit	Metabolome	damnant_quod_non_intellegunt	damnant_quod_non_intellegunt	saltus_in_demonstrando	Orbitrap
proteomic	CDS-FILE-747498	CDS-PROTEOMIC-889357	scientiae_et_patriae	Ubiquitylome	scientia_et_labor	scientia_imperii_decus_et_tutamen	sapiens_qui_prospicit	Orbitrap
proteomic	CDS-FILE-861751	CDS-PROTEOMIC-365395	saltus_in_demonstrando	Lipidome	Macte_animo_Generose_puer_sic_itur_ad_astra	Obedientia_civium_urbis_felicitas	imperium_in_imperio	Orbitrap
proteomic	CDS-FILE-337318	CDS-PROTEOMIC-708533	scientia_imperii_decus_et_tutamen	Metabolome	cacatum_non_est_pictum	cacatum_non_est_pictum	scientia,_aere_perennius	Orbitrap
proteomic	CDS-FILE-208393	CDS-PROTEOMIC-236990	scientia,_aere_perennius	Metabolome	a_bene_placito	scientia_et_labor	labor_ipse_voluptas	Orbitrap
proteomic	CDS-FILE-832731	CDS-PROTEOMIC-429424	scientiae_et_patriae	Phosphoproteome	sapiens_qui_prospicit	O_Tite_tute_Tati_tibi_tanta_tyranne_tulisti	faber_est_suae_quisque_fortunae	Orbitrap
proteomic	CDS-FILE-241148	CDS-PROTEOMIC-599050	pace_tua	Proteome	scientiae_et_patriae	damnant_quod_non_intellegunt	Obedientia_civium_urbis_felicitas	Orbitrap
proteomic	CDS-FILE-837664	CDS-PROTEOMIC-658157	haec_olim_meminisse_iuvabit	Proteome	salus_in_arduis	scientia_et_labor	scientia,_aere_perennius	Orbitrap
proteomic	CDS-FILE-109659	CDS-PROTEOMIC-539875	a_bene_placito	Lipidome	barba_crescit_caput_nescit	Gallia_est_omnis_divisa_in_partes_tres	scientiae_et_patriae	Orbitrap
proteomic	CDS-FILE-421905	CDS-PROTEOMIC-867293	scientia,_aere_perennius	Proteome	scientia_et_sapientia	saltus_in_demonstrando	Gallia_est_omnis_divisa_in_partes_tres	Orbitrap
proteomic	CDS-FILE-764211	CDS-PROTEOMIC-696394	labor_ipse_voluptas	Proteome	Macte_animo_Generose_puer_sic_itur_ad_astra	scientia_et_labor	e_causa_ignota	Orbitrap
proteomic	CDS-FILE-832812	CDS-PROTEOMIC-459673	barba_crescit_caput_nescit	Metabolome	Obedientia_civium_urbis_felicitas	Gallia_est_omnis_divisa_in_partes_tres	Obedientia_civium_urbis_felicitas	Orbitrap
proteomic	CDS-FILE-693230	CDS-PROTEOMIC-158003	e_causa_ignota	Metabolome	faber_est_suae_quisque_fortunae	a_bene_placito	salus_in_arduis	Orbitrap
proteomic	CDS-FILE-457577	CDS-PROTEOMIC-515987	haec_olim_meminisse_iuvabit	Metabolome	Macte_animo_Generose_puer_sic_itur_ad_astra	Obedientia_civium_urbis_felicitas	Macte_animo_Generose_puer_sic_itur_ad_astra	Orbitrap
proteomic	CDS-FILE-694206	CDS-PROTEOMIC-495228	id_quod_plerumque_accidit	Metabolome	Macte_animo_Generose_puer_sic_itur_ad_astra	faber_est_suae_quisque_fortunae	e_causa_ignota	Orbitrap
proteomic	CDS-FILE-410717	CDS-PROTEOMIC-732561	Macte_animo_Generose_puer_sic_itur_ad_astra	Phosphoproteome	labor_ipse_voluptas	scientiae_cedit_mare	a_bene_placito	Orbitrap
proteomic	CDS-FILE-236364	CDS-PROTEOMIC-455091	scientia_et_sapientia	Acetylome	scientiae_et_patriae	haec_olim_meminisse_iuvabit	e_causa_ignota	Orbitrap
proteomic	CDS-FILE-602771	CDS-PROTEOMIC-695039	scientiae_et_patriae	Proteome	scientia,_aere_perennius	Gallia_est_omnis_divisa_in_partes_tres	saltus_in_demonstrando	Orbitrap
proteomic	CDS-FILE-659994	CDS-PROTEOMIC-960022	sapiens_qui_prospicit	Glycoproteome	nascentes_morimur_finisque_ab_origine_pendet	scientia_et_sapientia	cacatum_non_est_pictum	Orbitrap
proteomic	CDS-FILE-862373	CDS-PROTEOMIC-615569	haec_olim_meminisse_iuvabit	Acetylome	labor_ipse_voluptas	O_Tite_tute_Tati_tibi_tanta_tyranne_tulisti	haec_olim_meminisse_iuvabit	Orbitrap
proteomic	CDS-FILE-605704	CDS-PROTEOMIC-137931	imperium_in_imperio	Proteome	scientia_imperii_decus_et_tutamen	saltus_in_demonstrando	faber_est_suae_quisque_fortunae	Orbitrap
proteomic	CDS-FILE-969008	CDS-PROTEOMIC-706610	damnant_quod_non_intellegunt	Acetylome	a_bene_placito	scientia_et_labor	scientia_imperii_decus_et_tutamen	Orbitrap
proteomic	CDS-FILE-415243	CDS-PROTEOMIC-967656	imperium_in_imperio	Ubiquitylome	salus_in_arduis	labor_ipse_voluptas	e_causa_ignota	Orbitrap
proteomic	CDS-FILE-196072	CDS-PROTEOMIC-204088	scientiae_cedit_mare	Proteome	Obedientia_civium_urbis_felicitas	salus_in_arduis	damnant_quod_non_intellegunt	Orbitrap
proteomic	CDS-FILE-693964	CDS-PROTEOMIC-760688	damnant_quod_non_intellegunt	Phosphoproteome	imperium_in_imperio	haec_olim_meminisse_iuvabit	pace_tua	Orbitrap
proteomic	CDS-FILE-402455	CDS-PROTEOMIC-892091	e_causa_ignota	Glycoproteome	nascentes_morimur_finisque_ab_origine_pendet	sapiens_qui_prospicit	nascentes_morimur_finisque_ab_origine_pendet	Orbitrap
proteomic	CDS-FILE-832752	CDS-PROTEOMIC-815581	id_quod_plerumque_accidit	Metabolome	sapiens_qui_prospicit	nascentes_morimur_finisque_ab_origine_pendet	haec_olim_meminisse_iuvabit	Orbitrap
proteomic	CDS-FILE-402419	CDS-PROTEOMIC-765310	Obedientia_civium_urbis_felicitas	Glycoproteome	saltus_in_demonstrando	barba_crescit_caput_nescit	scientia,_aere_perennius	Orbitrap
proteomic	CDS-FILE-960585	CDS-PROTEOMIC-336750	pace_tua	Lipidome	faber_est_suae_quisque_fortunae	scientia,_aere_perennius	labor_ipse_voluptas	Orbitrap
proteomic	CDS-FILE-563893	CDS-PROTEOMIC-280533	Gallia_est_omnis_divisa_in_partes_tres	Ubiquitylome	e_causa_ignota	damnant_quod_non_intellegunt	scientia,_aere_perennius	Orbitrap
proteomic	CDS-FILE-948184	CDS-PROTEOMIC-269682	barba_crescit_caput_nescit	Proteome	pace_tua	scientia_et_labor	salus_in_arduis	Orbitrap
proteomic	CDS-FILE-739007	CDS-PROTEOMIC-705941	Macte_animo_Generose_puer_sic_itur_ad_astra	Phosphoproteome	pace_tua	haec_olim_meminisse_iuvabit	scientiae_et_patriae	Orbitrap
proteomic	CDS-FILE-920478	CDS-PROTEOMIC-482850	saltus_in_demonstrando	Metabolome	saltus_in_demonstrando	salus_in_arduis	Macte_animo_Generose_puer_sic_itur_ad_astra	Orbitrap
proteomic	CDS-FILE-755391	CDS-PROTEOMIC-559989	scientiae_cedit_mare	Acetylome	scientia,_aere_perennius	cacatum_non_est_pictum	nanos_gigantum_humeris_insidentes	Orbitrap
proteomic	CDS-FILE-457739	CDS-PROTEOMIC-986139	e_causa_ignota	Glycoproteome	Gallia_est_omnis_divisa_in_partes_tres	cacatum_non_est_pictum	a_bene_placito	Orbitrap
proteomic	CDS-FILE-138791	CDS-PROTEOMIC-790407	saltus_in_demonstrando	Lipidome	O_Tite_tute_Tati_tibi_tanta_tyranne_tulisti	pace_tua	O_Tite_tute_Tati_tibi_tanta_tyranne_tulisti	Orbitrap
proteomic	CDS-FILE-653034	CDS-PROTEOMIC-600266	nanos_gigantum_humeris_insidentes	Metabolome	Macte_animo_Generose_puer_sic_itur_ad_astra	saltus_in_demonstrando	pace_tua	Orbitrap
proteomic	CDS-FILE-529258	CDS-PROTEOMIC-994238	e_causa_ignota	Metabolome	Obedientia_civium_urbis_felicitas	scientia_et_labor	salus_in_arduis	Orbitrap
proteomic	CDS-FILE-689209	CDS-PROTEOMIC-898540	salus_in_arduis	Metabolome	O_Tite_tute_Tati_tibi_tanta_tyranne_tulisti	e_causa_ignota	pace_tua	Orbitrap
proteomic	CDS-FILE-899056	CDS-PROTEOMIC-183478	scientia_et_sapientia	Ubiquitylome	scientiae_cedit_mare	barba_crescit_caput_nescit	nanos_gigantum_humeris_insidentes	Orbitrap
proteomic	CDS-FILE-472138	CDS-PROTEOMIC-819472	scientia,_aere_perennius	Acetylome	nascentes_morimur_finisque_ab_origine_pendet	scientia_et_sapientia	nascentes_morimur_finisque_ab_origine_pendet	Orbitrap
proteomic	CDS-FILE-702278	CDS-PROTEOMIC-228339	id_quod_plerumque_accidit	Proteome	damnant_quod_non_intellegunt	damnant_quod_non_intellegunt	Obedientia_civium_urbis_felicitas	Orbitrap
proteomic	CDS-FILE-484748	CDS-PROTEOMIC-760132	scientia_et_labor	Lipidome	faber_est_suae_quisque_fortunae	nanos_gigantum_humeris_insidentes	scientiae_et_patriae	Orbitrap
proteomic	CDS-FILE-877986	CDS-PROTEOMIC-555666	scientia,_aere_perennius	Phosphoproteome	barba_crescit_caput_nescit	haec_olim_meminisse_iuvabit	saltus_in_demonstrando	Orbitrap
proteomic	CDS-FILE-242510	CDS-PROTEOMIC-465173	scientiae_et_patriae	Glycoproteome	scientia_et_labor	scientiae_cedit_mare	scientia_et_sapientia	Orbitrap
proteomic	CDS-FILE-323623	CDS-PROTEOMIC-836078	e_causa_ignota	Metabolome	Gallia_est_omnis_divisa_in_partes_tres	scientiae_cedit_mare	pace_tua	Orbitrap
proteomic	CDS-FILE-284149	CDS-PROTEOMIC-593409	scientia_et_labor	Phosphoproteome	nanos_gigantum_humeris_insidentes	O_Tite_tute_Tati_tibi_tanta_tyranne_tulisti	Macte_animo_Generose_puer_sic_itur_ad_astra	Orbitrap
proteomic	CDS-FILE-250092	CDS-PROTEOMIC-548933	sapiens_qui_prospicit	Ubiquitylome	sapiens_qui_prospicit	haec_olim_meminisse_iuvabit	Gallia_est_omnis_divisa_in_partes_tres	Orbitrap
proteomic	CDS-FILE-721755	CDS-PROTEOMIC-152339	labor_ipse_voluptas	Metabolome	nascentes_morimur_finisque_ab_origine_pendet	nanos_gigantum_humeris_insidentes	faber_est_suae_quisque_fortunae	Orbitrap
proteomic	CDS-FILE-546134	CDS-PROTEOMIC-608944	haec_olim_meminisse_iuvabit	Phosphoproteome	Gallia_est_omnis_divisa_in_partes_tres	scientia_et_labor	scientia_et_labor	Orbitrap
proteomic	CDS-FILE-620338	CDS-PROTEOMIC-182637	O_Tite_tute_Tati_tibi_tanta_tyranne_tulisti	Glycoproteome	pace_tua	nanos_gigantum_humeris_insidentes	scientia_imperii_decus_et_tutamen	Orbitrap
proteomic	CDS-FILE-439858	CDS-PROTEOMIC-421259	scientia_imperii_decus_et_tutamen	Phosphoproteome	faber_est_suae_quisque_fortunae	damnant_quod_non_intellegunt	scientia_et_labor	Orbitrap
proteomic	CDS-FILE-535428	CDS-PROTEOMIC-785593	Macte_animo_Generose_puer_sic_itur_ad_astra	Glycoproteome	nascentes_morimur_finisque_ab_origine_pendet	sapiens_qui_prospicit	scientia,_aere_perennius	Orbitrap
proteomic	CDS-FILE-415592	CDS-PROTEOMIC-953993	Macte_animo_Generose_puer_sic_itur_ad_astra	Phosphoproteome	cacatum_non_est_pictum	Macte_animo_Generose_puer_sic_itur_ad_astra	salus_in_arduis	Orbitrap
proteomic	CDS-FILE-787860	CDS-PROTEOMIC-472513	salus_in_arduis	Acetylome	scientia_et_sapientia	a_bene_placito	a_bene_placito	Orbitrap
proteomic	CDS-FILE-245112	CDS-PROTEOMIC-869420	damnant_quod_non_intellegunt	Lipidome	saltus_in_demonstrando	scientia_et_sapientia	Obedientia_civium_urbis_felicitas	Orbitrap
proteomic	CDS-FILE-615941	CDS-PROTEOMIC-389661	nanos_gigantum_humeris_insidentes	Ubiquitylome	scientiae_cedit_mare	nascentes_morimur_finisque_ab_origine_pendet	pace_tua	Orbitrap
proteomic	CDS-FILE-644001	CDS-PROTEOMIC-506516	nascentes_morimur_finisque_ab_origine_pendet	Proteome	a_bene_placito	e_causa_ignota	O_Tite_tute_Tati_tibi_tanta_tyranne_tulisti	Orbitrap
proteomic	CDS-FILE-830301	CDS-PROTEOMIC-350376	scientiae_cedit_mare	Glycoproteome	labor_ipse_voluptas	Macte_animo_Generose_puer_sic_itur_ad_astra	pace_tua	Orbitrap
proteomic	CDS-FILE-482322	CDS-PROTEOMIC-181815	labor_ipse_voluptas	Proteome	a_bene_placito	O_Tite_tute_Tati_tibi_tanta_tyranne_tulisti	e_causa_ignota	Orbitrap
proteomic	CDS-FILE-254770	CDS-PROTEOMIC-538556	O_Tite_tute_Tati_tibi_tanta_tyranne_tulisti	Metabolome	pace_tua	O_Tite_tute_Tati_tibi_tanta_tyranne_tulisti	haec_olim_meminisse_iuvabit	Orbitrap
proteomic	CDS-FILE-934587	CDS-PROTEOMIC-186072	a_bene_placito	Acetylome	scientia_imperii_decus_et_tutamen	saltus_in_demonstrando	scientia_et_sapientia	Orbitrap
proteomic	CDS-FILE-625179	CDS-PROTEOMIC-437182	labor_ipse_voluptas	Acetylome	a_bene_placito	labor_ipse_voluptas	faber_est_suae_quisque_fortunae	Orbitrap
proteomic	CDS-FILE-940081	CDS-PROTEOMIC-717751	id_quod_plerumque_accidit	Ubiquitylome	faber_est_suae_quisque_fortunae	a_bene_placito	salus_in_arduis	Orbitrap
proteomic	CDS-FILE-533278	CDS-PROTEOMIC-193510	e_causa_ignota	Acetylome	nanos_gigantum_humeris_insidentes	Macte_animo_Generose_puer_sic_itur_ad_astra	Gallia_est_omnis_divisa_in_partes_tres	Orbitrap
proteomic	CDS-FILE-470375	CDS-PROTEOMIC-189965	scientia_et_labor	Proteome	scientia_et_sapientia	sapiens_qui_prospicit	e_causa_ignota	Orbitrap
proteomic	CDS-FILE-835881	CDS-PROTEOMIC-270599	cacatum_non_est_pictum	Ubiquitylome	sapiens_qui_prospicit	scientiae_et_patriae	id_quod_plerumque_accidit	Orbitrap
proteomic	CDS-FILE-279969	CDS-PROTEOMIC-112256	pace_tua	Glycoproteome	scientia_et_labor	scientia_et_labor	pace_tua	Orbitrap
proteomic	CDS-FILE-962136	CDS-PROTEOMIC-299017	saltus_in_demonstrando	Metabolome	salus_in_arduis	damnant_quod_non_intellegunt	O_Tite_tute_Tati_tibi_tanta_tyranne_tulisti	Orbitrap
proteomic	CDS-FILE-919780	CDS-PROTEOMIC-258133	sapiens_qui_prospicit	Glycoproteome	faber_est_suae_quisque_fortunae	scientia,_aere_perennius	nascentes_morimur_finisque_ab_origine_pendet	Orbitrap
proteomic	CDS-FILE-133552	CDS-PROTEOMIC-352593	O_Tite_tute_Tati_tibi_tanta_tyranne_tulisti	Ubiquitylome	faber_est_suae_quisque_fortunae	scientia_et_labor	imperium_in_imperio	Orbitrap
proteomic	CDS-FILE-376743	CDS-PROTEOMIC-943696	nanos_gigantum_humeris_insidentes	Ubiquitylome	id_quod_plerumque_accidit	Gallia_est_omnis_divisa_in_partes_tres	labor_ipse_voluptas	Orbitrap
proteomic	CDS-FILE-424897	CDS-PROTEOMIC-362285	imperium_in_imperio	Proteome	sapiens_qui_prospicit	id_quod_plerumque_accidit	barba_crescit_caput_nescit	Orbitrap
proteomic	CDS-FILE-586944	CDS-PROTEOMIC-974615	sapiens_qui_prospicit	Lipidome	id_quod_plerumque_accidit	nascentes_morimur_finisque_ab_origine_pendet	saltus_in_demonstrando	Orbitrap
proteomic	CDS-FILE-979388	CDS-PROTEOMIC-383356	Macte_animo_Generose_puer_sic_itur_ad_astra	Lipidome	a_bene_placito	haec_olim_meminisse_iuvabit	damnant_quod_non_intellegunt	Orbitrap
proteomic	CDS-FILE-980902	CDS-PROTEOMIC-646604	nascentes_morimur_finisque_ab_origine_pendet	Glycoproteome	scientia,_aere_perennius	Macte_animo_Generose_puer_sic_itur_ad_astra	damnant_quod_non_intellegunt	Orbitrap
proteomic	CDS-FILE-246826	CDS-PROTEOMIC-196783	scientia_et_labor	Proteome	a_bene_placito	barba_crescit_caput_nescit	labor_ipse_voluptas	Orbitrap
proteomic	CDS-FILE-761555	CDS-PROTEOMIC-430225	O_Tite_tute_Tati_tibi_tanta_tyranne_tulisti	Acetylome	damnant_quod_non_intellegunt	damnant_quod_non_intellegunt	haec_olim_meminisse_iuvabit	Orbitrap
proteomic	CDS-FILE-529237	CDS-PROTEOMIC-980553	a_bene_placito	Lipidome	imperium_in_imperio	barba_crescit_caput_nescit	O_Tite_tute_Tati_tibi_tanta_tyranne_tulisti	Orbitrap
proteomic	CDS-FILE-667919	CDS-PROTEOMIC-749278	scientia_et_labor	Ubiquitylome	imperium_in_imperio	labor_ipse_voluptas	faber_est_suae_quisque_fortunae	Orbitrap
proteomic	CDS-FILE-661420	CDS-PROTEOMIC-513854	saltus_in_demonstrando	Phosphoproteome	scientia,_aere_perennius	Gallia_est_omnis_divisa_in_partes_tres	Gallia_est_omnis_divisa_in_partes_tres	Orbitrap
proteomic	CDS-FILE-596064	CDS-PROTEOMIC-607794	nanos_gigantum_humeris_insidentes	Glycoproteome	cacatum_non_est_pictum	sapiens_qui_prospicit	saltus_in_demonstrando	Orbitrap
proteomic	CDS-FILE-651107	CDS-PROTEOMIC-576619	damnant_quod_non_intellegunt	Ubiquitylome	scientiae_et_patriae	imperium_in_imperio	e_causa_ignota	Orbitrap
proteomic	CDS-FILE-359833	CDS-PROTEOMIC-249352	scientia_imperii_decus_et_tutamen	Phosphoproteome	pace_tua	O_Tite_tute_Tati_tibi_tanta_tyranne_tulisti	scientia_et_sapientia	Orbitrap
proteomic	CDS-FILE-756740	CDS-PROTEOMIC-332438	scientiae_et_patriae	Acetylome	labor_ipse_voluptas	scientia_et_sapientia	nascentes_morimur_finisque_ab_origine_pendet	Orbitrap
proteomic	CDS-FILE-645020	CDS-PROTEOMIC-929299	e_causa_ignota	Metabolome	nanos_gigantum_humeris_insidentes	Gallia_est_omnis_divisa_in_partes_tres	nascentes_morimur_finisque_ab_origine_pendet	Orbitrap
proteomic	CDS-FILE-670921	CDS-PROTEOMIC-275056	scientia_imperii_decus_et_tutamen	Glycoproteome	pace_tua	scientia,_aere_perennius	barba_crescit_caput_nescit	Orbitrap
proteomic	CDS-FILE-266601	CDS-PROTEOMIC-406201	pace_tua	Acetylome	pace_tua	Macte_animo_Generose_puer_sic_itur_ad_astra	O_Tite_tute_Tati_tibi_tanta_tyranne_tulisti	Orbitrap
