type	sample.sample_id	protocol_pk_id	protocol_name	protocol_type	doi	crdc_id
Protocol	GC-BIOS-358081	GC-PROTOCOL-589985	sapiens_qui_prospicit	radio labeling	Macte_animo_Generose_puer_sic_itur_ad_astra	nascentes_morimur_finisque_ab_origine_pendet
Protocol	GC-BIOS-852001	GC-PROTOCOL-871017	labor_ipse_voluptas	in vivo assay	scientia,_aere_perennius	Obedientia_civium_urbis_felicitas
Protocol	GC-BIOS-995549	GC-PROTOCOL-351165	pace_tua	synthesis	haec_olim_meminisse_iuvabit	scientiae_cedit_mare
Protocol	GC-BIOS-922881	GC-PROTOCOL-402257	sapiens_qui_prospicit	in vitro assay	e_causa_ignota	a_bene_placito
Protocol	GC-BIOS-143816	GC-PROTOCOL-979152	a_bene_placito	in vivo assay	barba_crescit_caput_nescit	labor_ipse_voluptas
Protocol	GC-BIOS-841708	GC-PROTOCOL-792932	sapiens_qui_prospicit	sterility	scientiae_cedit_mare	damnant_quod_non_intellegunt
Protocol	GC-BIOS-790776	GC-PROTOCOL-116765	saltus_in_demonstrando	in vivo assay	scientiae_et_patriae	saltus_in_demonstrando
Protocol	GC-BIOS-152247	GC-PROTOCOL-596459	salus_in_arduis	Endotoxin	scientiae_et_patriae	scientiae_cedit_mare
Protocol	GC-BIOS-209216	GC-PROTOCOL-558552	O_Tite_tute_Tati_tibi_tanta_tyranne_tulisti	sample preparation	nascentes_morimur_finisque_ab_origine_pendet	pace_tua
Protocol	GC-BIOS-636894	GC-PROTOCOL-367375	scientia_imperii_decus_et_tutamen	synthesis	O_Tite_tute_Tati_tibi_tanta_tyranne_tulisti	imperium_in_imperio
Protocol	GC-BIOS-346236	GC-PROTOCOL-631521	damnant_quod_non_intellegunt	in vivo assay	salus_in_arduis	e_causa_ignota
Protocol	GC-BIOS-190231	GC-PROTOCOL-829815	Obedientia_civium_urbis_felicitas	in vivo assay	Obedientia_civium_urbis_felicitas	Obedientia_civium_urbis_felicitas
Protocol	GC-BIOS-856862	GC-PROTOCOL-705865	scientia_imperii_decus_et_tutamen	Endotoxin	scientia_et_labor	nanos_gigantum_humeris_insidentes
Protocol	GC-BIOS-815449	GC-PROTOCOL-198561	pace_tua	safety	damnant_quod_non_intellegunt	scientiae_cedit_mare
Protocol	GC-BIOS-339905	GC-PROTOCOL-831949	cacatum_non_est_pictum	synthesis	e_causa_ignota	sapiens_qui_prospicit
Protocol	GC-BIOS-738099	GC-PROTOCOL-329905	saltus_in_demonstrando	radio labeling	scientia_et_labor	a_bene_placito
Protocol	GC-BIOS-482353	GC-PROTOCOL-397798	salus_in_arduis	in vivo assay	e_causa_ignota	scientia_imperii_decus_et_tutamen
Protocol	GC-BIOS-920490	GC-PROTOCOL-788902	labor_ipse_voluptas	radio labeling	cacatum_non_est_pictum	saltus_in_demonstrando
Protocol	GC-BIOS-983227	GC-PROTOCOL-724007	saltus_in_demonstrando	physico-chemical assay	scientia,_aere_perennius	nanos_gigantum_humeris_insidentes
Protocol	GC-BIOS-953411	GC-PROTOCOL-847913	nascentes_morimur_finisque_ab_origine_pendet	synthesis	nanos_gigantum_humeris_insidentes	Gallia_est_omnis_divisa_in_partes_tres
Protocol	GC-BIOS-485883	GC-PROTOCOL-663210	imperium_in_imperio	Endotoxin	scientia_imperii_decus_et_tutamen	pace_tua
Protocol	GC-BIOS-785313	GC-PROTOCOL-956490	nascentes_morimur_finisque_ab_origine_pendet	radio labeling	imperium_in_imperio	scientiae_et_patriae
Protocol	GC-BIOS-517769	GC-PROTOCOL-867426	saltus_in_demonstrando	sample preparation	salus_in_arduis	e_causa_ignota
Protocol	GC-BIOS-415704	GC-PROTOCOL-160116	scientia,_aere_perennius	in vitro assay	O_Tite_tute_Tati_tibi_tanta_tyranne_tulisti	Macte_animo_Generose_puer_sic_itur_ad_astra
Protocol	GC-BIOS-376156	GC-PROTOCOL-129360	faber_est_suae_quisque_fortunae	in vivo assay	labor_ipse_voluptas	O_Tite_tute_Tati_tibi_tanta_tyranne_tulisti
Protocol	GC-BIOS-916798	GC-PROTOCOL-213308	salus_in_arduis	in vitro assay	scientia_et_labor	scientia_imperii_decus_et_tutamen
Protocol	GC-BIOS-894958	GC-PROTOCOL-226536	Gallia_est_omnis_divisa_in_partes_tres	physico-chemical assay	e_causa_ignota	labor_ipse_voluptas
Protocol	GC-BIOS-915562	GC-PROTOCOL-999565	scientia_imperii_decus_et_tutamen	synthesis	scientia_et_labor	scientia_imperii_decus_et_tutamen
Protocol	GC-BIOS-157951	GC-PROTOCOL-744452	Obedientia_civium_urbis_felicitas	in vitro assay	imperium_in_imperio	a_bene_placito
Protocol	GC-BIOS-374306	GC-PROTOCOL-352011	nascentes_morimur_finisque_ab_origine_pendet	physico-chemical assay	saltus_in_demonstrando	sapiens_qui_prospicit
Protocol	GC-BIOS-291359	GC-PROTOCOL-705154	salus_in_arduis	safety	nanos_gigantum_humeris_insidentes	scientiae_cedit_mare
Protocol	GC-BIOS-557281	GC-PROTOCOL-392578	scientiae_et_patriae	physico-chemical assay	nascentes_morimur_finisque_ab_origine_pendet	Obedientia_civium_urbis_felicitas
Protocol	GC-BIOS-965205	GC-PROTOCOL-671317	pace_tua	physico-chemical assay	nanos_gigantum_humeris_insidentes	imperium_in_imperio
Protocol	GC-BIOS-970626	GC-PROTOCOL-703558	imperium_in_imperio	sterility	Obedientia_civium_urbis_felicitas	saltus_in_demonstrando
Protocol	GC-BIOS-135759	GC-PROTOCOL-295294	imperium_in_imperio	synthesis	scientia_imperii_decus_et_tutamen	cacatum_non_est_pictum
Protocol	GC-BIOS-758335	GC-PROTOCOL-165733	scientia_imperii_decus_et_tutamen	synthesis	scientia_imperii_decus_et_tutamen	nanos_gigantum_humeris_insidentes
Protocol	GC-BIOS-943829	GC-PROTOCOL-165054	O_Tite_tute_Tati_tibi_tanta_tyranne_tulisti	synthesis	scientia_et_labor	scientia,_aere_perennius
Protocol	GC-BIOS-797715	GC-PROTOCOL-419368	nascentes_morimur_finisque_ab_origine_pendet	safety	e_causa_ignota	damnant_quod_non_intellegunt
Protocol	GC-BIOS-108851	GC-PROTOCOL-430415	faber_est_suae_quisque_fortunae	radio labeling	faber_est_suae_quisque_fortunae	salus_in_arduis
Protocol	GC-BIOS-570398	GC-PROTOCOL-269320	haec_olim_meminisse_iuvabit	in vitro assay	haec_olim_meminisse_iuvabit	id_quod_plerumque_accidit
Protocol	GC-BIOS-217452	GC-PROTOCOL-102010	scientia_et_labor	Endotoxin	scientia_imperii_decus_et_tutamen	scientia_imperii_decus_et_tutamen
Protocol	GC-BIOS-401148	GC-PROTOCOL-352461	Obedientia_civium_urbis_felicitas	sample preparation	e_causa_ignota	e_causa_ignota
Protocol	GC-BIOS-761333	GC-PROTOCOL-560982	nanos_gigantum_humeris_insidentes	sample preparation	cacatum_non_est_pictum	cacatum_non_est_pictum
Protocol	GC-BIOS-745231	GC-PROTOCOL-483190	pace_tua	safety	Obedientia_civium_urbis_felicitas	salus_in_arduis
Protocol	GC-BIOS-669056	GC-PROTOCOL-883966	nanos_gigantum_humeris_insidentes	sample preparation	Obedientia_civium_urbis_felicitas	cacatum_non_est_pictum
Protocol	GC-BIOS-662090	GC-PROTOCOL-373999	faber_est_suae_quisque_fortunae	in vivo assay	salus_in_arduis	sapiens_qui_prospicit
Protocol	GC-BIOS-170454	GC-PROTOCOL-229413	scientia_et_sapientia	radio labeling	scientia_et_labor	scientia_imperii_decus_et_tutamen
Protocol	GC-BIOS-620691	GC-PROTOCOL-169577	Gallia_est_omnis_divisa_in_partes_tres	synthesis	salus_in_arduis	scientiae_cedit_mare
Protocol	GC-BIOS-361359	GC-PROTOCOL-404067	scientia_imperii_decus_et_tutamen	safety	pace_tua	Obedientia_civium_urbis_felicitas
Protocol	GC-BIOS-613586	GC-PROTOCOL-504906	nascentes_morimur_finisque_ab_origine_pendet	radio labeling	sapiens_qui_prospicit	faber_est_suae_quisque_fortunae
Protocol	GC-BIOS-817102	GC-PROTOCOL-470015	imperium_in_imperio	in vivo assay	a_bene_placito	damnant_quod_non_intellegunt
Protocol	GC-BIOS-197228	GC-PROTOCOL-152202	Macte_animo_Generose_puer_sic_itur_ad_astra	purification	scientia_et_labor	scientia_et_sapientia
Protocol	GC-BIOS-356461	GC-PROTOCOL-960293	sapiens_qui_prospicit	in vivo assay	Macte_animo_Generose_puer_sic_itur_ad_astra	cacatum_non_est_pictum
Protocol	GC-BIOS-529671	GC-PROTOCOL-314335	saltus_in_demonstrando	purification	scientia_et_sapientia	scientiae_cedit_mare
Protocol	GC-BIOS-181725	GC-PROTOCOL-320417	a_bene_placito	physico-chemical assay	O_Tite_tute_Tati_tibi_tanta_tyranne_tulisti	salus_in_arduis
Protocol	GC-BIOS-593600	GC-PROTOCOL-140862	saltus_in_demonstrando	safety	id_quod_plerumque_accidit	barba_crescit_caput_nescit
Protocol	GC-BIOS-615019	GC-PROTOCOL-596046	scientia_imperii_decus_et_tutamen	physico-chemical assay	O_Tite_tute_Tati_tibi_tanta_tyranne_tulisti	scientia_et_sapientia
Protocol	GC-BIOS-520102	GC-PROTOCOL-948769	barba_crescit_caput_nescit	in vitro assay	nascentes_morimur_finisque_ab_origine_pendet	nascentes_morimur_finisque_ab_origine_pendet
Protocol	GC-BIOS-691363	GC-PROTOCOL-581196	scientiae_et_patriae	sample preparation	id_quod_plerumque_accidit	scientiae_et_patriae
Protocol	GC-BIOS-240085	GC-PROTOCOL-788883	salus_in_arduis	in vivo assay	faber_est_suae_quisque_fortunae	nascentes_morimur_finisque_ab_origine_pendet
Protocol	GC-BIOS-849443	GC-PROTOCOL-844452	scientia,_aere_perennius	radio labeling	nanos_gigantum_humeris_insidentes	faber_est_suae_quisque_fortunae
Protocol	GC-BIOS-341873	GC-PROTOCOL-398834	salus_in_arduis	radio labeling	sapiens_qui_prospicit	scientia,_aere_perennius
Protocol	GC-BIOS-701813	GC-PROTOCOL-897805	pace_tua	sterility	a_bene_placito	salus_in_arduis
Protocol	GC-BIOS-203557	GC-PROTOCOL-506937	labor_ipse_voluptas	sterility	scientiae_et_patriae	labor_ipse_voluptas
Protocol	GC-BIOS-343340	GC-PROTOCOL-871547	Obedientia_civium_urbis_felicitas	in vitro assay	scientiae_et_patriae	nascentes_morimur_finisque_ab_origine_pendet
Protocol	GC-BIOS-129726	GC-PROTOCOL-394883	nanos_gigantum_humeris_insidentes	sterility	barba_crescit_caput_nescit	cacatum_non_est_pictum
Protocol	GC-BIOS-988941	GC-PROTOCOL-904626	nascentes_morimur_finisque_ab_origine_pendet	synthesis	nascentes_morimur_finisque_ab_origine_pendet	O_Tite_tute_Tati_tibi_tanta_tyranne_tulisti
Protocol	GC-BIOS-754803	GC-PROTOCOL-941841	scientiae_cedit_mare	sterility	O_Tite_tute_Tati_tibi_tanta_tyranne_tulisti	O_Tite_tute_Tati_tibi_tanta_tyranne_tulisti
Protocol	GC-BIOS-592372	GC-PROTOCOL-752544	Macte_animo_Generose_puer_sic_itur_ad_astra	sample preparation	faber_est_suae_quisque_fortunae	Gallia_est_omnis_divisa_in_partes_tres
Protocol	GC-BIOS-864018	GC-PROTOCOL-677921	barba_crescit_caput_nescit	in vivo assay	labor_ipse_voluptas	id_quod_plerumque_accidit
Protocol	GC-BIOS-248323	GC-PROTOCOL-711463	imperium_in_imperio	purification	nanos_gigantum_humeris_insidentes	scientiae_cedit_mare
Protocol	GC-BIOS-864610	GC-PROTOCOL-554306	scientiae_et_patriae	synthesis	damnant_quod_non_intellegunt	imperium_in_imperio
Protocol	GC-BIOS-831960	GC-PROTOCOL-722637	nanos_gigantum_humeris_insidentes	sterility	labor_ipse_voluptas	pace_tua
Protocol	GC-BIOS-443245	GC-PROTOCOL-551585	pace_tua	in vivo assay	cacatum_non_est_pictum	nascentes_morimur_finisque_ab_origine_pendet
Protocol	GC-BIOS-192097	GC-PROTOCOL-226477	Gallia_est_omnis_divisa_in_partes_tres	sample preparation	cacatum_non_est_pictum	scientia_et_sapientia
Protocol	GC-BIOS-586610	GC-PROTOCOL-519442	scientia,_aere_perennius	physico-chemical assay	O_Tite_tute_Tati_tibi_tanta_tyranne_tulisti	salus_in_arduis
Protocol	GC-BIOS-677480	GC-PROTOCOL-281276	haec_olim_meminisse_iuvabit	in vivo assay	barba_crescit_caput_nescit	scientiae_et_patriae
Protocol	GC-BIOS-507401	GC-PROTOCOL-697958	pace_tua	synthesis	sapiens_qui_prospicit	sapiens_qui_prospicit
Protocol	GC-BIOS-338849	GC-PROTOCOL-318863	pace_tua	radio labeling	nanos_gigantum_humeris_insidentes	scientia,_aere_perennius
Protocol	GC-BIOS-199011	GC-PROTOCOL-916576	imperium_in_imperio	in vivo assay	a_bene_placito	scientia,_aere_perennius
Protocol	GC-BIOS-633654	GC-PROTOCOL-954746	scientia_et_sapientia	sterility	sapiens_qui_prospicit	pace_tua
Protocol	GC-BIOS-412047	GC-PROTOCOL-717438	nanos_gigantum_humeris_insidentes	physico-chemical assay	labor_ipse_voluptas	scientiae_et_patriae
Protocol	GC-BIOS-506871	GC-PROTOCOL-181613	labor_ipse_voluptas	in vitro assay	sapiens_qui_prospicit	pace_tua
Protocol	GC-BIOS-724179	GC-PROTOCOL-646766	saltus_in_demonstrando	sample preparation	id_quod_plerumque_accidit	faber_est_suae_quisque_fortunae
Protocol	GC-BIOS-428099	GC-PROTOCOL-978700	saltus_in_demonstrando	safety	id_quod_plerumque_accidit	scientia,_aere_perennius
Protocol	GC-BIOS-156770	GC-PROTOCOL-811625	scientia_imperii_decus_et_tutamen	purification	scientia_et_labor	O_Tite_tute_Tati_tibi_tanta_tyranne_tulisti
Protocol	GC-BIOS-500340	GC-PROTOCOL-253369	a_bene_placito	Endotoxin	Macte_animo_Generose_puer_sic_itur_ad_astra	labor_ipse_voluptas
Protocol	GC-BIOS-704434	GC-PROTOCOL-894389	id_quod_plerumque_accidit	radio labeling	e_causa_ignota	scientia_imperii_decus_et_tutamen
Protocol	GC-BIOS-483864	GC-PROTOCOL-720085	barba_crescit_caput_nescit	in vivo assay	sapiens_qui_prospicit	sapiens_qui_prospicit
Protocol	GC-BIOS-675336	GC-PROTOCOL-341150	damnant_quod_non_intellegunt	safety	saltus_in_demonstrando	scientia_imperii_decus_et_tutamen
Protocol	GC-BIOS-245120	GC-PROTOCOL-904245	barba_crescit_caput_nescit	radio labeling	pace_tua	nanos_gigantum_humeris_insidentes
Protocol	GC-BIOS-348116	GC-PROTOCOL-833371	pace_tua	in vivo assay	damnant_quod_non_intellegunt	salus_in_arduis
Protocol	GC-BIOS-643968	GC-PROTOCOL-563146	a_bene_placito	in vitro assay	Obedientia_civium_urbis_felicitas	Gallia_est_omnis_divisa_in_partes_tres
Protocol	GC-BIOS-255874	GC-PROTOCOL-678807	scientia,_aere_perennius	in vitro assay	Obedientia_civium_urbis_felicitas	scientia_imperii_decus_et_tutamen
Protocol	GC-BIOS-359603	GC-PROTOCOL-837672	damnant_quod_non_intellegunt	sterility	nascentes_morimur_finisque_ab_origine_pendet	scientiae_et_patriae
Protocol	GC-BIOS-465552	GC-PROTOCOL-451602	scientiae_cedit_mare	synthesis	sapiens_qui_prospicit	scientia_et_labor
Protocol	GC-BIOS-208702	GC-PROTOCOL-956363	cacatum_non_est_pictum	radio labeling	haec_olim_meminisse_iuvabit	scientia,_aere_perennius
Protocol	GC-BIOS-444367	GC-PROTOCOL-444075	cacatum_non_est_pictum	synthesis	salus_in_arduis	scientiae_et_patriae
Protocol	GC-BIOS-913077	GC-PROTOCOL-285904	barba_crescit_caput_nescit	physico-chemical assay	barba_crescit_caput_nescit	scientiae_et_patriae
Protocol	GC-BIOS-410001	GC-PROTOCOL-223972	nanos_gigantum_humeris_insidentes	Endotoxin	scientia,_aere_perennius	scientia_imperii_decus_et_tutamen
Protocol	GC-BIOS-322052	GC-PROTOCOL-361441	scientiae_cedit_mare	safety	nanos_gigantum_humeris_insidentes	saltus_in_demonstrando
Protocol	GC-BIOS-330738	GC-PROTOCOL-972453	id_quod_plerumque_accidit	sterility	sapiens_qui_prospicit	id_quod_plerumque_accidit
Protocol	GC-BIOS-862745	GC-PROTOCOL-345148	haec_olim_meminisse_iuvabit	physico-chemical assay	salus_in_arduis	nanos_gigantum_humeris_insidentes
Protocol	GC-BIOS-229138	GC-PROTOCOL-365527	Obedientia_civium_urbis_felicitas	synthesis	faber_est_suae_quisque_fortunae	scientiae_cedit_mare
Protocol	GC-BIOS-586060	GC-PROTOCOL-673929	Gallia_est_omnis_divisa_in_partes_tres	physico-chemical assay	scientia_et_labor	haec_olim_meminisse_iuvabit
Protocol	GC-BIOS-803486	GC-PROTOCOL-572479	a_bene_placito	sterility	e_causa_ignota	scientia_imperii_decus_et_tutamen
Protocol	GC-BIOS-917720	GC-PROTOCOL-864776	e_causa_ignota	synthesis	haec_olim_meminisse_iuvabit	sapiens_qui_prospicit
Protocol	GC-BIOS-552049	GC-PROTOCOL-745550	barba_crescit_caput_nescit	safety	haec_olim_meminisse_iuvabit	salus_in_arduis
Protocol	GC-BIOS-909277	GC-PROTOCOL-484622	scientia_et_sapientia	purification	scientiae_cedit_mare	imperium_in_imperio
Protocol	GC-BIOS-172103	GC-PROTOCOL-457793	nanos_gigantum_humeris_insidentes	synthesis	scientia_et_labor	scientiae_cedit_mare
Protocol	GC-BIOS-687813	GC-PROTOCOL-382377	nanos_gigantum_humeris_insidentes	Endotoxin	scientia,_aere_perennius	scientia_et_sapientia
Protocol	GC-BIOS-669578	GC-PROTOCOL-597254	a_bene_placito	physico-chemical assay	cacatum_non_est_pictum	Obedientia_civium_urbis_felicitas
Protocol	GC-BIOS-121238	GC-PROTOCOL-161723	scientiae_et_patriae	physico-chemical assay	Gallia_est_omnis_divisa_in_partes_tres	scientia,_aere_perennius
Protocol	GC-BIOS-404340	GC-PROTOCOL-744309	haec_olim_meminisse_iuvabit	synthesis	nascentes_morimur_finisque_ab_origine_pendet	salus_in_arduis
Protocol	GC-BIOS-537342	GC-PROTOCOL-440526	O_Tite_tute_Tati_tibi_tanta_tyranne_tulisti	purification	Macte_animo_Generose_puer_sic_itur_ad_astra	damnant_quod_non_intellegunt
Protocol	GC-BIOS-594715	GC-PROTOCOL-919565	cacatum_non_est_pictum	purification	scientia_imperii_decus_et_tutamen	labor_ipse_voluptas
Protocol	GC-BIOS-842906	GC-PROTOCOL-631091	scientiae_et_patriae	synthesis	Obedientia_civium_urbis_felicitas	Obedientia_civium_urbis_felicitas
Protocol	GC-BIOS-658552	GC-PROTOCOL-978258	scientiae_cedit_mare	radio labeling	nascentes_morimur_finisque_ab_origine_pendet	Obedientia_civium_urbis_felicitas
Protocol	GC-BIOS-548798	GC-PROTOCOL-210738	cacatum_non_est_pictum	radio labeling	sapiens_qui_prospicit	scientiae_et_patriae
Protocol	GC-BIOS-721631	GC-PROTOCOL-698024	imperium_in_imperio	physico-chemical assay	salus_in_arduis	nascentes_morimur_finisque_ab_origine_pendet
Protocol	GC-BIOS-466620	GC-PROTOCOL-782901	barba_crescit_caput_nescit	purification	scientia_imperii_decus_et_tutamen	id_quod_plerumque_accidit
Protocol	GC-BIOS-340988	GC-PROTOCOL-741711	scientia_et_sapientia	radio labeling	scientia_et_sapientia	barba_crescit_caput_nescit
Protocol	GC-BIOS-412229	GC-PROTOCOL-947830	pace_tua	purification	barba_crescit_caput_nescit	damnant_quod_non_intellegunt
Protocol	GC-BIOS-535394	GC-PROTOCOL-693238	salus_in_arduis	purification	scientia_et_labor	Obedientia_civium_urbis_felicitas
Protocol	GC-BIOS-677018	GC-PROTOCOL-526015	scientia_imperii_decus_et_tutamen	Endotoxin	sapiens_qui_prospicit	labor_ipse_voluptas
Protocol	GC-BIOS-710921	GC-PROTOCOL-322694	scientiae_cedit_mare	synthesis	damnant_quod_non_intellegunt	scientia_et_labor
Protocol	GC-BIOS-542754	GC-PROTOCOL-360569	salus_in_arduis	sample preparation	haec_olim_meminisse_iuvabit	Obedientia_civium_urbis_felicitas
Protocol	GC-BIOS-259116	GC-PROTOCOL-889711	a_bene_placito	safety	a_bene_placito	nanos_gigantum_humeris_insidentes
Protocol	GC-BIOS-266028	GC-PROTOCOL-970831	scientia,_aere_perennius	in vivo assay	labor_ipse_voluptas	saltus_in_demonstrando
Protocol	GC-BIOS-135899	GC-PROTOCOL-933966	barba_crescit_caput_nescit	in vitro assay	haec_olim_meminisse_iuvabit	labor_ipse_voluptas
Protocol	GC-BIOS-754129	GC-PROTOCOL-818528	imperium_in_imperio	physico-chemical assay	scientia_imperii_decus_et_tutamen	scientiae_et_patriae
Protocol	GC-BIOS-227186	GC-PROTOCOL-380462	sapiens_qui_prospicit	radio labeling	damnant_quod_non_intellegunt	imperium_in_imperio
Protocol	GC-BIOS-378643	GC-PROTOCOL-631127	faber_est_suae_quisque_fortunae	safety	a_bene_placito	id_quod_plerumque_accidit
Protocol	GC-BIOS-542586	GC-PROTOCOL-851474	saltus_in_demonstrando	safety	scientia_et_labor	damnant_quod_non_intellegunt
Protocol	GC-BIOS-861312	GC-PROTOCOL-598418	scientia_et_sapientia	Endotoxin	sapiens_qui_prospicit	salus_in_arduis
Protocol	GC-BIOS-878071	GC-PROTOCOL-241862	pace_tua	Endotoxin	salus_in_arduis	pace_tua
Protocol	GC-BIOS-868174	GC-PROTOCOL-987798	Gallia_est_omnis_divisa_in_partes_tres	purification	scientia_et_labor	barba_crescit_caput_nescit
Protocol	GC-BIOS-685033	GC-PROTOCOL-584179	cacatum_non_est_pictum	in vitro assay	labor_ipse_voluptas	scientia_imperii_decus_et_tutamen
Protocol	GC-BIOS-991268	GC-PROTOCOL-504578	sapiens_qui_prospicit	in vivo assay	cacatum_non_est_pictum	pace_tua
Protocol	GC-BIOS-702970	GC-PROTOCOL-481185	scientia_et_sapientia	safety	e_causa_ignota	scientia_et_labor
Protocol	GC-BIOS-439311	GC-PROTOCOL-171973	salus_in_arduis	in vitro assay	imperium_in_imperio	cacatum_non_est_pictum
Protocol	GC-BIOS-330065	GC-PROTOCOL-777570	id_quod_plerumque_accidit	in vitro assay	scientia_imperii_decus_et_tutamen	nascentes_morimur_finisque_ab_origine_pendet
Protocol	GC-BIOS-931435	GC-PROTOCOL-905803	id_quod_plerumque_accidit	sample preparation	faber_est_suae_quisque_fortunae	scientia_et_sapientia
Protocol	GC-BIOS-502778	GC-PROTOCOL-866185	scientia,_aere_perennius	sterility	nascentes_morimur_finisque_ab_origine_pendet	scientia,_aere_perennius
Protocol	GC-BIOS-779797	GC-PROTOCOL-745630	O_Tite_tute_Tati_tibi_tanta_tyranne_tulisti	radio labeling	faber_est_suae_quisque_fortunae	labor_ipse_voluptas
Protocol	GC-BIOS-925126	GC-PROTOCOL-674370	damnant_quod_non_intellegunt	physico-chemical assay	e_causa_ignota	a_bene_placito
Protocol	GC-BIOS-672363	GC-PROTOCOL-779487	a_bene_placito	in vivo assay	Gallia_est_omnis_divisa_in_partes_tres	scientia_imperii_decus_et_tutamen
Protocol	GC-BIOS-807745	GC-PROTOCOL-969094	Obedientia_civium_urbis_felicitas	sterility	scientiae_cedit_mare	scientia,_aere_perennius
Protocol	GC-BIOS-323410	GC-PROTOCOL-707409	scientia,_aere_perennius	in vivo assay	pace_tua	pace_tua
Protocol	GC-BIOS-189970	GC-PROTOCOL-454379	imperium_in_imperio	sample preparation	scientia_et_labor	saltus_in_demonstrando
Protocol	GC-BIOS-822573	GC-PROTOCOL-211347	salus_in_arduis	in vitro assay	Macte_animo_Generose_puer_sic_itur_ad_astra	scientiae_et_patriae
Protocol	GC-BIOS-336476	GC-PROTOCOL-363289	scientia,_aere_perennius	Endotoxin	Macte_animo_Generose_puer_sic_itur_ad_astra	damnant_quod_non_intellegunt
Protocol	GC-BIOS-328044	GC-PROTOCOL-169753	scientia,_aere_perennius	Endotoxin	damnant_quod_non_intellegunt	Gallia_est_omnis_divisa_in_partes_tres
Protocol	GC-BIOS-464056	GC-PROTOCOL-826773	sapiens_qui_prospicit	sterility	a_bene_placito	haec_olim_meminisse_iuvabit
Protocol	GC-BIOS-667423	GC-PROTOCOL-604829	salus_in_arduis	safety	scientiae_et_patriae	sapiens_qui_prospicit
Protocol	GC-BIOS-797876	GC-PROTOCOL-577399	imperium_in_imperio	sterility	faber_est_suae_quisque_fortunae	id_quod_plerumque_accidit
Protocol	GC-BIOS-983991	GC-PROTOCOL-544217	nascentes_morimur_finisque_ab_origine_pendet	Endotoxin	Gallia_est_omnis_divisa_in_partes_tres	scientia,_aere_perennius
Protocol	GC-BIOS-531616	GC-PROTOCOL-833066	labor_ipse_voluptas	safety	labor_ipse_voluptas	Macte_animo_Generose_puer_sic_itur_ad_astra
Protocol	GC-BIOS-859381	GC-PROTOCOL-967258	scientia_et_labor	sterility	scientiae_cedit_mare	salus_in_arduis
Protocol	GC-BIOS-414689	GC-PROTOCOL-597107	id_quod_plerumque_accidit	radio labeling	cacatum_non_est_pictum	Gallia_est_omnis_divisa_in_partes_tres
Protocol	GC-BIOS-835407	GC-PROTOCOL-279407	Obedientia_civium_urbis_felicitas	safety	scientia_et_sapientia	scientiae_et_patriae
Protocol	GC-BIOS-555150	GC-PROTOCOL-113253	scientia,_aere_perennius	in vivo assay	e_causa_ignota	saltus_in_demonstrando
Protocol	GC-BIOS-275054	GC-PROTOCOL-987720	haec_olim_meminisse_iuvabit	safety	scientia_imperii_decus_et_tutamen	saltus_in_demonstrando
Protocol	GC-BIOS-763691	GC-PROTOCOL-296225	scientiae_cedit_mare	sterility	scientia_imperii_decus_et_tutamen	id_quod_plerumque_accidit
Protocol	GC-BIOS-483120	GC-PROTOCOL-739221	sapiens_qui_prospicit	purification	e_causa_ignota	imperium_in_imperio
Protocol	GC-BIOS-772592	GC-PROTOCOL-276373	barba_crescit_caput_nescit	in vitro assay	Macte_animo_Generose_puer_sic_itur_ad_astra	imperium_in_imperio
Protocol	GC-BIOS-233061	GC-PROTOCOL-956111	scientia_et_sapientia	Endotoxin	Obedientia_civium_urbis_felicitas	sapiens_qui_prospicit
Protocol	GC-BIOS-900378	GC-PROTOCOL-596537	faber_est_suae_quisque_fortunae	sample preparation	a_bene_placito	id_quod_plerumque_accidit
Protocol	GC-BIOS-809226	GC-PROTOCOL-698357	id_quod_plerumque_accidit	sterility	Macte_animo_Generose_puer_sic_itur_ad_astra	Macte_animo_Generose_puer_sic_itur_ad_astra
Protocol	GC-BIOS-473632	GC-PROTOCOL-917173	salus_in_arduis	sample preparation	Obedientia_civium_urbis_felicitas	haec_olim_meminisse_iuvabit
Protocol	GC-BIOS-781104	GC-PROTOCOL-991015	a_bene_placito	sterility	cacatum_non_est_pictum	Obedientia_civium_urbis_felicitas
Protocol	GC-BIOS-215587	GC-PROTOCOL-772725	Macte_animo_Generose_puer_sic_itur_ad_astra	purification	scientiae_cedit_mare	pace_tua
Protocol	GC-BIOS-546262	GC-PROTOCOL-481676	faber_est_suae_quisque_fortunae	sample preparation	nascentes_morimur_finisque_ab_origine_pendet	saltus_in_demonstrando
Protocol	GC-BIOS-133026	GC-PROTOCOL-187900	O_Tite_tute_Tati_tibi_tanta_tyranne_tulisti	safety	saltus_in_demonstrando	damnant_quod_non_intellegunt
Protocol	GC-BIOS-212941	GC-PROTOCOL-226246	labor_ipse_voluptas	in vitro assay	haec_olim_meminisse_iuvabit	scientia_imperii_decus_et_tutamen
Protocol	GC-BIOS-475668	GC-PROTOCOL-471886	scientia_imperii_decus_et_tutamen	physico-chemical assay	damnant_quod_non_intellegunt	labor_ipse_voluptas
Protocol	GC-BIOS-401822	GC-PROTOCOL-330705	Macte_animo_Generose_puer_sic_itur_ad_astra	sample preparation	id_quod_plerumque_accidit	a_bene_placito
Protocol	GC-BIOS-641880	GC-PROTOCOL-736870	scientia_imperii_decus_et_tutamen	sterility	scientiae_et_patriae	id_quod_plerumque_accidit
Protocol	GC-BIOS-802732	GC-PROTOCOL-912977	scientia,_aere_perennius	sample preparation	haec_olim_meminisse_iuvabit	Macte_animo_Generose_puer_sic_itur_ad_astra
Protocol	GC-BIOS-996382	GC-PROTOCOL-301778	imperium_in_imperio	safety	scientiae_cedit_mare	salus_in_arduis
Protocol	GC-BIOS-512586	GC-PROTOCOL-888807	pace_tua	safety	scientiae_et_patriae	scientia_imperii_decus_et_tutamen
Protocol	GC-BIOS-664859	GC-PROTOCOL-275342	Macte_animo_Generose_puer_sic_itur_ad_astra	physico-chemical assay	damnant_quod_non_intellegunt	scientia_et_sapientia
Protocol	GC-BIOS-743584	GC-PROTOCOL-643286	faber_est_suae_quisque_fortunae	sterility	scientia,_aere_perennius	saltus_in_demonstrando
Protocol	GC-BIOS-612049	GC-PROTOCOL-572167	salus_in_arduis	sterility	scientia_imperii_decus_et_tutamen	imperium_in_imperio
Protocol	GC-BIOS-199697	GC-PROTOCOL-901045	saltus_in_demonstrando	sample preparation	barba_crescit_caput_nescit	scientia_et_labor
Protocol	GC-BIOS-896398	GC-PROTOCOL-455580	scientia,_aere_perennius	purification	faber_est_suae_quisque_fortunae	pace_tua
Protocol	GC-BIOS-580985	GC-PROTOCOL-476482	O_Tite_tute_Tati_tibi_tanta_tyranne_tulisti	purification	labor_ipse_voluptas	saltus_in_demonstrando
Protocol	GC-BIOS-632269	GC-PROTOCOL-122616	damnant_quod_non_intellegunt	in vivo assay	cacatum_non_est_pictum	scientia,_aere_perennius
Protocol	GC-BIOS-729342	GC-PROTOCOL-565650	id_quod_plerumque_accidit	physico-chemical assay	faber_est_suae_quisque_fortunae	scientiae_et_patriae
Protocol	GC-BIOS-321049	GC-PROTOCOL-686616	faber_est_suae_quisque_fortunae	synthesis	salus_in_arduis	salus_in_arduis
Protocol	GC-BIOS-582845	GC-PROTOCOL-733116	faber_est_suae_quisque_fortunae	Endotoxin	imperium_in_imperio	imperium_in_imperio
Protocol	GC-BIOS-649154	GC-PROTOCOL-999045	nanos_gigantum_humeris_insidentes	sample preparation	pace_tua	sapiens_qui_prospicit
Protocol	GC-BIOS-200472	GC-PROTOCOL-721272	a_bene_placito	radio labeling	damnant_quod_non_intellegunt	nascentes_morimur_finisque_ab_origine_pendet
Protocol	GC-BIOS-392490	GC-PROTOCOL-731121	Gallia_est_omnis_divisa_in_partes_tres	sterility	e_causa_ignota	scientiae_cedit_mare
Protocol	GC-BIOS-842389	GC-PROTOCOL-649276	nanos_gigantum_humeris_insidentes	safety	nascentes_morimur_finisque_ab_origine_pendet	scientiae_et_patriae
Protocol	GC-BIOS-287221	GC-PROTOCOL-527275	labor_ipse_voluptas	synthesis	sapiens_qui_prospicit	haec_olim_meminisse_iuvabit
Protocol	GC-BIOS-199344	GC-PROTOCOL-144800	barba_crescit_caput_nescit	sample preparation	haec_olim_meminisse_iuvabit	a_bene_placito
Protocol	GC-BIOS-144296	GC-PROTOCOL-982438	pace_tua	radio labeling	Obedientia_civium_urbis_felicitas	a_bene_placito
Protocol	GC-BIOS-521973	GC-PROTOCOL-246397	Gallia_est_omnis_divisa_in_partes_tres	sample preparation	salus_in_arduis	scientia,_aere_perennius
Protocol	GC-BIOS-273437	GC-PROTOCOL-677478	faber_est_suae_quisque_fortunae	radio labeling	Gallia_est_omnis_divisa_in_partes_tres	faber_est_suae_quisque_fortunae
