type	participant.study_participant_id	sample_id	sample_type	sample_tumor_status	sample_anatomic_site	sample_age_at_collection	derived_from_specimen	biosample_accession
sample	CDS-CASE-962746	CDS-BIOS-254762	Stool	Unknown	Lymph Node(s) Popliteal	93	nascentes_morimur_finisque_ab_origine_pendet	nascentes_morimur_finisque_ab_origine_pendet
sample	CDS-CASE-814767	CDS-BIOS-621123	Fluids	Not Reported	Jaw	553	scientia_et_sapientia	scientiae_cedit_mare
sample	CDS-CASE-845936	CDS-BIOS-656523	Ascites	Peritumoral	Liver	140	nanos_gigantum_humeris_insidentes	nanos_gigantum_humeris_insidentes
sample	CDS-CASE-292069	CDS-BIOS-108672	Blood	Normal	Testis	272	a_bene_placito	scientia_imperii_decus_et_tutamen
sample	CDS-CASE-628491	CDS-BIOS-190244	Blood	Peritumoral	Nasopharynx	800	damnant_quod_non_intellegunt	Obedientia_civium_urbis_felicitas
sample	CDS-CASE-592632	CDS-BIOS-288553	Analyte	Not Reported	Adipose	98	scientia,_aere_perennius	saltus_in_demonstrando
sample	CDS-CASE-537921	CDS-BIOS-917128	Bone Marrow	Normal	Sternum	918	scientia,_aere_perennius	id_quod_plerumque_accidit
sample	CDS-CASE-671547	CDS-BIOS-261837	Analyte	Not Reported	Pituitary Gland	446	sapiens_qui_prospicit	scientia,_aere_perennius
sample	CDS-CASE-192818	CDS-BIOS-164589	Fluids	Not Reported	Forearm	734	a_bene_placito	O_Tite_tute_Tati_tibi_tanta_tyranne_tulisti
sample	CDS-CASE-852863	CDS-BIOS-368993	Cells	Peritumoral	Amniotic Fluid	779	labor_ipse_voluptas	pace_tua
sample	CDS-CASE-697262	CDS-BIOS-295765	Blood	Normal	Lung metastasis	509	salus_in_arduis	saltus_in_demonstrando
sample	CDS-CASE-673892	CDS-BIOS-731520	Urine	Unknown	Ear Canal	388	damnant_quod_non_intellegunt	salus_in_arduis
sample	CDS-CASE-381941	CDS-BIOS-121494	Cells	Peritumoral	Duodenum	255	scientiae_cedit_mare	imperium_in_imperio
sample	CDS-CASE-311806	CDS-BIOS-438322	Cells	Not Reported	Breast	806	barba_crescit_caput_nescit	imperium_in_imperio
sample	CDS-CASE-240582	CDS-BIOS-410827	Fluids	Not Reported	Heart	451	barba_crescit_caput_nescit	sapiens_qui_prospicit
sample	CDS-CASE-482575	CDS-BIOS-952944	Mouth Rinse	Normal	Vulva	134	O_Tite_tute_Tati_tibi_tanta_tyranne_tulisti	salus_in_arduis
sample	CDS-CASE-387320	CDS-BIOS-782917	Tissue	Peritumoral	Periorbital Soft Tissue	280	salus_in_arduis	O_Tite_tute_Tati_tibi_tanta_tyranne_tulisti
sample	CDS-CASE-413059	CDS-BIOS-998731	Analyte	Tumor	Bronchiole	243	haec_olim_meminisse_iuvabit	pace_tua
sample	CDS-CASE-888023	CDS-BIOS-913391	Urine	Peritumoral	Antrum	841	sapiens_qui_prospicit	barba_crescit_caput_nescit
sample	CDS-CASE-412658	CDS-BIOS-660834	Blood	Not Reported	Abdomen	560	scientiae_cedit_mare	sapiens_qui_prospicit
sample	CDS-CASE-121891	CDS-BIOS-123561	Stool	Tumor	Duodenum	86	id_quod_plerumque_accidit	O_Tite_tute_Tati_tibi_tanta_tyranne_tulisti
sample	CDS-CASE-183443	CDS-BIOS-420317	Ascites	Normal	Conjunctiva	860	barba_crescit_caput_nescit	nanos_gigantum_humeris_insidentes
sample	CDS-CASE-605114	CDS-BIOS-749806	Fluids	Unknown	Fluid	113	salus_in_arduis	scientia_et_labor
sample	CDS-CASE-891451	CDS-BIOS-568433	Analyte	Normal	Stomach	108	imperium_in_imperio	scientiae_et_patriae
sample	CDS-CASE-207224	CDS-BIOS-594145	Analyte	Unknown	Mandible	693	Obedientia_civium_urbis_felicitas	scientiae_cedit_mare
sample	CDS-CASE-467011	CDS-BIOS-925545	Tissue	Not Reported	Ganglia	181	haec_olim_meminisse_iuvabit	scientia_et_labor
sample	CDS-CASE-597452	CDS-BIOS-742106	Analyte	Tumor	Lymph Node(s) Occipital	864	Macte_animo_Generose_puer_sic_itur_ad_astra	O_Tite_tute_Tati_tibi_tanta_tyranne_tulisti
sample	CDS-CASE-271855	CDS-BIOS-132283	Mouth Rinse	Peritumoral	Blood	158	scientia_et_labor	faber_est_suae_quisque_fortunae
sample	CDS-CASE-544293	CDS-BIOS-108836	Tissue	Unknown	R. Neck mass	58	scientia_imperii_decus_et_tutamen	scientiae_et_patriae
sample	CDS-CASE-926966	CDS-BIOS-356142	Bone Marrow	Unknown	Descending Colon	605	labor_ipse_voluptas	damnant_quod_non_intellegunt
sample	CDS-CASE-674449	CDS-BIOS-275960	Analyte	Tumor	Thigh	762	nascentes_morimur_finisque_ab_origine_pendet	scientiae_cedit_mare
sample	CDS-CASE-594632	CDS-BIOS-383451	Blood	Unknown	Lymph Node(s) Axilla	339	id_quod_plerumque_accidit	scientia_et_sapientia
sample	CDS-CASE-155372	CDS-BIOS-924547	Ascites	Not Reported	Breast	826	haec_olim_meminisse_iuvabit	scientia_imperii_decus_et_tutamen
sample	CDS-CASE-928711	CDS-BIOS-603236	Ascites	Tumor	Endocrine Gland	787	Macte_animo_Generose_puer_sic_itur_ad_astra	Macte_animo_Generose_puer_sic_itur_ad_astra
sample	CDS-CASE-865583	CDS-BIOS-873162	Sputum	Tumor	Fluid	76	nascentes_morimur_finisque_ab_origine_pendet	sapiens_qui_prospicit
sample	CDS-CASE-726484	CDS-BIOS-465969	Analyte	Peritumoral	Bone marrow	603	sapiens_qui_prospicit	scientia_et_labor
sample	CDS-CASE-217108	CDS-BIOS-448550	Analyte	Normal	Lymph Node(s) Popliteal	836	pace_tua	labor_ipse_voluptas
sample	CDS-CASE-384852	CDS-BIOS-580119	Fluids	Unknown	Head - Face Or Neck, Nos	38	nascentes_morimur_finisque_ab_origine_pendet	Obedientia_civium_urbis_felicitas
sample	CDS-CASE-761195	CDS-BIOS-676259	Blood	Not Reported	Lymph Node(s) Parotid	556	sapiens_qui_prospicit	scientiae_et_patriae
sample	CDS-CASE-282998	CDS-BIOS-261844	Stool	Tumor	Groin	328	salus_in_arduis	scientia_et_sapientia
sample	CDS-CASE-994657	CDS-BIOS-365887	Tissue	Normal	Subglottis	791	a_bene_placito	e_causa_ignota
sample	CDS-CASE-931547	CDS-BIOS-268496	Ascites	Unknown	Scalp	106	scientia,_aere_perennius	damnant_quod_non_intellegunt
sample	CDS-CASE-191727	CDS-BIOS-486069	Bone Marrow	Tumor	Rectosigmoid Junction	45	haec_olim_meminisse_iuvabit	scientia_et_sapientia
sample	CDS-CASE-746338	CDS-BIOS-939585	Cells	Unknown	R. Breast metastasis	935	Gallia_est_omnis_divisa_in_partes_tres	sapiens_qui_prospicit
sample	CDS-CASE-301118	CDS-BIOS-407828	Stool	Peritumoral	Bladder	267	scientia_imperii_decus_et_tutamen	Obedientia_civium_urbis_felicitas
sample	CDS-CASE-620544	CDS-BIOS-352399	Mouth Rinse	Tumor	R. femur/rib/verebra	59	O_Tite_tute_Tati_tibi_tanta_tyranne_tulisti	Macte_animo_Generose_puer_sic_itur_ad_astra
sample	CDS-CASE-105858	CDS-BIOS-190336	Fluids	Normal	Chin	410	nanos_gigantum_humeris_insidentes	nascentes_morimur_finisque_ab_origine_pendet
sample	CDS-CASE-541970	CDS-BIOS-893038	Cells	Tumor	Cerebrum	159	salus_in_arduis	pace_tua
sample	CDS-CASE-920625	CDS-BIOS-168269	Stool	Tumor	Ileum	492	nanos_gigantum_humeris_insidentes	scientiae_et_patriae
sample	CDS-CASE-972097	CDS-BIOS-570117	Ascites	Unknown	Paraspinal Ganglion	777	a_bene_placito	cacatum_non_est_pictum
sample	CDS-CASE-312694	CDS-BIOS-704181	Tissue	Tumor	Tonsil	681	faber_est_suae_quisque_fortunae	scientiae_et_patriae
sample	CDS-CASE-787017	CDS-BIOS-205517	Blood	Not Reported	Fibroblasts	948	haec_olim_meminisse_iuvabit	scientia_et_sapientia
sample	CDS-CASE-583835	CDS-BIOS-429209	Stool	Unknown	Calf	924	scientia,_aere_perennius	nanos_gigantum_humeris_insidentes
sample	CDS-CASE-568302	CDS-BIOS-928810	Sputum	Tumor	Seminal Vesicle	472	haec_olim_meminisse_iuvabit	barba_crescit_caput_nescit
sample	CDS-CASE-650162	CDS-BIOS-357782	Ascites	Normal	Buttock	124	barba_crescit_caput_nescit	e_causa_ignota
sample	CDS-CASE-807411	CDS-BIOS-709231	Ascites	Normal	White Blood Cells	67	scientiae_et_patriae	haec_olim_meminisse_iuvabit
sample	CDS-CASE-546316	CDS-BIOS-248574	Urine	Peritumoral	Ear Canal	85	faber_est_suae_quisque_fortunae	damnant_quod_non_intellegunt
sample	CDS-CASE-278653	CDS-BIOS-716872	Mouth Rinse	Tumor	Subcutaneous Tissue	112	saltus_in_demonstrando	imperium_in_imperio
sample	CDS-CASE-793457	CDS-BIOS-729444	Sputum	Normal	Muscle	505	e_causa_ignota	imperium_in_imperio
sample	CDS-CASE-745581	CDS-BIOS-191818	Stool	Unknown	Nasopharynx	232	barba_crescit_caput_nescit	Macte_animo_Generose_puer_sic_itur_ad_astra
sample	CDS-CASE-225877	CDS-BIOS-686917	Urine	Normal	Paraspinal Ganglion	407	id_quod_plerumque_accidit	saltus_in_demonstrando
sample	CDS-CASE-264434	CDS-BIOS-922067	Urine	Peritumoral	Larynx	259	nascentes_morimur_finisque_ab_origine_pendet	Gallia_est_omnis_divisa_in_partes_tres
sample	CDS-CASE-620192	CDS-BIOS-255040	Stool	Unknown	Perineum	927	salus_in_arduis	e_causa_ignota
sample	CDS-CASE-954433	CDS-BIOS-985027	Sputum	Normal	Distal femur	967	nanos_gigantum_humeris_insidentes	sapiens_qui_prospicit
sample	CDS-CASE-653777	CDS-BIOS-500787	Mouth Rinse	Normal	White Blood Cells	482	scientia,_aere_perennius	salus_in_arduis
sample	CDS-CASE-118502	CDS-BIOS-825682	Sputum	Tumor	Fallopian Tube	316	nanos_gigantum_humeris_insidentes	sapiens_qui_prospicit
sample	CDS-CASE-589256	CDS-BIOS-502221	Analyte	Tumor	Nerve	158	cacatum_non_est_pictum	e_causa_ignota
sample	CDS-CASE-481035	CDS-BIOS-426080	Mouth Rinse	Tumor	Foot	11	Gallia_est_omnis_divisa_in_partes_tres	imperium_in_imperio
sample	CDS-CASE-244214	CDS-BIOS-845871	Ascites	Normal	Paraspinal Ganglion	940	Obedientia_civium_urbis_felicitas	sapiens_qui_prospicit
sample	CDS-CASE-608880	CDS-BIOS-573041	Stool	Unknown	Hip	788	a_bene_placito	O_Tite_tute_Tati_tibi_tanta_tyranne_tulisti
sample	CDS-CASE-834566	CDS-BIOS-590197	Sputum	Peritumoral	R. Neck mass	295	damnant_quod_non_intellegunt	scientia_et_sapientia
sample	CDS-CASE-934603	CDS-BIOS-400702	Blood	Peritumoral	Pleural effusion met	853	scientiae_cedit_mare	cacatum_non_est_pictum
sample	CDS-CASE-855950	CDS-BIOS-897973	Blood	Peritumoral	Bronchiole	226	saltus_in_demonstrando	Macte_animo_Generose_puer_sic_itur_ad_astra
sample	CDS-CASE-131084	CDS-BIOS-433798	Stool	Normal	Brain	903	a_bene_placito	scientiae_cedit_mare
sample	CDS-CASE-333654	CDS-BIOS-301283	Tissue	Normal	Epididymis	764	Obedientia_civium_urbis_felicitas	damnant_quod_non_intellegunt
sample	CDS-CASE-356283	CDS-BIOS-689808	Stool	Peritumoral	Paranasal Sinuses	979	a_bene_placito	Macte_animo_Generose_puer_sic_itur_ad_astra
sample	CDS-CASE-601481	CDS-BIOS-169752	Sputum	Normal	Not Allowed To Collect	26	scientiae_et_patriae	nascentes_morimur_finisque_ab_origine_pendet
sample	CDS-CASE-458711	CDS-BIOS-300482	Cells	Tumor	Fibula	81	barba_crescit_caput_nescit	e_causa_ignota
sample	CDS-CASE-160667	CDS-BIOS-355427	Blood	Unknown	Posterior mediastil mass (mediastinum)	908	scientia_et_labor	nascentes_morimur_finisque_ab_origine_pendet
sample	CDS-CASE-860536	CDS-BIOS-375715	Cells	Not Reported	Blood	765	id_quod_plerumque_accidit	sapiens_qui_prospicit
sample	CDS-CASE-742268	CDS-BIOS-724961	Analyte	Unknown	Lymph Node(s) Parotid	617	nascentes_morimur_finisque_ab_origine_pendet	salus_in_arduis
sample	CDS-CASE-523568	CDS-BIOS-125501	Stool	Normal	Lymph Node(s) Femoral	846	pace_tua	Obedientia_civium_urbis_felicitas
sample	CDS-CASE-121902	CDS-BIOS-799637	Analyte	Normal	Glottis	559	scientiae_et_patriae	scientiae_cedit_mare
sample	CDS-CASE-644910	CDS-BIOS-521013	Fluids	Not Reported	Gum	951	e_causa_ignota	scientiae_cedit_mare
sample	CDS-CASE-736296	CDS-BIOS-292071	Cells	Not Reported	Auditory Canal	580	saltus_in_demonstrando	saltus_in_demonstrando
sample	CDS-CASE-504936	CDS-BIOS-739161	Fluids	Peritumoral	Brain Stem	702	scientiae_et_patriae	imperium_in_imperio
sample	CDS-CASE-551207	CDS-BIOS-169186	Fluids	Tumor	Gallbladder	691	scientia_imperii_decus_et_tutamen	scientiae_cedit_mare
sample	CDS-CASE-834151	CDS-BIOS-149581	Sputum	Not Reported	Paracaval Lymph Node metastasis	626	imperium_in_imperio	sapiens_qui_prospicit
sample	CDS-CASE-812009	CDS-BIOS-485899	Fluids	Peritumoral	Nails	312	scientia_et_labor	scientia_et_sapientia
sample	CDS-CASE-104529	CDS-BIOS-875783	Stool	Tumor	Autonomic Nervous System	985	haec_olim_meminisse_iuvabit	scientia_imperii_decus_et_tutamen
sample	CDS-CASE-777751	CDS-BIOS-485686	Bone Marrow	Normal	Lymph Node(s) Retroperitoneal	895	Macte_animo_Generose_puer_sic_itur_ad_astra	Obedientia_civium_urbis_felicitas
sample	CDS-CASE-537623	CDS-BIOS-172762	Analyte	Not Reported	Adipose	500	scientia_et_sapientia	nascentes_morimur_finisque_ab_origine_pendet
sample	CDS-CASE-652629	CDS-BIOS-836667	Fluids	Peritumoral	Synovium	669	cacatum_non_est_pictum	id_quod_plerumque_accidit
sample	CDS-CASE-835891	CDS-BIOS-328040	Cells	Tumor	Lung	422	O_Tite_tute_Tati_tibi_tanta_tyranne_tulisti	O_Tite_tute_Tati_tibi_tanta_tyranne_tulisti
sample	CDS-CASE-376573	CDS-BIOS-394271	Fluids	Normal	Fluid	422	Obedientia_civium_urbis_felicitas	O_Tite_tute_Tati_tibi_tanta_tyranne_tulisti
sample	CDS-CASE-729946	CDS-BIOS-999985	Analyte	Not Reported	Hepatic Duct	741	sapiens_qui_prospicit	salus_in_arduis
sample	CDS-CASE-784111	CDS-BIOS-844001	Urine	Not Reported	Retroperitoneum	206	imperium_in_imperio	O_Tite_tute_Tati_tibi_tanta_tyranne_tulisti
sample	CDS-CASE-487619	CDS-BIOS-935982	Mouth Rinse	Peritumoral	Brain Stem	286	a_bene_placito	scientiae_et_patriae
sample	CDS-CASE-166175	CDS-BIOS-777963	Blood	Not Reported	Ureter	573	scientia,_aere_perennius	sapiens_qui_prospicit
sample	CDS-CASE-931885	CDS-BIOS-646622	Cells	Tumor	Ampulla Of Vater	860	scientia_et_labor	scientia_imperii_decus_et_tutamen
sample	CDS-CASE-658009	CDS-BIOS-830305	Sputum	Normal	R. Neck mass	192	pace_tua	Gallia_est_omnis_divisa_in_partes_tres
sample	CDS-CASE-621590	CDS-BIOS-393824	Blood	Normal	Rectosigmoid Junction	110	Macte_animo_Generose_puer_sic_itur_ad_astra	e_causa_ignota
sample	CDS-CASE-646263	CDS-BIOS-939582	Mouth Rinse	Normal	Hip	894	saltus_in_demonstrando	Macte_animo_Generose_puer_sic_itur_ad_astra
sample	CDS-CASE-428207	CDS-BIOS-194338	Cells	Not Reported	Subcutaneous Tissue	521	Macte_animo_Generose_puer_sic_itur_ad_astra	e_causa_ignota
sample	CDS-CASE-475834	CDS-BIOS-523702	Analyte	Peritumoral	Parotid Gland	529	faber_est_suae_quisque_fortunae	pace_tua
sample	CDS-CASE-739686	CDS-BIOS-498561	Sputum	Peritumoral	Endocrine Gland	58	saltus_in_demonstrando	haec_olim_meminisse_iuvabit
sample	CDS-CASE-388733	CDS-BIOS-433479	Sputum	Peritumoral	R. femur/rib/verebra	547	scientia_et_sapientia	salus_in_arduis
sample	CDS-CASE-190302	CDS-BIOS-284510	Analyte	Normal	Jaw	403	Macte_animo_Generose_puer_sic_itur_ad_astra	sapiens_qui_prospicit
sample	CDS-CASE-929855	CDS-BIOS-913511	Fluids	Tumor	Tendon	385	pace_tua	a_bene_placito
sample	CDS-CASE-127729	CDS-BIOS-602384	Analyte	Peritumoral	Adenoid	231	salus_in_arduis	scientia_et_sapientia
sample	CDS-CASE-311542	CDS-BIOS-760606	Analyte	Peritumoral	Cardia	62	cacatum_non_est_pictum	e_causa_ignota
sample	CDS-CASE-860186	CDS-BIOS-517476	Urine	Tumor	Pharynx	794	faber_est_suae_quisque_fortunae	saltus_in_demonstrando
sample	CDS-CASE-875518	CDS-BIOS-601065	Mouth Rinse	Unknown	Esophagus	879	barba_crescit_caput_nescit	Gallia_est_omnis_divisa_in_partes_tres
sample	CDS-CASE-724423	CDS-BIOS-611999	Blood	Peritumoral	Rectosigmoid Junction	699	damnant_quod_non_intellegunt	scientia_et_sapientia
sample	CDS-CASE-822807	CDS-BIOS-344877	Sputum	Normal	Vulva	962	nanos_gigantum_humeris_insidentes	nascentes_morimur_finisque_ab_origine_pendet
sample	CDS-CASE-568099	CDS-BIOS-207731	Cells	Unknown	Auditory Canal	590	damnant_quod_non_intellegunt	scientiae_et_patriae
sample	CDS-CASE-216237	CDS-BIOS-800467	Fluids	Peritumoral	Colon - Mucosa Only	285	cacatum_non_est_pictum	Gallia_est_omnis_divisa_in_partes_tres
sample	CDS-CASE-906133	CDS-BIOS-217468	Blood	Tumor	Esophageal; Mid	442	a_bene_placito	barba_crescit_caput_nescit
sample	CDS-CASE-459757	CDS-BIOS-871383	Urine	Not Reported	Popliteal Fossa	87	scientia_imperii_decus_et_tutamen	haec_olim_meminisse_iuvabit
sample	CDS-CASE-287024	CDS-BIOS-378973	Mouth Rinse	Unknown	Eye	243	sapiens_qui_prospicit	sapiens_qui_prospicit
sample	CDS-CASE-891734	CDS-BIOS-728800	Ascites	Peritumoral	Occipital Cortex	45	Macte_animo_Generose_puer_sic_itur_ad_astra	saltus_in_demonstrando
sample	CDS-CASE-419213	CDS-BIOS-316617	Blood	Peritumoral	Rectosigmoid Junction	964	nascentes_morimur_finisque_ab_origine_pendet	salus_in_arduis
sample	CDS-CASE-707993	CDS-BIOS-672112	Fluids	Not Reported	Hand	304	Obedientia_civium_urbis_felicitas	pace_tua
sample	CDS-CASE-928760	CDS-BIOS-783190	Sputum	Tumor	Stomach - Mucosa Only	294	imperium_in_imperio	Macte_animo_Generose_puer_sic_itur_ad_astra
sample	CDS-CASE-441833	CDS-BIOS-278185	Sputum	Normal	Urinary Tract	426	cacatum_non_est_pictum	Macte_animo_Generose_puer_sic_itur_ad_astra
sample	CDS-CASE-719658	CDS-BIOS-851234	Mouth Rinse	Peritumoral	Diaphragm	394	saltus_in_demonstrando	damnant_quod_non_intellegunt
sample	CDS-CASE-839650	CDS-BIOS-625947	Sputum	Normal	Not specified in data	783	imperium_in_imperio	scientia_et_labor
sample	CDS-CASE-406507	CDS-BIOS-769162	Mouth Rinse	Unknown	Cecum	901	haec_olim_meminisse_iuvabit	scientiae_et_patriae
sample	CDS-CASE-543295	CDS-BIOS-226859	Sputum	Peritumoral	Endocrine Gland	405	nanos_gigantum_humeris_insidentes	e_causa_ignota
sample	CDS-CASE-281110	CDS-BIOS-419938	Mouth Rinse	Unknown	Subcutaneous Tissue	912	scientia_et_sapientia	damnant_quod_non_intellegunt
sample	CDS-CASE-661309	CDS-BIOS-366822	Mouth Rinse	Unknown	Amniotic Fluid	435	scientia_et_labor	Obedientia_civium_urbis_felicitas
sample	CDS-CASE-157920	CDS-BIOS-961706	Tissue	Tumor	Peritoneum	929	haec_olim_meminisse_iuvabit	a_bene_placito
sample	CDS-CASE-902408	CDS-BIOS-324180	Mouth Rinse	Unknown	Lung met	431	id_quod_plerumque_accidit	scientiae_cedit_mare
sample	CDS-CASE-741514	CDS-BIOS-865034	Cells	Unknown	Skin	293	cacatum_non_est_pictum	scientia,_aere_perennius
sample	CDS-CASE-634827	CDS-BIOS-629516	Analyte	Tumor	Gallbladder	453	O_Tite_tute_Tati_tibi_tanta_tyranne_tulisti	scientiae_cedit_mare
sample	CDS-CASE-974585	CDS-BIOS-325175	Mouth Rinse	Unknown	Uterus	705	sapiens_qui_prospicit	scientia_et_labor
sample	CDS-CASE-595824	CDS-BIOS-299769	Bone Marrow	Tumor	Femoral Vein	642	faber_est_suae_quisque_fortunae	nascentes_morimur_finisque_ab_origine_pendet
sample	CDS-CASE-473537	CDS-BIOS-448310	Analyte	Unknown	Ligament	210	sapiens_qui_prospicit	saltus_in_demonstrando
sample	CDS-CASE-293076	CDS-BIOS-466694	Tissue	Peritumoral	Forehead	665	Obedientia_civium_urbis_felicitas	imperium_in_imperio
sample	CDS-CASE-137682	CDS-BIOS-597448	Stool	Normal	Peripheral blood	207	scientiae_cedit_mare	a_bene_placito
sample	CDS-CASE-386006	CDS-BIOS-841776	Mouth Rinse	Normal	Esophagogastric Junction	934	imperium_in_imperio	Gallia_est_omnis_divisa_in_partes_tres
sample	CDS-CASE-454896	CDS-BIOS-507777	Sputum	Peritumoral	Submandibular Gland	501	salus_in_arduis	scientiae_et_patriae
sample	CDS-CASE-310191	CDS-BIOS-830421	Ascites	Not Reported	4th ventricle	654	scientia_et_labor	scientia_imperii_decus_et_tutamen
sample	CDS-CASE-362878	CDS-BIOS-986026	Sputum	Not Reported	R. femur/rib/verebra	915	cacatum_non_est_pictum	nanos_gigantum_humeris_insidentes
sample	CDS-CASE-755926	CDS-BIOS-276986	Urine	Unknown	Lumbar Spine	880	Obedientia_civium_urbis_felicitas	sapiens_qui_prospicit
sample	CDS-CASE-464384	CDS-BIOS-916252	Mouth Rinse	Peritumoral	Brow	672	labor_ipse_voluptas	imperium_in_imperio
sample	CDS-CASE-785226	CDS-BIOS-640144	Fluids	Normal	Round Ligament	48	pace_tua	e_causa_ignota
sample	CDS-CASE-100665	CDS-BIOS-414587	Cells	Not Reported	Fundus Of Stomach	376	Macte_animo_Generose_puer_sic_itur_ad_astra	id_quod_plerumque_accidit
sample	CDS-CASE-431076	CDS-BIOS-759063	Fluids	Normal	Abdominal mass	915	scientia_et_labor	a_bene_placito
sample	CDS-CASE-217094	CDS-BIOS-764805	Fluids	Normal	Connective Tissue	867	Obedientia_civium_urbis_felicitas	id_quod_plerumque_accidit
sample	CDS-CASE-657731	CDS-BIOS-926525	Ascites	Normal	Lymph Node	689	labor_ipse_voluptas	saltus_in_demonstrando
sample	CDS-CASE-900611	CDS-BIOS-970118	Ascites	Not Reported	L. Femur	824	scientia,_aere_perennius	scientia_et_sapientia
sample	CDS-CASE-103801	CDS-BIOS-172603	Fluids	Normal	Esophageal; Proximal	898	labor_ipse_voluptas	Obedientia_civium_urbis_felicitas
sample	CDS-CASE-628247	CDS-BIOS-507213	Ascites	Normal	Esophageal; Proximal	374	id_quod_plerumque_accidit	scientia_imperii_decus_et_tutamen
sample	CDS-CASE-989506	CDS-BIOS-617889	Analyte	Unknown	Throat	965	nascentes_morimur_finisque_ab_origine_pendet	salus_in_arduis
sample	CDS-CASE-979732	CDS-BIOS-457197	Sputum	Not Reported	Bronchiole	68	nascentes_morimur_finisque_ab_origine_pendet	a_bene_placito
sample	CDS-CASE-866895	CDS-BIOS-414774	Stool	Unknown	Sacrum	396	damnant_quod_non_intellegunt	scientiae_cedit_mare
sample	CDS-CASE-979460	CDS-BIOS-840686	Stool	Tumor	Chest Wall	279	scientiae_cedit_mare	Obedientia_civium_urbis_felicitas
sample	CDS-CASE-835516	CDS-BIOS-854625	Stool	Peritumoral	Peripheral blood	884	Macte_animo_Generose_puer_sic_itur_ad_astra	scientia,_aere_perennius
sample	CDS-CASE-855036	CDS-BIOS-893170	Ascites	Not Reported	Lymph Node(s) Popliteal	753	imperium_in_imperio	cacatum_non_est_pictum
sample	CDS-CASE-143349	CDS-BIOS-928671	Analyte	Unknown	Abdominal mass	70	pace_tua	scientia_et_labor
sample	CDS-CASE-261597	CDS-BIOS-947453	Fluids	Peritumoral	Forehead	354	e_causa_ignota	imperium_in_imperio
sample	CDS-CASE-308461	CDS-BIOS-348408	Ascites	Peritumoral	Subglottis	320	scientiae_cedit_mare	damnant_quod_non_intellegunt
sample	CDS-CASE-743053	CDS-BIOS-270608	Cells	Normal	Lymph Node(s) Inguinal	817	imperium_in_imperio	scientiae_et_patriae
sample	CDS-CASE-419785	CDS-BIOS-959667	Fluids	Peritumoral	Blood	188	a_bene_placito	pace_tua
sample	CDS-CASE-277788	CDS-BIOS-378587	Stool	Peritumoral	Ocular Orbits	21	a_bene_placito	a_bene_placito
sample	CDS-CASE-274516	CDS-BIOS-658988	Tissue	Peritumoral	Small Bowel - Mucosa Only	283	barba_crescit_caput_nescit	saltus_in_demonstrando
sample	CDS-CASE-156277	CDS-BIOS-862772	Blood	Normal	Cervical Spine	571	sapiens_qui_prospicit	faber_est_suae_quisque_fortunae
sample	CDS-CASE-317354	CDS-BIOS-328735	Ascites	Tumor	Muscle	881	cacatum_non_est_pictum	O_Tite_tute_Tati_tibi_tanta_tyranne_tulisti
sample	CDS-CASE-671979	CDS-BIOS-169920	Analyte	Unknown	Vas Deferens	828	O_Tite_tute_Tati_tibi_tanta_tyranne_tulisti	scientiae_et_patriae
sample	CDS-CASE-311922	CDS-BIOS-112003	Ascites	Not Reported	Pineal	288	nascentes_morimur_finisque_ab_origine_pendet	labor_ipse_voluptas
sample	CDS-CASE-985472	CDS-BIOS-171048	Mouth Rinse	Normal	Acetabulum	89	imperium_in_imperio	scientia,_aere_perennius
sample	CDS-CASE-606336	CDS-BIOS-622541	Mouth Rinse	Not Reported	Ilium	113	scientiae_cedit_mare	imperium_in_imperio
sample	CDS-CASE-181666	CDS-BIOS-869017	Sputum	Normal	Thorax	214	a_bene_placito	scientia,_aere_perennius
sample	CDS-CASE-227963	CDS-BIOS-203189	Ascites	Peritumoral	Popliteal Fossa	578	scientia_et_sapientia	nanos_gigantum_humeris_insidentes
sample	CDS-CASE-477281	CDS-BIOS-475405	Ascites	Not Reported	Rectum	883	Macte_animo_Generose_puer_sic_itur_ad_astra	pace_tua
sample	CDS-CASE-595205	CDS-BIOS-234699	Bone Marrow	Normal	Fundus Of Stomach	127	damnant_quod_non_intellegunt	Gallia_est_omnis_divisa_in_partes_tres
sample	CDS-CASE-904084	CDS-BIOS-150172	Ascites	Tumor	Head & Neck	939	saltus_in_demonstrando	Gallia_est_omnis_divisa_in_partes_tres
sample	CDS-CASE-294573	CDS-BIOS-858647	Bone Marrow	Not Reported	Urethra	878	damnant_quod_non_intellegunt	saltus_in_demonstrando
sample	CDS-CASE-414350	CDS-BIOS-234105	Bone Marrow	Normal	Glottis	678	sapiens_qui_prospicit	damnant_quod_non_intellegunt
sample	CDS-CASE-396116	CDS-BIOS-263929	Blood	Unknown	Lacrimal Gland	945	cacatum_non_est_pictum	e_causa_ignota
sample	CDS-CASE-908574	CDS-BIOS-756513	Analyte	Unknown	Ankle	805	a_bene_placito	cacatum_non_est_pictum
sample	CDS-CASE-874539	CDS-BIOS-759817	Urine	Normal	Lymph Node(s) Splenic	37	scientia_et_labor	Obedientia_civium_urbis_felicitas
sample	CDS-CASE-206550	CDS-BIOS-895617	Blood	Normal	Lung	12	cacatum_non_est_pictum	Obedientia_civium_urbis_felicitas
sample	CDS-CASE-558959	CDS-BIOS-687698	Bone Marrow	Peritumoral	Diaphragm	978	scientia_imperii_decus_et_tutamen	O_Tite_tute_Tati_tibi_tanta_tyranne_tulisti
sample	CDS-CASE-449647	CDS-BIOS-769309	Stool	Normal	Ascending Colon	875	scientia_et_labor	barba_crescit_caput_nescit
sample	CDS-CASE-186433	CDS-BIOS-726788	Sputum	Not Reported	Ascending Colon	84	pace_tua	damnant_quod_non_intellegunt
sample	CDS-CASE-622615	CDS-BIOS-243848	Urine	Unknown	Lymph Node(s) Supraclavicular	28	e_causa_ignota	scientia_et_labor
sample	CDS-CASE-892873	CDS-BIOS-281315	Cells	Not Reported	Retro-Orbital Region	28	nascentes_morimur_finisque_ab_origine_pendet	damnant_quod_non_intellegunt
sample	CDS-CASE-908065	CDS-BIOS-649333	Mouth Rinse	Peritumoral	Abdomen	649	scientiae_cedit_mare	nanos_gigantum_humeris_insidentes
sample	CDS-CASE-278371	CDS-BIOS-321889	Mouth Rinse	Not Reported	Seminal Vesicle	319	imperium_in_imperio	e_causa_ignota
sample	CDS-CASE-649134	CDS-BIOS-437173	Bone Marrow	Peritumoral	Tongue	557	scientia_et_labor	pace_tua
sample	CDS-CASE-348010	CDS-BIOS-527125	Analyte	Normal	Lymph Node(s) Iliac-Common	414	barba_crescit_caput_nescit	Macte_animo_Generose_puer_sic_itur_ad_astra
sample	CDS-CASE-160111	CDS-BIOS-750522	Mouth Rinse	Unknown	Chin	936	scientia,_aere_perennius	scientia_et_labor
sample	CDS-CASE-281294	CDS-BIOS-527191	Fluids	Tumor	Chin	172	Gallia_est_omnis_divisa_in_partes_tres	sapiens_qui_prospicit
sample	CDS-CASE-797444	CDS-BIOS-678833	Sputum	Normal	Cecum	462	e_causa_ignota	faber_est_suae_quisque_fortunae
sample	CDS-CASE-774041	CDS-BIOS-550894	Blood	Unknown	Small Bowel - Mucosa Only	841	faber_est_suae_quisque_fortunae	damnant_quod_non_intellegunt
sample	CDS-CASE-455568	CDS-BIOS-953106	Stool	Not Reported	Cervical node	357	sapiens_qui_prospicit	labor_ipse_voluptas
sample	CDS-CASE-476977	CDS-BIOS-548213	Mouth Rinse	Not Reported	Lymph Node(s) Occipital	74	nanos_gigantum_humeris_insidentes	salus_in_arduis
sample	CDS-CASE-759062	CDS-BIOS-755547	Urine	Unknown	Anus	410	damnant_quod_non_intellegunt	nanos_gigantum_humeris_insidentes
