type	participant.study_participant_id	sample_id	sample_type	sample_description	sample_type_category	sample_tumor_status	sample_anatomic_site	sample_age_at_collection	derived_from_specimen	biosample_accession	crdc_id
sample	CDS-CASE-777069	CDS-BIOS-434077	Stool	barba_crescit_caput_nescit	Mouth Rinse	Unknown	Laryngopharynx	370	a_bene_placito	scientia_et_labor	O_Tite_tute_Tati_tibi_tanta_tyranne_tulisti
sample	CDS-CASE-949830	CDS-BIOS-349719	Mouth Rinse	Gallia_est_omnis_divisa_in_partes_tres	Tissue	Not Reported	Rectosigmoid Junction	216	scientia_et_sapientia	a_bene_placito	damnant_quod_non_intellegunt
sample	CDS-CASE-526963	CDS-BIOS-590731	Ascites	damnant_quod_non_intellegunt	Fluids	Not Reported	Abdomen	498	faber_est_suae_quisque_fortunae	nanos_gigantum_humeris_insidentes	e_causa_ignota
sample	CDS-CASE-744205	CDS-BIOS-550271	Stool	barba_crescit_caput_nescit	Mouth Rinse	Unknown	Lymph Node(s) Distant	857	scientiae_cedit_mare	scientia_et_labor	a_bene_placito
sample	CDS-CASE-753490	CDS-BIOS-494696	Mouth Rinse	e_causa_ignota	Sputum	Tumor	Nerve(s) Cranial	369	scientia_et_sapientia	barba_crescit_caput_nescit	damnant_quod_non_intellegunt
sample	CDS-CASE-882629	CDS-BIOS-555227	Fluids	id_quod_plerumque_accidit	Blood	Tumor	Left thigh	15	O_Tite_tute_Tati_tibi_tanta_tyranne_tulisti	faber_est_suae_quisque_fortunae	salus_in_arduis
sample	CDS-CASE-870390	CDS-BIOS-436356	Stool	barba_crescit_caput_nescit	Bone Marrow	Tumor	Cecum	160	Macte_animo_Generose_puer_sic_itur_ad_astra	scientia_imperii_decus_et_tutamen	Macte_animo_Generose_puer_sic_itur_ad_astra
sample	CDS-CASE-496746	CDS-BIOS-257755	Mouth Rinse	nanos_gigantum_humeris_insidentes	Bone Marrow	Normal	Round Ligament	84	a_bene_placito	faber_est_suae_quisque_fortunae	Obedientia_civium_urbis_felicitas
sample	CDS-CASE-798515	CDS-BIOS-722123	Tissue	Obedientia_civium_urbis_felicitas	Unknown	Unknown	Tonsil	880	nascentes_morimur_finisque_ab_origine_pendet	barba_crescit_caput_nescit	scientia_imperii_decus_et_tutamen
sample	CDS-CASE-115347	CDS-BIOS-601538	Blood	labor_ipse_voluptas	Stool	Tumor	Nails	730	haec_olim_meminisse_iuvabit	damnant_quod_non_intellegunt	scientia_et_labor
sample	CDS-CASE-178811	CDS-BIOS-495130	Bone Marrow	O_Tite_tute_Tati_tibi_tanta_tyranne_tulisti	Blood	Normal	Anus	305	scientia_imperii_decus_et_tutamen	scientia_et_labor	O_Tite_tute_Tati_tibi_tanta_tyranne_tulisti
sample	CDS-CASE-282595	CDS-BIOS-663899	Ascites	barba_crescit_caput_nescit	Tissue	Unknown	Nails	842	saltus_in_demonstrando	e_causa_ignota	scientia_imperii_decus_et_tutamen
sample	CDS-CASE-810312	CDS-BIOS-993834	Tissue	scientia,_aere_perennius	Ascites	Unknown	Paratesticular	514	imperium_in_imperio	sapiens_qui_prospicit	damnant_quod_non_intellegunt
sample	CDS-CASE-350849	CDS-BIOS-888628	Mouth Rinse	salus_in_arduis	Mouth Rinse	Peritumoral	Periorbital Soft Tissue	859	faber_est_suae_quisque_fortunae	salus_in_arduis	Macte_animo_Generose_puer_sic_itur_ad_astra
sample	CDS-CASE-822024	CDS-BIOS-230866	Blood	a_bene_placito	Cells	Not Reported	Skin	259	faber_est_suae_quisque_fortunae	scientia,_aere_perennius	barba_crescit_caput_nescit
sample	CDS-CASE-575938	CDS-BIOS-218473	Bone Marrow	haec_olim_meminisse_iuvabit	Urine	Not Reported	R. Proximal Ulna	775	scientia_et_sapientia	saltus_in_demonstrando	e_causa_ignota
sample	CDS-CASE-495792	CDS-BIOS-996761	Blood	faber_est_suae_quisque_fortunae	Not Reported	Peritumoral	Ring Finger	131	labor_ipse_voluptas	imperium_in_imperio	Gallia_est_omnis_divisa_in_partes_tres
sample	CDS-CASE-701588	CDS-BIOS-941427	Urine	scientiae_et_patriae	Blood	Normal	Chin	115	scientia_et_sapientia	faber_est_suae_quisque_fortunae	scientia,_aere_perennius
sample	CDS-CASE-356725	CDS-BIOS-338189	Bone Marrow	Gallia_est_omnis_divisa_in_partes_tres	Not Reported	Normal	Lung	681	cacatum_non_est_pictum	saltus_in_demonstrando	faber_est_suae_quisque_fortunae
sample	CDS-CASE-137376	CDS-BIOS-652133	Cells	sapiens_qui_prospicit	Ascites	Unknown	Esophageal; Proximal	306	Macte_animo_Generose_puer_sic_itur_ad_astra	damnant_quod_non_intellegunt	scientia,_aere_perennius
sample	CDS-CASE-814701	CDS-BIOS-105951	Urine	saltus_in_demonstrando	Not Reported	Unknown	Ganglia	691	barba_crescit_caput_nescit	salus_in_arduis	O_Tite_tute_Tati_tibi_tanta_tyranne_tulisti
sample	CDS-CASE-123320	CDS-BIOS-570307	Analyte	scientia_imperii_decus_et_tutamen	Stool	Normal	R. Proximal Ulna	143	scientia_et_sapientia	saltus_in_demonstrando	cacatum_non_est_pictum
sample	CDS-CASE-476156	CDS-BIOS-841204	Bone Marrow	scientia_imperii_decus_et_tutamen	Cells	Unknown	Spleen	491	barba_crescit_caput_nescit	scientia,_aere_perennius	Obedientia_civium_urbis_felicitas
sample	CDS-CASE-543558	CDS-BIOS-102908	Ascites	scientia,_aere_perennius	Blood	Normal	Nasal Cavity	293	damnant_quod_non_intellegunt	Obedientia_civium_urbis_felicitas	Obedientia_civium_urbis_felicitas
sample	CDS-CASE-778897	CDS-BIOS-236038	Bone Marrow	scientiae_et_patriae	Tissue	Peritumoral	Vein	959	scientia_imperii_decus_et_tutamen	damnant_quod_non_intellegunt	pace_tua
sample	CDS-CASE-784787	CDS-BIOS-534009	Tissue	haec_olim_meminisse_iuvabit	Cells	Peritumoral	Scrotum	787	id_quod_plerumque_accidit	nanos_gigantum_humeris_insidentes	scientia_imperii_decus_et_tutamen
sample	CDS-CASE-846117	CDS-BIOS-840786	Stool	damnant_quod_non_intellegunt	Cells	Normal	Adipose	288	id_quod_plerumque_accidit	pace_tua	nanos_gigantum_humeris_insidentes
sample	CDS-CASE-711548	CDS-BIOS-990565	Sputum	a_bene_placito	Ascites	Tumor	Ganglia	936	scientia_imperii_decus_et_tutamen	Gallia_est_omnis_divisa_in_partes_tres	pace_tua
sample	CDS-CASE-656066	CDS-BIOS-854881	Mouth Rinse	id_quod_plerumque_accidit	Sputum	Not Reported	Lung metastasis	277	scientia_et_sapientia	scientiae_cedit_mare	cacatum_non_est_pictum
sample	CDS-CASE-472656	CDS-BIOS-461206	Fluids	scientia_et_labor	Cells	Tumor	Chest	526	pace_tua	haec_olim_meminisse_iuvabit	nanos_gigantum_humeris_insidentes
sample	CDS-CASE-117532	CDS-BIOS-471203	Ascites	labor_ipse_voluptas	Bone Marrow	Unknown	White Blood Cells	223	salus_in_arduis	imperium_in_imperio	Obedientia_civium_urbis_felicitas
sample	CDS-CASE-675919	CDS-BIOS-333565	Bone Marrow	Gallia_est_omnis_divisa_in_partes_tres	Bone Marrow	Peritumoral	Duodenum	156	O_Tite_tute_Tati_tibi_tanta_tyranne_tulisti	Gallia_est_omnis_divisa_in_partes_tres	nascentes_morimur_finisque_ab_origine_pendet
sample	CDS-CASE-442965	CDS-BIOS-646062	Bone Marrow	scientiae_et_patriae	Not Reported	Tumor	Gastrointestinal Tract	397	salus_in_arduis	scientiae_et_patriae	e_causa_ignota
sample	CDS-CASE-822990	CDS-BIOS-321470	Bone Marrow	nascentes_morimur_finisque_ab_origine_pendet	Blood	Tumor	Subcutaneous Tissue	253	pace_tua	Gallia_est_omnis_divisa_in_partes_tres	scientiae_et_patriae
sample	CDS-CASE-863640	CDS-BIOS-340185	Fluids	scientia,_aere_perennius	Cells	Peritumoral	Cervix	96	pace_tua	scientia_imperii_decus_et_tutamen	barba_crescit_caput_nescit
sample	CDS-CASE-813001	CDS-BIOS-477503	Cells	salus_in_arduis	Ascites	Peritumoral	Spinal Column	936	pace_tua	cacatum_non_est_pictum	O_Tite_tute_Tati_tibi_tanta_tyranne_tulisti
sample	CDS-CASE-586566	CDS-BIOS-915405	Stool	scientiae_cedit_mare	Ascites	Tumor	Lymph Node(s) Inguinal	475	Macte_animo_Generose_puer_sic_itur_ad_astra	scientiae_cedit_mare	Gallia_est_omnis_divisa_in_partes_tres
sample	CDS-CASE-290431	CDS-BIOS-264031	Urine	scientia_et_labor	Stool	Not Reported	Lymph Node(s) Regional	843	nanos_gigantum_humeris_insidentes	Macte_animo_Generose_puer_sic_itur_ad_astra	labor_ipse_voluptas
sample	CDS-CASE-855629	CDS-BIOS-455234	Mouth Rinse	Gallia_est_omnis_divisa_in_partes_tres	Bone Marrow	Not Reported	Pineal	815	scientia_et_labor	Obedientia_civium_urbis_felicitas	cacatum_non_est_pictum
sample	CDS-CASE-526692	CDS-BIOS-614796	Stool	imperium_in_imperio	Unknown	Tumor	Thymus	468	Macte_animo_Generose_puer_sic_itur_ad_astra	id_quod_plerumque_accidit	imperium_in_imperio
sample	CDS-CASE-563910	CDS-BIOS-569766	Sputum	scientia_et_labor	Tissue	Not Reported	Chest Wall	132	scientiae_cedit_mare	scientia,_aere_perennius	Obedientia_civium_urbis_felicitas
sample	CDS-CASE-278997	CDS-BIOS-478202	Analyte	saltus_in_demonstrando	Tissue	Tumor	Sigmoid Colon	945	scientiae_et_patriae	haec_olim_meminisse_iuvabit	faber_est_suae_quisque_fortunae
sample	CDS-CASE-846199	CDS-BIOS-351118	Mouth Rinse	damnant_quod_non_intellegunt	Sputum	Unknown	Groin	217	scientia_et_labor	e_causa_ignota	nascentes_morimur_finisque_ab_origine_pendet
sample	CDS-CASE-396024	CDS-BIOS-968669	Tissue	e_causa_ignota	Mouth Rinse	Peritumoral	Ligament	62	salus_in_arduis	scientia_et_sapientia	scientia,_aere_perennius
sample	CDS-CASE-645882	CDS-BIOS-587708	Ascites	damnant_quod_non_intellegunt	Mouth Rinse	Unknown	Lymph Node(s) Parotid	735	scientia_et_sapientia	imperium_in_imperio	a_bene_placito
sample	CDS-CASE-156709	CDS-BIOS-717143	Analyte	Macte_animo_Generose_puer_sic_itur_ad_astra	Unknown	Peritumoral	Ear	873	sapiens_qui_prospicit	sapiens_qui_prospicit	scientia_et_labor
sample	CDS-CASE-516405	CDS-BIOS-252894	Cells	damnant_quod_non_intellegunt	Ascites	Peritumoral	Joint	13	labor_ipse_voluptas	Gallia_est_omnis_divisa_in_partes_tres	scientia_et_labor
sample	CDS-CASE-249910	CDS-BIOS-418080	Cells	O_Tite_tute_Tati_tibi_tanta_tyranne_tulisti	Analyte	Tumor	Lymph Nodes(s) Mediastinal	396	scientiae_et_patriae	Macte_animo_Generose_puer_sic_itur_ad_astra	nascentes_morimur_finisque_ab_origine_pendet
sample	CDS-CASE-856843	CDS-BIOS-603397	Sputum	Macte_animo_Generose_puer_sic_itur_ad_astra	Unknown	Not Reported	Broad Ligament	360	saltus_in_demonstrando	labor_ipse_voluptas	Macte_animo_Generose_puer_sic_itur_ad_astra
sample	CDS-CASE-242825	CDS-BIOS-338979	Bone Marrow	nascentes_morimur_finisque_ab_origine_pendet	Not Reported	Not Reported	Lymph Node(s) Submandibular	979	scientia_imperii_decus_et_tutamen	pace_tua	scientia_et_labor
sample	CDS-CASE-924352	CDS-BIOS-904117	Mouth Rinse	scientia_et_labor	Cells	Normal	Placenta	569	saltus_in_demonstrando	e_causa_ignota	cacatum_non_est_pictum
sample	CDS-CASE-569325	CDS-BIOS-819046	Analyte	scientia_et_labor	Analyte	Unknown	Skeletal Muscle	296	Obedientia_civium_urbis_felicitas	a_bene_placito	salus_in_arduis
sample	CDS-CASE-629313	CDS-BIOS-571840	Sputum	scientia_et_sapientia	Stool	Tumor	Diaphragm	78	Obedientia_civium_urbis_felicitas	e_causa_ignota	scientia_et_labor
sample	CDS-CASE-607050	CDS-BIOS-100296	Stool	scientiae_cedit_mare	Blood	Peritumoral	Cardia	351	scientia_imperii_decus_et_tutamen	haec_olim_meminisse_iuvabit	haec_olim_meminisse_iuvabit
sample	CDS-CASE-800768	CDS-BIOS-615821	Ascites	barba_crescit_caput_nescit	Cells	Peritumoral	Prostate	236	Gallia_est_omnis_divisa_in_partes_tres	a_bene_placito	faber_est_suae_quisque_fortunae
sample	CDS-CASE-673380	CDS-BIOS-844553	Analyte	labor_ipse_voluptas	Ascites	Peritumoral	Pineal Gland	206	saltus_in_demonstrando	labor_ipse_voluptas	scientia,_aere_perennius
sample	CDS-CASE-966784	CDS-BIOS-784854	Analyte	salus_in_arduis	Urine	Not Reported	Epididymis	405	damnant_quod_non_intellegunt	Obedientia_civium_urbis_felicitas	saltus_in_demonstrando
sample	CDS-CASE-126958	CDS-BIOS-952014	Blood	scientia_et_labor	Not Reported	Tumor	Hepatic Vein	146	barba_crescit_caput_nescit	barba_crescit_caput_nescit	Obedientia_civium_urbis_felicitas
sample	CDS-CASE-958980	CDS-BIOS-575421	Blood	e_causa_ignota	Urine	Normal	Lung	660	scientia_et_sapientia	a_bene_placito	barba_crescit_caput_nescit
sample	CDS-CASE-852784	CDS-BIOS-237241	Mouth Rinse	saltus_in_demonstrando	Fluids	Peritumoral	Peritoneal Cavity	417	labor_ipse_voluptas	faber_est_suae_quisque_fortunae	scientiae_cedit_mare
sample	CDS-CASE-305752	CDS-BIOS-171946	Urine	Macte_animo_Generose_puer_sic_itur_ad_astra	Stool	Not Reported	Duodenum	318	scientia,_aere_perennius	scientia_imperii_decus_et_tutamen	nanos_gigantum_humeris_insidentes
sample	CDS-CASE-952940	CDS-BIOS-460894	Analyte	nanos_gigantum_humeris_insidentes	Unknown	Unknown	Nasal Soft Tissue	671	nascentes_morimur_finisque_ab_origine_pendet	barba_crescit_caput_nescit	nascentes_morimur_finisque_ab_origine_pendet
sample	CDS-CASE-214829	CDS-BIOS-677636	Fluids	cacatum_non_est_pictum	Analyte	Not Reported	R. Kidney	125	pace_tua	scientia_et_labor	scientia_et_labor
sample	CDS-CASE-354951	CDS-BIOS-387659	Urine	labor_ipse_voluptas	Mouth Rinse	Not Reported	Nasal Soft Tissue	680	barba_crescit_caput_nescit	faber_est_suae_quisque_fortunae	Obedientia_civium_urbis_felicitas
sample	CDS-CASE-346348	CDS-BIOS-665527	Stool	Macte_animo_Generose_puer_sic_itur_ad_astra	Cells	Unknown	Lymph Node(s) Retroperitoneal	931	barba_crescit_caput_nescit	Obedientia_civium_urbis_felicitas	barba_crescit_caput_nescit
sample	CDS-CASE-722901	CDS-BIOS-795201	Urine	haec_olim_meminisse_iuvabit	Bone Marrow	Peritumoral	Pineal	346	Obedientia_civium_urbis_felicitas	scientia_et_sapientia	saltus_in_demonstrando
sample	CDS-CASE-819496	CDS-BIOS-496662	Ascites	a_bene_placito	Cells	Normal	Pylorus	494	scientiae_cedit_mare	Gallia_est_omnis_divisa_in_partes_tres	Gallia_est_omnis_divisa_in_partes_tres
sample	CDS-CASE-228570	CDS-BIOS-891239	Ascites	haec_olim_meminisse_iuvabit	Fluids	Unknown	Submandibular Gland	736	nascentes_morimur_finisque_ab_origine_pendet	scientia_et_sapientia	sapiens_qui_prospicit
sample	CDS-CASE-267372	CDS-BIOS-111708	Sputum	a_bene_placito	Not Reported	Not Reported	Mesentery	592	damnant_quod_non_intellegunt	imperium_in_imperio	Macte_animo_Generose_puer_sic_itur_ad_astra
sample	CDS-CASE-375237	CDS-BIOS-625775	Analyte	salus_in_arduis	Unknown	Not Reported	post mortem liver tumor	891	id_quod_plerumque_accidit	Macte_animo_Generose_puer_sic_itur_ad_astra	saltus_in_demonstrando
sample	CDS-CASE-541396	CDS-BIOS-962225	Cells	scientia_et_labor	Cells	Not Reported	Lymph Node(s) Mammary	329	scientia,_aere_perennius	Macte_animo_Generose_puer_sic_itur_ad_astra	Macte_animo_Generose_puer_sic_itur_ad_astra
sample	CDS-CASE-338410	CDS-BIOS-952831	Mouth Rinse	scientia,_aere_perennius	Tissue	Unknown	Thorax	906	scientia_imperii_decus_et_tutamen	haec_olim_meminisse_iuvabit	O_Tite_tute_Tati_tibi_tanta_tyranne_tulisti
sample	CDS-CASE-794285	CDS-BIOS-418122	Urine	scientia_imperii_decus_et_tutamen	Cells	Unknown	Unknown	496	scientiae_et_patriae	barba_crescit_caput_nescit	id_quod_plerumque_accidit
sample	CDS-CASE-638653	CDS-BIOS-543286	Urine	labor_ipse_voluptas	Blood	Normal	Nerve	444	haec_olim_meminisse_iuvabit	scientiae_cedit_mare	Gallia_est_omnis_divisa_in_partes_tres
sample	CDS-CASE-395089	CDS-BIOS-874363	Fluids	scientia_et_labor	Unknown	Normal	Forearm	684	a_bene_placito	Obedientia_civium_urbis_felicitas	damnant_quod_non_intellegunt
sample	CDS-CASE-483508	CDS-BIOS-318401	Urine	O_Tite_tute_Tati_tibi_tanta_tyranne_tulisti	Fluids	Peritumoral	Tendon	760	scientia_imperii_decus_et_tutamen	O_Tite_tute_Tati_tibi_tanta_tyranne_tulisti	nanos_gigantum_humeris_insidentes
sample	CDS-CASE-554361	CDS-BIOS-680576	Cells	damnant_quod_non_intellegunt	Blood	Peritumoral	Adenoid	215	Gallia_est_omnis_divisa_in_partes_tres	scientia_et_sapientia	scientiae_cedit_mare
sample	CDS-CASE-707906	CDS-BIOS-204776	Tissue	id_quod_plerumque_accidit	Stool	Not Reported	Vulva	582	haec_olim_meminisse_iuvabit	id_quod_plerumque_accidit	salus_in_arduis
sample	CDS-CASE-856731	CDS-BIOS-329257	Blood	e_causa_ignota	Ascites	Unknown	Brain stem	634	imperium_in_imperio	Macte_animo_Generose_puer_sic_itur_ad_astra	Obedientia_civium_urbis_felicitas
sample	CDS-CASE-832687	CDS-BIOS-975438	Ascites	O_Tite_tute_Tati_tibi_tanta_tyranne_tulisti	Not Reported	Peritumoral	Left Bone marrow	308	pace_tua	e_causa_ignota	barba_crescit_caput_nescit
sample	CDS-CASE-330300	CDS-BIOS-926649	Stool	faber_est_suae_quisque_fortunae	Sputum	Unknown	Nerve(s) Cranial	579	labor_ipse_voluptas	nanos_gigantum_humeris_insidentes	sapiens_qui_prospicit
sample	CDS-CASE-511537	CDS-BIOS-268488	Ascites	haec_olim_meminisse_iuvabit	Not Reported	Tumor	Lung metastasis	125	cacatum_non_est_pictum	scientia_et_sapientia	haec_olim_meminisse_iuvabit
sample	CDS-CASE-122936	CDS-BIOS-476043	Bone Marrow	e_causa_ignota	Stool	Tumor	L. Femur	148	damnant_quod_non_intellegunt	scientiae_et_patriae	scientiae_cedit_mare
sample	CDS-CASE-302077	CDS-BIOS-684802	Sputum	faber_est_suae_quisque_fortunae	Not Reported	Tumor	Os frontalis	554	scientiae_et_patriae	nascentes_morimur_finisque_ab_origine_pendet	Macte_animo_Generose_puer_sic_itur_ad_astra
sample	CDS-CASE-938098	CDS-BIOS-895928	Fluids	labor_ipse_voluptas	Sputum	Unknown	Ischium	480	a_bene_placito	Gallia_est_omnis_divisa_in_partes_tres	scientia_imperii_decus_et_tutamen
sample	CDS-CASE-296738	CDS-BIOS-234860	Ascites	Macte_animo_Generose_puer_sic_itur_ad_astra	Unknown	Peritumoral	Ear	154	scientia_et_sapientia	imperium_in_imperio	scientiae_cedit_mare
sample	CDS-CASE-324821	CDS-BIOS-200999	Analyte	salus_in_arduis	Ascites	Unknown	Brow	135	nascentes_morimur_finisque_ab_origine_pendet	scientia_et_labor	nascentes_morimur_finisque_ab_origine_pendet
sample	CDS-CASE-672005	CDS-BIOS-153572	Tissue	nascentes_morimur_finisque_ab_origine_pendet	Blood	Tumor	Neck	372	scientia_imperii_decus_et_tutamen	nanos_gigantum_humeris_insidentes	damnant_quod_non_intellegunt
sample	CDS-CASE-800819	CDS-BIOS-403717	Mouth Rinse	imperium_in_imperio	Not Reported	Unknown	Paranasal Sinuses	84	Macte_animo_Generose_puer_sic_itur_ad_astra	a_bene_placito	sapiens_qui_prospicit
sample	CDS-CASE-130818	CDS-BIOS-835941	Ascites	imperium_in_imperio	Cells	Normal	Carina	522	scientia_et_labor	Macte_animo_Generose_puer_sic_itur_ad_astra	nanos_gigantum_humeris_insidentes
sample	CDS-CASE-962068	CDS-BIOS-233514	Cells	id_quod_plerumque_accidit	Cells	Unknown	Back	505	e_causa_ignota	a_bene_placito	imperium_in_imperio
sample	CDS-CASE-294573	CDS-BIOS-870518	Bone Marrow	damnant_quod_non_intellegunt	Tissue	Tumor	Thyroid	294	nanos_gigantum_humeris_insidentes	damnant_quod_non_intellegunt	faber_est_suae_quisque_fortunae
sample	CDS-CASE-588473	CDS-BIOS-159879	Urine	imperium_in_imperio	Unknown	Normal	Foot	77	e_causa_ignota	saltus_in_demonstrando	sapiens_qui_prospicit
sample	CDS-CASE-185191	CDS-BIOS-275012	Mouth Rinse	scientia,_aere_perennius	Ascites	Tumor	Gastrointestinal Tract	676	scientia,_aere_perennius	scientia,_aere_perennius	pace_tua
sample	CDS-CASE-484466	CDS-BIOS-726616	Urine	labor_ipse_voluptas	Tissue	Not Reported	Calf	151	nascentes_morimur_finisque_ab_origine_pendet	saltus_in_demonstrando	Macte_animo_Generose_puer_sic_itur_ad_astra
sample	CDS-CASE-409737	CDS-BIOS-223712	Blood	pace_tua	Stool	Not Reported	Gum	380	Gallia_est_omnis_divisa_in_partes_tres	barba_crescit_caput_nescit	saltus_in_demonstrando
sample	CDS-CASE-998064	CDS-BIOS-780519	Analyte	salus_in_arduis	Urine	Unknown	4th ventricle	93	a_bene_placito	Obedientia_civium_urbis_felicitas	imperium_in_imperio
sample	CDS-CASE-929364	CDS-BIOS-798206	Analyte	sapiens_qui_prospicit	Tissue	Unknown	4th ventricle	576	damnant_quod_non_intellegunt	scientia,_aere_perennius	nanos_gigantum_humeris_insidentes
sample	CDS-CASE-630459	CDS-BIOS-820161	Sputum	id_quod_plerumque_accidit	Sputum	Peritumoral	Esophageal; Distal	128	labor_ipse_voluptas	nascentes_morimur_finisque_ab_origine_pendet	barba_crescit_caput_nescit
sample	CDS-CASE-633227	CDS-BIOS-684135	Bone Marrow	Obedientia_civium_urbis_felicitas	Blood	Unknown	Vertebra	520	cacatum_non_est_pictum	Gallia_est_omnis_divisa_in_partes_tres	scientia_et_sapientia
sample	CDS-CASE-569777	CDS-BIOS-476349	Tissue	id_quod_plerumque_accidit	Fluids	Peritumoral	Femoral Vein	660	scientia_imperii_decus_et_tutamen	Gallia_est_omnis_divisa_in_partes_tres	labor_ipse_voluptas
sample	CDS-CASE-746269	CDS-BIOS-516828	Bone Marrow	Macte_animo_Generose_puer_sic_itur_ad_astra	Sputum	Tumor	Transverse Colon	749	scientiae_et_patriae	scientiae_et_patriae	damnant_quod_non_intellegunt
sample	CDS-CASE-786883	CDS-BIOS-508709	Mouth Rinse	faber_est_suae_quisque_fortunae	Mouth Rinse	Normal	Antecubital Fossa	702	a_bene_placito	O_Tite_tute_Tati_tibi_tanta_tyranne_tulisti	nascentes_morimur_finisque_ab_origine_pendet
sample	CDS-CASE-560821	CDS-BIOS-588524	Urine	a_bene_placito	Urine	Normal	Femoral Artery	41	damnant_quod_non_intellegunt	nanos_gigantum_humeris_insidentes	salus_in_arduis
sample	CDS-CASE-253726	CDS-BIOS-577199	Tissue	barba_crescit_caput_nescit	Cells	Tumor	not reported	537	id_quod_plerumque_accidit	scientia_imperii_decus_et_tutamen	salus_in_arduis
sample	CDS-CASE-370853	CDS-BIOS-479198	Cells	saltus_in_demonstrando	Cells	Unknown	Duodenum	129	saltus_in_demonstrando	a_bene_placito	Macte_animo_Generose_puer_sic_itur_ad_astra
sample	CDS-CASE-491743	CDS-BIOS-511849	Analyte	pace_tua	Cells	Peritumoral	L. Occipital mass	698	Macte_animo_Generose_puer_sic_itur_ad_astra	id_quod_plerumque_accidit	faber_est_suae_quisque_fortunae
sample	CDS-CASE-904944	CDS-BIOS-957355	Cells	cacatum_non_est_pictum	Blood	Tumor	Rectum	652	labor_ipse_voluptas	scientiae_et_patriae	salus_in_arduis
sample	CDS-CASE-219223	CDS-BIOS-570088	Blood	scientiae_et_patriae	Stool	Peritumoral	Lymph Node(s) Distant	550	saltus_in_demonstrando	barba_crescit_caput_nescit	scientia_et_labor
sample	CDS-CASE-879356	CDS-BIOS-266881	Analyte	scientia_et_sapientia	Fluids	Unknown	Mediastinal Soft Tissue	892	damnant_quod_non_intellegunt	faber_est_suae_quisque_fortunae	faber_est_suae_quisque_fortunae
sample	CDS-CASE-850466	CDS-BIOS-924520	Urine	e_causa_ignota	Sputum	Unknown	Parotid Gland	886	cacatum_non_est_pictum	scientiae_cedit_mare	faber_est_suae_quisque_fortunae
sample	CDS-CASE-520020	CDS-BIOS-110777	Blood	sapiens_qui_prospicit	Tissue	Not Reported	Fallopian Tube	638	e_causa_ignota	a_bene_placito	id_quod_plerumque_accidit
sample	CDS-CASE-186211	CDS-BIOS-157918	Mouth Rinse	scientia_et_sapientia	Bone Marrow	Not Reported	Bladder	781	scientia_et_sapientia	nascentes_morimur_finisque_ab_origine_pendet	scientia,_aere_perennius
sample	CDS-CASE-703586	CDS-BIOS-840866	Sputum	scientiae_cedit_mare	Cells	Tumor	Ring Finger	907	imperium_in_imperio	nascentes_morimur_finisque_ab_origine_pendet	Gallia_est_omnis_divisa_in_partes_tres
sample	CDS-CASE-291182	CDS-BIOS-196583	Blood	sapiens_qui_prospicit	Sputum	Tumor	Large Bowel	822	scientia_imperii_decus_et_tutamen	faber_est_suae_quisque_fortunae	e_causa_ignota
sample	CDS-CASE-935894	CDS-BIOS-163152	Fluids	imperium_in_imperio	Stool	Not Reported	Hepatic	584	scientia_et_sapientia	sapiens_qui_prospicit	nanos_gigantum_humeris_insidentes
sample	CDS-CASE-961866	CDS-BIOS-942787	Ascites	nanos_gigantum_humeris_insidentes	Sputum	Normal	post mortem blood	66	pace_tua	Gallia_est_omnis_divisa_in_partes_tres	faber_est_suae_quisque_fortunae
sample	CDS-CASE-662152	CDS-BIOS-393363	Urine	Macte_animo_Generose_puer_sic_itur_ad_astra	Cells	Unknown	Blood	148	sapiens_qui_prospicit	scientia_imperii_decus_et_tutamen	a_bene_placito
sample	CDS-CASE-275580	CDS-BIOS-821956	Cells	a_bene_placito	Not Reported	Unknown	Eye	994	scientia_imperii_decus_et_tutamen	nascentes_morimur_finisque_ab_origine_pendet	damnant_quod_non_intellegunt
sample	CDS-CASE-575016	CDS-BIOS-311619	Blood	nanos_gigantum_humeris_insidentes	Ascites	Normal	Pelvis	338	saltus_in_demonstrando	labor_ipse_voluptas	a_bene_placito
sample	CDS-CASE-563786	CDS-BIOS-648469	Analyte	damnant_quod_non_intellegunt	Unknown	Peritumoral	Trachea / Major Bronchi	874	barba_crescit_caput_nescit	salus_in_arduis	scientiae_et_patriae
sample	CDS-CASE-431621	CDS-BIOS-996900	Cells	scientia_imperii_decus_et_tutamen	Urine	Not Reported	Cervical node	141	scientia_et_labor	imperium_in_imperio	sapiens_qui_prospicit
sample	CDS-CASE-918451	CDS-BIOS-997663	Analyte	Obedientia_civium_urbis_felicitas	Stool	Peritumoral	Paracaval Lymph Node metastasis	865	a_bene_placito	faber_est_suae_quisque_fortunae	id_quod_plerumque_accidit
sample	CDS-CASE-903489	CDS-BIOS-357595	Analyte	Obedientia_civium_urbis_felicitas	Stool	Tumor	Orbit	816	salus_in_arduis	scientia,_aere_perennius	scientia,_aere_perennius
sample	CDS-CASE-515141	CDS-BIOS-997033	Sputum	imperium_in_imperio	Mouth Rinse	Normal	Thigh	242	O_Tite_tute_Tati_tibi_tanta_tyranne_tulisti	sapiens_qui_prospicit	pace_tua
sample	CDS-CASE-726111	CDS-BIOS-980468	Sputum	pace_tua	Urine	Tumor	Scalp	995	salus_in_arduis	Macte_animo_Generose_puer_sic_itur_ad_astra	sapiens_qui_prospicit
sample	CDS-CASE-826364	CDS-BIOS-517743	Ascites	faber_est_suae_quisque_fortunae	Not Reported	Tumor	Maxilla	344	scientiae_et_patriae	id_quod_plerumque_accidit	Gallia_est_omnis_divisa_in_partes_tres
sample	CDS-CASE-324537	CDS-BIOS-415340	Urine	faber_est_suae_quisque_fortunae	Unknown	Tumor	Scalp	414	nanos_gigantum_humeris_insidentes	sapiens_qui_prospicit	id_quod_plerumque_accidit
sample	CDS-CASE-647786	CDS-BIOS-651420	Tissue	faber_est_suae_quisque_fortunae	Unknown	Peritumoral	Pleural effusion met	765	cacatum_non_est_pictum	nanos_gigantum_humeris_insidentes	sapiens_qui_prospicit
sample	CDS-CASE-886397	CDS-BIOS-294586	Cells	haec_olim_meminisse_iuvabit	Tissue	Not Reported	Lung/pleura	385	barba_crescit_caput_nescit	cacatum_non_est_pictum	scientia_et_labor
sample	CDS-CASE-217681	CDS-BIOS-123988	Fluids	id_quod_plerumque_accidit	Mouth Rinse	Tumor	Mediastinal Soft Tissue	299	nanos_gigantum_humeris_insidentes	Macte_animo_Generose_puer_sic_itur_ad_astra	Gallia_est_omnis_divisa_in_partes_tres
sample	CDS-CASE-829621	CDS-BIOS-172577	Blood	Macte_animo_Generose_puer_sic_itur_ad_astra	Bone Marrow	Unknown	Placenta	302	cacatum_non_est_pictum	labor_ipse_voluptas	O_Tite_tute_Tati_tibi_tanta_tyranne_tulisti
sample	CDS-CASE-205138	CDS-BIOS-518096	Blood	id_quod_plerumque_accidit	Cells	Tumor	R. femur/rib/verebra	736	cacatum_non_est_pictum	Gallia_est_omnis_divisa_in_partes_tres	saltus_in_demonstrando
sample	CDS-CASE-863598	CDS-BIOS-945150	Bone Marrow	scientia,_aere_perennius	Not Reported	Peritumoral	Transverse Colon	699	faber_est_suae_quisque_fortunae	scientiae_cedit_mare	labor_ipse_voluptas
sample	CDS-CASE-269989	CDS-BIOS-119901	Cells	scientia,_aere_perennius	Bone Marrow	Peritumoral	Lymph Node(s) Inguinal	639	salus_in_arduis	faber_est_suae_quisque_fortunae	e_causa_ignota
sample	CDS-CASE-789038	CDS-BIOS-839025	Blood	scientia,_aere_perennius	Ascites	Not Reported	Chest Wall	442	salus_in_arduis	O_Tite_tute_Tati_tibi_tanta_tyranne_tulisti	id_quod_plerumque_accidit
sample	CDS-CASE-868263	CDS-BIOS-138649	Tissue	scientia_et_labor	Blood	Normal	Chest Wall	774	faber_est_suae_quisque_fortunae	faber_est_suae_quisque_fortunae	scientia_imperii_decus_et_tutamen
sample	CDS-CASE-265387	CDS-BIOS-836395	Ascites	O_Tite_tute_Tati_tibi_tanta_tyranne_tulisti	Sputum	Peritumoral	Mediastinal Soft Tissue	63	scientia_et_sapientia	Gallia_est_omnis_divisa_in_partes_tres	sapiens_qui_prospicit
sample	CDS-CASE-690691	CDS-BIOS-257107	Tissue	id_quod_plerumque_accidit	Unknown	Tumor	Pineal	324	cacatum_non_est_pictum	nascentes_morimur_finisque_ab_origine_pendet	imperium_in_imperio
sample	CDS-CASE-697561	CDS-BIOS-322450	Tissue	nascentes_morimur_finisque_ab_origine_pendet	Ascites	Not Reported	Distal femur	456	haec_olim_meminisse_iuvabit	saltus_in_demonstrando	scientia_et_sapientia
sample	CDS-CASE-148033	CDS-BIOS-602542	Tissue	scientia_imperii_decus_et_tutamen	Analyte	Not Reported	Fluid	29	O_Tite_tute_Tati_tibi_tanta_tyranne_tulisti	scientia,_aere_perennius	e_causa_ignota
sample	CDS-CASE-834184	CDS-BIOS-960998	Mouth Rinse	sapiens_qui_prospicit	Blood	Peritumoral	Cerebrospinal Fluid	962	scientia,_aere_perennius	nanos_gigantum_humeris_insidentes	scientiae_et_patriae
sample	CDS-CASE-683195	CDS-BIOS-194149	Bone Marrow	O_Tite_tute_Tati_tibi_tanta_tyranne_tulisti	Bone Marrow	Tumor	Humerus	988	sapiens_qui_prospicit	cacatum_non_est_pictum	Obedientia_civium_urbis_felicitas
sample	CDS-CASE-109700	CDS-BIOS-678944	Bone Marrow	scientia_imperii_decus_et_tutamen	Unknown	Tumor	Mesentery	867	a_bene_placito	damnant_quod_non_intellegunt	saltus_in_demonstrando
sample	CDS-CASE-559831	CDS-BIOS-362230	Tissue	scientiae_et_patriae	Sputum	Tumor	Parotid Gland	16	labor_ipse_voluptas	nascentes_morimur_finisque_ab_origine_pendet	imperium_in_imperio
sample	CDS-CASE-212827	CDS-BIOS-815421	Ascites	pace_tua	Ascites	Peritumoral	Orbit	119	scientia_imperii_decus_et_tutamen	Obedientia_civium_urbis_felicitas	scientiae_cedit_mare
sample	CDS-CASE-673827	CDS-BIOS-629675	Analyte	e_causa_ignota	Not Reported	Tumor	Aorta	374	e_causa_ignota	haec_olim_meminisse_iuvabit	labor_ipse_voluptas
sample	CDS-CASE-197833	CDS-BIOS-988482	Bone Marrow	scientia_et_labor	Sputum	Unknown	Leptomeninges	129	a_bene_placito	Gallia_est_omnis_divisa_in_partes_tres	Macte_animo_Generose_puer_sic_itur_ad_astra
sample	CDS-CASE-421535	CDS-BIOS-862653	Urine	damnant_quod_non_intellegunt	Cells	Not Reported	Lung mass	282	id_quod_plerumque_accidit	barba_crescit_caput_nescit	imperium_in_imperio
sample	CDS-CASE-864571	CDS-BIOS-995706	Sputum	scientia_imperii_decus_et_tutamen	Unknown	Unknown	Skin	386	labor_ipse_voluptas	saltus_in_demonstrando	e_causa_ignota
sample	CDS-CASE-484026	CDS-BIOS-623292	Mouth Rinse	a_bene_placito	Bone Marrow	Tumor	Brain stem	582	imperium_in_imperio	saltus_in_demonstrando	O_Tite_tute_Tati_tibi_tanta_tyranne_tulisti
sample	CDS-CASE-978969	CDS-BIOS-447375	Tissue	a_bene_placito	Fluids	Not Reported	Kidney	875	damnant_quod_non_intellegunt	Macte_animo_Generose_puer_sic_itur_ad_astra	e_causa_ignota
sample	CDS-CASE-460410	CDS-BIOS-989768	Analyte	haec_olim_meminisse_iuvabit	Unknown	Unknown	Oral Cavity	993	labor_ipse_voluptas	pace_tua	scientia_et_labor
sample	CDS-CASE-101620	CDS-BIOS-947933	Urine	cacatum_non_est_pictum	Blood	Not Reported	L. Proximal Tibia	56	a_bene_placito	imperium_in_imperio	scientia_et_labor
sample	CDS-CASE-990249	CDS-BIOS-655096	Tissue	salus_in_arduis	Ascites	Tumor	Pituitary Gland	681	nascentes_morimur_finisque_ab_origine_pendet	e_causa_ignota	Obedientia_civium_urbis_felicitas
sample	CDS-CASE-199413	CDS-BIOS-422323	Tissue	cacatum_non_est_pictum	Analyte	Normal	Lung metastasis	474	scientiae_cedit_mare	nanos_gigantum_humeris_insidentes	scientiae_et_patriae
sample	CDS-CASE-333706	CDS-BIOS-712202	Blood	a_bene_placito	Sputum	Normal	Pineal Gland	71	haec_olim_meminisse_iuvabit	e_causa_ignota	Gallia_est_omnis_divisa_in_partes_tres
sample	CDS-CASE-181038	CDS-BIOS-903083	Stool	Macte_animo_Generose_puer_sic_itur_ad_astra	Blood	Tumor	Parotid Gland	677	cacatum_non_est_pictum	salus_in_arduis	Gallia_est_omnis_divisa_in_partes_tres
sample	CDS-CASE-934652	CDS-BIOS-115687	Bone Marrow	labor_ipse_voluptas	Mouth Rinse	Not Reported	Uvula	564	scientia,_aere_perennius	saltus_in_demonstrando	nascentes_morimur_finisque_ab_origine_pendet
sample	CDS-CASE-594438	CDS-BIOS-185288	Mouth Rinse	damnant_quod_non_intellegunt	Sputum	Peritumoral	Broad Ligament	897	scientiae_et_patriae	nanos_gigantum_humeris_insidentes	O_Tite_tute_Tati_tibi_tanta_tyranne_tulisti
sample	CDS-CASE-126283	CDS-BIOS-848955	Sputum	e_causa_ignota	Cells	Not Reported	Vertebra	641	barba_crescit_caput_nescit	a_bene_placito	cacatum_non_est_pictum
sample	CDS-CASE-127234	CDS-BIOS-267639	Analyte	haec_olim_meminisse_iuvabit	Not Reported	Peritumoral	R. Humerus	116	nanos_gigantum_humeris_insidentes	sapiens_qui_prospicit	scientiae_et_patriae
sample	CDS-CASE-481719	CDS-BIOS-808193	Ascites	a_bene_placito	Cells	Tumor	Anorectum	836	Gallia_est_omnis_divisa_in_partes_tres	saltus_in_demonstrando	damnant_quod_non_intellegunt
sample	CDS-CASE-849611	CDS-BIOS-286388	Urine	damnant_quod_non_intellegunt	Ascites	Peritumoral	Thymus	317	pace_tua	saltus_in_demonstrando	damnant_quod_non_intellegunt
sample	CDS-CASE-809201	CDS-BIOS-842768	Tissue	imperium_in_imperio	Fluids	Tumor	Lymph Node(s) Distant	191	id_quod_plerumque_accidit	haec_olim_meminisse_iuvabit	haec_olim_meminisse_iuvabit
sample	CDS-CASE-650308	CDS-BIOS-539998	Analyte	scientiae_cedit_mare	Sputum	Tumor	Adrenal mass	823	Gallia_est_omnis_divisa_in_partes_tres	pace_tua	labor_ipse_voluptas
sample	CDS-CASE-766367	CDS-BIOS-121102	Blood	saltus_in_demonstrando	Analyte	Not Reported	Bronchus	627	scientia_et_sapientia	scientia_et_labor	sapiens_qui_prospicit
sample	CDS-CASE-933597	CDS-BIOS-518231	Urine	faber_est_suae_quisque_fortunae	Stool	Tumor	L. Proximal Tibia	403	O_Tite_tute_Tati_tibi_tanta_tyranne_tulisti	Gallia_est_omnis_divisa_in_partes_tres	cacatum_non_est_pictum
sample	CDS-CASE-230289	CDS-BIOS-991693	Mouth Rinse	pace_tua	Tissue	Normal	Foreskin	459	scientiae_cedit_mare	damnant_quod_non_intellegunt	nascentes_morimur_finisque_ab_origine_pendet
sample	CDS-CASE-234213	CDS-BIOS-628650	Cells	Gallia_est_omnis_divisa_in_partes_tres	Analyte	Not Reported	Thorax	785	salus_in_arduis	scientia_et_labor	scientiae_et_patriae
sample	CDS-CASE-336235	CDS-BIOS-709695	Bone Marrow	nanos_gigantum_humeris_insidentes	Sputum	Normal	Lymph Node(s) Hilar	24	faber_est_suae_quisque_fortunae	haec_olim_meminisse_iuvabit	haec_olim_meminisse_iuvabit
sample	CDS-CASE-304212	CDS-BIOS-112629	Urine	a_bene_placito	Unknown	Unknown	Thyroid	833	pace_tua	imperium_in_imperio	faber_est_suae_quisque_fortunae
sample	CDS-CASE-227246	CDS-BIOS-959090	Fluids	labor_ipse_voluptas	Urine	Tumor	Lymph Node(s) Axilla	434	scientiae_cedit_mare	salus_in_arduis	nascentes_morimur_finisque_ab_origine_pendet
sample	CDS-CASE-637007	CDS-BIOS-107694	Ascites	haec_olim_meminisse_iuvabit	Unknown	Tumor	Laryngopharynx	551	barba_crescit_caput_nescit	cacatum_non_est_pictum	scientia,_aere_perennius
sample	CDS-CASE-233979	CDS-BIOS-687543	Urine	haec_olim_meminisse_iuvabit	Fluids	Unknown	Lymph Node(s) Splenic	212	labor_ipse_voluptas	labor_ipse_voluptas	O_Tite_tute_Tati_tibi_tanta_tyranne_tulisti
sample	CDS-CASE-793742	CDS-BIOS-876063	Ascites	scientiae_et_patriae	Sputum	Peritumoral	Lymph Node(s) Hilar	811	e_causa_ignota	nanos_gigantum_humeris_insidentes	salus_in_arduis
sample	CDS-CASE-768771	CDS-BIOS-171230	Cells	scientia_et_labor	Stool	Not Reported	Soft Tissue	657	imperium_in_imperio	scientia_et_sapientia	sapiens_qui_prospicit
sample	CDS-CASE-118600	CDS-BIOS-917758	Ascites	cacatum_non_est_pictum	Not Reported	Peritumoral	Hip	660	labor_ipse_voluptas	scientia,_aere_perennius	scientia_imperii_decus_et_tutamen
sample	CDS-CASE-893593	CDS-BIOS-541520	Ascites	a_bene_placito	Bone Marrow	Unknown	Sinus(es), Maxillary	39	scientia,_aere_perennius	O_Tite_tute_Tati_tibi_tanta_tyranne_tulisti	cacatum_non_est_pictum
sample	CDS-CASE-479211	CDS-BIOS-574952	Blood	scientia,_aere_perennius	Stool	Not Reported	Capillary	743	nascentes_morimur_finisque_ab_origine_pendet	sapiens_qui_prospicit	salus_in_arduis
sample	CDS-CASE-466386	CDS-BIOS-841040	Fluids	id_quod_plerumque_accidit	Mouth Rinse	Unknown	Ear, Pinna (External)	499	salus_in_arduis	Macte_animo_Generose_puer_sic_itur_ad_astra	e_causa_ignota
sample	CDS-CASE-322621	CDS-BIOS-178041	Tissue	Macte_animo_Generose_puer_sic_itur_ad_astra	Ascites	Not Reported	Lymph Nodes(s) Mediastinal	605	cacatum_non_est_pictum	barba_crescit_caput_nescit	a_bene_placito
sample	CDS-CASE-697179	CDS-BIOS-102877	Cells	sapiens_qui_prospicit	Blood	Peritumoral	Pylorus	536	labor_ipse_voluptas	a_bene_placito	nanos_gigantum_humeris_insidentes
sample	CDS-CASE-640010	CDS-BIOS-614995	Tissue	damnant_quod_non_intellegunt	Mouth Rinse	Unknown	Neck	819	scientiae_et_patriae	faber_est_suae_quisque_fortunae	sapiens_qui_prospicit
sample	CDS-CASE-328387	CDS-BIOS-149082	Cells	e_causa_ignota	Urine	Tumor	Fibula	924	saltus_in_demonstrando	scientiae_cedit_mare	pace_tua
sample	CDS-CASE-676436	CDS-BIOS-771065	Mouth Rinse	sapiens_qui_prospicit	Unknown	Peritumoral	Aqueous Fluid	254	labor_ipse_voluptas	Gallia_est_omnis_divisa_in_partes_tres	sapiens_qui_prospicit
sample	CDS-CASE-956826	CDS-BIOS-827660	Blood	scientiae_et_patriae	Tissue	Tumor	Bone Marrow	210	pace_tua	salus_in_arduis	nanos_gigantum_humeris_insidentes
sample	CDS-CASE-112798	CDS-BIOS-730364	Blood	sapiens_qui_prospicit	Not Reported	Normal	Pineal	217	scientia_et_labor	Gallia_est_omnis_divisa_in_partes_tres	faber_est_suae_quisque_fortunae
sample	CDS-CASE-696380	CDS-BIOS-690956	Urine	nanos_gigantum_humeris_insidentes	Not Reported	Not Reported	Lymph Node(s) Epitrochlear	578	nanos_gigantum_humeris_insidentes	O_Tite_tute_Tati_tibi_tanta_tyranne_tulisti	sapiens_qui_prospicit
sample	CDS-CASE-467032	CDS-BIOS-703772	Stool	scientia_imperii_decus_et_tutamen	Tissue	Not Reported	Muscle	23	scientia_et_sapientia	scientiae_et_patriae	a_bene_placito
sample	CDS-CASE-567523	CDS-BIOS-629670	Blood	Obedientia_civium_urbis_felicitas	Mouth Rinse	Unknown	Broad Ligament	842	scientia_et_labor	imperium_in_imperio	haec_olim_meminisse_iuvabit
sample	CDS-CASE-727173	CDS-BIOS-610819	Mouth Rinse	sapiens_qui_prospicit	Mouth Rinse	Not Reported	Gallbladder	84	cacatum_non_est_pictum	labor_ipse_voluptas	saltus_in_demonstrando
sample	CDS-CASE-932761	CDS-BIOS-584126	Analyte	saltus_in_demonstrando	Ascites	Normal	Knee	865	scientiae_cedit_mare	cacatum_non_est_pictum	haec_olim_meminisse_iuvabit
sample	CDS-CASE-569638	CDS-BIOS-709906	Fluids	scientia_et_sapientia	Analyte	Unknown	Pelvis	468	nascentes_morimur_finisque_ab_origine_pendet	scientiae_et_patriae	nanos_gigantum_humeris_insidentes
sample	CDS-CASE-467174	CDS-BIOS-245728	Sputum	scientia_et_sapientia	Fluids	Not Reported	Retroperitoneal mass	485	imperium_in_imperio	salus_in_arduis	scientia_et_sapientia
sample	CDS-CASE-798624	CDS-BIOS-784928	Analyte	scientia,_aere_perennius	Analyte	Tumor	Adenoid	332	barba_crescit_caput_nescit	haec_olim_meminisse_iuvabit	a_bene_placito
sample	CDS-CASE-841761	CDS-BIOS-434402	Stool	scientia_et_labor	Tissue	Peritumoral	White Blood Cells	347	haec_olim_meminisse_iuvabit	O_Tite_tute_Tati_tibi_tanta_tyranne_tulisti	e_causa_ignota
sample	CDS-CASE-353406	CDS-BIOS-376720	Cells	scientia_et_labor	Blood	Normal	L. Proximal Tibia	194	sapiens_qui_prospicit	scientiae_et_patriae	cacatum_non_est_pictum
sample	CDS-CASE-990058	CDS-BIOS-884210	Urine	salus_in_arduis	Sputum	Not Reported	Bone Marrow metastasis	71	id_quod_plerumque_accidit	scientia,_aere_perennius	O_Tite_tute_Tati_tibi_tanta_tyranne_tulisti
sample	CDS-CASE-353043	CDS-BIOS-762260	Sputum	saltus_in_demonstrando	Fluids	Unknown	Head & Neck	46	Gallia_est_omnis_divisa_in_partes_tres	scientiae_cedit_mare	cacatum_non_est_pictum
