type	participant.study_participant_id	sample_id	sample_type	sample_description	sample_type_category	sample_tumor_status	sample_anatomic_site	sample_age_at_collection	derived_from_specimen	biosample_accession	crdc_id
sample	CDS-CASE-366360	CDS-BIOS-708559	Bone Marrow	scientia_et_sapientia	Ascites	Not Reported	Lung/pleura	281	saltus_in_demonstrando	id_quod_plerumque_accidit	scientia_et_labor
sample	CDS-CASE-684720	CDS-BIOS-272276	Tissue	saltus_in_demonstrando	Ascites	Unknown	Cervical node	427	faber_est_suae_quisque_fortunae	scientia_et_sapientia	nascentes_morimur_finisque_ab_origine_pendet
sample	CDS-CASE-323682	CDS-BIOS-758445	Analyte	scientia,_aere_perennius	Fluids	Normal	Skull	189	a_bene_placito	faber_est_suae_quisque_fortunae	nanos_gigantum_humeris_insidentes
sample	CDS-CASE-704136	CDS-BIOS-410248	Sputum	barba_crescit_caput_nescit	Not Reported	Tumor	Hip	188	haec_olim_meminisse_iuvabit	id_quod_plerumque_accidit	damnant_quod_non_intellegunt
sample	CDS-CASE-256673	CDS-BIOS-292279	Ascites	id_quod_plerumque_accidit	Blood	Normal	Bladder	329	nanos_gigantum_humeris_insidentes	O_Tite_tute_Tati_tibi_tanta_tyranne_tulisti	nascentes_morimur_finisque_ab_origine_pendet
sample	CDS-CASE-612259	CDS-BIOS-500668	Tissue	pace_tua	Unknown	Peritumoral	Ear, Pinna (External)	927	pace_tua	imperium_in_imperio	nanos_gigantum_humeris_insidentes
sample	CDS-CASE-429405	CDS-BIOS-365290	Blood	sapiens_qui_prospicit	Bone Marrow	Normal	Colon	909	scientiae_cedit_mare	scientiae_et_patriae	cacatum_non_est_pictum
sample	CDS-CASE-736604	CDS-BIOS-816317	Cells	Macte_animo_Generose_puer_sic_itur_ad_astra	Stool	Unknown	Common Duct	75	scientia_et_sapientia	barba_crescit_caput_nescit	faber_est_suae_quisque_fortunae
sample	CDS-CASE-408393	CDS-BIOS-631214	Analyte	damnant_quod_non_intellegunt	Ascites	Normal	Clavicle	812	nanos_gigantum_humeris_insidentes	scientiae_cedit_mare	scientia,_aere_perennius
sample	CDS-CASE-691079	CDS-BIOS-668256	Urine	scientia_et_sapientia	Bone Marrow	Not Reported	Amniotic Fluid	215	faber_est_suae_quisque_fortunae	Obedientia_civium_urbis_felicitas	scientia_imperii_decus_et_tutamen
sample	CDS-CASE-588457	CDS-BIOS-322458	Urine	faber_est_suae_quisque_fortunae	Ascites	Unknown	Cervical Spine	31	e_causa_ignota	scientiae_et_patriae	Obedientia_civium_urbis_felicitas
sample	CDS-CASE-550545	CDS-BIOS-209734	Bone Marrow	scientiae_cedit_mare	Unknown	Tumor	Frontal Cortex	142	nanos_gigantum_humeris_insidentes	id_quod_plerumque_accidit	salus_in_arduis
sample	CDS-CASE-896994	CDS-BIOS-477576	Ascites	nascentes_morimur_finisque_ab_origine_pendet	Not Reported	Normal	Epidural Space	831	sapiens_qui_prospicit	nascentes_morimur_finisque_ab_origine_pendet	pace_tua
sample	CDS-CASE-514095	CDS-BIOS-666629	Bone Marrow	a_bene_placito	Bone Marrow	Unknown	Finger	533	scientia_imperii_decus_et_tutamen	imperium_in_imperio	scientiae_et_patriae
sample	CDS-CASE-748215	CDS-BIOS-262131	Analyte	scientia,_aere_perennius	Blood	Not Reported	Leptomeninges	913	scientia_et_labor	nascentes_morimur_finisque_ab_origine_pendet	scientia,_aere_perennius
sample	CDS-CASE-271027	CDS-BIOS-345086	Cells	barba_crescit_caput_nescit	Sputum	Tumor	Paranasal Sinuses	644	scientia_et_labor	haec_olim_meminisse_iuvabit	imperium_in_imperio
sample	CDS-CASE-297340	CDS-BIOS-295571	Fluids	labor_ipse_voluptas	Tissue	Tumor	Retina	102	sapiens_qui_prospicit	Macte_animo_Generose_puer_sic_itur_ad_astra	faber_est_suae_quisque_fortunae
sample	CDS-CASE-489725	CDS-BIOS-625187	Cells	damnant_quod_non_intellegunt	Urine	Not Reported	Calf	886	id_quod_plerumque_accidit	damnant_quod_non_intellegunt	scientiae_et_patriae
sample	CDS-CASE-912165	CDS-BIOS-756829	Stool	nanos_gigantum_humeris_insidentes	Analyte	Normal	Occipital Cortex	391	scientiae_cedit_mare	id_quod_plerumque_accidit	scientiae_cedit_mare
sample	CDS-CASE-299889	CDS-BIOS-119886	Blood	scientia_imperii_decus_et_tutamen	Mouth Rinse	Unknown	Vulva	96	salus_in_arduis	nanos_gigantum_humeris_insidentes	saltus_in_demonstrando
sample	CDS-CASE-551429	CDS-BIOS-420569	Cells	scientia_et_labor	Fluids	Not Reported	Epidural Space	715	imperium_in_imperio	a_bene_placito	O_Tite_tute_Tati_tibi_tanta_tyranne_tulisti
sample	CDS-CASE-380565	CDS-BIOS-597810	Analyte	cacatum_non_est_pictum	Mouth Rinse	Tumor	Frontal Cortex	827	scientiae_cedit_mare	scientia,_aere_perennius	scientiae_cedit_mare
sample	CDS-CASE-329640	CDS-BIOS-530142	Sputum	pace_tua	Fluids	Normal	Retroperitoneum	87	pace_tua	Macte_animo_Generose_puer_sic_itur_ad_astra	damnant_quod_non_intellegunt
sample	CDS-CASE-498519	CDS-BIOS-380598	Urine	saltus_in_demonstrando	Sputum	Tumor	Aorta	206	cacatum_non_est_pictum	scientiae_cedit_mare	nascentes_morimur_finisque_ab_origine_pendet
sample	CDS-CASE-199139	CDS-BIOS-458427	Urine	scientia_imperii_decus_et_tutamen	Fluids	Tumor	not reported	863	faber_est_suae_quisque_fortunae	e_causa_ignota	scientia_imperii_decus_et_tutamen
sample	CDS-CASE-689211	CDS-BIOS-933719	Ascites	nascentes_morimur_finisque_ab_origine_pendet	Fluids	Peritumoral	Femoral Artery	803	imperium_in_imperio	e_causa_ignota	barba_crescit_caput_nescit
sample	CDS-CASE-752982	CDS-BIOS-998481	Stool	salus_in_arduis	Mouth Rinse	Peritumoral	Brain Stem	600	a_bene_placito	scientiae_et_patriae	haec_olim_meminisse_iuvabit
sample	CDS-CASE-485076	CDS-BIOS-343600	Tissue	scientia_imperii_decus_et_tutamen	Cells	Not Reported	Chest	14	sapiens_qui_prospicit	nascentes_morimur_finisque_ab_origine_pendet	imperium_in_imperio
sample	CDS-CASE-936837	CDS-BIOS-807029	Fluids	O_Tite_tute_Tati_tibi_tanta_tyranne_tulisti	Sputum	Normal	Nasopharynx	474	sapiens_qui_prospicit	scientiae_et_patriae	pace_tua
sample	CDS-CASE-669928	CDS-BIOS-588689	Cells	pace_tua	Urine	Peritumoral	Antecubital Fossa	553	scientia_imperii_decus_et_tutamen	scientia_imperii_decus_et_tutamen	Obedientia_civium_urbis_felicitas
sample	CDS-CASE-610562	CDS-BIOS-580870	Blood	cacatum_non_est_pictum	Analyte	Normal	Vertebra	139	sapiens_qui_prospicit	O_Tite_tute_Tati_tibi_tanta_tyranne_tulisti	e_causa_ignota
sample	CDS-CASE-532530	CDS-BIOS-426793	Urine	Gallia_est_omnis_divisa_in_partes_tres	Analyte	Peritumoral	Gum	869	haec_olim_meminisse_iuvabit	faber_est_suae_quisque_fortunae	nanos_gigantum_humeris_insidentes
sample	CDS-CASE-492643	CDS-BIOS-961018	Ascites	damnant_quod_non_intellegunt	Unknown	Not Reported	Testis	766	scientiae_cedit_mare	id_quod_plerumque_accidit	O_Tite_tute_Tati_tibi_tanta_tyranne_tulisti
sample	CDS-CASE-970288	CDS-BIOS-786943	Tissue	imperium_in_imperio	Tissue	Unknown	Mesothelium	833	pace_tua	Gallia_est_omnis_divisa_in_partes_tres	faber_est_suae_quisque_fortunae
sample	CDS-CASE-882999	CDS-BIOS-991727	Analyte	sapiens_qui_prospicit	Urine	Unknown	Lymph Node(s) Iliac-External	797	a_bene_placito	Macte_animo_Generose_puer_sic_itur_ad_astra	pace_tua
sample	CDS-CASE-833310	CDS-BIOS-585699	Sputum	barba_crescit_caput_nescit	Ascites	Peritumoral	Unknown	751	O_Tite_tute_Tati_tibi_tanta_tyranne_tulisti	damnant_quod_non_intellegunt	id_quod_plerumque_accidit
sample	CDS-CASE-690576	CDS-BIOS-587657	Tissue	a_bene_placito	Fluids	Normal	Parotid Gland	882	scientia_et_labor	scientia_et_sapientia	saltus_in_demonstrando
sample	CDS-CASE-549675	CDS-BIOS-228502	Urine	scientiae_cedit_mare	Bone Marrow	Normal	Colon - Mucosa Only	85	scientia_et_sapientia	labor_ipse_voluptas	sapiens_qui_prospicit
sample	CDS-CASE-222534	CDS-BIOS-987804	Bone Marrow	pace_tua	Not Reported	Peritumoral	Ear Canal	157	Obedientia_civium_urbis_felicitas	pace_tua	labor_ipse_voluptas
sample	CDS-CASE-683936	CDS-BIOS-188143	Sputum	a_bene_placito	Fluids	Not Reported	Tendon	263	id_quod_plerumque_accidit	faber_est_suae_quisque_fortunae	Obedientia_civium_urbis_felicitas
sample	CDS-CASE-678608	CDS-BIOS-183671	Stool	nascentes_morimur_finisque_ab_origine_pendet	Ascites	Tumor	Patella	650	Macte_animo_Generose_puer_sic_itur_ad_astra	saltus_in_demonstrando	nascentes_morimur_finisque_ab_origine_pendet
sample	CDS-CASE-421526	CDS-BIOS-500653	Cells	scientia,_aere_perennius	Sputum	Not Reported	Knee	262	sapiens_qui_prospicit	scientia_imperii_decus_et_tutamen	Obedientia_civium_urbis_felicitas
sample	CDS-CASE-271434	CDS-BIOS-943517	Bone Marrow	nanos_gigantum_humeris_insidentes	Mouth Rinse	Unknown	Lymph Node(s) Axilla	449	barba_crescit_caput_nescit	barba_crescit_caput_nescit	barba_crescit_caput_nescit
sample	CDS-CASE-708260	CDS-BIOS-790223	Stool	labor_ipse_voluptas	Stool	Peritumoral	Lymph Node(s) Iliac-External	738	Obedientia_civium_urbis_felicitas	scientiae_cedit_mare	faber_est_suae_quisque_fortunae
sample	CDS-CASE-703064	CDS-BIOS-922803	Sputum	O_Tite_tute_Tati_tibi_tanta_tyranne_tulisti	Blood	Unknown	Lung metastasis	914	saltus_in_demonstrando	sapiens_qui_prospicit	cacatum_non_est_pictum
sample	CDS-CASE-155554	CDS-BIOS-285905	Ascites	e_causa_ignota	Blood	Unknown	L. Femur	264	scientiae_cedit_mare	faber_est_suae_quisque_fortunae	Gallia_est_omnis_divisa_in_partes_tres
sample	CDS-CASE-341757	CDS-BIOS-486013	Analyte	barba_crescit_caput_nescit	Blood	Unknown	Trachea / Major Bronchi	284	labor_ipse_voluptas	scientia,_aere_perennius	id_quod_plerumque_accidit
sample	CDS-CASE-966985	CDS-BIOS-529827	Bone Marrow	scientia,_aere_perennius	Stool	Peritumoral	Antecubital Fossa	479	salus_in_arduis	haec_olim_meminisse_iuvabit	haec_olim_meminisse_iuvabit
sample	CDS-CASE-548582	CDS-BIOS-125182	Tissue	e_causa_ignota	Tissue	Normal	Adipose	810	pace_tua	scientia_imperii_decus_et_tutamen	cacatum_non_est_pictum
sample	CDS-CASE-685965	CDS-BIOS-368539	Sputum	damnant_quod_non_intellegunt	Fluids	Normal	Adenoid	863	haec_olim_meminisse_iuvabit	pace_tua	id_quod_plerumque_accidit
sample	CDS-CASE-555406	CDS-BIOS-253661	Sputum	scientiae_cedit_mare	Not Reported	Peritumoral	Shoulder	373	imperium_in_imperio	sapiens_qui_prospicit	faber_est_suae_quisque_fortunae
sample	CDS-CASE-973829	CDS-BIOS-361561	Bone Marrow	barba_crescit_caput_nescit	Mouth Rinse	Not Reported	Seminal Vesicle	806	haec_olim_meminisse_iuvabit	sapiens_qui_prospicit	scientiae_cedit_mare
sample	CDS-CASE-332466	CDS-BIOS-994109	Urine	Macte_animo_Generose_puer_sic_itur_ad_astra	Urine	Unknown	Perineum	749	saltus_in_demonstrando	saltus_in_demonstrando	scientia,_aere_perennius
sample	CDS-CASE-965965	CDS-BIOS-758405	Tissue	damnant_quod_non_intellegunt	Blood	Not Reported	Cerebrum	555	scientiae_et_patriae	e_causa_ignota	pace_tua
sample	CDS-CASE-352522	CDS-BIOS-740258	Mouth Rinse	id_quod_plerumque_accidit	Analyte	Not Reported	Mitochondria	428	nascentes_morimur_finisque_ab_origine_pendet	sapiens_qui_prospicit	damnant_quod_non_intellegunt
sample	CDS-CASE-870962	CDS-BIOS-917705	Cells	saltus_in_demonstrando	Not Reported	Not Reported	Left thigh	716	id_quod_plerumque_accidit	Obedientia_civium_urbis_felicitas	cacatum_non_est_pictum
sample	CDS-CASE-721817	CDS-BIOS-445324	Analyte	damnant_quod_non_intellegunt	Blood	Not Reported	Supraglottis	765	Obedientia_civium_urbis_felicitas	imperium_in_imperio	sapiens_qui_prospicit
sample	CDS-CASE-114013	CDS-BIOS-259462	Sputum	cacatum_non_est_pictum	Cells	Tumor	Retina	986	a_bene_placito	nanos_gigantum_humeris_insidentes	nanos_gigantum_humeris_insidentes
sample	CDS-CASE-451604	CDS-BIOS-834547	Bone Marrow	scientia,_aere_perennius	Analyte	Not Reported	Cerebrum	901	scientiae_et_patriae	faber_est_suae_quisque_fortunae	Gallia_est_omnis_divisa_in_partes_tres
sample	CDS-CASE-228118	CDS-BIOS-201460	Urine	labor_ipse_voluptas	Sputum	Peritumoral	Knee	936	scientia_et_labor	e_causa_ignota	id_quod_plerumque_accidit
sample	CDS-CASE-138144	CDS-BIOS-265934	Tissue	labor_ipse_voluptas	Stool	Normal	Peritoneal Cavity	153	cacatum_non_est_pictum	faber_est_suae_quisque_fortunae	nascentes_morimur_finisque_ab_origine_pendet
sample	CDS-CASE-916110	CDS-BIOS-745351	Stool	scientia_imperii_decus_et_tutamen	Tissue	Unknown	Sacrum	527	imperium_in_imperio	scientia_et_labor	nanos_gigantum_humeris_insidentes
sample	CDS-CASE-746581	CDS-BIOS-311868	Sputum	id_quod_plerumque_accidit	Sputum	Unknown	Vertebra	729	nascentes_morimur_finisque_ab_origine_pendet	scientia_imperii_decus_et_tutamen	saltus_in_demonstrando
sample	CDS-CASE-788815	CDS-BIOS-775015	Fluids	O_Tite_tute_Tati_tibi_tanta_tyranne_tulisti	Analyte	Tumor	Retro-Orbital Region	997	cacatum_non_est_pictum	Macte_animo_Generose_puer_sic_itur_ad_astra	scientiae_et_patriae
sample	CDS-CASE-582048	CDS-BIOS-581284	Fluids	pace_tua	Bone Marrow	Normal	Other	629	scientia_imperii_decus_et_tutamen	scientia_et_sapientia	saltus_in_demonstrando
sample	CDS-CASE-622225	CDS-BIOS-798757	Mouth Rinse	Gallia_est_omnis_divisa_in_partes_tres	Bone Marrow	Tumor	Frontal Cortex	805	damnant_quod_non_intellegunt	scientia_et_labor	scientia,_aere_perennius
sample	CDS-CASE-278766	CDS-BIOS-796889	Tissue	sapiens_qui_prospicit	Stool	Tumor	R. Proximal Ulna	138	scientia_imperii_decus_et_tutamen	e_causa_ignota	scientia_et_sapientia
sample	CDS-CASE-973257	CDS-BIOS-760256	Cells	sapiens_qui_prospicit	Cells	Unknown	Hypopharynx	561	a_bene_placito	O_Tite_tute_Tati_tibi_tanta_tyranne_tulisti	id_quod_plerumque_accidit
sample	CDS-CASE-476672	CDS-BIOS-931439	Ascites	pace_tua	Ascites	Not Reported	Spinal Column	387	sapiens_qui_prospicit	cacatum_non_est_pictum	scientia_et_labor
sample	CDS-CASE-778690	CDS-BIOS-919981	Ascites	O_Tite_tute_Tati_tibi_tanta_tyranne_tulisti	Blood	Normal	Hepatic Vein	914	cacatum_non_est_pictum	faber_est_suae_quisque_fortunae	damnant_quod_non_intellegunt
sample	CDS-CASE-743583	CDS-BIOS-347984	Bone Marrow	e_causa_ignota	Urine	Normal	Pharynx	470	scientia_imperii_decus_et_tutamen	damnant_quod_non_intellegunt	salus_in_arduis
sample	CDS-CASE-523815	CDS-BIOS-442950	Analyte	labor_ipse_voluptas	Unknown	Normal	Right Bone marrow	513	Macte_animo_Generose_puer_sic_itur_ad_astra	nascentes_morimur_finisque_ab_origine_pendet	damnant_quod_non_intellegunt
sample	CDS-CASE-346989	CDS-BIOS-475366	Mouth Rinse	scientia_imperii_decus_et_tutamen	Stool	Normal	Tonsil	547	Macte_animo_Generose_puer_sic_itur_ad_astra	Obedientia_civium_urbis_felicitas	barba_crescit_caput_nescit
sample	CDS-CASE-378395	CDS-BIOS-571609	Ascites	haec_olim_meminisse_iuvabit	Unknown	Not Reported	Placenta	352	Gallia_est_omnis_divisa_in_partes_tres	barba_crescit_caput_nescit	imperium_in_imperio
sample	CDS-CASE-288426	CDS-BIOS-750304	Analyte	saltus_in_demonstrando	Urine	Tumor	Buccal Cavity	184	haec_olim_meminisse_iuvabit	a_bene_placito	faber_est_suae_quisque_fortunae
sample	CDS-CASE-828969	CDS-BIOS-368487	Cells	sapiens_qui_prospicit	Stool	Unknown	Colon - Mucosa Only	758	Macte_animo_Generose_puer_sic_itur_ad_astra	sapiens_qui_prospicit	Gallia_est_omnis_divisa_in_partes_tres
sample	CDS-CASE-759871	CDS-BIOS-159118	Tissue	saltus_in_demonstrando	Not Reported	Tumor	Bone Marrow metastasis	479	salus_in_arduis	scientia_et_sapientia	scientia_imperii_decus_et_tutamen
sample	CDS-CASE-651136	CDS-BIOS-382203	Urine	Obedientia_civium_urbis_felicitas	Ascites	Not Reported	Lung mass	400	O_Tite_tute_Tati_tibi_tanta_tyranne_tulisti	saltus_in_demonstrando	nascentes_morimur_finisque_ab_origine_pendet
sample	CDS-CASE-809909	CDS-BIOS-233133	Ascites	e_causa_ignota	Tissue	Tumor	tumor	285	haec_olim_meminisse_iuvabit	id_quod_plerumque_accidit	barba_crescit_caput_nescit
sample	CDS-CASE-993365	CDS-BIOS-919864	Fluids	labor_ipse_voluptas	Tissue	Not Reported	Not Allowed To Collect	27	salus_in_arduis	a_bene_placito	damnant_quod_non_intellegunt
sample	CDS-CASE-367945	CDS-BIOS-963254	Cells	Macte_animo_Generose_puer_sic_itur_ad_astra	Fluids	Not Reported	Diaphragm	541	salus_in_arduis	scientiae_et_patriae	scientia_et_sapientia
sample	CDS-CASE-307856	CDS-BIOS-342107	Bone Marrow	scientia_imperii_decus_et_tutamen	Urine	Normal	Fibroblasts	802	haec_olim_meminisse_iuvabit	id_quod_plerumque_accidit	a_bene_placito
sample	CDS-CASE-882406	CDS-BIOS-149837	Bone Marrow	sapiens_qui_prospicit	Cells	Not Reported	Bowel	958	pace_tua	damnant_quod_non_intellegunt	Obedientia_civium_urbis_felicitas
sample	CDS-CASE-661104	CDS-BIOS-246344	Cells	imperium_in_imperio	Ascites	Not Reported	Mesentery	298	labor_ipse_voluptas	sapiens_qui_prospicit	scientia_imperii_decus_et_tutamen
sample	CDS-CASE-902974	CDS-BIOS-360046	Mouth Rinse	sapiens_qui_prospicit	Sputum	Not Reported	Esophageal; Proximal	682	cacatum_non_est_pictum	damnant_quod_non_intellegunt	scientia_et_labor
sample	CDS-CASE-429102	CDS-BIOS-748786	Urine	Gallia_est_omnis_divisa_in_partes_tres	Ascites	Tumor	Adrenal mass	249	cacatum_non_est_pictum	Gallia_est_omnis_divisa_in_partes_tres	O_Tite_tute_Tati_tibi_tanta_tyranne_tulisti
sample	CDS-CASE-607219	CDS-BIOS-479650	Analyte	sapiens_qui_prospicit	Ascites	Tumor	Scapula	732	scientia,_aere_perennius	nascentes_morimur_finisque_ab_origine_pendet	barba_crescit_caput_nescit
sample	CDS-CASE-396068	CDS-BIOS-773207	Urine	scientiae_et_patriae	Analyte	Unknown	Parotid Gland	922	salus_in_arduis	O_Tite_tute_Tati_tibi_tanta_tyranne_tulisti	sapiens_qui_prospicit
sample	CDS-CASE-268270	CDS-BIOS-360155	Urine	Gallia_est_omnis_divisa_in_partes_tres	Cells	Normal	Sinus	457	Macte_animo_Generose_puer_sic_itur_ad_astra	sapiens_qui_prospicit	nascentes_morimur_finisque_ab_origine_pendet
sample	CDS-CASE-422435	CDS-BIOS-533240	Bone Marrow	faber_est_suae_quisque_fortunae	Blood	Not Reported	Cerebrum	397	imperium_in_imperio	nanos_gigantum_humeris_insidentes	Macte_animo_Generose_puer_sic_itur_ad_astra
sample	CDS-CASE-266043	CDS-BIOS-391678	Ascites	O_Tite_tute_Tati_tibi_tanta_tyranne_tulisti	Bone Marrow	Normal	Bowel	234	scientia_imperii_decus_et_tutamen	haec_olim_meminisse_iuvabit	pace_tua
sample	CDS-CASE-821468	CDS-BIOS-483868	Urine	id_quod_plerumque_accidit	Unknown	Not Reported	Appendix	799	Obedientia_civium_urbis_felicitas	pace_tua	pace_tua
sample	CDS-CASE-747462	CDS-BIOS-785623	Analyte	nanos_gigantum_humeris_insidentes	Urine	Tumor	R. Distal Femur	836	e_causa_ignota	nascentes_morimur_finisque_ab_origine_pendet	scientia_et_sapientia
sample	CDS-CASE-292886	CDS-BIOS-416441	Cells	O_Tite_tute_Tati_tibi_tanta_tyranne_tulisti	Tissue	Not Reported	Lymph Node(s) Iliac-Common	242	a_bene_placito	Obedientia_civium_urbis_felicitas	nascentes_morimur_finisque_ab_origine_pendet
sample	CDS-CASE-130057	CDS-BIOS-755018	Blood	salus_in_arduis	Bone Marrow	Tumor	Not specified in data	107	faber_est_suae_quisque_fortunae	faber_est_suae_quisque_fortunae	labor_ipse_voluptas
sample	CDS-CASE-249345	CDS-BIOS-700731	Cells	scientiae_et_patriae	Mouth Rinse	Normal	Right Bone marrow	940	scientiae_cedit_mare	scientia_imperii_decus_et_tutamen	id_quod_plerumque_accidit
sample	CDS-CASE-281661	CDS-BIOS-554918	Ascites	Macte_animo_Generose_puer_sic_itur_ad_astra	Mouth Rinse	Unknown	Laryngopharynx	765	pace_tua	Macte_animo_Generose_puer_sic_itur_ad_astra	saltus_in_demonstrando
sample	CDS-CASE-456910	CDS-BIOS-866391	Sputum	Obedientia_civium_urbis_felicitas	Analyte	Peritumoral	Scapula	546	saltus_in_demonstrando	scientia,_aere_perennius	damnant_quod_non_intellegunt
sample	CDS-CASE-509930	CDS-BIOS-592565	Stool	scientiae_cedit_mare	Blood	Unknown	Central Nervous System	868	nanos_gigantum_humeris_insidentes	scientia_imperii_decus_et_tutamen	saltus_in_demonstrando
sample	CDS-CASE-239449	CDS-BIOS-846600	Sputum	pace_tua	Fluids	Tumor	Supraglottis	148	barba_crescit_caput_nescit	id_quod_plerumque_accidit	imperium_in_imperio
sample	CDS-CASE-429192	CDS-BIOS-658839	Sputum	Obedientia_civium_urbis_felicitas	Blood	Tumor	Lymph Nodes(s) Mediastinal	520	imperium_in_imperio	Macte_animo_Generose_puer_sic_itur_ad_astra	sapiens_qui_prospicit
sample	CDS-CASE-130878	CDS-BIOS-509350	Fluids	a_bene_placito	Sputum	Unknown	Cervix	385	barba_crescit_caput_nescit	nascentes_morimur_finisque_ab_origine_pendet	barba_crescit_caput_nescit
sample	CDS-CASE-715409	CDS-BIOS-628877	Cells	pace_tua	Not Reported	Tumor	Lymph Node(s) Axilla	105	scientiae_cedit_mare	Macte_animo_Generose_puer_sic_itur_ad_astra	Macte_animo_Generose_puer_sic_itur_ad_astra
sample	CDS-CASE-528896	CDS-BIOS-650528	Ascites	saltus_in_demonstrando	Tissue	Not Reported	Glottis	45	scientia_et_sapientia	scientiae_et_patriae	scientia_et_sapientia
sample	CDS-CASE-502653	CDS-BIOS-647128	Fluids	scientia_et_sapientia	Stool	Tumor	Lymph Node(s) Distant	521	pace_tua	e_causa_ignota	barba_crescit_caput_nescit
sample	CDS-CASE-603748	CDS-BIOS-405621	Analyte	barba_crescit_caput_nescit	Ascites	Tumor	Kidney	256	nanos_gigantum_humeris_insidentes	scientiae_cedit_mare	O_Tite_tute_Tati_tibi_tanta_tyranne_tulisti
sample	CDS-CASE-438511	CDS-BIOS-879299	Ascites	Obedientia_civium_urbis_felicitas	Not Reported	Normal	Nasopharynx	701	faber_est_suae_quisque_fortunae	a_bene_placito	Macte_animo_Generose_puer_sic_itur_ad_astra
sample	CDS-CASE-573644	CDS-BIOS-863442	Fluids	sapiens_qui_prospicit	Cells	Unknown	Lymph Node(s) Occipital	513	scientia_et_sapientia	nanos_gigantum_humeris_insidentes	haec_olim_meminisse_iuvabit
sample	CDS-CASE-638388	CDS-BIOS-203577	Mouth Rinse	id_quod_plerumque_accidit	Sputum	Not Reported	Pelvis	215	nanos_gigantum_humeris_insidentes	sapiens_qui_prospicit	scientia,_aere_perennius
sample	CDS-CASE-427765	CDS-BIOS-622924	Tissue	scientia_imperii_decus_et_tutamen	Fluids	Tumor	Mediastinal Soft Tissue	243	faber_est_suae_quisque_fortunae	haec_olim_meminisse_iuvabit	a_bene_placito
sample	CDS-CASE-403333	CDS-BIOS-810939	Urine	Obedientia_civium_urbis_felicitas	Ascites	Peritumoral	Ureter	297	saltus_in_demonstrando	e_causa_ignota	cacatum_non_est_pictum
sample	CDS-CASE-115140	CDS-BIOS-828647	Sputum	scientiae_cedit_mare	Not Reported	Tumor	Pituitary Gland	128	e_causa_ignota	Obedientia_civium_urbis_felicitas	labor_ipse_voluptas
sample	CDS-CASE-212596	CDS-BIOS-740956	Fluids	scientiae_et_patriae	Analyte	Normal	Lymph Node met	275	O_Tite_tute_Tati_tibi_tanta_tyranne_tulisti	salus_in_arduis	sapiens_qui_prospicit
sample	CDS-CASE-379997	CDS-BIOS-901122	Stool	scientia_et_labor	Urine	Unknown	Ampulla Of Vater	132	haec_olim_meminisse_iuvabit	labor_ipse_voluptas	pace_tua
sample	CDS-CASE-439032	CDS-BIOS-534324	Analyte	saltus_in_demonstrando	Bone Marrow	Unknown	Mitochondria	414	cacatum_non_est_pictum	O_Tite_tute_Tati_tibi_tanta_tyranne_tulisti	scientia,_aere_perennius
sample	CDS-CASE-413051	CDS-BIOS-324371	Blood	scientiae_et_patriae	Stool	Tumor	Jejunum	855	haec_olim_meminisse_iuvabit	sapiens_qui_prospicit	scientia_imperii_decus_et_tutamen
sample	CDS-CASE-744677	CDS-BIOS-388454	Bone Marrow	scientiae_cedit_mare	Fluids	Tumor	Epididymis	505	scientiae_cedit_mare	sapiens_qui_prospicit	a_bene_placito
sample	CDS-CASE-817482	CDS-BIOS-538289	Mouth Rinse	scientiae_et_patriae	Urine	Not Reported	Hypopharynx	433	scientiae_et_patriae	a_bene_placito	scientia,_aere_perennius
sample	CDS-CASE-856182	CDS-BIOS-202755	Cells	Gallia_est_omnis_divisa_in_partes_tres	Ascites	Tumor	Not Allowed To Collect	93	faber_est_suae_quisque_fortunae	labor_ipse_voluptas	scientia,_aere_perennius
sample	CDS-CASE-142228	CDS-BIOS-350762	Cells	cacatum_non_est_pictum	Fluids	Tumor	Blood Vessel	831	salus_in_arduis	labor_ipse_voluptas	scientiae_et_patriae
sample	CDS-CASE-998143	CDS-BIOS-954841	Bone Marrow	nascentes_morimur_finisque_ab_origine_pendet	Fluids	Tumor	Connective Tissue	172	scientiae_et_patriae	damnant_quod_non_intellegunt	damnant_quod_non_intellegunt
sample	CDS-CASE-981372	CDS-BIOS-233206	Cells	faber_est_suae_quisque_fortunae	Cells	Peritumoral	Lymph Node(s) Hilar	413	pace_tua	pace_tua	imperium_in_imperio
sample	CDS-CASE-218850	CDS-BIOS-890236	Tissue	faber_est_suae_quisque_fortunae	Mouth Rinse	Unknown	Back	807	faber_est_suae_quisque_fortunae	O_Tite_tute_Tati_tibi_tanta_tyranne_tulisti	salus_in_arduis
sample	CDS-CASE-628178	CDS-BIOS-960918	Mouth Rinse	saltus_in_demonstrando	Tissue	Tumor	Middle Finger	919	faber_est_suae_quisque_fortunae	a_bene_placito	scientiae_et_patriae
sample	CDS-CASE-232057	CDS-BIOS-266289	Blood	id_quod_plerumque_accidit	Cells	Tumor	Lymph Node(s) Submandibular	276	sapiens_qui_prospicit	Gallia_est_omnis_divisa_in_partes_tres	Macte_animo_Generose_puer_sic_itur_ad_astra
sample	CDS-CASE-458522	CDS-BIOS-541553	Mouth Rinse	id_quod_plerumque_accidit	Unknown	Normal	Small Bowel - Mucosa Only	872	imperium_in_imperio	a_bene_placito	O_Tite_tute_Tati_tibi_tanta_tyranne_tulisti
sample	CDS-CASE-825664	CDS-BIOS-898377	Analyte	Macte_animo_Generose_puer_sic_itur_ad_astra	Bone Marrow	Not Reported	Lymph Node(s) Subclavicular	489	id_quod_plerumque_accidit	labor_ipse_voluptas	scientia_et_labor
sample	CDS-CASE-903211	CDS-BIOS-914805	Bone Marrow	e_causa_ignota	Stool	Normal	R. Breast metastasis	180	nascentes_morimur_finisque_ab_origine_pendet	a_bene_placito	id_quod_plerumque_accidit
sample	CDS-CASE-113476	CDS-BIOS-934884	Bone Marrow	Obedientia_civium_urbis_felicitas	Blood	Normal	Oral Cavity	53	Macte_animo_Generose_puer_sic_itur_ad_astra	scientia_et_labor	scientia_et_sapientia
sample	CDS-CASE-771999	CDS-BIOS-509775	Mouth Rinse	salus_in_arduis	Not Reported	Peritumoral	Larynx	195	Obedientia_civium_urbis_felicitas	imperium_in_imperio	scientiae_cedit_mare
sample	CDS-CASE-719747	CDS-BIOS-432024	Cells	sapiens_qui_prospicit	Stool	Unknown	Pharynx	616	barba_crescit_caput_nescit	scientia_et_sapientia	Obedientia_civium_urbis_felicitas
sample	CDS-CASE-696778	CDS-BIOS-550180	Urine	id_quod_plerumque_accidit	Unknown	Unknown	Adenoid	414	sapiens_qui_prospicit	scientia_imperii_decus_et_tutamen	nanos_gigantum_humeris_insidentes
sample	CDS-CASE-310659	CDS-BIOS-455013	Blood	cacatum_non_est_pictum	Urine	Normal	Humerus	786	faber_est_suae_quisque_fortunae	haec_olim_meminisse_iuvabit	scientia_et_labor
sample	CDS-CASE-279861	CDS-BIOS-261370	Analyte	Obedientia_civium_urbis_felicitas	Fluids	Not Reported	Connective Tissue	559	damnant_quod_non_intellegunt	scientia_et_sapientia	Gallia_est_omnis_divisa_in_partes_tres
sample	CDS-CASE-616038	CDS-BIOS-994205	Sputum	Macte_animo_Generose_puer_sic_itur_ad_astra	Unknown	Not Reported	Auditory Canal	299	saltus_in_demonstrando	saltus_in_demonstrando	faber_est_suae_quisque_fortunae
sample	CDS-CASE-252737	CDS-BIOS-762668	Stool	Obedientia_civium_urbis_felicitas	Blood	Tumor	Spinal Column	533	scientia,_aere_perennius	labor_ipse_voluptas	faber_est_suae_quisque_fortunae
sample	CDS-CASE-444593	CDS-BIOS-982920	Blood	imperium_in_imperio	Ascites	Normal	R. Parietal Lobe	986	Gallia_est_omnis_divisa_in_partes_tres	a_bene_placito	scientia_imperii_decus_et_tutamen
sample	CDS-CASE-389615	CDS-BIOS-774010	Urine	salus_in_arduis	Fluids	Normal	Pituitary Gland	961	Obedientia_civium_urbis_felicitas	damnant_quod_non_intellegunt	pace_tua
sample	CDS-CASE-624561	CDS-BIOS-316089	Bone Marrow	scientiae_et_patriae	Bone Marrow	Peritumoral	R. Parietal Lobe	106	Gallia_est_omnis_divisa_in_partes_tres	scientia_et_sapientia	cacatum_non_est_pictum
sample	CDS-CASE-878325	CDS-BIOS-135870	Analyte	scientia,_aere_perennius	Sputum	Not Reported	Urethra	785	scientiae_et_patriae	scientia_et_sapientia	nanos_gigantum_humeris_insidentes
sample	CDS-CASE-873645	CDS-BIOS-110899	Urine	salus_in_arduis	Ascites	Peritumoral	Antrum	864	cacatum_non_est_pictum	a_bene_placito	barba_crescit_caput_nescit
sample	CDS-CASE-947999	CDS-BIOS-171591	Ascites	imperium_in_imperio	Urine	Peritumoral	Wrist	104	Obedientia_civium_urbis_felicitas	Gallia_est_omnis_divisa_in_partes_tres	O_Tite_tute_Tati_tibi_tanta_tyranne_tulisti
sample	CDS-CASE-472652	CDS-BIOS-198620	Stool	saltus_in_demonstrando	Bone Marrow	Tumor	Esophagus - Mucosa Only	634	scientiae_et_patriae	imperium_in_imperio	scientia_et_sapientia
sample	CDS-CASE-374028	CDS-BIOS-741431	Blood	imperium_in_imperio	Mouth Rinse	Peritumoral	Splenic Flexure	661	sapiens_qui_prospicit	saltus_in_demonstrando	cacatum_non_est_pictum
sample	CDS-CASE-999672	CDS-BIOS-168953	Analyte	Obedientia_civium_urbis_felicitas	Fluids	Normal	Lymph Node(s) Mammary	246	id_quod_plerumque_accidit	haec_olim_meminisse_iuvabit	scientia_imperii_decus_et_tutamen
sample	CDS-CASE-614617	CDS-BIOS-816262	Fluids	scientiae_et_patriae	Tissue	Tumor	Brain Stem	720	haec_olim_meminisse_iuvabit	e_causa_ignota	sapiens_qui_prospicit
sample	CDS-CASE-339764	CDS-BIOS-483427	Stool	damnant_quod_non_intellegunt	Bone Marrow	Peritumoral	Calf	128	scientia,_aere_perennius	saltus_in_demonstrando	barba_crescit_caput_nescit
sample	CDS-CASE-461333	CDS-BIOS-831185	Stool	salus_in_arduis	Fluids	Peritumoral	Lymph Node(s) Popliteal	555	haec_olim_meminisse_iuvabit	sapiens_qui_prospicit	O_Tite_tute_Tati_tibi_tanta_tyranne_tulisti
sample	CDS-CASE-483134	CDS-BIOS-723299	Cells	faber_est_suae_quisque_fortunae	Sputum	Unknown	Esophagogastric Junction	743	nanos_gigantum_humeris_insidentes	nanos_gigantum_humeris_insidentes	nascentes_morimur_finisque_ab_origine_pendet
sample	CDS-CASE-991992	CDS-BIOS-100658	Bone Marrow	a_bene_placito	Cells	Tumor	Ileum	750	scientia_et_sapientia	scientia_et_sapientia	scientia,_aere_perennius
sample	CDS-CASE-652721	CDS-BIOS-353992	Cells	O_Tite_tute_Tati_tibi_tanta_tyranne_tulisti	Ascites	Unknown	R. Parietal Lobe	88	O_Tite_tute_Tati_tibi_tanta_tyranne_tulisti	nanos_gigantum_humeris_insidentes	cacatum_non_est_pictum
sample	CDS-CASE-384864	CDS-BIOS-886830	Fluids	id_quod_plerumque_accidit	Blood	Tumor	Sinus(es), Maxillary	189	scientiae_cedit_mare	scientia_et_labor	e_causa_ignota
sample	CDS-CASE-264049	CDS-BIOS-759146	Mouth Rinse	imperium_in_imperio	Not Reported	Tumor	Nasal Soft Tissue	857	e_causa_ignota	pace_tua	pace_tua
sample	CDS-CASE-861399	CDS-BIOS-155567	Mouth Rinse	sapiens_qui_prospicit	Bone Marrow	Peritumoral	Uterus	405	pace_tua	O_Tite_tute_Tati_tibi_tanta_tyranne_tulisti	O_Tite_tute_Tati_tibi_tanta_tyranne_tulisti
sample	CDS-CASE-188708	CDS-BIOS-274980	Blood	scientia_et_labor	Unknown	Peritumoral	Rectosigmoid Junction	629	faber_est_suae_quisque_fortunae	scientia_imperii_decus_et_tutamen	salus_in_arduis
sample	CDS-CASE-603668	CDS-BIOS-770709	Stool	pace_tua	Mouth Rinse	Unknown	Anus	519	O_Tite_tute_Tati_tibi_tanta_tyranne_tulisti	barba_crescit_caput_nescit	sapiens_qui_prospicit
sample	CDS-CASE-640653	CDS-BIOS-338127	Urine	nascentes_morimur_finisque_ab_origine_pendet	Not Reported	Unknown	Kidney	771	saltus_in_demonstrando	scientia_et_labor	scientia_imperii_decus_et_tutamen
sample	CDS-CASE-250209	CDS-BIOS-442411	Tissue	damnant_quod_non_intellegunt	Ascites	Unknown	Chest	410	scientia,_aere_perennius	O_Tite_tute_Tati_tibi_tanta_tyranne_tulisti	pace_tua
sample	CDS-CASE-699220	CDS-BIOS-620210	Tissue	scientiae_et_patriae	Urine	Unknown	Vulva	215	sapiens_qui_prospicit	Macte_animo_Generose_puer_sic_itur_ad_astra	e_causa_ignota
sample	CDS-CASE-545181	CDS-BIOS-488123	Cells	scientiae_cedit_mare	Bone Marrow	Not Reported	Shoulder	539	Macte_animo_Generose_puer_sic_itur_ad_astra	scientia,_aere_perennius	nanos_gigantum_humeris_insidentes
sample	CDS-CASE-405877	CDS-BIOS-356215	Urine	scientia_et_sapientia	Blood	Unknown	Paranasal Sinuses	316	id_quod_plerumque_accidit	e_causa_ignota	saltus_in_demonstrando
sample	CDS-CASE-963339	CDS-BIOS-915923	Urine	faber_est_suae_quisque_fortunae	Bone Marrow	Unknown	Esophageal; Distal	510	scientia_et_labor	cacatum_non_est_pictum	a_bene_placito
sample	CDS-CASE-114109	CDS-BIOS-184567	Ascites	id_quod_plerumque_accidit	Urine	Not Reported	Aortic Body	874	scientia_et_labor	scientia_imperii_decus_et_tutamen	scientia_et_labor
sample	CDS-CASE-141564	CDS-BIOS-823895	Cells	cacatum_non_est_pictum	Cells	Unknown	Maxilla	517	cacatum_non_est_pictum	salus_in_arduis	O_Tite_tute_Tati_tibi_tanta_tyranne_tulisti
sample	CDS-CASE-763044	CDS-BIOS-649317	Tissue	scientia_et_labor	Unknown	Not Reported	Vas Deferens	328	imperium_in_imperio	saltus_in_demonstrando	scientia,_aere_perennius
sample	CDS-CASE-116637	CDS-BIOS-672344	Analyte	faber_est_suae_quisque_fortunae	Urine	Tumor	Brain	360	labor_ipse_voluptas	cacatum_non_est_pictum	Macte_animo_Generose_puer_sic_itur_ad_astra
sample	CDS-CASE-154936	CDS-BIOS-366263	Ascites	O_Tite_tute_Tati_tibi_tanta_tyranne_tulisti	Fluids	Tumor	Lymph Node(s) Epitrochlear	421	Gallia_est_omnis_divisa_in_partes_tres	sapiens_qui_prospicit	nanos_gigantum_humeris_insidentes
sample	CDS-CASE-661107	CDS-BIOS-792050	Fluids	scientia_imperii_decus_et_tutamen	Not Reported	Peritumoral	Fundus Of Stomach	222	cacatum_non_est_pictum	sapiens_qui_prospicit	Macte_animo_Generose_puer_sic_itur_ad_astra
sample	CDS-CASE-441359	CDS-BIOS-853720	Sputum	scientia_et_sapientia	Mouth Rinse	Peritumoral	Floor Of Mouth	330	saltus_in_demonstrando	Macte_animo_Generose_puer_sic_itur_ad_astra	Macte_animo_Generose_puer_sic_itur_ad_astra
sample	CDS-CASE-239347	CDS-BIOS-731810	Tissue	scientiae_cedit_mare	Not Reported	Tumor	Brow	783	scientia_et_sapientia	a_bene_placito	O_Tite_tute_Tati_tibi_tanta_tyranne_tulisti
sample	CDS-CASE-253971	CDS-BIOS-942375	Bone Marrow	labor_ipse_voluptas	Bone Marrow	Not Reported	Hepatic Duct	395	id_quod_plerumque_accidit	nascentes_morimur_finisque_ab_origine_pendet	O_Tite_tute_Tati_tibi_tanta_tyranne_tulisti
sample	CDS-CASE-781651	CDS-BIOS-613925	Stool	Macte_animo_Generose_puer_sic_itur_ad_astra	Ascites	Not Reported	Pleura	580	scientiae_et_patriae	scientia_imperii_decus_et_tutamen	e_causa_ignota
sample	CDS-CASE-508573	CDS-BIOS-620648	Blood	a_bene_placito	Sputum	Tumor	Calf	299	salus_in_arduis	barba_crescit_caput_nescit	e_causa_ignota
sample	CDS-CASE-988511	CDS-BIOS-117366	Fluids	Obedientia_civium_urbis_felicitas	Tissue	Unknown	Paranasal Sinuses	379	nascentes_morimur_finisque_ab_origine_pendet	haec_olim_meminisse_iuvabit	cacatum_non_est_pictum
sample	CDS-CASE-881063	CDS-BIOS-643930	Ascites	labor_ipse_voluptas	Ascites	Peritumoral	Liver metastasis	676	sapiens_qui_prospicit	scientia_et_labor	Macte_animo_Generose_puer_sic_itur_ad_astra
sample	CDS-CASE-273345	CDS-BIOS-597104	Sputum	sapiens_qui_prospicit	Not Reported	Peritumoral	Ascending Colon	174	barba_crescit_caput_nescit	sapiens_qui_prospicit	faber_est_suae_quisque_fortunae
sample	CDS-CASE-251620	CDS-BIOS-966211	Sputum	Obedientia_civium_urbis_felicitas	Bone Marrow	Not Reported	Lymph Node(s) Scalene	171	scientia_et_labor	pace_tua	Obedientia_civium_urbis_felicitas
sample	CDS-CASE-189920	CDS-BIOS-839492	Analyte	imperium_in_imperio	Tissue	Peritumoral	Placenta	913	scientia_et_labor	Obedientia_civium_urbis_felicitas	salus_in_arduis
sample	CDS-CASE-202072	CDS-BIOS-540693	Fluids	sapiens_qui_prospicit	Blood	Peritumoral	Adrenal	755	pace_tua	nascentes_morimur_finisque_ab_origine_pendet	e_causa_ignota
sample	CDS-CASE-856942	CDS-BIOS-552059	Ascites	imperium_in_imperio	Urine	Not Reported	Tonsil (Pharyngeal)	452	e_causa_ignota	scientiae_cedit_mare	sapiens_qui_prospicit
sample	CDS-CASE-104012	CDS-BIOS-681937	Sputum	salus_in_arduis	Cells	Not Reported	Foreskin	729	salus_in_arduis	scientia,_aere_perennius	e_causa_ignota
sample	CDS-CASE-237218	CDS-BIOS-735341	Mouth Rinse	Obedientia_civium_urbis_felicitas	Fluids	Not Reported	Aorta	792	Gallia_est_omnis_divisa_in_partes_tres	e_causa_ignota	haec_olim_meminisse_iuvabit
sample	CDS-CASE-888511	CDS-BIOS-101904	Mouth Rinse	Gallia_est_omnis_divisa_in_partes_tres	Urine	Unknown	Parathyroid	628	cacatum_non_est_pictum	nanos_gigantum_humeris_insidentes	barba_crescit_caput_nescit
sample	CDS-CASE-843003	CDS-BIOS-796800	Sputum	nanos_gigantum_humeris_insidentes	Stool	Peritumoral	Trachea / Major Bronchi	937	id_quod_plerumque_accidit	pace_tua	scientia_et_labor
sample	CDS-CASE-853191	CDS-BIOS-262455	Analyte	damnant_quod_non_intellegunt	Not Reported	Not Reported	Frontal Lobe	592	sapiens_qui_prospicit	damnant_quod_non_intellegunt	scientia_et_labor
sample	CDS-CASE-885609	CDS-BIOS-650841	Cells	e_causa_ignota	Blood	Peritumoral	Thorax	75	nanos_gigantum_humeris_insidentes	labor_ipse_voluptas	faber_est_suae_quisque_fortunae
sample	CDS-CASE-604952	CDS-BIOS-655191	Tissue	faber_est_suae_quisque_fortunae	Tissue	Normal	Fundus Of Stomach	916	faber_est_suae_quisque_fortunae	sapiens_qui_prospicit	scientia_et_labor
sample	CDS-CASE-987170	CDS-BIOS-201065	Blood	barba_crescit_caput_nescit	Unknown	Unknown	Groin	431	haec_olim_meminisse_iuvabit	cacatum_non_est_pictum	scientia_imperii_decus_et_tutamen
sample	CDS-CASE-788274	CDS-BIOS-681782	Bone Marrow	cacatum_non_est_pictum	Stool	Peritumoral	Eye	960	pace_tua	scientia,_aere_perennius	a_bene_placito
sample	CDS-CASE-591189	CDS-BIOS-928122	Tissue	pace_tua	Bone Marrow	Not Reported	Lung met	747	nascentes_morimur_finisque_ab_origine_pendet	nascentes_morimur_finisque_ab_origine_pendet	nascentes_morimur_finisque_ab_origine_pendet
sample	CDS-CASE-428332	CDS-BIOS-611717	Ascites	nanos_gigantum_humeris_insidentes	Analyte	Normal	Lung metastasis	871	Obedientia_civium_urbis_felicitas	barba_crescit_caput_nescit	cacatum_non_est_pictum
sample	CDS-CASE-908043	CDS-BIOS-971929	Blood	labor_ipse_voluptas	Not Reported	Normal	Ileum	460	nanos_gigantum_humeris_insidentes	imperium_in_imperio	Gallia_est_omnis_divisa_in_partes_tres
sample	CDS-CASE-117479	CDS-BIOS-938287	Mouth Rinse	a_bene_placito	Cells	Not Reported	Buttock	721	labor_ipse_voluptas	scientia_et_sapientia	pace_tua
sample	CDS-CASE-126290	CDS-BIOS-263945	Blood	labor_ipse_voluptas	Ascites	Unknown	Humerus	347	pace_tua	Gallia_est_omnis_divisa_in_partes_tres	scientia_et_sapientia
sample	CDS-CASE-537898	CDS-BIOS-220402	Fluids	damnant_quod_non_intellegunt	Ascites	Unknown	Posterior mediastil mass (mediastinum)	489	scientia,_aere_perennius	imperium_in_imperio	O_Tite_tute_Tati_tibi_tanta_tyranne_tulisti
sample	CDS-CASE-123495	CDS-BIOS-799009	Cells	cacatum_non_est_pictum	Unknown	Normal	L. Femur	550	nanos_gigantum_humeris_insidentes	scientia,_aere_perennius	scientiae_cedit_mare
sample	CDS-CASE-593121	CDS-BIOS-642923	Ascites	nanos_gigantum_humeris_insidentes	Sputum	Not Reported	Heart	423	scientiae_cedit_mare	saltus_in_demonstrando	O_Tite_tute_Tati_tibi_tanta_tyranne_tulisti
sample	CDS-CASE-716210	CDS-BIOS-279714	Tissue	Gallia_est_omnis_divisa_in_partes_tres	Not Reported	Normal	Ocular Orbits	370	scientia_imperii_decus_et_tutamen	damnant_quod_non_intellegunt	damnant_quod_non_intellegunt
sample	CDS-CASE-931613	CDS-BIOS-802247	Urine	nanos_gigantum_humeris_insidentes	Urine	Tumor	Mesentery	956	scientiae_et_patriae	imperium_in_imperio	sapiens_qui_prospicit
sample	CDS-CASE-870612	CDS-BIOS-601982	Urine	a_bene_placito	Tissue	Normal	Glottis	469	scientia_imperii_decus_et_tutamen	damnant_quod_non_intellegunt	O_Tite_tute_Tati_tibi_tanta_tyranne_tulisti
