type	participant.study_participant_id	sample_id	sample_type	sample_description	sample_type_category	sample_tumor_status	sample_anatomic_site	sample_age_at_collection	derived_from_specimen	biosample_accession	crdc_id
sample	CDS-CASE-677900	CDS-BIOS-139636	Bone Marrow	haec_olim_meminisse_iuvabit	Sputum	Normal	Lymph Node(s) Supraclavicular	439	Gallia_est_omnis_divisa_in_partes_tres	scientia_et_sapientia	labor_ipse_voluptas
sample	CDS-CASE-285989	CDS-BIOS-210246	Ascites	saltus_in_demonstrando	Fluids	Not Reported	Peritoneal Cavity	634	haec_olim_meminisse_iuvabit	cacatum_non_est_pictum	scientia_imperii_decus_et_tutamen
sample	CDS-CASE-540278	CDS-BIOS-767126	Urine	scientiae_cedit_mare	Tissue	Normal	Retroperitoneum	549	imperium_in_imperio	sapiens_qui_prospicit	salus_in_arduis
sample	CDS-CASE-725341	CDS-BIOS-551168	Ascites	O_Tite_tute_Tati_tibi_tanta_tyranne_tulisti	Blood	Unknown	Ear Canal	102	barba_crescit_caput_nescit	scientia_imperii_decus_et_tutamen	faber_est_suae_quisque_fortunae
sample	CDS-CASE-219793	CDS-BIOS-778062	Mouth Rinse	e_causa_ignota	Tissue	Tumor	Rectum	713	scientia_et_labor	scientia_et_labor	e_causa_ignota
sample	CDS-CASE-232016	CDS-BIOS-375525	Stool	id_quod_plerumque_accidit	Not Reported	Unknown	Conjunctiva	38	nanos_gigantum_humeris_insidentes	scientia,_aere_perennius	saltus_in_demonstrando
sample	CDS-CASE-708914	CDS-BIOS-634417	Sputum	O_Tite_tute_Tati_tibi_tanta_tyranne_tulisti	Tissue	Tumor	Arm	871	cacatum_non_est_pictum	imperium_in_imperio	nascentes_morimur_finisque_ab_origine_pendet
sample	CDS-CASE-885287	CDS-BIOS-868609	Fluids	nanos_gigantum_humeris_insidentes	Unknown	Normal	Periorbital Soft Tissue	247	scientiae_cedit_mare	labor_ipse_voluptas	O_Tite_tute_Tati_tibi_tanta_tyranne_tulisti
sample	CDS-CASE-681914	CDS-BIOS-565824	Ascites	imperium_in_imperio	Urine	Normal	Lymph Node(s) Parotid	247	imperium_in_imperio	sapiens_qui_prospicit	nanos_gigantum_humeris_insidentes
sample	CDS-CASE-297181	CDS-BIOS-257827	Blood	haec_olim_meminisse_iuvabit	Sputum	Tumor	Bone marrow	796	faber_est_suae_quisque_fortunae	cacatum_non_est_pictum	scientia,_aere_perennius
sample	CDS-CASE-103100	CDS-BIOS-785375	Sputum	O_Tite_tute_Tati_tibi_tanta_tyranne_tulisti	Analyte	Not Reported	Spleen	211	haec_olim_meminisse_iuvabit	faber_est_suae_quisque_fortunae	O_Tite_tute_Tati_tibi_tanta_tyranne_tulisti
sample	CDS-CASE-233060	CDS-BIOS-924421	Sputum	cacatum_non_est_pictum	Stool	Normal	Femur	405	Obedientia_civium_urbis_felicitas	cacatum_non_est_pictum	scientia_imperii_decus_et_tutamen
sample	CDS-CASE-489433	CDS-BIOS-394808	Tissue	Obedientia_civium_urbis_felicitas	Unknown	Tumor	Mediastinal Soft Tissue	541	scientia_imperii_decus_et_tutamen	scientia_et_sapientia	e_causa_ignota
sample	CDS-CASE-249110	CDS-BIOS-319368	Mouth Rinse	scientia_imperii_decus_et_tutamen	Stool	Peritumoral	Large Bowel	547	scientia,_aere_perennius	pace_tua	id_quod_plerumque_accidit
sample	CDS-CASE-494487	CDS-BIOS-325593	Cells	id_quod_plerumque_accidit	Analyte	Tumor	Vein	145	imperium_in_imperio	Macte_animo_Generose_puer_sic_itur_ad_astra	pace_tua
sample	CDS-CASE-469710	CDS-BIOS-735870	Stool	pace_tua	Ascites	Peritumoral	Bilateral	697	damnant_quod_non_intellegunt	saltus_in_demonstrando	damnant_quod_non_intellegunt
sample	CDS-CASE-676295	CDS-BIOS-453012	Blood	damnant_quod_non_intellegunt	Not Reported	Unknown	Common Duct	696	imperium_in_imperio	haec_olim_meminisse_iuvabit	scientia_imperii_decus_et_tutamen
sample	CDS-CASE-292187	CDS-BIOS-328101	Tissue	nanos_gigantum_humeris_insidentes	Not Reported	Tumor	post mortem blood	325	e_causa_ignota	nascentes_morimur_finisque_ab_origine_pendet	faber_est_suae_quisque_fortunae
sample	CDS-CASE-595724	CDS-BIOS-657521	Sputum	scientiae_et_patriae	Analyte	Peritumoral	Other	533	e_causa_ignota	Macte_animo_Generose_puer_sic_itur_ad_astra	scientia_imperii_decus_et_tutamen
sample	CDS-CASE-281740	CDS-BIOS-354323	Stool	Gallia_est_omnis_divisa_in_partes_tres	Ascites	Peritumoral	Abdominal mass	626	saltus_in_demonstrando	barba_crescit_caput_nescit	Macte_animo_Generose_puer_sic_itur_ad_astra
sample	CDS-CASE-929529	CDS-BIOS-686947	Blood	cacatum_non_est_pictum	Not Reported	Normal	Hand	607	imperium_in_imperio	Macte_animo_Generose_puer_sic_itur_ad_astra	faber_est_suae_quisque_fortunae
sample	CDS-CASE-970902	CDS-BIOS-368310	Blood	saltus_in_demonstrando	Mouth Rinse	Tumor	Clavicle	513	nanos_gigantum_humeris_insidentes	imperium_in_imperio	sapiens_qui_prospicit
sample	CDS-CASE-583876	CDS-BIOS-267642	Analyte	scientia_et_labor	Sputum	Tumor	Tibia	958	imperium_in_imperio	imperium_in_imperio	Gallia_est_omnis_divisa_in_partes_tres
sample	CDS-CASE-206734	CDS-BIOS-549941	Blood	cacatum_non_est_pictum	Unknown	Not Reported	Adrenal mass	62	O_Tite_tute_Tati_tibi_tanta_tyranne_tulisti	faber_est_suae_quisque_fortunae	nanos_gigantum_humeris_insidentes
sample	CDS-CASE-526564	CDS-BIOS-384991	Ascites	scientia,_aere_perennius	Tissue	Unknown	Brain	986	O_Tite_tute_Tati_tibi_tanta_tyranne_tulisti	scientia,_aere_perennius	labor_ipse_voluptas
sample	CDS-CASE-591764	CDS-BIOS-190387	Ascites	nanos_gigantum_humeris_insidentes	Cells	Not Reported	Splenic Flexure	613	faber_est_suae_quisque_fortunae	salus_in_arduis	saltus_in_demonstrando
sample	CDS-CASE-702983	CDS-BIOS-345261	Fluids	Gallia_est_omnis_divisa_in_partes_tres	Fluids	Normal	Hepatic	15	scientiae_et_patriae	scientia_et_labor	Obedientia_civium_urbis_felicitas
sample	CDS-CASE-966534	CDS-BIOS-390720	Ascites	nascentes_morimur_finisque_ab_origine_pendet	Not Reported	Peritumoral	Aqueous Fluid	417	salus_in_arduis	scientia_imperii_decus_et_tutamen	id_quod_plerumque_accidit
sample	CDS-CASE-962313	CDS-BIOS-701552	Ascites	imperium_in_imperio	Cells	Normal	Bronchiole	174	damnant_quod_non_intellegunt	damnant_quod_non_intellegunt	damnant_quod_non_intellegunt
sample	CDS-CASE-582139	CDS-BIOS-414039	Cells	saltus_in_demonstrando	Blood	Tumor	Spinal Column	844	damnant_quod_non_intellegunt	saltus_in_demonstrando	O_Tite_tute_Tati_tibi_tanta_tyranne_tulisti
sample	CDS-CASE-959201	CDS-BIOS-383202	Bone Marrow	faber_est_suae_quisque_fortunae	Fluids	Not Reported	R. Proximal Ulna	893	faber_est_suae_quisque_fortunae	barba_crescit_caput_nescit	sapiens_qui_prospicit
sample	CDS-CASE-719741	CDS-BIOS-961408	Mouth Rinse	sapiens_qui_prospicit	Bone Marrow	Normal	R. Proximal Ulna	947	O_Tite_tute_Tati_tibi_tanta_tyranne_tulisti	nascentes_morimur_finisque_ab_origine_pendet	cacatum_non_est_pictum
sample	CDS-CASE-791079	CDS-BIOS-734553	Stool	imperium_in_imperio	Unknown	Unknown	Ascending Colon	626	scientia,_aere_perennius	damnant_quod_non_intellegunt	scientia_et_sapientia
sample	CDS-CASE-108427	CDS-BIOS-378273	Stool	id_quod_plerumque_accidit	Fluids	Not Reported	Femoral Artery	115	damnant_quod_non_intellegunt	sapiens_qui_prospicit	a_bene_placito
sample	CDS-CASE-609679	CDS-BIOS-808142	Bone Marrow	salus_in_arduis	Ascites	Tumor	Ankle	788	scientia_et_labor	faber_est_suae_quisque_fortunae	Macte_animo_Generose_puer_sic_itur_ad_astra
sample	CDS-CASE-849639	CDS-BIOS-710634	Blood	pace_tua	Sputum	Peritumoral	Leg	619	a_bene_placito	haec_olim_meminisse_iuvabit	nanos_gigantum_humeris_insidentes
sample	CDS-CASE-917757	CDS-BIOS-541509	Mouth Rinse	Obedientia_civium_urbis_felicitas	Mouth Rinse	Not Reported	Adrenal	807	Macte_animo_Generose_puer_sic_itur_ad_astra	scientia_et_sapientia	Gallia_est_omnis_divisa_in_partes_tres
sample	CDS-CASE-810891	CDS-BIOS-886706	Tissue	O_Tite_tute_Tati_tibi_tanta_tyranne_tulisti	Unknown	Tumor	Brain stem	525	haec_olim_meminisse_iuvabit	faber_est_suae_quisque_fortunae	cacatum_non_est_pictum
sample	CDS-CASE-728345	CDS-BIOS-602093	Analyte	a_bene_placito	Not Reported	Unknown	Lymph Node(s) Paraaortic	446	damnant_quod_non_intellegunt	scientia_imperii_decus_et_tutamen	damnant_quod_non_intellegunt
sample	CDS-CASE-429576	CDS-BIOS-395112	Fluids	saltus_in_demonstrando	Analyte	Peritumoral	Fibroblasts	76	damnant_quod_non_intellegunt	damnant_quod_non_intellegunt	O_Tite_tute_Tati_tibi_tanta_tyranne_tulisti
sample	CDS-CASE-941817	CDS-BIOS-597202	Cells	scientiae_cedit_mare	Stool	Tumor	Throat	213	id_quod_plerumque_accidit	pace_tua	scientia_imperii_decus_et_tutamen
sample	CDS-CASE-584261	CDS-BIOS-734048	Analyte	id_quod_plerumque_accidit	Ascites	Not Reported	Aqueous Fluid	501	nanos_gigantum_humeris_insidentes	damnant_quod_non_intellegunt	labor_ipse_voluptas
sample	CDS-CASE-478281	CDS-BIOS-145576	Analyte	haec_olim_meminisse_iuvabit	Not Reported	Peritumoral	Forehead	994	imperium_in_imperio	a_bene_placito	scientia,_aere_perennius
sample	CDS-CASE-307321	CDS-BIOS-932754	Blood	saltus_in_demonstrando	Bone Marrow	Tumor	Fibula	634	barba_crescit_caput_nescit	sapiens_qui_prospicit	e_causa_ignota
sample	CDS-CASE-533252	CDS-BIOS-177377	Tissue	saltus_in_demonstrando	Sputum	Normal	Leg	258	Gallia_est_omnis_divisa_in_partes_tres	salus_in_arduis	salus_in_arduis
sample	CDS-CASE-393607	CDS-BIOS-508438	Mouth Rinse	scientia_et_labor	Bone Marrow	Not Reported	Lymph Node(s) Occipital	103	scientiae_et_patriae	saltus_in_demonstrando	imperium_in_imperio
sample	CDS-CASE-932615	CDS-BIOS-827466	Blood	labor_ipse_voluptas	Tissue	Tumor	Femoral Vein	43	imperium_in_imperio	scientiae_et_patriae	Obedientia_civium_urbis_felicitas
sample	CDS-CASE-940445	CDS-BIOS-501060	Stool	scientiae_cedit_mare	Unknown	Not Reported	Stomach	661	Macte_animo_Generose_puer_sic_itur_ad_astra	salus_in_arduis	scientiae_et_patriae
sample	CDS-CASE-888328	CDS-BIOS-366187	Fluids	nascentes_morimur_finisque_ab_origine_pendet	Bone Marrow	Peritumoral	Amniotic Fluid	689	scientiae_cedit_mare	a_bene_placito	scientiae_cedit_mare
sample	CDS-CASE-414029	CDS-BIOS-947082	Tissue	nascentes_morimur_finisque_ab_origine_pendet	Fluids	Tumor	Parathyroid	314	scientiae_et_patriae	scientia_et_labor	faber_est_suae_quisque_fortunae
sample	CDS-CASE-594993	CDS-BIOS-628047	Tissue	barba_crescit_caput_nescit	Unknown	Tumor	Lung/pleura	173	cacatum_non_est_pictum	damnant_quod_non_intellegunt	scientia_imperii_decus_et_tutamen
sample	CDS-CASE-303950	CDS-BIOS-852403	Urine	scientia_et_labor	Unknown	Normal	Unknown	143	haec_olim_meminisse_iuvabit	scientia_et_labor	O_Tite_tute_Tati_tibi_tanta_tyranne_tulisti
sample	CDS-CASE-960588	CDS-BIOS-752384	Blood	sapiens_qui_prospicit	Bone Marrow	Unknown	Posterior mediastil mass (mediastinum)	576	scientiae_cedit_mare	faber_est_suae_quisque_fortunae	imperium_in_imperio
sample	CDS-CASE-319931	CDS-BIOS-570128	Mouth Rinse	id_quod_plerumque_accidit	Sputum	Not Reported	Uterus	107	O_Tite_tute_Tati_tibi_tanta_tyranne_tulisti	salus_in_arduis	salus_in_arduis
sample	CDS-CASE-242950	CDS-BIOS-859838	Tissue	scientiae_et_patriae	Blood	Normal	Ascending Colon Hepatic Flexure	732	cacatum_non_est_pictum	nanos_gigantum_humeris_insidentes	faber_est_suae_quisque_fortunae
sample	CDS-CASE-858253	CDS-BIOS-602263	Ascites	pace_tua	Blood	Tumor	Endocrine Gland	325	labor_ipse_voluptas	damnant_quod_non_intellegunt	Gallia_est_omnis_divisa_in_partes_tres
sample	CDS-CASE-721124	CDS-BIOS-449724	Fluids	scientia,_aere_perennius	Mouth Rinse	Peritumoral	Fibula	298	salus_in_arduis	labor_ipse_voluptas	id_quod_plerumque_accidit
sample	CDS-CASE-539879	CDS-BIOS-173281	Tissue	faber_est_suae_quisque_fortunae	Fluids	Not Reported	Frontal Cortex	681	barba_crescit_caput_nescit	sapiens_qui_prospicit	scientiae_et_patriae
sample	CDS-CASE-532226	CDS-BIOS-609572	Urine	haec_olim_meminisse_iuvabit	Cells	Peritumoral	Cartilage	530	pace_tua	Macte_animo_Generose_puer_sic_itur_ad_astra	scientiae_cedit_mare
sample	CDS-CASE-135525	CDS-BIOS-108128	Urine	saltus_in_demonstrando	Stool	Tumor	Cerebral Cortex	209	scientia,_aere_perennius	scientia_imperii_decus_et_tutamen	sapiens_qui_prospicit
sample	CDS-CASE-483576	CDS-BIOS-287412	Urine	damnant_quod_non_intellegunt	Mouth Rinse	Peritumoral	Scalp	942	saltus_in_demonstrando	Gallia_est_omnis_divisa_in_partes_tres	scientia_et_labor
sample	CDS-CASE-154270	CDS-BIOS-797238	Mouth Rinse	imperium_in_imperio	Bone Marrow	Peritumoral	Ocular Orbits	308	labor_ipse_voluptas	cacatum_non_est_pictum	imperium_in_imperio
sample	CDS-CASE-970298	CDS-BIOS-104692	Cells	barba_crescit_caput_nescit	Cells	Normal	Lung mass	247	e_causa_ignota	scientiae_et_patriae	scientiae_cedit_mare
sample	CDS-CASE-193896	CDS-BIOS-278481	Cells	nanos_gigantum_humeris_insidentes	Analyte	Unknown	Carina	767	scientia_et_sapientia	haec_olim_meminisse_iuvabit	labor_ipse_voluptas
sample	CDS-CASE-433531	CDS-BIOS-859920	Urine	barba_crescit_caput_nescit	Unknown	Not Reported	Mesothelium	621	nascentes_morimur_finisque_ab_origine_pendet	damnant_quod_non_intellegunt	saltus_in_demonstrando
sample	CDS-CASE-978174	CDS-BIOS-295625	Sputum	id_quod_plerumque_accidit	Stool	Tumor	Duodenum	144	Macte_animo_Generose_puer_sic_itur_ad_astra	cacatum_non_est_pictum	a_bene_placito
sample	CDS-CASE-595999	CDS-BIOS-257522	Fluids	nanos_gigantum_humeris_insidentes	Stool	Not Reported	Lymph Node(s) Inguinal	261	e_causa_ignota	scientiae_cedit_mare	a_bene_placito
sample	CDS-CASE-224794	CDS-BIOS-751931	Fluids	Obedientia_civium_urbis_felicitas	Stool	Unknown	Paracaval Lymph Node metastasis	834	haec_olim_meminisse_iuvabit	e_causa_ignota	scientia_imperii_decus_et_tutamen
sample	CDS-CASE-639241	CDS-BIOS-499131	Stool	saltus_in_demonstrando	Ascites	Normal	Lymph Node(s) Regional	205	damnant_quod_non_intellegunt	scientia_imperii_decus_et_tutamen	scientiae_cedit_mare
sample	CDS-CASE-676324	CDS-BIOS-944296	Urine	imperium_in_imperio	Mouth Rinse	Normal	Epididymis	676	id_quod_plerumque_accidit	scientia_et_labor	scientia_imperii_decus_et_tutamen
sample	CDS-CASE-343497	CDS-BIOS-377789	Urine	salus_in_arduis	Sputum	Unknown	Small Finger	436	imperium_in_imperio	salus_in_arduis	labor_ipse_voluptas
sample	CDS-CASE-631792	CDS-BIOS-957518	Bone Marrow	scientiae_et_patriae	Tissue	Unknown	Lymph Node(s) Occipital	92	e_causa_ignota	scientiae_et_patriae	saltus_in_demonstrando
sample	CDS-CASE-297167	CDS-BIOS-113744	Fluids	faber_est_suae_quisque_fortunae	Not Reported	Not Reported	Femoral Vein	948	sapiens_qui_prospicit	a_bene_placito	pace_tua
sample	CDS-CASE-867395	CDS-BIOS-936370	Analyte	scientia,_aere_perennius	Mouth Rinse	Unknown	Lymph Node(s) Parotid	816	cacatum_non_est_pictum	e_causa_ignota	scientia_et_labor
sample	CDS-CASE-356371	CDS-BIOS-657955	Stool	id_quod_plerumque_accidit	Blood	Tumor	Urinary Tract	819	damnant_quod_non_intellegunt	damnant_quod_non_intellegunt	faber_est_suae_quisque_fortunae
sample	CDS-CASE-604426	CDS-BIOS-297671	Ascites	faber_est_suae_quisque_fortunae	Sputum	Not Reported	Arm	440	a_bene_placito	cacatum_non_est_pictum	scientia_et_labor
sample	CDS-CASE-394607	CDS-BIOS-339486	Cells	nascentes_morimur_finisque_ab_origine_pendet	Bone Marrow	Not Reported	Adipose	66	pace_tua	Macte_animo_Generose_puer_sic_itur_ad_astra	O_Tite_tute_Tati_tibi_tanta_tyranne_tulisti
sample	CDS-CASE-165648	CDS-BIOS-993194	Mouth Rinse	imperium_in_imperio	Analyte	Peritumoral	Vertebra	302	id_quod_plerumque_accidit	scientia_et_sapientia	pace_tua
sample	CDS-CASE-366840	CDS-BIOS-104310	Analyte	scientiae_et_patriae	Mouth Rinse	Unknown	Abdomen	455	haec_olim_meminisse_iuvabit	Gallia_est_omnis_divisa_in_partes_tres	Obedientia_civium_urbis_felicitas
sample	CDS-CASE-211461	CDS-BIOS-604645	Ascites	salus_in_arduis	Bone Marrow	Peritumoral	Lung/pleura	998	imperium_in_imperio	scientia_et_labor	Obedientia_civium_urbis_felicitas
sample	CDS-CASE-697528	CDS-BIOS-296489	Mouth Rinse	id_quod_plerumque_accidit	Bone Marrow	Normal	Abdominal mass	649	salus_in_arduis	Gallia_est_omnis_divisa_in_partes_tres	cacatum_non_est_pictum
sample	CDS-CASE-683771	CDS-BIOS-735318	Sputum	damnant_quod_non_intellegunt	Blood	Unknown	Umbilical Cord	569	nanos_gigantum_humeris_insidentes	e_causa_ignota	haec_olim_meminisse_iuvabit
sample	CDS-CASE-829580	CDS-BIOS-753830	Ascites	faber_est_suae_quisque_fortunae	Sputum	Unknown	Endocrine Gland	712	scientia_et_labor	e_causa_ignota	nanos_gigantum_humeris_insidentes
sample	CDS-CASE-901694	CDS-BIOS-792591	Cells	saltus_in_demonstrando	Blood	Peritumoral	Sternum	706	barba_crescit_caput_nescit	id_quod_plerumque_accidit	haec_olim_meminisse_iuvabit
sample	CDS-CASE-518341	CDS-BIOS-401600	Sputum	nascentes_morimur_finisque_ab_origine_pendet	Stool	Peritumoral	Vein	465	Obedientia_civium_urbis_felicitas	scientiae_et_patriae	scientia_et_labor
sample	CDS-CASE-544045	CDS-BIOS-880779	Ascites	imperium_in_imperio	Stool	Not Reported	Penis	518	faber_est_suae_quisque_fortunae	nascentes_morimur_finisque_ab_origine_pendet	cacatum_non_est_pictum
sample	CDS-CASE-294048	CDS-BIOS-597391	Blood	scientia,_aere_perennius	Bone Marrow	Peritumoral	Tonsil (Pharyngeal)	976	saltus_in_demonstrando	haec_olim_meminisse_iuvabit	scientiae_et_patriae
sample	CDS-CASE-963818	CDS-BIOS-126638	Stool	pace_tua	Stool	Peritumoral	R. femur/rib/verebra	936	scientiae_cedit_mare	nanos_gigantum_humeris_insidentes	scientia_et_labor
sample	CDS-CASE-936842	CDS-BIOS-610950	Blood	id_quod_plerumque_accidit	Stool	Normal	Penis	868	scientia,_aere_perennius	cacatum_non_est_pictum	a_bene_placito
sample	CDS-CASE-467687	CDS-BIOS-646081	Stool	scientiae_et_patriae	Analyte	Not Reported	Forearm	166	Obedientia_civium_urbis_felicitas	id_quod_plerumque_accidit	Gallia_est_omnis_divisa_in_partes_tres
sample	CDS-CASE-212482	CDS-BIOS-999079	Sputum	nascentes_morimur_finisque_ab_origine_pendet	Unknown	Peritumoral	Lymph Node(s) Epitrochlear	53	haec_olim_meminisse_iuvabit	imperium_in_imperio	scientiae_et_patriae
sample	CDS-CASE-949420	CDS-BIOS-604426	Stool	scientiae_et_patriae	Bone Marrow	Peritumoral	Pineal Gland	632	saltus_in_demonstrando	cacatum_non_est_pictum	labor_ipse_voluptas
sample	CDS-CASE-649154	CDS-BIOS-461711	Tissue	scientia_et_sapientia	Tissue	Unknown	Omentum	29	cacatum_non_est_pictum	barba_crescit_caput_nescit	imperium_in_imperio
sample	CDS-CASE-435155	CDS-BIOS-798507	Mouth Rinse	faber_est_suae_quisque_fortunae	Stool	Normal	R. Kidney	176	barba_crescit_caput_nescit	scientiae_cedit_mare	id_quod_plerumque_accidit
sample	CDS-CASE-685116	CDS-BIOS-579119	Cells	cacatum_non_est_pictum	Not Reported	Normal	Parathyroid	999	scientiae_cedit_mare	faber_est_suae_quisque_fortunae	nanos_gigantum_humeris_insidentes
sample	CDS-CASE-489161	CDS-BIOS-174502	Tissue	cacatum_non_est_pictum	Fluids	Tumor	Joint	626	sapiens_qui_prospicit	sapiens_qui_prospicit	sapiens_qui_prospicit
sample	CDS-CASE-999757	CDS-BIOS-884565	Analyte	O_Tite_tute_Tati_tibi_tanta_tyranne_tulisti	Stool	Normal	Venous	650	e_causa_ignota	scientiae_et_patriae	pace_tua
sample	CDS-CASE-272598	CDS-BIOS-228767	Urine	scientia_imperii_decus_et_tutamen	Unknown	Unknown	Cerebrum	409	faber_est_suae_quisque_fortunae	e_causa_ignota	pace_tua
sample	CDS-CASE-108906	CDS-BIOS-131010	Fluids	Gallia_est_omnis_divisa_in_partes_tres	Ascites	Normal	Palate	626	nanos_gigantum_humeris_insidentes	id_quod_plerumque_accidit	O_Tite_tute_Tati_tibi_tanta_tyranne_tulisti
sample	CDS-CASE-460240	CDS-BIOS-735443	Analyte	Obedientia_civium_urbis_felicitas	Stool	Unknown	Posterior mediastil mass (mediastinum)	91	sapiens_qui_prospicit	imperium_in_imperio	imperium_in_imperio
sample	CDS-CASE-228148	CDS-BIOS-415893	Bone Marrow	barba_crescit_caput_nescit	Stool	Normal	Ganglia	615	scientia_et_sapientia	barba_crescit_caput_nescit	e_causa_ignota
sample	CDS-CASE-845282	CDS-BIOS-996936	Tissue	Macte_animo_Generose_puer_sic_itur_ad_astra	Urine	Normal	Temporal Cortex	374	nascentes_morimur_finisque_ab_origine_pendet	imperium_in_imperio	nanos_gigantum_humeris_insidentes
sample	CDS-CASE-569746	CDS-BIOS-118997	Fluids	scientiae_cedit_mare	Sputum	Peritumoral	Diaphragm	806	labor_ipse_voluptas	imperium_in_imperio	scientia_et_labor
sample	CDS-CASE-757048	CDS-BIOS-513958	Urine	haec_olim_meminisse_iuvabit	Mouth Rinse	Peritumoral	Perineum	769	faber_est_suae_quisque_fortunae	Obedientia_civium_urbis_felicitas	scientia_et_labor
sample	CDS-CASE-922121	CDS-BIOS-164730	Bone Marrow	scientiae_cedit_mare	Not Reported	Peritumoral	Auditory Canal	857	nanos_gigantum_humeris_insidentes	saltus_in_demonstrando	pace_tua
sample	CDS-CASE-888199	CDS-BIOS-921280	Bone Marrow	scientia_et_sapientia	Mouth Rinse	Tumor	Pancreas	214	scientia,_aere_perennius	haec_olim_meminisse_iuvabit	nanos_gigantum_humeris_insidentes
sample	CDS-CASE-495028	CDS-BIOS-971651	Ascites	damnant_quod_non_intellegunt	Unknown	Unknown	Lung met	812	imperium_in_imperio	scientia_imperii_decus_et_tutamen	barba_crescit_caput_nescit
sample	CDS-CASE-723384	CDS-BIOS-269661	Bone Marrow	nascentes_morimur_finisque_ab_origine_pendet	Tissue	Not Reported	Nails	640	scientia_et_labor	cacatum_non_est_pictum	nascentes_morimur_finisque_ab_origine_pendet
sample	CDS-CASE-749786	CDS-BIOS-404114	Urine	cacatum_non_est_pictum	Analyte	Normal	Tonsil (Pharyngeal)	509	cacatum_non_est_pictum	scientiae_et_patriae	cacatum_non_est_pictum
sample	CDS-CASE-503477	CDS-BIOS-481393	Analyte	id_quod_plerumque_accidit	Urine	Tumor	Lymph Node(s) Subclavicular	232	salus_in_arduis	nascentes_morimur_finisque_ab_origine_pendet	Obedientia_civium_urbis_felicitas
sample	CDS-CASE-431058	CDS-BIOS-972515	Blood	scientia_imperii_decus_et_tutamen	Sputum	Peritumoral	Ring Finger	803	scientiae_cedit_mare	scientia_imperii_decus_et_tutamen	cacatum_non_est_pictum
sample	CDS-CASE-307446	CDS-BIOS-225871	Ascites	Obedientia_civium_urbis_felicitas	Bone Marrow	Not Reported	Forearm	587	Obedientia_civium_urbis_felicitas	barba_crescit_caput_nescit	Gallia_est_omnis_divisa_in_partes_tres
sample	CDS-CASE-680034	CDS-BIOS-518550	Mouth Rinse	sapiens_qui_prospicit	Mouth Rinse	Peritumoral	Leg	254	saltus_in_demonstrando	saltus_in_demonstrando	scientiae_et_patriae
sample	CDS-CASE-670069	CDS-BIOS-851936	Tissue	id_quod_plerumque_accidit	Bone Marrow	Not Reported	Thumb	949	labor_ipse_voluptas	imperium_in_imperio	imperium_in_imperio
sample	CDS-CASE-767228	CDS-BIOS-779252	Analyte	scientiae_cedit_mare	Unknown	Tumor	Capillary	124	faber_est_suae_quisque_fortunae	scientia,_aere_perennius	Gallia_est_omnis_divisa_in_partes_tres
sample	CDS-CASE-615954	CDS-BIOS-816882	Bone Marrow	nascentes_morimur_finisque_ab_origine_pendet	Ascites	Unknown	Not Allowed To Collect	207	scientiae_cedit_mare	pace_tua	scientiae_et_patriae
sample	CDS-CASE-722255	CDS-BIOS-359542	Urine	sapiens_qui_prospicit	Sputum	Peritumoral	Supraglottis	248	sapiens_qui_prospicit	scientiae_cedit_mare	nascentes_morimur_finisque_ab_origine_pendet
sample	CDS-CASE-305856	CDS-BIOS-144071	Tissue	scientiae_et_patriae	Ascites	Unknown	Chest	150	scientiae_et_patriae	scientia_et_labor	O_Tite_tute_Tati_tibi_tanta_tyranne_tulisti
sample	CDS-CASE-806172	CDS-BIOS-574747	Stool	id_quod_plerumque_accidit	Cells	Not Reported	Ascending Colon Hepatic Flexure	817	nascentes_morimur_finisque_ab_origine_pendet	pace_tua	scientia_et_labor
sample	CDS-CASE-402504	CDS-BIOS-212785	Urine	scientia_imperii_decus_et_tutamen	Sputum	Normal	Hepatic Flexure	149	cacatum_non_est_pictum	cacatum_non_est_pictum	saltus_in_demonstrando
sample	CDS-CASE-374960	CDS-BIOS-965897	Bone Marrow	saltus_in_demonstrando	Cells	Normal	Hepatic Flexure	448	scientiae_cedit_mare	O_Tite_tute_Tati_tibi_tanta_tyranne_tulisti	salus_in_arduis
sample	CDS-CASE-702022	CDS-BIOS-118154	Cells	Obedientia_civium_urbis_felicitas	Tissue	Normal	Epidural Space	103	saltus_in_demonstrando	e_causa_ignota	saltus_in_demonstrando
sample	CDS-CASE-894523	CDS-BIOS-997084	Analyte	pace_tua	Analyte	Tumor	Lymph Node(s) Axilla	566	Gallia_est_omnis_divisa_in_partes_tres	scientia_et_labor	saltus_in_demonstrando
sample	CDS-CASE-870979	CDS-BIOS-453940	Urine	nascentes_morimur_finisque_ab_origine_pendet	Cells	Normal	Fibula	464	scientia_imperii_decus_et_tutamen	Obedientia_civium_urbis_felicitas	O_Tite_tute_Tati_tibi_tanta_tyranne_tulisti
sample	CDS-CASE-695914	CDS-BIOS-992738	Bone Marrow	scientia_et_sapientia	Bone Marrow	Peritumoral	Spinal Column	203	haec_olim_meminisse_iuvabit	pace_tua	imperium_in_imperio
sample	CDS-CASE-892202	CDS-BIOS-630398	Mouth Rinse	salus_in_arduis	Ascites	Normal	Broad Ligament	447	labor_ipse_voluptas	nanos_gigantum_humeris_insidentes	damnant_quod_non_intellegunt
sample	CDS-CASE-366870	CDS-BIOS-717887	Blood	nanos_gigantum_humeris_insidentes	Ascites	Peritumoral	Paraspinal mass	670	labor_ipse_voluptas	Obedientia_civium_urbis_felicitas	Obedientia_civium_urbis_felicitas
sample	CDS-CASE-884919	CDS-BIOS-170168	Mouth Rinse	barba_crescit_caput_nescit	Unknown	Peritumoral	Glottis	160	salus_in_arduis	faber_est_suae_quisque_fortunae	sapiens_qui_prospicit
sample	CDS-CASE-803298	CDS-BIOS-905324	Bone Marrow	Macte_animo_Generose_puer_sic_itur_ad_astra	Ascites	Tumor	Popliteal Fossa	957	Macte_animo_Generose_puer_sic_itur_ad_astra	scientiae_et_patriae	Gallia_est_omnis_divisa_in_partes_tres
sample	CDS-CASE-830884	CDS-BIOS-437125	Ascites	barba_crescit_caput_nescit	Blood	Not Reported	Jejunum	192	sapiens_qui_prospicit	pace_tua	nascentes_morimur_finisque_ab_origine_pendet
sample	CDS-CASE-232957	CDS-BIOS-375784	Ascites	pace_tua	Fluids	Normal	Pineal Gland	906	Macte_animo_Generose_puer_sic_itur_ad_astra	saltus_in_demonstrando	Gallia_est_omnis_divisa_in_partes_tres
sample	CDS-CASE-236402	CDS-BIOS-152961	Bone Marrow	barba_crescit_caput_nescit	Not Reported	Peritumoral	Artery	601	O_Tite_tute_Tati_tibi_tanta_tyranne_tulisti	Obedientia_civium_urbis_felicitas	pace_tua
sample	CDS-CASE-728102	CDS-BIOS-291564	Cells	sapiens_qui_prospicit	Blood	Normal	Ilium	43	labor_ipse_voluptas	scientiae_et_patriae	sapiens_qui_prospicit
sample	CDS-CASE-280445	CDS-BIOS-130181	Tissue	nanos_gigantum_humeris_insidentes	Unknown	Normal	Sigmoid Colon	584	scientia,_aere_perennius	e_causa_ignota	scientiae_et_patriae
sample	CDS-CASE-785367	CDS-BIOS-789665	Sputum	barba_crescit_caput_nescit	Stool	Normal	Placenta	714	imperium_in_imperio	faber_est_suae_quisque_fortunae	id_quod_plerumque_accidit
sample	CDS-CASE-315103	CDS-BIOS-795156	Fluids	saltus_in_demonstrando	Not Reported	Unknown	Common Duct	294	e_causa_ignota	nanos_gigantum_humeris_insidentes	sapiens_qui_prospicit
sample	CDS-CASE-589998	CDS-BIOS-279706	Stool	sapiens_qui_prospicit	Sputum	Unknown	Spinal Cord	694	damnant_quod_non_intellegunt	cacatum_non_est_pictum	e_causa_ignota
sample	CDS-CASE-761509	CDS-BIOS-656080	Stool	nascentes_morimur_finisque_ab_origine_pendet	Unknown	Unknown	Pylorus	813	cacatum_non_est_pictum	scientia,_aere_perennius	scientia_imperii_decus_et_tutamen
sample	CDS-CASE-474642	CDS-BIOS-543470	Tissue	cacatum_non_est_pictum	Not Reported	Normal	Submandibular Gland	90	scientia_et_labor	damnant_quod_non_intellegunt	saltus_in_demonstrando
sample	CDS-CASE-390668	CDS-BIOS-153052	Mouth Rinse	sapiens_qui_prospicit	Bone Marrow	Normal	Seminal Vesicle	190	salus_in_arduis	Gallia_est_omnis_divisa_in_partes_tres	Gallia_est_omnis_divisa_in_partes_tres
sample	CDS-CASE-833129	CDS-BIOS-119383	Mouth Rinse	labor_ipse_voluptas	Urine	Tumor	Cerebrospinal Fluid	339	cacatum_non_est_pictum	haec_olim_meminisse_iuvabit	haec_olim_meminisse_iuvabit
sample	CDS-CASE-431735	CDS-BIOS-983433	Sputum	damnant_quod_non_intellegunt	Stool	Normal	Adenoid	202	saltus_in_demonstrando	scientia_et_sapientia	haec_olim_meminisse_iuvabit
sample	CDS-CASE-855467	CDS-BIOS-457576	Sputum	scientiae_et_patriae	Analyte	Peritumoral	Femoral Vein	718	salus_in_arduis	nanos_gigantum_humeris_insidentes	scientia_et_sapientia
sample	CDS-CASE-964416	CDS-BIOS-343254	Stool	pace_tua	Bone Marrow	Peritumoral	post mortem blood	414	nanos_gigantum_humeris_insidentes	damnant_quod_non_intellegunt	sapiens_qui_prospicit
sample	CDS-CASE-503603	CDS-BIOS-168031	Urine	saltus_in_demonstrando	Cells	Not Reported	L. Proximal Tibia	275	nanos_gigantum_humeris_insidentes	Macte_animo_Generose_puer_sic_itur_ad_astra	O_Tite_tute_Tati_tibi_tanta_tyranne_tulisti
sample	CDS-CASE-127959	CDS-BIOS-860639	Mouth Rinse	Macte_animo_Generose_puer_sic_itur_ad_astra	Cells	Tumor	Venous	26	cacatum_non_est_pictum	scientia_et_labor	Obedientia_civium_urbis_felicitas
sample	CDS-CASE-338074	CDS-BIOS-475412	Bone Marrow	scientiae_et_patriae	Analyte	Peritumoral	L. Femur	551	Obedientia_civium_urbis_felicitas	Gallia_est_omnis_divisa_in_partes_tres	scientiae_et_patriae
sample	CDS-CASE-248843	CDS-BIOS-116835	Tissue	scientia_imperii_decus_et_tutamen	Ascites	Not Reported	Antrum	325	nanos_gigantum_humeris_insidentes	Obedientia_civium_urbis_felicitas	scientia_et_labor
sample	CDS-CASE-406886	CDS-BIOS-676030	Sputum	scientia,_aere_perennius	Cells	Tumor	Head & Neck	69	scientia_et_labor	O_Tite_tute_Tati_tibi_tanta_tyranne_tulisti	scientiae_cedit_mare
sample	CDS-CASE-652190	CDS-BIOS-742381	Bone Marrow	faber_est_suae_quisque_fortunae	Cells	Unknown	post mortem liver	629	barba_crescit_caput_nescit	Obedientia_civium_urbis_felicitas	labor_ipse_voluptas
sample	CDS-CASE-390950	CDS-BIOS-960200	Bone Marrow	nanos_gigantum_humeris_insidentes	Analyte	Not Reported	Occipital Cortex	825	scientia_et_labor	scientiae_cedit_mare	scientiae_et_patriae
sample	CDS-CASE-946256	CDS-BIOS-262238	Analyte	barba_crescit_caput_nescit	Blood	Not Reported	Chin	17	cacatum_non_est_pictum	scientia_et_sapientia	cacatum_non_est_pictum
sample	CDS-CASE-715419	CDS-BIOS-404009	Cells	scientia_imperii_decus_et_tutamen	Mouth Rinse	Tumor	Epididymis	501	faber_est_suae_quisque_fortunae	a_bene_placito	damnant_quod_non_intellegunt
sample	CDS-CASE-165569	CDS-BIOS-627087	Blood	scientiae_et_patriae	Urine	Unknown	Lymph Node(s) Popliteal	930	faber_est_suae_quisque_fortunae	damnant_quod_non_intellegunt	scientia_et_labor
sample	CDS-CASE-131986	CDS-BIOS-338864	Blood	a_bene_placito	Urine	Not Reported	Lung met	475	scientia_et_sapientia	a_bene_placito	Obedientia_civium_urbis_felicitas
sample	CDS-CASE-797582	CDS-BIOS-596089	Cells	labor_ipse_voluptas	Unknown	Not Reported	Femoral Vein	211	faber_est_suae_quisque_fortunae	Macte_animo_Generose_puer_sic_itur_ad_astra	saltus_in_demonstrando
sample	CDS-CASE-756842	CDS-BIOS-871813	Tissue	salus_in_arduis	Analyte	Not Reported	Mediastinum	380	salus_in_arduis	imperium_in_imperio	scientiae_cedit_mare
sample	CDS-CASE-734671	CDS-BIOS-887341	Sputum	scientiae_et_patriae	Urine	Peritumoral	Bronchiole	913	damnant_quod_non_intellegunt	salus_in_arduis	id_quod_plerumque_accidit
sample	CDS-CASE-962773	CDS-BIOS-308634	Analyte	id_quod_plerumque_accidit	Bone Marrow	Normal	Adrenal mass	915	pace_tua	haec_olim_meminisse_iuvabit	barba_crescit_caput_nescit
sample	CDS-CASE-207155	CDS-BIOS-812568	Fluids	scientia,_aere_perennius	Fluids	Peritumoral	Stomach	376	scientia,_aere_perennius	cacatum_non_est_pictum	faber_est_suae_quisque_fortunae
sample	CDS-CASE-853470	CDS-BIOS-785477	Sputum	nascentes_morimur_finisque_ab_origine_pendet	Analyte	Tumor	4th ventricle	564	haec_olim_meminisse_iuvabit	id_quod_plerumque_accidit	scientia_imperii_decus_et_tutamen
sample	CDS-CASE-957413	CDS-BIOS-276800	Ascites	barba_crescit_caput_nescit	Bone Marrow	Normal	Adrenal	97	labor_ipse_voluptas	scientia_imperii_decus_et_tutamen	salus_in_arduis
sample	CDS-CASE-564987	CDS-BIOS-933078	Tissue	faber_est_suae_quisque_fortunae	Stool	Peritumoral	Frontal Lobe	250	e_causa_ignota	barba_crescit_caput_nescit	faber_est_suae_quisque_fortunae
sample	CDS-CASE-753227	CDS-BIOS-930633	Mouth Rinse	cacatum_non_est_pictum	Sputum	Unknown	Mediastinal Soft Tissue	855	damnant_quod_non_intellegunt	saltus_in_demonstrando	labor_ipse_voluptas
sample	CDS-CASE-865552	CDS-BIOS-299867	Ascites	barba_crescit_caput_nescit	Stool	Normal	Periorbital Soft Tissue	50	id_quod_plerumque_accidit	Obedientia_civium_urbis_felicitas	barba_crescit_caput_nescit
sample	CDS-CASE-275917	CDS-BIOS-463989	Fluids	O_Tite_tute_Tati_tibi_tanta_tyranne_tulisti	Urine	Not Reported	L. Femur	987	barba_crescit_caput_nescit	barba_crescit_caput_nescit	haec_olim_meminisse_iuvabit
sample	CDS-CASE-354267	CDS-BIOS-946986	Stool	nascentes_morimur_finisque_ab_origine_pendet	Mouth Rinse	Peritumoral	Lymph Node(s) Cervical	910	saltus_in_demonstrando	nanos_gigantum_humeris_insidentes	pace_tua
sample	CDS-CASE-521248	CDS-BIOS-449870	Stool	salus_in_arduis	Sputum	Normal	Abdominal mass	491	nanos_gigantum_humeris_insidentes	Obedientia_civium_urbis_felicitas	scientia_et_labor
sample	CDS-CASE-468341	CDS-BIOS-120278	Ascites	salus_in_arduis	Analyte	Unknown	Pylorus	27	scientia_imperii_decus_et_tutamen	damnant_quod_non_intellegunt	Gallia_est_omnis_divisa_in_partes_tres
sample	CDS-CASE-735591	CDS-BIOS-898797	Tissue	scientia_et_labor	Sputum	Peritumoral	Broad Ligament	909	haec_olim_meminisse_iuvabit	imperium_in_imperio	pace_tua
sample	CDS-CASE-934758	CDS-BIOS-548638	Tissue	nanos_gigantum_humeris_insidentes	Cells	Normal	Forearm	824	sapiens_qui_prospicit	scientia_imperii_decus_et_tutamen	imperium_in_imperio
sample	CDS-CASE-508862	CDS-BIOS-735483	Blood	id_quod_plerumque_accidit	Analyte	Peritumoral	Eye	569	scientia_et_sapientia	damnant_quod_non_intellegunt	scientiae_cedit_mare
sample	CDS-CASE-447909	CDS-BIOS-534345	Stool	labor_ipse_voluptas	Analyte	Tumor	Pineal	132	scientia,_aere_perennius	scientia_imperii_decus_et_tutamen	nanos_gigantum_humeris_insidentes
sample	CDS-CASE-541975	CDS-BIOS-379117	Tissue	e_causa_ignota	Cells	Unknown	Retina	856	scientia_imperii_decus_et_tutamen	salus_in_arduis	saltus_in_demonstrando
sample	CDS-CASE-893344	CDS-BIOS-302369	Analyte	Macte_animo_Generose_puer_sic_itur_ad_astra	Ascites	Tumor	Broad Ligament	499	sapiens_qui_prospicit	faber_est_suae_quisque_fortunae	faber_est_suae_quisque_fortunae
sample	CDS-CASE-982002	CDS-BIOS-377222	Bone Marrow	scientiae_et_patriae	Mouth Rinse	Normal	Small Finger	973	barba_crescit_caput_nescit	nanos_gigantum_humeris_insidentes	e_causa_ignota
sample	CDS-CASE-310809	CDS-BIOS-200015	Stool	salus_in_arduis	Stool	Unknown	Bone Marrow metastasis	814	labor_ipse_voluptas	cacatum_non_est_pictum	nascentes_morimur_finisque_ab_origine_pendet
sample	CDS-CASE-399995	CDS-BIOS-394710	Tissue	scientiae_cedit_mare	Tissue	Normal	Left thigh	516	e_causa_ignota	haec_olim_meminisse_iuvabit	saltus_in_demonstrando
sample	CDS-CASE-340041	CDS-BIOS-748727	Fluids	imperium_in_imperio	Urine	Normal	Brain stem	879	sapiens_qui_prospicit	Macte_animo_Generose_puer_sic_itur_ad_astra	labor_ipse_voluptas
sample	CDS-CASE-216070	CDS-BIOS-977786	Cells	barba_crescit_caput_nescit	Analyte	Normal	Fibroblasts	321	scientia_et_sapientia	a_bene_placito	scientiae_et_patriae
sample	CDS-CASE-334806	CDS-BIOS-222435	Cells	Macte_animo_Generose_puer_sic_itur_ad_astra	Ascites	Not Reported	Amniotic Fluid	521	Obedientia_civium_urbis_felicitas	cacatum_non_est_pictum	saltus_in_demonstrando
sample	CDS-CASE-810080	CDS-BIOS-412510	Ascites	saltus_in_demonstrando	Fluids	Not Reported	Paraspinal mass	938	scientia,_aere_perennius	e_causa_ignota	labor_ipse_voluptas
sample	CDS-CASE-179021	CDS-BIOS-822850	Bone Marrow	e_causa_ignota	Not Reported	Peritumoral	Buccal Cavity	616	pace_tua	pace_tua	barba_crescit_caput_nescit
sample	CDS-CASE-881978	CDS-BIOS-906181	Cells	scientia_imperii_decus_et_tutamen	Analyte	Normal	Cervix	960	scientia_imperii_decus_et_tutamen	scientia_imperii_decus_et_tutamen	scientia_et_labor
sample	CDS-CASE-384554	CDS-BIOS-144173	Blood	imperium_in_imperio	Fluids	Normal	Ocular Orbits	956	sapiens_qui_prospicit	saltus_in_demonstrando	scientia_et_labor
sample	CDS-CASE-179760	CDS-BIOS-950853	Ascites	nanos_gigantum_humeris_insidentes	Not Reported	Not Reported	Esophageal; Mid	425	e_causa_ignota	damnant_quod_non_intellegunt	labor_ipse_voluptas
sample	CDS-CASE-189839	CDS-BIOS-539696	Mouth Rinse	imperium_in_imperio	Unknown	Unknown	R. Sylvian Fissure	105	scientia_imperii_decus_et_tutamen	scientia_et_labor	Gallia_est_omnis_divisa_in_partes_tres
sample	CDS-CASE-846554	CDS-BIOS-436243	Blood	scientia_imperii_decus_et_tutamen	Stool	Tumor	Thymus	638	barba_crescit_caput_nescit	O_Tite_tute_Tati_tibi_tanta_tyranne_tulisti	scientiae_cedit_mare
sample	CDS-CASE-671146	CDS-BIOS-507450	Cells	a_bene_placito	Unknown	Peritumoral	Lymph Node(s) Cervical	988	scientia,_aere_perennius	O_Tite_tute_Tati_tibi_tanta_tyranne_tulisti	faber_est_suae_quisque_fortunae
sample	CDS-CASE-293610	CDS-BIOS-279149	Ascites	saltus_in_demonstrando	Sputum	Tumor	Axilla	187	id_quod_plerumque_accidit	scientia_et_labor	e_causa_ignota
sample	CDS-CASE-461649	CDS-BIOS-204704	Mouth Rinse	scientia_imperii_decus_et_tutamen	Bone Marrow	Unknown	Bowel	548	scientia_et_sapientia	pace_tua	damnant_quod_non_intellegunt
sample	CDS-CASE-516734	CDS-BIOS-542293	Sputum	Obedientia_civium_urbis_felicitas	Analyte	Normal	Peripheral blood	697	damnant_quod_non_intellegunt	Obedientia_civium_urbis_felicitas	Obedientia_civium_urbis_felicitas
sample	CDS-CASE-246900	CDS-BIOS-182302	Tissue	scientia_et_sapientia	Fluids	Not Reported	Lymph Node(s) Parotid	157	faber_est_suae_quisque_fortunae	O_Tite_tute_Tati_tibi_tanta_tyranne_tulisti	barba_crescit_caput_nescit
sample	CDS-CASE-382338	CDS-BIOS-760407	Analyte	Gallia_est_omnis_divisa_in_partes_tres	Ascites	Unknown	Back	737	scientia_et_sapientia	cacatum_non_est_pictum	barba_crescit_caput_nescit
sample	CDS-CASE-270583	CDS-BIOS-877602	Cells	scientiae_cedit_mare	Blood	Peritumoral	Cecum	400	barba_crescit_caput_nescit	saltus_in_demonstrando	e_causa_ignota
sample	CDS-CASE-555514	CDS-BIOS-921266	Mouth Rinse	damnant_quod_non_intellegunt	Tissue	Normal	Aortic Body	815	scientia_et_labor	barba_crescit_caput_nescit	damnant_quod_non_intellegunt
sample	CDS-CASE-339822	CDS-BIOS-637300	Stool	Macte_animo_Generose_puer_sic_itur_ad_astra	Mouth Rinse	Tumor	Dermal	339	Obedientia_civium_urbis_felicitas	a_bene_placito	scientiae_cedit_mare
sample	CDS-CASE-724872	CDS-BIOS-445273	Stool	scientia_et_labor	Cells	Normal	Adipose	486	scientiae_cedit_mare	cacatum_non_est_pictum	cacatum_non_est_pictum
sample	CDS-CASE-734583	CDS-BIOS-984091	Urine	Macte_animo_Generose_puer_sic_itur_ad_astra	Sputum	Not Reported	post mortem liver	114	saltus_in_demonstrando	imperium_in_imperio	scientia,_aere_perennius
sample	CDS-CASE-579069	CDS-BIOS-686629	Analyte	sapiens_qui_prospicit	Stool	Unknown	Esophagus	94	barba_crescit_caput_nescit	scientia_et_sapientia	scientia_et_labor
