type	participant.study_participant_id	pdx.pdx_id	sample_id	sample_type	sample_description	sample_type_category	sample_tumor_status	sample_anatomic_site	sample_age_at_collection	derived_from_specimen	biosample_accession	crdc_id
sample	GC-CASE-211317	GC-PDX-953580	GC-BIOS-934261	Ascites	pace_tua	Cells	Tumor	Groin	783	damnant_quod_non_intellegunt	salus_in_arduis	scientiae_cedit_mare
sample	GC-CASE-367941	GC-PDX-856439	GC-BIOS-671829	Ascites	pace_tua	Cell Line	Unknown	L. Kidney	340	id_quod_plerumque_accidit	scientiae_et_patriae	nascentes_morimur_finisque_ab_origine_pendet
sample	GC-CASE-231619	GC-PDX-207485	GC-BIOS-409450	Mouth Rinse	scientia_imperii_decus_et_tutamen	Central Nervous System	Tumor	White Blood Cells	941	cacatum_non_est_pictum	id_quod_plerumque_accidit	scientia_et_labor
sample	GC-CASE-745527	GC-PDX-909832	GC-BIOS-776338	Urine	faber_est_suae_quisque_fortunae	Saliva	Peritumoral	Laryngopharynx	318	Obedientia_civium_urbis_felicitas	scientia_imperii_decus_et_tutamen	imperium_in_imperio
sample	GC-CASE-930869	GC-PDX-828180	GC-BIOS-725287	Fluids	a_bene_placito	Stool	Not Reported	Blood	960	O_Tite_tute_Tati_tibi_tanta_tyranne_tulisti	scientia_imperii_decus_et_tutamen	sapiens_qui_prospicit
sample	GC-CASE-949916	GC-PDX-537242	GC-BIOS-459432	Blood	id_quod_plerumque_accidit	Analyte	Not Reported	Mediastinum	613	O_Tite_tute_Tati_tibi_tanta_tyranne_tulisti	scientiae_cedit_mare	cacatum_non_est_pictum
sample	GC-CASE-498098	GC-PDX-662253	GC-BIOS-304074	Blood	nascentes_morimur_finisque_ab_origine_pendet	Stool	Unknown	Lip	285	haec_olim_meminisse_iuvabit	e_causa_ignota	scientia,_aere_perennius
sample	GC-CASE-534670	GC-PDX-416651	GC-BIOS-641605	Tissue	barba_crescit_caput_nescit	Not Reported	Unknown	Bone marrow	300	pace_tua	cacatum_non_est_pictum	faber_est_suae_quisque_fortunae
sample	GC-CASE-891498	GC-PDX-746116	GC-BIOS-343652	Analyte	scientia_imperii_decus_et_tutamen	DNA	Peritumoral	Oral Cavity	545	Obedientia_civium_urbis_felicitas	O_Tite_tute_Tati_tibi_tanta_tyranne_tulisti	scientiae_et_patriae
sample	GC-CASE-230009	GC-PDX-772929	GC-BIOS-695597	Stool	id_quod_plerumque_accidit	Unknown	Tumor	Colon - Mucosa Only	120	Obedientia_civium_urbis_felicitas	salus_in_arduis	salus_in_arduis
sample	GC-CASE-183712	GC-PDX-377350	GC-BIOS-268839	Tissue	nanos_gigantum_humeris_insidentes	Stool	Unknown	Carotid Artery	600	haec_olim_meminisse_iuvabit	barba_crescit_caput_nescit	imperium_in_imperio
sample	GC-CASE-626603	GC-PDX-457983	GC-BIOS-853444	Ascites	nanos_gigantum_humeris_insidentes	Ascites	Peritumoral	Brain	474	scientia_et_labor	salus_in_arduis	barba_crescit_caput_nescit
sample	GC-CASE-940271	GC-PDX-852908	GC-BIOS-428427	Ascites	saltus_in_demonstrando	Central Nervous System	Peritumoral	Carina	433	a_bene_placito	e_causa_ignota	salus_in_arduis
sample	GC-CASE-489518	GC-PDX-921223	GC-BIOS-740195	Mouth Rinse	scientia_et_labor	Tissue	Peritumoral	Placenta	782	scientiae_cedit_mare	e_causa_ignota	a_bene_placito
sample	GC-CASE-575815	GC-PDX-275936	GC-BIOS-240216	Analyte	Obedientia_civium_urbis_felicitas	Bone Marrow	Peritumoral	Cerebral Cortex	500	scientia_et_labor	pace_tua	nanos_gigantum_humeris_insidentes
sample	GC-CASE-405402	GC-PDX-541090	GC-BIOS-896702	Stool	salus_in_arduis	Unknown	Normal	Esophagogastric Junction	819	saltus_in_demonstrando	scientia_et_labor	scientia_et_sapientia
sample	GC-CASE-262097	GC-PDX-963153	GC-BIOS-778878	Stool	salus_in_arduis	Saliva	Not Reported	Cell-Line	94	damnant_quod_non_intellegunt	scientiae_cedit_mare	salus_in_arduis
sample	GC-CASE-628830	GC-PDX-541927	GC-BIOS-172414	Ascites	pace_tua	Xenograft	Unknown	Shoulder	575	scientia_et_sapientia	nanos_gigantum_humeris_insidentes	Obedientia_civium_urbis_felicitas
sample	GC-CASE-132176	GC-PDX-660317	GC-BIOS-109124	Mouth Rinse	scientia_et_labor	Stool	Tumor	Cardia	491	barba_crescit_caput_nescit	scientia_imperii_decus_et_tutamen	salus_in_arduis
sample	GC-CASE-842940	GC-PDX-853919	GC-BIOS-125247	Blood	O_Tite_tute_Tati_tibi_tanta_tyranne_tulisti	Sputum	Not Reported	Subcutaneous Tissue	448	pace_tua	Obedientia_civium_urbis_felicitas	Obedientia_civium_urbis_felicitas
sample	GC-CASE-962690	GC-PDX-862011	GC-BIOS-416280	Blood	labor_ipse_voluptas	Cell Line	Peritumoral	Ear	960	nanos_gigantum_humeris_insidentes	faber_est_suae_quisque_fortunae	nanos_gigantum_humeris_insidentes
sample	GC-CASE-609353	GC-PDX-800067	GC-BIOS-801149	Tissue	labor_ipse_voluptas	Blood	Tumor	Tongue	713	faber_est_suae_quisque_fortunae	nascentes_morimur_finisque_ab_origine_pendet	scientia_et_sapientia
sample	GC-CASE-260709	GC-PDX-202417	GC-BIOS-905566	Ascites	pace_tua	DNA	Normal	Lung mass	224	id_quod_plerumque_accidit	Obedientia_civium_urbis_felicitas	nascentes_morimur_finisque_ab_origine_pendet
sample	GC-CASE-756220	GC-PDX-464146	GC-BIOS-198621	Bone Marrow	salus_in_arduis	Saliva	Normal	Synovium	268	cacatum_non_est_pictum	cacatum_non_est_pictum	cacatum_non_est_pictum
sample	GC-CASE-250697	GC-PDX-812114	GC-BIOS-877853	Mouth Rinse	saltus_in_demonstrando	Tissue	Tumor	Spleen	258	e_causa_ignota	nascentes_morimur_finisque_ab_origine_pendet	salus_in_arduis
sample	GC-CASE-930115	GC-PDX-985969	GC-BIOS-674920	Sputum	salus_in_arduis	Skin	Normal	Back	169	saltus_in_demonstrando	e_causa_ignota	scientiae_et_patriae
sample	GC-CASE-872868	GC-PDX-933579	GC-BIOS-350685	Stool	O_Tite_tute_Tati_tibi_tanta_tyranne_tulisti	Saliva	Tumor	Neck	728	pace_tua	damnant_quod_non_intellegunt	a_bene_placito
sample	GC-CASE-666585	GC-PDX-403997	GC-BIOS-854806	Fluids	cacatum_non_est_pictum	Xenograft	Not Reported	R. Distal Femur	861	Obedientia_civium_urbis_felicitas	scientiae_et_patriae	scientia_et_labor
sample	GC-CASE-201996	GC-PDX-154832	GC-BIOS-261408	Ascites	barba_crescit_caput_nescit	Xenograft	Unknown	Thigh	791	nascentes_morimur_finisque_ab_origine_pendet	id_quod_plerumque_accidit	sapiens_qui_prospicit
sample	GC-CASE-907583	GC-PDX-305003	GC-BIOS-807323	Mouth Rinse	faber_est_suae_quisque_fortunae	DNA	Not Reported	Brow	344	nanos_gigantum_humeris_insidentes	imperium_in_imperio	e_causa_ignota
sample	GC-CASE-945677	GC-PDX-676008	GC-BIOS-444559	Fluids	a_bene_placito	Not Reported	Not Reported	Cecum	394	Obedientia_civium_urbis_felicitas	O_Tite_tute_Tati_tibi_tanta_tyranne_tulisti	scientia,_aere_perennius
sample	GC-CASE-433197	GC-PDX-801850	GC-BIOS-221086	Mouth Rinse	Gallia_est_omnis_divisa_in_partes_tres	Not Reported	Peritumoral	Stomach	71	barba_crescit_caput_nescit	damnant_quod_non_intellegunt	sapiens_qui_prospicit
sample	GC-CASE-159523	GC-PDX-676924	GC-BIOS-501712	Mouth Rinse	sapiens_qui_prospicit	DNA	Not Reported	Leg	39	e_causa_ignota	scientiae_cedit_mare	imperium_in_imperio
sample	GC-CASE-401390	GC-PDX-722608	GC-BIOS-641112	Blood	damnant_quod_non_intellegunt	Ascites	Unknown	Capillary	265	cacatum_non_est_pictum	scientia_et_sapientia	pace_tua
sample	GC-CASE-873240	GC-PDX-710807	GC-BIOS-452920	Blood	scientia_et_labor	Mouth Rinse	Unknown	Prostate	339	Gallia_est_omnis_divisa_in_partes_tres	haec_olim_meminisse_iuvabit	sapiens_qui_prospicit
sample	GC-CASE-616362	GC-PDX-563909	GC-BIOS-342462	Mouth Rinse	barba_crescit_caput_nescit	Unknown	Normal	Nasopharynx	968	imperium_in_imperio	pace_tua	id_quod_plerumque_accidit
sample	GC-CASE-391600	GC-PDX-149303	GC-BIOS-998464	Urine	scientiae_cedit_mare	Tissue	Unknown	R. Humerus	644	O_Tite_tute_Tati_tibi_tanta_tyranne_tulisti	O_Tite_tute_Tati_tibi_tanta_tyranne_tulisti	labor_ipse_voluptas
sample	GC-CASE-522053	GC-PDX-562037	GC-BIOS-668780	Ascites	Obedientia_civium_urbis_felicitas	Body Fluid or Substance	Normal	Elbow	640	Gallia_est_omnis_divisa_in_partes_tres	barba_crescit_caput_nescit	sapiens_qui_prospicit
sample	GC-CASE-308906	GC-PDX-260283	GC-BIOS-351816	Sputum	scientia_imperii_decus_et_tutamen	Cell Line	Normal	Trachea / Major Bronchi	114	Macte_animo_Generose_puer_sic_itur_ad_astra	Macte_animo_Generose_puer_sic_itur_ad_astra	scientia_et_labor
sample	GC-CASE-736097	GC-PDX-277089	GC-BIOS-494617	Mouth Rinse	Obedientia_civium_urbis_felicitas	Sputum	Tumor	Left thigh	736	scientia,_aere_perennius	Gallia_est_omnis_divisa_in_partes_tres	scientia_imperii_decus_et_tutamen
sample	GC-CASE-230005	GC-PDX-628306	GC-BIOS-552962	Bone Marrow	labor_ipse_voluptas	Cells	Peritumoral	Floor Of Mouth	433	nanos_gigantum_humeris_insidentes	scientiae_cedit_mare	salus_in_arduis
sample	GC-CASE-390829	GC-PDX-152962	GC-BIOS-219551	Mouth Rinse	saltus_in_demonstrando	Analyte	Not Reported	Patella	599	Macte_animo_Generose_puer_sic_itur_ad_astra	haec_olim_meminisse_iuvabit	scientiae_et_patriae
sample	GC-CASE-750806	GC-PDX-892820	GC-BIOS-225498	Blood	id_quod_plerumque_accidit	Ascites	Normal	Other	291	damnant_quod_non_intellegunt	saltus_in_demonstrando	O_Tite_tute_Tati_tibi_tanta_tyranne_tulisti
sample	GC-CASE-127743	GC-PDX-344344	GC-BIOS-309359	Tissue	Gallia_est_omnis_divisa_in_partes_tres	Cell Line	Normal	Scalp	910	saltus_in_demonstrando	id_quod_plerumque_accidit	scientia_et_labor
sample	GC-CASE-559288	GC-PDX-145327	GC-BIOS-703787	Bone Marrow	scientia_et_sapientia	DNA	Unknown	Cerebral Cortex	865	saltus_in_demonstrando	scientia_et_labor	sapiens_qui_prospicit
sample	GC-CASE-891746	GC-PDX-610424	GC-BIOS-416514	Fluids	a_bene_placito	Sputum	Tumor	Nails	296	cacatum_non_est_pictum	faber_est_suae_quisque_fortunae	scientiae_et_patriae
sample	GC-CASE-120932	GC-PDX-149300	GC-BIOS-518217	Mouth Rinse	Obedientia_civium_urbis_felicitas	Analyte	Not Reported	Bile Duct	635	O_Tite_tute_Tati_tibi_tanta_tyranne_tulisti	scientiae_et_patriae	imperium_in_imperio
sample	GC-CASE-460725	GC-PDX-747293	GC-BIOS-125156	Cells	pace_tua	Stool	Unknown	Epididymis	20	haec_olim_meminisse_iuvabit	nanos_gigantum_humeris_insidentes	Gallia_est_omnis_divisa_in_partes_tres
sample	GC-CASE-144489	GC-PDX-415935	GC-BIOS-814559	Urine	cacatum_non_est_pictum	Stool	Not Reported	Paranasal Sinuses	742	nascentes_morimur_finisque_ab_origine_pendet	scientia_et_labor	Gallia_est_omnis_divisa_in_partes_tres
sample	GC-CASE-326683	GC-PDX-573066	GC-BIOS-283737	Mouth Rinse	scientia,_aere_perennius	Xenograft	Peritumoral	Fallopian Tube	514	scientia_et_labor	O_Tite_tute_Tati_tibi_tanta_tyranne_tulisti	Macte_animo_Generose_puer_sic_itur_ad_astra
sample	GC-CASE-664505	GC-PDX-251615	GC-BIOS-909109	Analyte	scientia_imperii_decus_et_tutamen	Bone Marrow	Normal	Lymph Node(s) Popliteal	100	scientiae_cedit_mare	barba_crescit_caput_nescit	nanos_gigantum_humeris_insidentes
sample	GC-CASE-594520	GC-PDX-281027	GC-BIOS-712476	Tissue	Gallia_est_omnis_divisa_in_partes_tres	Tissue	Tumor	post mortem blood	201	cacatum_non_est_pictum	scientia_imperii_decus_et_tutamen	scientia_imperii_decus_et_tutamen
sample	GC-CASE-672315	GC-PDX-965468	GC-BIOS-758492	Analyte	pace_tua	Sputum	Peritumoral	Nasopharynx	287	scientia_imperii_decus_et_tutamen	Gallia_est_omnis_divisa_in_partes_tres	saltus_in_demonstrando
sample	GC-CASE-566394	GC-PDX-369240	GC-BIOS-159259	Bone Marrow	scientiae_et_patriae	Body Fluid or Substance	Tumor	Spleen	739	imperium_in_imperio	O_Tite_tute_Tati_tibi_tanta_tyranne_tulisti	O_Tite_tute_Tati_tibi_tanta_tyranne_tulisti
sample	GC-CASE-514149	GC-PDX-791078	GC-BIOS-415868	Ascites	id_quod_plerumque_accidit	Ascites	Tumor	Femur	128	Obedientia_civium_urbis_felicitas	scientiae_cedit_mare	barba_crescit_caput_nescit
sample	GC-CASE-621883	GC-PDX-776374	GC-BIOS-844396	Mouth Rinse	scientia_imperii_decus_et_tutamen	Cells	Normal	Posterior mediastil mass (mediastinum)	632	Obedientia_civium_urbis_felicitas	pace_tua	e_causa_ignota
sample	GC-CASE-707484	GC-PDX-708235	GC-BIOS-785253	Sputum	imperium_in_imperio	Cell Line	Peritumoral	Left Bone marrow	138	sapiens_qui_prospicit	nanos_gigantum_humeris_insidentes	a_bene_placito
sample	GC-CASE-697249	GC-PDX-155530	GC-BIOS-141458	Urine	faber_est_suae_quisque_fortunae	Bone Marrow	Normal	Gastrointestinal Tract	973	nascentes_morimur_finisque_ab_origine_pendet	Macte_animo_Generose_puer_sic_itur_ad_astra	O_Tite_tute_Tati_tibi_tanta_tyranne_tulisti
sample	GC-CASE-977273	GC-PDX-840959	GC-BIOS-533893	Cells	nascentes_morimur_finisque_ab_origine_pendet	Saliva	Normal	Esophageal; Proximal	204	scientia_imperii_decus_et_tutamen	scientiae_et_patriae	cacatum_non_est_pictum
sample	GC-CASE-611503	GC-PDX-857592	GC-BIOS-876479	Blood	scientiae_cedit_mare	Mouth Rinse	Normal	Sciatic Nerve	698	faber_est_suae_quisque_fortunae	barba_crescit_caput_nescit	scientia,_aere_perennius
sample	GC-CASE-974840	GC-PDX-486233	GC-BIOS-467419	Cells	scientiae_cedit_mare	Blood	Tumor	Pituitary Gland	689	faber_est_suae_quisque_fortunae	barba_crescit_caput_nescit	nascentes_morimur_finisque_ab_origine_pendet
sample	GC-CASE-162099	GC-PDX-630083	GC-BIOS-915238	Tissue	scientia,_aere_perennius	Skin	Normal	Jaw	231	Gallia_est_omnis_divisa_in_partes_tres	a_bene_placito	scientia_imperii_decus_et_tutamen
sample	GC-CASE-406474	GC-PDX-492031	GC-BIOS-598179	Fluids	scientia_et_labor	Cells	Tumor	Skeletal Muscle	896	scientiae_et_patriae	scientia_imperii_decus_et_tutamen	scientiae_cedit_mare
sample	GC-CASE-693506	GC-PDX-954340	GC-BIOS-100373	Ascites	sapiens_qui_prospicit	Tissue	Peritumoral	Retina	674	Macte_animo_Generose_puer_sic_itur_ad_astra	Obedientia_civium_urbis_felicitas	pace_tua
sample	GC-CASE-473182	GC-PDX-299698	GC-BIOS-953640	Sputum	saltus_in_demonstrando	DNA	Unknown	Heart	399	nanos_gigantum_humeris_insidentes	scientia_et_labor	Obedientia_civium_urbis_felicitas
sample	GC-CASE-944648	GC-PDX-506451	GC-BIOS-134048	Fluids	e_causa_ignota	RNA	Not Reported	Gum	423	a_bene_placito	id_quod_plerumque_accidit	Gallia_est_omnis_divisa_in_partes_tres
sample	GC-CASE-609107	GC-PDX-559002	GC-BIOS-430860	Tissue	scientia_et_sapientia	RNA	Unknown	Stomach	788	id_quod_plerumque_accidit	id_quod_plerumque_accidit	nanos_gigantum_humeris_insidentes
sample	GC-CASE-388636	GC-PDX-190271	GC-BIOS-976673	Cells	a_bene_placito	Blood	Peritumoral	Tonsil	819	cacatum_non_est_pictum	Gallia_est_omnis_divisa_in_partes_tres	scientia_et_sapientia
sample	GC-CASE-436696	GC-PDX-643671	GC-BIOS-215683	Tissue	scientia_et_sapientia	Sputum	Normal	Epidural Space	855	id_quod_plerumque_accidit	O_Tite_tute_Tati_tibi_tanta_tyranne_tulisti	scientia_imperii_decus_et_tutamen
sample	GC-CASE-160829	GC-PDX-388312	GC-BIOS-461891	Ascites	barba_crescit_caput_nescit	Analyte	Normal	Lymph Node(s) Axilla	767	saltus_in_demonstrando	damnant_quod_non_intellegunt	scientia_et_sapientia
sample	GC-CASE-689508	GC-PDX-661943	GC-BIOS-712078	Sputum	scientia_et_sapientia	Analyte	Tumor	R. Neck mass	510	nascentes_morimur_finisque_ab_origine_pendet	id_quod_plerumque_accidit	scientia,_aere_perennius
sample	GC-CASE-145348	GC-PDX-238620	GC-BIOS-190728	Analyte	pace_tua	DNA	Peritumoral	Blood	171	pace_tua	pace_tua	scientia_et_sapientia
sample	GC-CASE-592282	GC-PDX-117189	GC-BIOS-590449	Cells	faber_est_suae_quisque_fortunae	Central Nervous System	Not Reported	Knee	785	Macte_animo_Generose_puer_sic_itur_ad_astra	saltus_in_demonstrando	scientiae_et_patriae
sample	GC-CASE-123488	GC-PDX-587596	GC-BIOS-348913	Analyte	barba_crescit_caput_nescit	DNA	Not Reported	Pelvis	304	faber_est_suae_quisque_fortunae	scientia,_aere_perennius	imperium_in_imperio
sample	GC-CASE-897405	GC-PDX-386359	GC-BIOS-224256	Mouth Rinse	imperium_in_imperio	Blood	Tumor	Bladder	224	barba_crescit_caput_nescit	O_Tite_tute_Tati_tibi_tanta_tyranne_tulisti	cacatum_non_est_pictum
sample	GC-CASE-499916	GC-PDX-188282	GC-BIOS-349438	Sputum	Macte_animo_Generose_puer_sic_itur_ad_astra	Body Fluid or Substance	Unknown	Femur	580	haec_olim_meminisse_iuvabit	Gallia_est_omnis_divisa_in_partes_tres	O_Tite_tute_Tati_tibi_tanta_tyranne_tulisti
sample	GC-CASE-200528	GC-PDX-959243	GC-BIOS-857096	Sputum	O_Tite_tute_Tati_tibi_tanta_tyranne_tulisti	DNA	Not Reported	Cecum	587	faber_est_suae_quisque_fortunae	labor_ipse_voluptas	scientia_et_labor
sample	GC-CASE-489819	GC-PDX-126918	GC-BIOS-561602	Analyte	nascentes_morimur_finisque_ab_origine_pendet	Sputum	Tumor	Tonsil	530	labor_ipse_voluptas	nanos_gigantum_humeris_insidentes	salus_in_arduis
sample	GC-CASE-768639	GC-PDX-324507	GC-BIOS-647594	Tissue	a_bene_placito	DNA	Tumor	Lymph Node(s) Internal Mammary	374	Macte_animo_Generose_puer_sic_itur_ad_astra	imperium_in_imperio	nanos_gigantum_humeris_insidentes
sample	GC-CASE-819839	GC-PDX-203802	GC-BIOS-397646	Tissue	e_causa_ignota	Blood	Unknown	Capillary	990	scientia_et_sapientia	Gallia_est_omnis_divisa_in_partes_tres	scientiae_et_patriae
sample	GC-CASE-543336	GC-PDX-341366	GC-BIOS-299484	Fluids	scientia,_aere_perennius	Body Fluid or Substance	Not Reported	Head - Face Or Neck, Nos	47	Macte_animo_Generose_puer_sic_itur_ad_astra	scientiae_cedit_mare	id_quod_plerumque_accidit
sample	GC-CASE-730868	GC-PDX-821140	GC-BIOS-309814	Ascites	sapiens_qui_prospicit	Ascites	Tumor	Hepatic	33	sapiens_qui_prospicit	cacatum_non_est_pictum	nascentes_morimur_finisque_ab_origine_pendet
sample	GC-CASE-203970	GC-PDX-537167	GC-BIOS-522623	Fluids	a_bene_placito	Cells	Not Reported	Scalp	561	nanos_gigantum_humeris_insidentes	imperium_in_imperio	scientia_imperii_decus_et_tutamen
sample	GC-CASE-830889	GC-PDX-814315	GC-BIOS-231274	Blood	scientia,_aere_perennius	Unknown	Not Reported	Tongue	690	haec_olim_meminisse_iuvabit	sapiens_qui_prospicit	cacatum_non_est_pictum
sample	GC-CASE-940851	GC-PDX-793206	GC-BIOS-486050	Urine	cacatum_non_est_pictum	DNA	Normal	Forearm	486	e_causa_ignota	cacatum_non_est_pictum	pace_tua
sample	GC-CASE-981829	GC-PDX-816485	GC-BIOS-452590	Tissue	scientia_imperii_decus_et_tutamen	Body Fluid or Substance	Unknown	Brain stem	46	a_bene_placito	O_Tite_tute_Tati_tibi_tanta_tyranne_tulisti	scientiae_et_patriae
sample	GC-CASE-690010	GC-PDX-841624	GC-BIOS-123211	Urine	Gallia_est_omnis_divisa_in_partes_tres	Saliva	Normal	Lymph Node(s) Supraclavicular	824	e_causa_ignota	scientia_et_labor	nanos_gigantum_humeris_insidentes
sample	GC-CASE-910366	GC-PDX-323882	GC-BIOS-302299	Blood	haec_olim_meminisse_iuvabit	Blood	Not Reported	Penis	499	scientia,_aere_perennius	scientiae_cedit_mare	O_Tite_tute_Tati_tibi_tanta_tyranne_tulisti
sample	GC-CASE-985100	GC-PDX-798065	GC-BIOS-401606	Stool	scientia_imperii_decus_et_tutamen	Sputum	Normal	Blood Vessel	733	haec_olim_meminisse_iuvabit	salus_in_arduis	salus_in_arduis
sample	GC-CASE-248016	GC-PDX-601305	GC-BIOS-717346	Cells	O_Tite_tute_Tati_tibi_tanta_tyranne_tulisti	Tissue	Tumor	Round Ligament	879	pace_tua	scientia_et_labor	haec_olim_meminisse_iuvabit
sample	GC-CASE-159817	GC-PDX-751112	GC-BIOS-774851	Mouth Rinse	scientiae_et_patriae	Ascites	Normal	R. Kidney	302	id_quod_plerumque_accidit	O_Tite_tute_Tati_tibi_tanta_tyranne_tulisti	saltus_in_demonstrando
sample	GC-CASE-247146	GC-PDX-750082	GC-BIOS-226035	Mouth Rinse	scientia_et_sapientia	DNA	Peritumoral	Bone	631	cacatum_non_est_pictum	scientia_imperii_decus_et_tutamen	id_quod_plerumque_accidit
sample	GC-CASE-228175	GC-PDX-450126	GC-BIOS-569904	Tissue	a_bene_placito	Cell Line	Unknown	Retro-Orbital Region	401	cacatum_non_est_pictum	Obedientia_civium_urbis_felicitas	Obedientia_civium_urbis_felicitas
sample	GC-CASE-827175	GC-PDX-884900	GC-BIOS-892073	Sputum	scientia_et_sapientia	Cells	Normal	Hepatic	100	id_quod_plerumque_accidit	Macte_animo_Generose_puer_sic_itur_ad_astra	sapiens_qui_prospicit
sample	GC-CASE-169624	GC-PDX-159805	GC-BIOS-444187	Analyte	nanos_gigantum_humeris_insidentes	Tissue	Unknown	Stomach	991	salus_in_arduis	salus_in_arduis	scientiae_cedit_mare
sample	GC-CASE-946929	GC-PDX-261848	GC-BIOS-428269	Sputum	O_Tite_tute_Tati_tibi_tanta_tyranne_tulisti	Ascites	Tumor	Bile Duct	236	Macte_animo_Generose_puer_sic_itur_ad_astra	faber_est_suae_quisque_fortunae	salus_in_arduis
sample	GC-CASE-493331	GC-PDX-708996	GC-BIOS-154866	Stool	faber_est_suae_quisque_fortunae	Stool	Peritumoral	Not Reported	686	scientiae_cedit_mare	imperium_in_imperio	sapiens_qui_prospicit
sample	GC-CASE-411064	GC-PDX-163645	GC-BIOS-781402	Stool	scientiae_et_patriae	Tissue	Unknown	Buttock	760	scientiae_et_patriae	cacatum_non_est_pictum	scientiae_et_patriae
sample	GC-CASE-867860	GC-PDX-150800	GC-BIOS-662803	Ascites	sapiens_qui_prospicit	Bone Marrow	Tumor	Bladder	539	damnant_quod_non_intellegunt	e_causa_ignota	Obedientia_civium_urbis_felicitas
sample	GC-CASE-848288	GC-PDX-882161	GC-BIOS-648406	Bone Marrow	Obedientia_civium_urbis_felicitas	Cells	Normal	Lymph Node(s) Axilla	199	scientiae_et_patriae	pace_tua	salus_in_arduis
sample	GC-CASE-965267	GC-PDX-617198	GC-BIOS-998803	Analyte	salus_in_arduis	Blood	Not Reported	Eye	815	scientia_et_labor	pace_tua	O_Tite_tute_Tati_tibi_tanta_tyranne_tulisti
sample	GC-CASE-284360	GC-PDX-358616	GC-BIOS-971216	Analyte	e_causa_ignota	Bone Marrow	Tumor	Connective Tissue	57	scientia_imperii_decus_et_tutamen	scientia_imperii_decus_et_tutamen	salus_in_arduis
sample	GC-CASE-916156	GC-PDX-668257	GC-BIOS-242320	Sputum	nascentes_morimur_finisque_ab_origine_pendet	Xenograft	Tumor	Trunk	685	faber_est_suae_quisque_fortunae	O_Tite_tute_Tati_tibi_tanta_tyranne_tulisti	scientia_et_sapientia
sample	GC-CASE-435164	GC-PDX-778957	GC-BIOS-713324	Urine	scientia_et_labor	Sputum	Unknown	Cervix	753	scientia_et_labor	nanos_gigantum_humeris_insidentes	haec_olim_meminisse_iuvabit
sample	GC-CASE-121516	GC-PDX-490159	GC-BIOS-975342	Tissue	e_causa_ignota	Stool	Normal	Supraglottis	151	nascentes_morimur_finisque_ab_origine_pendet	Obedientia_civium_urbis_felicitas	nascentes_morimur_finisque_ab_origine_pendet
sample	GC-CASE-951648	GC-PDX-799744	GC-BIOS-451031	Stool	Macte_animo_Generose_puer_sic_itur_ad_astra	Blood	Normal	Brain	98	e_causa_ignota	scientia,_aere_perennius	cacatum_non_est_pictum
sample	GC-CASE-242427	GC-PDX-186819	GC-BIOS-400678	Bone Marrow	imperium_in_imperio	Central Nervous System	Not Reported	Pylorus	504	barba_crescit_caput_nescit	scientia,_aere_perennius	Gallia_est_omnis_divisa_in_partes_tres
sample	GC-CASE-558335	GC-PDX-696237	GC-BIOS-409445	Blood	pace_tua	Ascites	Normal	Lymph Node met	237	scientia_imperii_decus_et_tutamen	imperium_in_imperio	scientia,_aere_perennius
sample	GC-CASE-268097	GC-PDX-100542	GC-BIOS-755433	Urine	a_bene_placito	Cell Line	Normal	Not Reported	805	pace_tua	salus_in_arduis	scientiae_cedit_mare
sample	GC-CASE-142209	GC-PDX-535848	GC-BIOS-380296	Bone Marrow	Macte_animo_Generose_puer_sic_itur_ad_astra	Analyte	Peritumoral	Heart	601	imperium_in_imperio	scientia_et_sapientia	e_causa_ignota
sample	GC-CASE-750284	GC-PDX-827090	GC-BIOS-955634	Cells	scientia_imperii_decus_et_tutamen	Body Fluid or Substance	Normal	Mesentery	75	labor_ipse_voluptas	Macte_animo_Generose_puer_sic_itur_ad_astra	scientia_imperii_decus_et_tutamen
sample	GC-CASE-937274	GC-PDX-773764	GC-BIOS-657614	Fluids	id_quod_plerumque_accidit	Cell Line	Unknown	Mediastinal Soft Tissue	462	barba_crescit_caput_nescit	a_bene_placito	sapiens_qui_prospicit
sample	GC-CASE-546595	GC-PDX-675351	GC-BIOS-208718	Analyte	faber_est_suae_quisque_fortunae	Mouth Rinse	Not Reported	Nerve(s) Cranial	214	scientiae_cedit_mare	saltus_in_demonstrando	scientiae_cedit_mare
sample	GC-CASE-760964	GC-PDX-381969	GC-BIOS-711950	Fluids	e_causa_ignota	Cells	Peritumoral	Fibula	218	haec_olim_meminisse_iuvabit	salus_in_arduis	scientia_et_sapientia
sample	GC-CASE-373043	GC-PDX-138175	GC-BIOS-108496	Stool	scientia_et_sapientia	Body Fluid or Substance	Normal	Lymph Node met	312	nanos_gigantum_humeris_insidentes	barba_crescit_caput_nescit	sapiens_qui_prospicit
sample	GC-CASE-400835	GC-PDX-239907	GC-BIOS-977296	Analyte	salus_in_arduis	Unknown	Unknown	Oral Cavity	719	faber_est_suae_quisque_fortunae	scientia_et_labor	scientia_et_sapientia
sample	GC-CASE-829666	GC-PDX-987348	GC-BIOS-110754	Ascites	scientia_et_labor	Cell Line	Peritumoral	Autonomic Nervous System	988	sapiens_qui_prospicit	O_Tite_tute_Tati_tibi_tanta_tyranne_tulisti	labor_ipse_voluptas
sample	GC-CASE-144490	GC-PDX-681171	GC-BIOS-381771	Blood	sapiens_qui_prospicit	Sputum	Peritumoral	Occipital Cortex	303	saltus_in_demonstrando	barba_crescit_caput_nescit	O_Tite_tute_Tati_tibi_tanta_tyranne_tulisti
sample	GC-CASE-780180	GC-PDX-725166	GC-BIOS-379992	Fluids	a_bene_placito	Not Reported	Peritumoral	Cerebrum	957	saltus_in_demonstrando	scientiae_et_patriae	labor_ipse_voluptas
sample	GC-CASE-471825	GC-PDX-130052	GC-BIOS-834713	Cells	e_causa_ignota	Xenograft	Not Reported	Adipose	789	faber_est_suae_quisque_fortunae	Obedientia_civium_urbis_felicitas	barba_crescit_caput_nescit
sample	GC-CASE-593239	GC-PDX-818164	GC-BIOS-370410	Stool	scientia_et_labor	Urine	Peritumoral	Ovary	468	sapiens_qui_prospicit	Gallia_est_omnis_divisa_in_partes_tres	barba_crescit_caput_nescit
sample	GC-CASE-958929	GC-PDX-631178	GC-BIOS-382549	Analyte	scientia,_aere_perennius	Analyte	Not Reported	Carina	888	cacatum_non_est_pictum	cacatum_non_est_pictum	labor_ipse_voluptas
sample	GC-CASE-746324	GC-PDX-688408	GC-BIOS-933274	Bone Marrow	damnant_quod_non_intellegunt	Xenograft	Unknown	post mortem liver tumor	735	scientiae_et_patriae	labor_ipse_voluptas	salus_in_arduis
sample	GC-CASE-170664	GC-PDX-697607	GC-BIOS-193543	Ascites	O_Tite_tute_Tati_tibi_tanta_tyranne_tulisti	Tissue	Peritumoral	Lung/pleura	624	a_bene_placito	nascentes_morimur_finisque_ab_origine_pendet	Gallia_est_omnis_divisa_in_partes_tres
sample	GC-CASE-463222	GC-PDX-113277	GC-BIOS-492286	Ascites	faber_est_suae_quisque_fortunae	Central Nervous System	Peritumoral	Calf	220	nascentes_morimur_finisque_ab_origine_pendet	faber_est_suae_quisque_fortunae	cacatum_non_est_pictum
sample	GC-CASE-855565	GC-PDX-751136	GC-BIOS-554745	Ascites	scientia_et_labor	Urine	Not Reported	Dermal	992	nascentes_morimur_finisque_ab_origine_pendet	Macte_animo_Generose_puer_sic_itur_ad_astra	cacatum_non_est_pictum
sample	GC-CASE-777460	GC-PDX-706848	GC-BIOS-359986	Urine	scientia_imperii_decus_et_tutamen	Sputum	Peritumoral	Lung/pleura	522	cacatum_non_est_pictum	scientia_imperii_decus_et_tutamen	pace_tua
sample	GC-CASE-132043	GC-PDX-363801	GC-BIOS-387296	Tissue	O_Tite_tute_Tati_tibi_tanta_tyranne_tulisti	Blood	Unknown	Rectum	105	haec_olim_meminisse_iuvabit	cacatum_non_est_pictum	id_quod_plerumque_accidit
sample	GC-CASE-964709	GC-PDX-802969	GC-BIOS-915113	Blood	id_quod_plerumque_accidit	Mouth Rinse	Tumor	Tonsil (Pharyngeal)	902	scientia,_aere_perennius	scientia_et_labor	faber_est_suae_quisque_fortunae
sample	GC-CASE-444491	GC-PDX-237403	GC-BIOS-426083	Ascites	e_causa_ignota	Cells	Unknown	Antecubital Fossa	459	scientiae_et_patriae	Obedientia_civium_urbis_felicitas	id_quod_plerumque_accidit
sample	GC-CASE-268104	GC-PDX-496196	GC-BIOS-839761	Bone Marrow	Gallia_est_omnis_divisa_in_partes_tres	DNA	Unknown	Ear Canal	67	nascentes_morimur_finisque_ab_origine_pendet	scientia,_aere_perennius	scientia_et_sapientia
sample	GC-CASE-590657	GC-PDX-352757	GC-BIOS-138208	Bone Marrow	scientiae_cedit_mare	Body Fluid or Substance	Tumor	Round Ligament	531	scientiae_cedit_mare	O_Tite_tute_Tati_tibi_tanta_tyranne_tulisti	nascentes_morimur_finisque_ab_origine_pendet
sample	GC-CASE-315590	GC-PDX-990921	GC-BIOS-853032	Blood	scientia,_aere_perennius	Xenograft	Normal	Clitoris	950	cacatum_non_est_pictum	a_bene_placito	Gallia_est_omnis_divisa_in_partes_tres
sample	GC-CASE-523683	GC-PDX-820290	GC-BIOS-118375	Tissue	id_quod_plerumque_accidit	DNA	Peritumoral	Paranasal Sinuses	32	e_causa_ignota	saltus_in_demonstrando	damnant_quod_non_intellegunt
sample	GC-CASE-251730	GC-PDX-913891	GC-BIOS-693048	Mouth Rinse	Obedientia_civium_urbis_felicitas	Ascites	Unknown	Connective Tissue	211	Obedientia_civium_urbis_felicitas	salus_in_arduis	e_causa_ignota
sample	GC-CASE-761038	GC-PDX-255797	GC-BIOS-478452	Mouth Rinse	faber_est_suae_quisque_fortunae	Cells	Normal	Lymph Node(s) Internal Mammary	901	pace_tua	Obedientia_civium_urbis_felicitas	e_causa_ignota
sample	GC-CASE-108875	GC-PDX-260319	GC-BIOS-713162	Tissue	Obedientia_civium_urbis_felicitas	Mouth Rinse	Peritumoral	Lymph Node(s) Cervical	132	faber_est_suae_quisque_fortunae	nascentes_morimur_finisque_ab_origine_pendet	haec_olim_meminisse_iuvabit
sample	GC-CASE-344750	GC-PDX-970337	GC-BIOS-119570	Analyte	barba_crescit_caput_nescit	DNA	Unknown	Pleura	959	salus_in_arduis	O_Tite_tute_Tati_tibi_tanta_tyranne_tulisti	id_quod_plerumque_accidit
sample	GC-CASE-936851	GC-PDX-435436	GC-BIOS-345833	Stool	O_Tite_tute_Tati_tibi_tanta_tyranne_tulisti	Urine	Peritumoral	Finger	668	imperium_in_imperio	scientia_et_sapientia	labor_ipse_voluptas
sample	GC-CASE-673016	GC-PDX-478091	GC-BIOS-696310	Blood	Obedientia_civium_urbis_felicitas	Sputum	Peritumoral	Glottis	915	nanos_gigantum_humeris_insidentes	scientiae_et_patriae	pace_tua
sample	GC-CASE-237322	GC-PDX-702357	GC-BIOS-510636	Urine	haec_olim_meminisse_iuvabit	Ascites	Not Reported	Esophageal; Distal	431	saltus_in_demonstrando	salus_in_arduis	cacatum_non_est_pictum
sample	GC-CASE-987680	GC-PDX-995415	GC-BIOS-578985	Tissue	Macte_animo_Generose_puer_sic_itur_ad_astra	Tissue	Not Reported	post mortem liver tumor	978	Gallia_est_omnis_divisa_in_partes_tres	nanos_gigantum_humeris_insidentes	haec_olim_meminisse_iuvabit
sample	GC-CASE-886430	GC-PDX-579550	GC-BIOS-780221	Stool	scientiae_cedit_mare	RNA	Not Reported	Vulva	97	scientia_et_labor	scientiae_cedit_mare	nascentes_morimur_finisque_ab_origine_pendet
sample	GC-CASE-801658	GC-PDX-702128	GC-BIOS-229710	Stool	barba_crescit_caput_nescit	Mouth Rinse	Normal	Maxilla	941	O_Tite_tute_Tati_tibi_tanta_tyranne_tulisti	id_quod_plerumque_accidit	haec_olim_meminisse_iuvabit
sample	GC-CASE-945080	GC-PDX-425049	GC-BIOS-215690	Analyte	nascentes_morimur_finisque_ab_origine_pendet	Cell Line	Not Reported	Chin	988	pace_tua	scientia,_aere_perennius	O_Tite_tute_Tati_tibi_tanta_tyranne_tulisti
sample	GC-CASE-421737	GC-PDX-957108	GC-BIOS-291034	Ascites	barba_crescit_caput_nescit	Analyte	Tumor	Glottis	602	barba_crescit_caput_nescit	scientia_et_labor	imperium_in_imperio
sample	GC-CASE-938810	GC-PDX-159859	GC-BIOS-578945	Mouth Rinse	nascentes_morimur_finisque_ab_origine_pendet	Tissue	Not Reported	Adenoid	505	nanos_gigantum_humeris_insidentes	O_Tite_tute_Tati_tibi_tanta_tyranne_tulisti	Obedientia_civium_urbis_felicitas
sample	GC-CASE-784887	GC-PDX-718915	GC-BIOS-660635	Fluids	scientia,_aere_perennius	Cells	Peritumoral	Auditory Canal	502	scientia_et_labor	pace_tua	nascentes_morimur_finisque_ab_origine_pendet
sample	GC-CASE-903803	GC-PDX-252974	GC-BIOS-529631	Bone Marrow	Obedientia_civium_urbis_felicitas	Central Nervous System	Tumor	Brain Stem	848	faber_est_suae_quisque_fortunae	haec_olim_meminisse_iuvabit	scientia_et_labor
sample	GC-CASE-153469	GC-PDX-143599	GC-BIOS-334480	Ascites	salus_in_arduis	Mouth Rinse	Unknown	Right Bone marrow	890	scientiae_et_patriae	scientia_et_sapientia	Macte_animo_Generose_puer_sic_itur_ad_astra
sample	GC-CASE-603766	GC-PDX-147265	GC-BIOS-167058	Ascites	a_bene_placito	Bone Marrow	Tumor	Esophagogastric Junction	739	scientia_imperii_decus_et_tutamen	nanos_gigantum_humeris_insidentes	Gallia_est_omnis_divisa_in_partes_tres
sample	GC-CASE-634747	GC-PDX-727028	GC-BIOS-421096	Cells	haec_olim_meminisse_iuvabit	Sputum	Tumor	Bone Marrow metastasis	876	scientia_et_labor	pace_tua	pace_tua
sample	GC-CASE-619757	GC-PDX-413463	GC-BIOS-311690	Analyte	Obedientia_civium_urbis_felicitas	Stool	Unknown	Blood Vessel	474	barba_crescit_caput_nescit	labor_ipse_voluptas	e_causa_ignota
sample	GC-CASE-631893	GC-PDX-133732	GC-BIOS-613761	Stool	pace_tua	Xenograft	Normal	Tonsil	453	cacatum_non_est_pictum	scientia,_aere_perennius	damnant_quod_non_intellegunt
sample	GC-CASE-992050	GC-PDX-176860	GC-BIOS-947342	Cells	imperium_in_imperio	Saliva	Not Reported	Spleen	916	salus_in_arduis	a_bene_placito	salus_in_arduis
sample	GC-CASE-615797	GC-PDX-867342	GC-BIOS-624674	Stool	scientiae_cedit_mare	Skin	Unknown	Spinal Cord	310	Gallia_est_omnis_divisa_in_partes_tres	faber_est_suae_quisque_fortunae	O_Tite_tute_Tati_tibi_tanta_tyranne_tulisti
sample	GC-CASE-731487	GC-PDX-152796	GC-BIOS-350184	Mouth Rinse	scientiae_et_patriae	Mouth Rinse	Normal	Uterus	96	faber_est_suae_quisque_fortunae	imperium_in_imperio	cacatum_non_est_pictum
sample	GC-CASE-648835	GC-PDX-785354	GC-BIOS-152294	Stool	haec_olim_meminisse_iuvabit	Ascites	Not Reported	Blood	863	nanos_gigantum_humeris_insidentes	scientia,_aere_perennius	imperium_in_imperio
sample	GC-CASE-328294	GC-PDX-103872	GC-BIOS-991174	Tissue	sapiens_qui_prospicit	Cells	Tumor	Endocrine Gland	16	haec_olim_meminisse_iuvabit	id_quod_plerumque_accidit	haec_olim_meminisse_iuvabit
sample	GC-CASE-271429	GC-PDX-119661	GC-BIOS-430521	Blood	faber_est_suae_quisque_fortunae	Cells	Normal	Umbilical Cord	590	scientiae_cedit_mare	id_quod_plerumque_accidit	salus_in_arduis
sample	GC-CASE-330014	GC-PDX-998535	GC-BIOS-810305	Fluids	O_Tite_tute_Tati_tibi_tanta_tyranne_tulisti	Urine	Unknown	Lymph Node(s) Cervical	43	scientia_imperii_decus_et_tutamen	cacatum_non_est_pictum	nascentes_morimur_finisque_ab_origine_pendet
sample	GC-CASE-117901	GC-PDX-820478	GC-BIOS-989683	Urine	Gallia_est_omnis_divisa_in_partes_tres	Xenograft	Tumor	Mediastinal Soft Tissue	360	damnant_quod_non_intellegunt	a_bene_placito	imperium_in_imperio
sample	GC-CASE-942172	GC-PDX-448852	GC-BIOS-493099	Blood	e_causa_ignota	Blood	Unknown	Small Finger	392	salus_in_arduis	pace_tua	saltus_in_demonstrando
sample	GC-CASE-234104	GC-PDX-779831	GC-BIOS-492112	Mouth Rinse	scientiae_et_patriae	Unknown	Tumor	Lymph Node(s) Mesenteric	67	nanos_gigantum_humeris_insidentes	Obedientia_civium_urbis_felicitas	scientia_imperii_decus_et_tutamen
sample	GC-CASE-147510	GC-PDX-704831	GC-BIOS-793726	Blood	a_bene_placito	Body Fluid or Substance	Peritumoral	Lung/pleura	47	damnant_quod_non_intellegunt	barba_crescit_caput_nescit	Obedientia_civium_urbis_felicitas
sample	GC-CASE-407486	GC-PDX-265342	GC-BIOS-106305	Urine	Macte_animo_Generose_puer_sic_itur_ad_astra	Stool	Tumor	Ovary	449	nanos_gigantum_humeris_insidentes	scientiae_cedit_mare	imperium_in_imperio
sample	GC-CASE-894096	GC-PDX-836238	GC-BIOS-673908	Sputum	nanos_gigantum_humeris_insidentes	Unknown	Not Reported	Tibia	703	Macte_animo_Generose_puer_sic_itur_ad_astra	saltus_in_demonstrando	haec_olim_meminisse_iuvabit
sample	GC-CASE-793948	GC-PDX-167504	GC-BIOS-840794	Tissue	scientia,_aere_perennius	Sputum	Not Reported	Urethra	320	sapiens_qui_prospicit	salus_in_arduis	e_causa_ignota
sample	GC-CASE-554988	GC-PDX-937551	GC-BIOS-696159	Urine	salus_in_arduis	Cell Line	Unknown	Ankle	393	Obedientia_civium_urbis_felicitas	pace_tua	sapiens_qui_prospicit
sample	GC-CASE-424769	GC-PDX-458828	GC-BIOS-756208	Tissue	faber_est_suae_quisque_fortunae	Xenograft	Peritumoral	Lymph Node(s) Mesenteric	796	nascentes_morimur_finisque_ab_origine_pendet	scientia_imperii_decus_et_tutamen	barba_crescit_caput_nescit
sample	GC-CASE-206957	GC-PDX-191372	GC-BIOS-865218	Blood	scientiae_et_patriae	Body Fluid or Substance	Tumor	Left thigh	567	barba_crescit_caput_nescit	barba_crescit_caput_nescit	a_bene_placito
sample	GC-CASE-422140	GC-PDX-407139	GC-BIOS-130490	Urine	imperium_in_imperio	Stool	Not Reported	Larynx	727	barba_crescit_caput_nescit	salus_in_arduis	nascentes_morimur_finisque_ab_origine_pendet
sample	GC-CASE-399649	GC-PDX-415248	GC-BIOS-634181	Fluids	Macte_animo_Generose_puer_sic_itur_ad_astra	Skin	Not Reported	Synovium	743	haec_olim_meminisse_iuvabit	id_quod_plerumque_accidit	cacatum_non_est_pictum
sample	GC-CASE-149110	GC-PDX-480891	GC-BIOS-272476	Mouth Rinse	haec_olim_meminisse_iuvabit	Xenograft	Peritumoral	Testis	846	damnant_quod_non_intellegunt	O_Tite_tute_Tati_tibi_tanta_tyranne_tulisti	labor_ipse_voluptas
sample	GC-CASE-436568	GC-PDX-197602	GC-BIOS-380962	Tissue	barba_crescit_caput_nescit	Central Nervous System	Normal	Pineal	973	id_quod_plerumque_accidit	scientiae_et_patriae	e_causa_ignota
sample	GC-CASE-369176	GC-PDX-552392	GC-BIOS-814296	Sputum	cacatum_non_est_pictum	Not Reported	Not Reported	Vulva	782	scientia_et_sapientia	scientia_imperii_decus_et_tutamen	scientia,_aere_perennius
sample	GC-CASE-919371	GC-PDX-932931	GC-BIOS-535981	Ascites	Macte_animo_Generose_puer_sic_itur_ad_astra	Mouth Rinse	Not Reported	Mandible	28	scientia_et_labor	sapiens_qui_prospicit	damnant_quod_non_intellegunt
sample	GC-CASE-642383	GC-PDX-472249	GC-BIOS-762501	Tissue	Obedientia_civium_urbis_felicitas	Saliva	Peritumoral	Posterior mediastil mass (mediastinum)	172	scientiae_cedit_mare	nascentes_morimur_finisque_ab_origine_pendet	labor_ipse_voluptas
sample	GC-CASE-736685	GC-PDX-584730	GC-BIOS-133383	Stool	salus_in_arduis	Unknown	Normal	Subcutaneous Tissue	784	imperium_in_imperio	salus_in_arduis	nanos_gigantum_humeris_insidentes
sample	GC-CASE-295954	GC-PDX-258098	GC-BIOS-220101	Cells	Macte_animo_Generose_puer_sic_itur_ad_astra	Analyte	Normal	Mitochondria	130	sapiens_qui_prospicit	haec_olim_meminisse_iuvabit	saltus_in_demonstrando
sample	GC-CASE-857381	GC-PDX-651609	GC-BIOS-928349	Analyte	nanos_gigantum_humeris_insidentes	Stool	Tumor	Palate	111	Gallia_est_omnis_divisa_in_partes_tres	scientia_et_sapientia	nanos_gigantum_humeris_insidentes
sample	GC-CASE-902482	GC-PDX-694951	GC-BIOS-552560	Sputum	faber_est_suae_quisque_fortunae	Xenograft	Unknown	Shoulder	186	a_bene_placito	scientiae_cedit_mare	id_quod_plerumque_accidit
sample	GC-CASE-719380	GC-PDX-581358	GC-BIOS-188565	Tissue	barba_crescit_caput_nescit	Not Reported	Peritumoral	Parathyroid	297	nanos_gigantum_humeris_insidentes	Obedientia_civium_urbis_felicitas	O_Tite_tute_Tati_tibi_tanta_tyranne_tulisti
sample	GC-CASE-785467	GC-PDX-702782	GC-BIOS-536158	Sputum	haec_olim_meminisse_iuvabit	Stool	Normal	Tonsil	336	Gallia_est_omnis_divisa_in_partes_tres	scientia_imperii_decus_et_tutamen	scientia,_aere_perennius
sample	GC-CASE-455998	GC-PDX-413473	GC-BIOS-131080	Stool	labor_ipse_voluptas	Ascites	Normal	L. Femur	132	haec_olim_meminisse_iuvabit	Macte_animo_Generose_puer_sic_itur_ad_astra	nascentes_morimur_finisque_ab_origine_pendet
sample	GC-CASE-728147	GC-PDX-616216	GC-BIOS-862386	Bone Marrow	Macte_animo_Generose_puer_sic_itur_ad_astra	Cells	Not Reported	Sternum	780	scientia,_aere_perennius	salus_in_arduis	scientia_imperii_decus_et_tutamen
sample	GC-CASE-137996	GC-PDX-236507	GC-BIOS-797500	Ascites	scientia,_aere_perennius	Unknown	Tumor	Sciatic Nerve	460	pace_tua	haec_olim_meminisse_iuvabit	id_quod_plerumque_accidit
sample	GC-CASE-324647	GC-PDX-776437	GC-BIOS-833553	Fluids	id_quod_plerumque_accidit	Central Nervous System	Not Reported	Stomach	421	salus_in_arduis	a_bene_placito	damnant_quod_non_intellegunt
sample	GC-CASE-121980	GC-PDX-290870	GC-BIOS-703190	Stool	id_quod_plerumque_accidit	Urine	Unknown	Cecum	638	sapiens_qui_prospicit	Gallia_est_omnis_divisa_in_partes_tres	scientiae_et_patriae
sample	GC-CASE-124047	GC-PDX-848680	GC-BIOS-435976	Sputum	nascentes_morimur_finisque_ab_origine_pendet	Ascites	Tumor	Frontal Cortex	208	Macte_animo_Generose_puer_sic_itur_ad_astra	e_causa_ignota	barba_crescit_caput_nescit
sample	GC-CASE-723221	GC-PDX-372064	GC-BIOS-198431	Analyte	sapiens_qui_prospicit	Skin	Unknown	Umbilical Cord	726	Obedientia_civium_urbis_felicitas	a_bene_placito	haec_olim_meminisse_iuvabit
sample	GC-CASE-548718	GC-PDX-556218	GC-BIOS-526737	Analyte	cacatum_non_est_pictum	Ascites	Unknown	Hippocampus	402	haec_olim_meminisse_iuvabit	e_causa_ignota	a_bene_placito
sample	GC-CASE-193316	GC-PDX-167667	GC-BIOS-123642	Urine	scientia_et_sapientia	Blood	Tumor	Aqueous Fluid	580	barba_crescit_caput_nescit	nascentes_morimur_finisque_ab_origine_pendet	haec_olim_meminisse_iuvabit
sample	GC-CASE-713246	GC-PDX-721330	GC-BIOS-718674	Urine	scientia_et_labor	Cell Line	Tumor	Bronchus	167	sapiens_qui_prospicit	Obedientia_civium_urbis_felicitas	barba_crescit_caput_nescit
sample	GC-CASE-451586	GC-PDX-468898	GC-BIOS-714050	Ascites	nanos_gigantum_humeris_insidentes	Saliva	Peritumoral	Bone Marrow	13	Gallia_est_omnis_divisa_in_partes_tres	barba_crescit_caput_nescit	barba_crescit_caput_nescit
sample	GC-CASE-125019	GC-PDX-989803	GC-BIOS-464050	Analyte	id_quod_plerumque_accidit	Analyte	Peritumoral	Lacrimal Gland	30	O_Tite_tute_Tati_tibi_tanta_tyranne_tulisti	nanos_gigantum_humeris_insidentes	sapiens_qui_prospicit
sample	GC-CASE-742910	GC-PDX-645760	GC-BIOS-133873	Sputum	labor_ipse_voluptas	Mouth Rinse	Normal	Duodenum	64	O_Tite_tute_Tati_tibi_tanta_tyranne_tulisti	O_Tite_tute_Tati_tibi_tanta_tyranne_tulisti	pace_tua
sample	GC-CASE-423617	GC-PDX-383419	GC-BIOS-425354	Ascites	labor_ipse_voluptas	Blood	Unknown	Cervix	702	scientia_et_labor	saltus_in_demonstrando	cacatum_non_est_pictum
sample	GC-CASE-802652	GC-PDX-107421	GC-BIOS-347260	Fluids	haec_olim_meminisse_iuvabit	Mouth Rinse	Unknown	Liver	987	imperium_in_imperio	Obedientia_civium_urbis_felicitas	faber_est_suae_quisque_fortunae
sample	GC-CASE-249139	GC-PDX-768644	GC-BIOS-257082	Sputum	e_causa_ignota	Unknown	Peritumoral	Lymph Node(s) Internal Mammary	548	scientiae_et_patriae	scientiae_cedit_mare	Macte_animo_Generose_puer_sic_itur_ad_astra
