type	participant.study_participant_id	sample_id	sample_type	sample_description	sample_type_category	sample_tumor_status	sample_anatomic_site	sample_age_at_collection	derived_from_specimen	biosample_accession	crdc_id
sample	CDS-CASE-987713	CDS-BIOS-296212	Stool	saltus_in_demonstrando	Stool	Normal	Nerve	998	scientiae_et_patriae	scientiae_et_patriae	barba_crescit_caput_nescit
sample	CDS-CASE-843182	CDS-BIOS-676159	Fluids	scientia_et_labor	Fluids	Tumor	post mortem blood	648	cacatum_non_est_pictum	scientia_et_labor	O_Tite_tute_Tati_tibi_tanta_tyranne_tulisti
sample	CDS-CASE-378645	CDS-BIOS-313289	Urine	Gallia_est_omnis_divisa_in_partes_tres	Stool	Not Reported	Lymph Node(s) Mesenteric	181	e_causa_ignota	scientiae_et_patriae	a_bene_placito
sample	CDS-CASE-815816	CDS-BIOS-128925	Blood	cacatum_non_est_pictum	Urine	Peritumoral	Splenic Flexure	813	sapiens_qui_prospicit	Macte_animo_Generose_puer_sic_itur_ad_astra	nanos_gigantum_humeris_insidentes
sample	CDS-CASE-131265	CDS-BIOS-733898	Mouth Rinse	salus_in_arduis	Fluids	Unknown	Wrist	775	Obedientia_civium_urbis_felicitas	faber_est_suae_quisque_fortunae	id_quod_plerumque_accidit
sample	CDS-CASE-610856	CDS-BIOS-325558	Sputum	damnant_quod_non_intellegunt	Sputum	Tumor	Duodenum	970	Macte_animo_Generose_puer_sic_itur_ad_astra	damnant_quod_non_intellegunt	saltus_in_demonstrando
sample	CDS-CASE-792489	CDS-BIOS-809362	Tissue	scientia,_aere_perennius	Urine	Normal	Peritoneum	895	haec_olim_meminisse_iuvabit	pace_tua	cacatum_non_est_pictum
sample	CDS-CASE-578926	CDS-BIOS-936513	Stool	scientia_et_sapientia	Cells	Peritumoral	Humerus	254	scientia,_aere_perennius	e_causa_ignota	damnant_quod_non_intellegunt
sample	CDS-CASE-232084	CDS-BIOS-619423	Stool	barba_crescit_caput_nescit	Sputum	Tumor	Brain	739	O_Tite_tute_Tati_tibi_tanta_tyranne_tulisti	id_quod_plerumque_accidit	e_causa_ignota
sample	CDS-CASE-907333	CDS-BIOS-719350	Ascites	scientia_imperii_decus_et_tutamen	Bone Marrow	Normal	Paratesticular	151	nanos_gigantum_humeris_insidentes	labor_ipse_voluptas	Gallia_est_omnis_divisa_in_partes_tres
sample	CDS-CASE-717623	CDS-BIOS-141122	Ascites	labor_ipse_voluptas	Not Reported	Unknown	Sinus(es), Maxillary	357	saltus_in_demonstrando	scientia_et_sapientia	a_bene_placito
sample	CDS-CASE-355633	CDS-BIOS-321445	Mouth Rinse	a_bene_placito	Tissue	Unknown	Paracaval Lymph Node metastasis	240	Macte_animo_Generose_puer_sic_itur_ad_astra	labor_ipse_voluptas	scientia_et_labor
sample	CDS-CASE-763304	CDS-BIOS-681490	Blood	labor_ipse_voluptas	Cells	Not Reported	Mediastinal Soft Tissue	474	saltus_in_demonstrando	labor_ipse_voluptas	nanos_gigantum_humeris_insidentes
sample	CDS-CASE-220559	CDS-BIOS-546384	Cells	scientiae_cedit_mare	Mouth Rinse	Tumor	Tibia	238	labor_ipse_voluptas	scientia_imperii_decus_et_tutamen	e_causa_ignota
sample	CDS-CASE-382837	CDS-BIOS-511354	Sputum	labor_ipse_voluptas	Tissue	Peritumoral	R. Breast metastasis	177	barba_crescit_caput_nescit	imperium_in_imperio	barba_crescit_caput_nescit
sample	CDS-CASE-156928	CDS-BIOS-386039	Urine	scientia_imperii_decus_et_tutamen	Urine	Not Reported	Pineal Gland	101	nanos_gigantum_humeris_insidentes	barba_crescit_caput_nescit	damnant_quod_non_intellegunt
sample	CDS-CASE-352348	CDS-BIOS-946768	Stool	nascentes_morimur_finisque_ab_origine_pendet	Blood	Peritumoral	Lymph Node(s) Femoral	79	a_bene_placito	sapiens_qui_prospicit	a_bene_placito
sample	CDS-CASE-533997	CDS-BIOS-133761	Bone Marrow	damnant_quod_non_intellegunt	Stool	Tumor	Eye	180	scientia_et_labor	labor_ipse_voluptas	a_bene_placito
sample	CDS-CASE-476640	CDS-BIOS-349125	Cells	haec_olim_meminisse_iuvabit	Sputum	Not Reported	Lymph Node(s) Iliac-Common	428	scientiae_cedit_mare	labor_ipse_voluptas	e_causa_ignota
sample	CDS-CASE-205786	CDS-BIOS-533903	Bone Marrow	salus_in_arduis	Unknown	Normal	Urethra	527	saltus_in_demonstrando	haec_olim_meminisse_iuvabit	faber_est_suae_quisque_fortunae
sample	CDS-CASE-993577	CDS-BIOS-245074	Mouth Rinse	nanos_gigantum_humeris_insidentes	Bone Marrow	Peritumoral	Amniotic Fluid	669	imperium_in_imperio	scientiae_cedit_mare	id_quod_plerumque_accidit
sample	CDS-CASE-602801	CDS-BIOS-897052	Mouth Rinse	scientia_et_sapientia	Ascites	Peritumoral	Hand	518	damnant_quod_non_intellegunt	scientiae_cedit_mare	labor_ipse_voluptas
sample	CDS-CASE-471011	CDS-BIOS-188405	Bone Marrow	scientia_imperii_decus_et_tutamen	Unknown	Tumor	post mortem blood	844	saltus_in_demonstrando	Macte_animo_Generose_puer_sic_itur_ad_astra	id_quod_plerumque_accidit
sample	CDS-CASE-293547	CDS-BIOS-840294	Tissue	barba_crescit_caput_nescit	Cells	Tumor	Calf	594	O_Tite_tute_Tati_tibi_tanta_tyranne_tulisti	scientiae_cedit_mare	scientia_imperii_decus_et_tutamen
sample	CDS-CASE-656540	CDS-BIOS-875774	Analyte	sapiens_qui_prospicit	Fluids	Not Reported	Cecum	170	e_causa_ignota	O_Tite_tute_Tati_tibi_tanta_tyranne_tulisti	O_Tite_tute_Tati_tibi_tanta_tyranne_tulisti
sample	CDS-CASE-491248	CDS-BIOS-359827	Mouth Rinse	e_causa_ignota	Not Reported	Not Reported	Floor Of Mouth	606	Macte_animo_Generose_puer_sic_itur_ad_astra	imperium_in_imperio	faber_est_suae_quisque_fortunae
sample	CDS-CASE-231153	CDS-BIOS-210376	Tissue	barba_crescit_caput_nescit	Blood	Not Reported	Esophagus - Mucosa Only	474	Gallia_est_omnis_divisa_in_partes_tres	scientiae_cedit_mare	faber_est_suae_quisque_fortunae
sample	CDS-CASE-699899	CDS-BIOS-504769	Analyte	imperium_in_imperio	Bone Marrow	Normal	Sciatic Nerve	757	scientia,_aere_perennius	barba_crescit_caput_nescit	id_quod_plerumque_accidit
sample	CDS-CASE-554147	CDS-BIOS-750315	Stool	Obedientia_civium_urbis_felicitas	Urine	Normal	L. Femur	420	barba_crescit_caput_nescit	Macte_animo_Generose_puer_sic_itur_ad_astra	barba_crescit_caput_nescit
sample	CDS-CASE-515778	CDS-BIOS-470641	Urine	e_causa_ignota	Sputum	Tumor	Periorbital Soft Tissue	211	Gallia_est_omnis_divisa_in_partes_tres	damnant_quod_non_intellegunt	Gallia_est_omnis_divisa_in_partes_tres
sample	CDS-CASE-892572	CDS-BIOS-638537	Sputum	Macte_animo_Generose_puer_sic_itur_ad_astra	Not Reported	Not Reported	Ear	11	imperium_in_imperio	scientia_imperii_decus_et_tutamen	faber_est_suae_quisque_fortunae
sample	CDS-CASE-120752	CDS-BIOS-718868	Urine	scientiae_cedit_mare	Ascites	Not Reported	Capillary	532	pace_tua	e_causa_ignota	pace_tua
sample	CDS-CASE-539715	CDS-BIOS-671273	Mouth Rinse	O_Tite_tute_Tati_tibi_tanta_tyranne_tulisti	Tissue	Unknown	Hippocampus	129	haec_olim_meminisse_iuvabit	id_quod_plerumque_accidit	Obedientia_civium_urbis_felicitas
sample	CDS-CASE-931136	CDS-BIOS-777130	Stool	pace_tua	Ascites	Normal	Lymph Node(s) Subclavicular	529	scientia,_aere_perennius	salus_in_arduis	imperium_in_imperio
sample	CDS-CASE-920146	CDS-BIOS-290064	Urine	saltus_in_demonstrando	Bone Marrow	Tumor	Thorax	431	nascentes_morimur_finisque_ab_origine_pendet	id_quod_plerumque_accidit	scientia_imperii_decus_et_tutamen
sample	CDS-CASE-526268	CDS-BIOS-670369	Fluids	Macte_animo_Generose_puer_sic_itur_ad_astra	Sputum	Peritumoral	Sinus(es), Maxillary	786	nanos_gigantum_humeris_insidentes	Macte_animo_Generose_puer_sic_itur_ad_astra	haec_olim_meminisse_iuvabit
sample	CDS-CASE-943506	CDS-BIOS-593552	Cells	imperium_in_imperio	Urine	Tumor	Alveolar Ridge	85	pace_tua	saltus_in_demonstrando	faber_est_suae_quisque_fortunae
sample	CDS-CASE-116656	CDS-BIOS-547601	Blood	nanos_gigantum_humeris_insidentes	Urine	Tumor	post mortem liver	700	saltus_in_demonstrando	haec_olim_meminisse_iuvabit	O_Tite_tute_Tati_tibi_tanta_tyranne_tulisti
sample	CDS-CASE-308384	CDS-BIOS-625272	Sputum	Obedientia_civium_urbis_felicitas	Cells	Unknown	Lumbar Spine	11	scientia_imperii_decus_et_tutamen	pace_tua	O_Tite_tute_Tati_tibi_tanta_tyranne_tulisti
sample	CDS-CASE-296147	CDS-BIOS-446787	Mouth Rinse	O_Tite_tute_Tati_tibi_tanta_tyranne_tulisti	Stool	Unknown	Hard Palate	391	faber_est_suae_quisque_fortunae	salus_in_arduis	scientia_et_sapientia
sample	CDS-CASE-110697	CDS-BIOS-629505	Ascites	Obedientia_civium_urbis_felicitas	Cells	Normal	Periorbital Soft Tissue	420	id_quod_plerumque_accidit	scientia_et_labor	labor_ipse_voluptas
sample	CDS-CASE-815309	CDS-BIOS-637704	Cells	saltus_in_demonstrando	Fluids	Tumor	Brow	42	Macte_animo_Generose_puer_sic_itur_ad_astra	damnant_quod_non_intellegunt	faber_est_suae_quisque_fortunae
sample	CDS-CASE-784898	CDS-BIOS-519720	Bone Marrow	haec_olim_meminisse_iuvabit	Fluids	Tumor	Subglottis	904	faber_est_suae_quisque_fortunae	nanos_gigantum_humeris_insidentes	scientiae_cedit_mare
sample	CDS-CASE-785374	CDS-BIOS-359860	Urine	scientia_et_sapientia	Unknown	Normal	Thumb	893	imperium_in_imperio	scientia,_aere_perennius	Macte_animo_Generose_puer_sic_itur_ad_astra
sample	CDS-CASE-363951	CDS-BIOS-928714	Mouth Rinse	scientia_et_sapientia	Cells	Tumor	Pericardium	686	faber_est_suae_quisque_fortunae	scientia_imperii_decus_et_tutamen	barba_crescit_caput_nescit
sample	CDS-CASE-978089	CDS-BIOS-631960	Cells	damnant_quod_non_intellegunt	Ascites	Tumor	Liver	613	scientiae_et_patriae	scientia_et_sapientia	scientiae_cedit_mare
sample	CDS-CASE-495440	CDS-BIOS-125908	Sputum	Obedientia_civium_urbis_felicitas	Tissue	Normal	Soft Tissue	685	cacatum_non_est_pictum	barba_crescit_caput_nescit	saltus_in_demonstrando
sample	CDS-CASE-682995	CDS-BIOS-767516	Ascites	scientia_et_labor	Cells	Tumor	R. Neck mass	488	haec_olim_meminisse_iuvabit	imperium_in_imperio	nascentes_morimur_finisque_ab_origine_pendet
sample	CDS-CASE-330373	CDS-BIOS-660193	Analyte	sapiens_qui_prospicit	Not Reported	Normal	Tonsil (Pharyngeal)	716	pace_tua	scientiae_et_patriae	nanos_gigantum_humeris_insidentes
sample	CDS-CASE-532293	CDS-BIOS-885546	Cells	scientia,_aere_perennius	Ascites	Not Reported	R. Sylvian Fissure	475	labor_ipse_voluptas	damnant_quod_non_intellegunt	scientia_et_sapientia
sample	CDS-CASE-943959	CDS-BIOS-124918	Mouth Rinse	barba_crescit_caput_nescit	Ascites	Normal	Abdomen	377	a_bene_placito	e_causa_ignota	scientia_et_sapientia
sample	CDS-CASE-124427	CDS-BIOS-785455	Ascites	nanos_gigantum_humeris_insidentes	Unknown	Normal	Orbit	325	Obedientia_civium_urbis_felicitas	scientiae_et_patriae	scientia_imperii_decus_et_tutamen
sample	CDS-CASE-632014	CDS-BIOS-172518	Bone Marrow	e_causa_ignota	Blood	Unknown	Aortic Body	246	scientia,_aere_perennius	scientia,_aere_perennius	salus_in_arduis
sample	CDS-CASE-826457	CDS-BIOS-807213	Stool	scientia_et_labor	Sputum	Not Reported	Autonomic Nervous System	734	a_bene_placito	damnant_quod_non_intellegunt	haec_olim_meminisse_iuvabit
sample	CDS-CASE-602377	CDS-BIOS-929666	Analyte	labor_ipse_voluptas	Sputum	Not Reported	Dermal	853	a_bene_placito	Gallia_est_omnis_divisa_in_partes_tres	id_quod_plerumque_accidit
sample	CDS-CASE-615316	CDS-BIOS-170426	Bone Marrow	pace_tua	Unknown	Tumor	Salivary Gland	318	nanos_gigantum_humeris_insidentes	scientia_et_labor	scientia_et_labor
sample	CDS-CASE-492793	CDS-BIOS-257526	Mouth Rinse	haec_olim_meminisse_iuvabit	Bone Marrow	Not Reported	Pineal Gland	231	barba_crescit_caput_nescit	haec_olim_meminisse_iuvabit	Gallia_est_omnis_divisa_in_partes_tres
sample	CDS-CASE-981087	CDS-BIOS-448940	Mouth Rinse	Obedientia_civium_urbis_felicitas	Stool	Unknown	Chest	595	Gallia_est_omnis_divisa_in_partes_tres	scientia,_aere_perennius	sapiens_qui_prospicit
sample	CDS-CASE-288711	CDS-BIOS-376941	Tissue	haec_olim_meminisse_iuvabit	Urine	Peritumoral	Patella	451	scientia_et_sapientia	Macte_animo_Generose_puer_sic_itur_ad_astra	id_quod_plerumque_accidit
sample	CDS-CASE-333636	CDS-BIOS-437999	Blood	Gallia_est_omnis_divisa_in_partes_tres	Stool	Peritumoral	Cerebral Cortex	307	scientia_et_labor	nanos_gigantum_humeris_insidentes	pace_tua
sample	CDS-CASE-365562	CDS-BIOS-822295	Analyte	scientiae_et_patriae	Bone Marrow	Not Reported	Clitoris	579	scientia_et_labor	scientiae_cedit_mare	e_causa_ignota
sample	CDS-CASE-631926	CDS-BIOS-273906	Cells	haec_olim_meminisse_iuvabit	Analyte	Peritumoral	Spleen	951	scientia,_aere_perennius	Gallia_est_omnis_divisa_in_partes_tres	saltus_in_demonstrando
sample	CDS-CASE-701570	CDS-BIOS-854004	Fluids	haec_olim_meminisse_iuvabit	Cells	Tumor	Paranasal Sinuses	676	O_Tite_tute_Tati_tibi_tanta_tyranne_tulisti	labor_ipse_voluptas	scientia_et_sapientia
sample	CDS-CASE-621295	CDS-BIOS-396011	Bone Marrow	Gallia_est_omnis_divisa_in_partes_tres	Bone Marrow	Peritumoral	Oral Cavity - Mucosa Only	606	pace_tua	Obedientia_civium_urbis_felicitas	pace_tua
sample	CDS-CASE-459930	CDS-BIOS-476217	Blood	scientia_et_sapientia	Bone Marrow	Not Reported	Pancreas	724	id_quod_plerumque_accidit	faber_est_suae_quisque_fortunae	scientia_et_labor
sample	CDS-CASE-807208	CDS-BIOS-460436	Fluids	e_causa_ignota	Analyte	Normal	Floor Of Mouth	330	salus_in_arduis	damnant_quod_non_intellegunt	haec_olim_meminisse_iuvabit
sample	CDS-CASE-355121	CDS-BIOS-154508	Mouth Rinse	scientia_et_sapientia	Bone Marrow	Not Reported	Hepatic Duct	357	scientia_et_sapientia	imperium_in_imperio	scientia_et_labor
sample	CDS-CASE-313708	CDS-BIOS-612891	Cells	a_bene_placito	Mouth Rinse	Peritumoral	Skull	91	scientia_et_labor	scientia_et_labor	scientiae_et_patriae
sample	CDS-CASE-357554	CDS-BIOS-407065	Tissue	nanos_gigantum_humeris_insidentes	Mouth Rinse	Peritumoral	Right Bone marrow	393	salus_in_arduis	scientia,_aere_perennius	nanos_gigantum_humeris_insidentes
sample	CDS-CASE-386015	CDS-BIOS-469318	Blood	nascentes_morimur_finisque_ab_origine_pendet	Not Reported	Tumor	Retro-Orbital Region	307	nascentes_morimur_finisque_ab_origine_pendet	cacatum_non_est_pictum	saltus_in_demonstrando
sample	CDS-CASE-555375	CDS-BIOS-621223	Urine	O_Tite_tute_Tati_tibi_tanta_tyranne_tulisti	Urine	Unknown	Conjunctiva	467	a_bene_placito	sapiens_qui_prospicit	Obedientia_civium_urbis_felicitas
sample	CDS-CASE-449439	CDS-BIOS-213344	Analyte	scientia_imperii_decus_et_tutamen	Stool	Unknown	Nerve(s) Cranial	824	barba_crescit_caput_nescit	scientia_imperii_decus_et_tutamen	faber_est_suae_quisque_fortunae
sample	CDS-CASE-245678	CDS-BIOS-863227	Ascites	scientia,_aere_perennius	Blood	Normal	Knee	517	barba_crescit_caput_nescit	scientia_et_sapientia	scientiae_et_patriae
sample	CDS-CASE-930569	CDS-BIOS-810349	Cells	haec_olim_meminisse_iuvabit	Bone Marrow	Not Reported	Ureter	232	imperium_in_imperio	cacatum_non_est_pictum	scientiae_cedit_mare
sample	CDS-CASE-373805	CDS-BIOS-555383	Analyte	barba_crescit_caput_nescit	Stool	Tumor	Esophageal; Proximal	131	e_causa_ignota	nascentes_morimur_finisque_ab_origine_pendet	salus_in_arduis
sample	CDS-CASE-162289	CDS-BIOS-447479	Analyte	Obedientia_civium_urbis_felicitas	Bone Marrow	Tumor	Small Finger	274	sapiens_qui_prospicit	scientiae_cedit_mare	scientia_et_labor
sample	CDS-CASE-432417	CDS-BIOS-288586	Fluids	sapiens_qui_prospicit	Cells	Unknown	L. Kidney	378	scientiae_cedit_mare	imperium_in_imperio	faber_est_suae_quisque_fortunae
sample	CDS-CASE-205167	CDS-BIOS-540823	Mouth Rinse	scientiae_et_patriae	Urine	Unknown	Bilateral	767	id_quod_plerumque_accidit	sapiens_qui_prospicit	barba_crescit_caput_nescit
sample	CDS-CASE-518480	CDS-BIOS-689800	Ascites	damnant_quod_non_intellegunt	Sputum	Tumor	Bilateral	842	nascentes_morimur_finisque_ab_origine_pendet	Gallia_est_omnis_divisa_in_partes_tres	nascentes_morimur_finisque_ab_origine_pendet
sample	CDS-CASE-358400	CDS-BIOS-392313	Bone Marrow	imperium_in_imperio	Ascites	Peritumoral	Anorectum	197	scientiae_cedit_mare	damnant_quod_non_intellegunt	cacatum_non_est_pictum
sample	CDS-CASE-531888	CDS-BIOS-591079	Sputum	imperium_in_imperio	Analyte	Unknown	Hepatic Duct	640	nascentes_morimur_finisque_ab_origine_pendet	O_Tite_tute_Tati_tibi_tanta_tyranne_tulisti	e_causa_ignota
sample	CDS-CASE-765426	CDS-BIOS-486316	Ascites	haec_olim_meminisse_iuvabit	Urine	Peritumoral	Pericardium	920	saltus_in_demonstrando	labor_ipse_voluptas	barba_crescit_caput_nescit
sample	CDS-CASE-552345	CDS-BIOS-404285	Mouth Rinse	labor_ipse_voluptas	Blood	Unknown	Finger	597	id_quod_plerumque_accidit	Obedientia_civium_urbis_felicitas	scientiae_et_patriae
sample	CDS-CASE-587893	CDS-BIOS-687557	Ascites	nanos_gigantum_humeris_insidentes	Mouth Rinse	Not Reported	Ventricular mass	952	scientiae_et_patriae	nanos_gigantum_humeris_insidentes	scientiae_cedit_mare
sample	CDS-CASE-277809	CDS-BIOS-635294	Analyte	scientia_imperii_decus_et_tutamen	Urine	Tumor	R. Parietal Lobe	576	scientia_et_labor	scientia_et_labor	scientia,_aere_perennius
sample	CDS-CASE-576516	CDS-BIOS-784372	Sputum	scientiae_cedit_mare	Analyte	Not Reported	Mesothelium	930	cacatum_non_est_pictum	nascentes_morimur_finisque_ab_origine_pendet	saltus_in_demonstrando
sample	CDS-CASE-727362	CDS-BIOS-644147	Bone Marrow	Gallia_est_omnis_divisa_in_partes_tres	Cells	Peritumoral	Forearm	342	e_causa_ignota	imperium_in_imperio	barba_crescit_caput_nescit
sample	CDS-CASE-199748	CDS-BIOS-238422	Stool	labor_ipse_voluptas	Not Reported	Peritumoral	Mandible	411	scientiae_et_patriae	haec_olim_meminisse_iuvabit	Macte_animo_Generose_puer_sic_itur_ad_astra
sample	CDS-CASE-308154	CDS-BIOS-783030	Urine	damnant_quod_non_intellegunt	Ascites	Tumor	R. Humerus	857	saltus_in_demonstrando	a_bene_placito	Gallia_est_omnis_divisa_in_partes_tres
sample	CDS-CASE-810191	CDS-BIOS-886607	Mouth Rinse	pace_tua	Stool	Not Reported	Scalp	50	scientiae_et_patriae	damnant_quod_non_intellegunt	scientia,_aere_perennius
sample	CDS-CASE-458286	CDS-BIOS-485856	Analyte	O_Tite_tute_Tati_tibi_tanta_tyranne_tulisti	Stool	Normal	Tendon	897	Gallia_est_omnis_divisa_in_partes_tres	scientiae_cedit_mare	a_bene_placito
sample	CDS-CASE-580939	CDS-BIOS-982551	Analyte	cacatum_non_est_pictum	Fluids	Unknown	Bronchiole	677	e_causa_ignota	id_quod_plerumque_accidit	cacatum_non_est_pictum
sample	CDS-CASE-772476	CDS-BIOS-731517	Bone Marrow	faber_est_suae_quisque_fortunae	Sputum	Peritumoral	Paracaval Lymph Node metastasis	444	imperium_in_imperio	faber_est_suae_quisque_fortunae	nascentes_morimur_finisque_ab_origine_pendet
sample	CDS-CASE-433455	CDS-BIOS-794266	Cells	haec_olim_meminisse_iuvabit	Ascites	Peritumoral	Cartilage	847	nanos_gigantum_humeris_insidentes	a_bene_placito	scientiae_et_patriae
sample	CDS-CASE-513044	CDS-BIOS-925988	Analyte	faber_est_suae_quisque_fortunae	Bone Marrow	Peritumoral	Ligament	168	labor_ipse_voluptas	Obedientia_civium_urbis_felicitas	scientia,_aere_perennius
sample	CDS-CASE-923469	CDS-BIOS-987210	Fluids	saltus_in_demonstrando	Cells	Unknown	R. Humerus	587	O_Tite_tute_Tati_tibi_tanta_tyranne_tulisti	haec_olim_meminisse_iuvabit	scientiae_et_patriae
sample	CDS-CASE-310008	CDS-BIOS-863667	Tissue	barba_crescit_caput_nescit	Mouth Rinse	Normal	Esophageal; Distal	790	Macte_animo_Generose_puer_sic_itur_ad_astra	a_bene_placito	scientia,_aere_perennius
sample	CDS-CASE-714674	CDS-BIOS-325931	Ascites	scientia,_aere_perennius	Tissue	Peritumoral	Carina	551	damnant_quod_non_intellegunt	Obedientia_civium_urbis_felicitas	scientiae_cedit_mare
sample	CDS-CASE-349736	CDS-BIOS-770232	Cells	scientia_et_sapientia	Not Reported	Normal	Appendix	120	imperium_in_imperio	nascentes_morimur_finisque_ab_origine_pendet	scientiae_cedit_mare
sample	CDS-CASE-451287	CDS-BIOS-196075	Blood	O_Tite_tute_Tati_tibi_tanta_tyranne_tulisti	Fluids	Peritumoral	Lung mass	147	a_bene_placito	pace_tua	Macte_animo_Generose_puer_sic_itur_ad_astra
sample	CDS-CASE-555640	CDS-BIOS-703104	Urine	e_causa_ignota	Not Reported	Unknown	White Blood Cells	679	salus_in_arduis	scientiae_et_patriae	a_bene_placito
sample	CDS-CASE-597769	CDS-BIOS-360296	Blood	labor_ipse_voluptas	Fluids	Not Reported	4th ventricle	323	cacatum_non_est_pictum	imperium_in_imperio	cacatum_non_est_pictum
sample	CDS-CASE-114812	CDS-BIOS-971592	Cells	Gallia_est_omnis_divisa_in_partes_tres	Fluids	Not Reported	post mortem liver	238	barba_crescit_caput_nescit	Gallia_est_omnis_divisa_in_partes_tres	scientiae_cedit_mare
sample	CDS-CASE-919816	CDS-BIOS-535154	Urine	scientiae_cedit_mare	Mouth Rinse	Not Reported	Aqueous Fluid	384	Gallia_est_omnis_divisa_in_partes_tres	scientia_et_sapientia	e_causa_ignota
sample	CDS-CASE-926670	CDS-BIOS-144898	Analyte	barba_crescit_caput_nescit	Fluids	Not Reported	4th ventricle	744	id_quod_plerumque_accidit	scientia,_aere_perennius	Macte_animo_Generose_puer_sic_itur_ad_astra
sample	CDS-CASE-134972	CDS-BIOS-476673	Tissue	nascentes_morimur_finisque_ab_origine_pendet	Stool	Tumor	Liver	775	scientiae_et_patriae	O_Tite_tute_Tati_tibi_tanta_tyranne_tulisti	scientia_et_sapientia
sample	CDS-CASE-560172	CDS-BIOS-282869	Cells	nascentes_morimur_finisque_ab_origine_pendet	Blood	Not Reported	Lung mass	285	nanos_gigantum_humeris_insidentes	sapiens_qui_prospicit	labor_ipse_voluptas
sample	CDS-CASE-464576	CDS-BIOS-975512	Bone Marrow	scientiae_cedit_mare	Mouth Rinse	Normal	Lumbar Spine	49	Macte_animo_Generose_puer_sic_itur_ad_astra	scientia_imperii_decus_et_tutamen	labor_ipse_voluptas
sample	CDS-CASE-727836	CDS-BIOS-826283	Sputum	sapiens_qui_prospicit	Blood	Not Reported	Arm	584	scientia,_aere_perennius	scientia_et_labor	scientiae_cedit_mare
sample	CDS-CASE-838088	CDS-BIOS-648213	Blood	faber_est_suae_quisque_fortunae	Bone Marrow	Unknown	Placenta	980	id_quod_plerumque_accidit	scientia_imperii_decus_et_tutamen	scientia_et_labor
sample	CDS-CASE-506788	CDS-BIOS-689447	Mouth Rinse	scientiae_cedit_mare	Not Reported	Not Reported	Adipose	891	Macte_animo_Generose_puer_sic_itur_ad_astra	faber_est_suae_quisque_fortunae	scientiae_et_patriae
sample	CDS-CASE-785581	CDS-BIOS-185207	Sputum	e_causa_ignota	Bone Marrow	Tumor	Vas Deferens	254	nanos_gigantum_humeris_insidentes	e_causa_ignota	O_Tite_tute_Tati_tibi_tanta_tyranne_tulisti
sample	CDS-CASE-165113	CDS-BIOS-960253	Ascites	id_quod_plerumque_accidit	Bone Marrow	Not Reported	Vas Deferens	857	scientia,_aere_perennius	Gallia_est_omnis_divisa_in_partes_tres	nascentes_morimur_finisque_ab_origine_pendet
sample	CDS-CASE-963172	CDS-BIOS-812206	Urine	imperium_in_imperio	Unknown	Normal	Omentum	249	scientiae_cedit_mare	scientiae_cedit_mare	barba_crescit_caput_nescit
sample	CDS-CASE-204009	CDS-BIOS-967985	Fluids	imperium_in_imperio	Not Reported	Not Reported	R. Sylvian Fissure	523	scientia_et_sapientia	Macte_animo_Generose_puer_sic_itur_ad_astra	e_causa_ignota
sample	CDS-CASE-991906	CDS-BIOS-993756	Sputum	scientia_et_sapientia	Analyte	Not Reported	Ovary	339	damnant_quod_non_intellegunt	scientia_imperii_decus_et_tutamen	pace_tua
sample	CDS-CASE-501457	CDS-BIOS-548416	Urine	barba_crescit_caput_nescit	Urine	Normal	Gastroesophageal Junction	481	Gallia_est_omnis_divisa_in_partes_tres	scientiae_et_patriae	cacatum_non_est_pictum
sample	CDS-CASE-551925	CDS-BIOS-149340	Analyte	nanos_gigantum_humeris_insidentes	Stool	Tumor	Retro-Orbital Region	768	haec_olim_meminisse_iuvabit	Gallia_est_omnis_divisa_in_partes_tres	a_bene_placito
sample	CDS-CASE-935355	CDS-BIOS-219766	Mouth Rinse	Macte_animo_Generose_puer_sic_itur_ad_astra	Cells	Unknown	Conjunctiva	672	haec_olim_meminisse_iuvabit	scientiae_cedit_mare	sapiens_qui_prospicit
sample	CDS-CASE-173543	CDS-BIOS-397705	Mouth Rinse	salus_in_arduis	Stool	Peritumoral	Cell-Line	416	cacatum_non_est_pictum	saltus_in_demonstrando	Gallia_est_omnis_divisa_in_partes_tres
sample	CDS-CASE-516968	CDS-BIOS-993770	Blood	a_bene_placito	Unknown	Peritumoral	Fluid	279	damnant_quod_non_intellegunt	scientia_et_labor	haec_olim_meminisse_iuvabit
sample	CDS-CASE-366480	CDS-BIOS-938276	Analyte	O_Tite_tute_Tati_tibi_tanta_tyranne_tulisti	Stool	Not Reported	Unknowm	616	barba_crescit_caput_nescit	pace_tua	scientia_et_sapientia
sample	CDS-CASE-365739	CDS-BIOS-630363	Tissue	scientia,_aere_perennius	Urine	Normal	Distal femur	508	scientiae_cedit_mare	Gallia_est_omnis_divisa_in_partes_tres	scientia_imperii_decus_et_tutamen
sample	CDS-CASE-128614	CDS-BIOS-604758	Bone Marrow	pace_tua	Sputum	Peritumoral	Ilium	853	scientiae_cedit_mare	Macte_animo_Generose_puer_sic_itur_ad_astra	Gallia_est_omnis_divisa_in_partes_tres
sample	CDS-CASE-123913	CDS-BIOS-759731	Urine	imperium_in_imperio	Cells	Not Reported	L. Occipital mass	778	sapiens_qui_prospicit	O_Tite_tute_Tati_tibi_tanta_tyranne_tulisti	scientiae_et_patriae
sample	CDS-CASE-321601	CDS-BIOS-159081	Blood	scientia_imperii_decus_et_tutamen	Cells	Peritumoral	Lymph Node(s) Submandibular	444	haec_olim_meminisse_iuvabit	labor_ipse_voluptas	saltus_in_demonstrando
sample	CDS-CASE-528875	CDS-BIOS-883114	Cells	Gallia_est_omnis_divisa_in_partes_tres	Unknown	Normal	Transverse Colon	138	Obedientia_civium_urbis_felicitas	nanos_gigantum_humeris_insidentes	Macte_animo_Generose_puer_sic_itur_ad_astra
sample	CDS-CASE-889045	CDS-BIOS-177752	Urine	a_bene_placito	Mouth Rinse	Normal	Conjunctiva	112	scientia_et_labor	nascentes_morimur_finisque_ab_origine_pendet	scientia,_aere_perennius
sample	CDS-CASE-624844	CDS-BIOS-465601	Urine	imperium_in_imperio	Sputum	Not Reported	Buttock	992	a_bene_placito	cacatum_non_est_pictum	O_Tite_tute_Tati_tibi_tanta_tyranne_tulisti
sample	CDS-CASE-100199	CDS-BIOS-786428	Fluids	sapiens_qui_prospicit	Not Reported	Tumor	Lumbar Spine	726	pace_tua	scientia_imperii_decus_et_tutamen	saltus_in_demonstrando
sample	CDS-CASE-118944	CDS-BIOS-224675	Tissue	Obedientia_civium_urbis_felicitas	Ascites	Normal	Glottis	846	haec_olim_meminisse_iuvabit	sapiens_qui_prospicit	nanos_gigantum_humeris_insidentes
sample	CDS-CASE-480318	CDS-BIOS-460858	Mouth Rinse	labor_ipse_voluptas	Ascites	Not Reported	Cerebrum	639	pace_tua	labor_ipse_voluptas	cacatum_non_est_pictum
sample	CDS-CASE-877364	CDS-BIOS-450880	Stool	imperium_in_imperio	Blood	Not Reported	Mitochondria	920	scientia_et_labor	scientia,_aere_perennius	Obedientia_civium_urbis_felicitas
sample	CDS-CASE-111762	CDS-BIOS-493386	Bone Marrow	Obedientia_civium_urbis_felicitas	Blood	Tumor	Ureter	325	Macte_animo_Generose_puer_sic_itur_ad_astra	Macte_animo_Generose_puer_sic_itur_ad_astra	nanos_gigantum_humeris_insidentes
sample	CDS-CASE-831866	CDS-BIOS-525889	Fluids	nanos_gigantum_humeris_insidentes	Unknown	Peritumoral	Vas Deferens	638	e_causa_ignota	scientia,_aere_perennius	salus_in_arduis
sample	CDS-CASE-196403	CDS-BIOS-232425	Tissue	scientia_et_sapientia	Not Reported	Peritumoral	Brain stem	722	pace_tua	barba_crescit_caput_nescit	e_causa_ignota
sample	CDS-CASE-446648	CDS-BIOS-637642	Blood	nanos_gigantum_humeris_insidentes	Mouth Rinse	Tumor	Splenic Flexure	402	cacatum_non_est_pictum	nanos_gigantum_humeris_insidentes	imperium_in_imperio
sample	CDS-CASE-213019	CDS-BIOS-126176	Blood	e_causa_ignota	Urine	Unknown	Stomach - Mucosa Only	646	haec_olim_meminisse_iuvabit	scientiae_et_patriae	Macte_animo_Generose_puer_sic_itur_ad_astra
sample	CDS-CASE-841005	CDS-BIOS-254130	Ascites	salus_in_arduis	Mouth Rinse	Unknown	Unknowm	261	saltus_in_demonstrando	scientia_imperii_decus_et_tutamen	sapiens_qui_prospicit
sample	CDS-CASE-500131	CDS-BIOS-389599	Cells	id_quod_plerumque_accidit	Not Reported	Peritumoral	Esophagus - Mucosa Only	274	saltus_in_demonstrando	scientia_imperii_decus_et_tutamen	haec_olim_meminisse_iuvabit
sample	CDS-CASE-112738	CDS-BIOS-795152	Blood	Macte_animo_Generose_puer_sic_itur_ad_astra	Unknown	Tumor	Nasal Soft Tissue	325	Gallia_est_omnis_divisa_in_partes_tres	id_quod_plerumque_accidit	damnant_quod_non_intellegunt
sample	CDS-CASE-979176	CDS-BIOS-481534	Tissue	Obedientia_civium_urbis_felicitas	Unknown	Unknown	R. Humerus	769	damnant_quod_non_intellegunt	imperium_in_imperio	scientia_et_labor
sample	CDS-CASE-684646	CDS-BIOS-750574	Stool	pace_tua	Analyte	Peritumoral	Vein	886	id_quod_plerumque_accidit	salus_in_arduis	O_Tite_tute_Tati_tibi_tanta_tyranne_tulisti
sample	CDS-CASE-819268	CDS-BIOS-176000	Cells	scientia_imperii_decus_et_tutamen	Not Reported	Normal	Lymph Node(s) Distant	878	imperium_in_imperio	scientia_et_sapientia	cacatum_non_est_pictum
sample	CDS-CASE-487976	CDS-BIOS-473280	Sputum	id_quod_plerumque_accidit	Mouth Rinse	Peritumoral	Soft Tissue	660	barba_crescit_caput_nescit	a_bene_placito	O_Tite_tute_Tati_tibi_tanta_tyranne_tulisti
sample	CDS-CASE-750786	CDS-BIOS-281856	Cells	scientiae_et_patriae	Analyte	Not Reported	Mediastinal Soft Tissue	202	scientia_et_sapientia	nascentes_morimur_finisque_ab_origine_pendet	Obedientia_civium_urbis_felicitas
sample	CDS-CASE-657834	CDS-BIOS-982023	Fluids	scientiae_cedit_mare	Not Reported	Unknown	Uvula	86	nascentes_morimur_finisque_ab_origine_pendet	haec_olim_meminisse_iuvabit	cacatum_non_est_pictum
sample	CDS-CASE-778529	CDS-BIOS-253817	Sputum	Macte_animo_Generose_puer_sic_itur_ad_astra	Urine	Tumor	Bone Marrow metastasis	556	cacatum_non_est_pictum	nascentes_morimur_finisque_ab_origine_pendet	Obedientia_civium_urbis_felicitas
sample	CDS-CASE-361550	CDS-BIOS-853127	Bone Marrow	scientia_et_labor	Stool	Tumor	Nails	81	imperium_in_imperio	labor_ipse_voluptas	Macte_animo_Generose_puer_sic_itur_ad_astra
sample	CDS-CASE-864922	CDS-BIOS-169736	Ascites	sapiens_qui_prospicit	Analyte	Unknown	Hip	834	damnant_quod_non_intellegunt	scientia_et_sapientia	nanos_gigantum_humeris_insidentes
sample	CDS-CASE-279744	CDS-BIOS-572490	Analyte	id_quod_plerumque_accidit	Stool	Unknown	Lymph Node(s) Iliac-External	881	scientia,_aere_perennius	salus_in_arduis	nascentes_morimur_finisque_ab_origine_pendet
sample	CDS-CASE-669388	CDS-BIOS-619542	Analyte	scientia_imperii_decus_et_tutamen	Tissue	Not Reported	Hippocampus	356	nanos_gigantum_humeris_insidentes	scientia_et_sapientia	scientia_et_sapientia
sample	CDS-CASE-819736	CDS-BIOS-346345	Tissue	haec_olim_meminisse_iuvabit	Mouth Rinse	Normal	Scrotum	622	scientiae_et_patriae	scientia,_aere_perennius	e_causa_ignota
sample	CDS-CASE-469785	CDS-BIOS-415504	Cells	Obedientia_civium_urbis_felicitas	Urine	Normal	Hepatic	160	damnant_quod_non_intellegunt	e_causa_ignota	scientia_et_labor
sample	CDS-CASE-293871	CDS-BIOS-148127	Urine	Gallia_est_omnis_divisa_in_partes_tres	Stool	Unknown	Chin	225	damnant_quod_non_intellegunt	id_quod_plerumque_accidit	O_Tite_tute_Tati_tibi_tanta_tyranne_tulisti
sample	CDS-CASE-896696	CDS-BIOS-260554	Cells	pace_tua	Blood	Unknown	Ascending Colon	684	e_causa_ignota	cacatum_non_est_pictum	nanos_gigantum_humeris_insidentes
sample	CDS-CASE-969157	CDS-BIOS-648403	Tissue	barba_crescit_caput_nescit	Stool	Peritumoral	Cartilage	811	scientiae_et_patriae	pace_tua	sapiens_qui_prospicit
sample	CDS-CASE-215384	CDS-BIOS-760413	Mouth Rinse	haec_olim_meminisse_iuvabit	Tissue	Peritumoral	Finger	919	scientiae_cedit_mare	O_Tite_tute_Tati_tibi_tanta_tyranne_tulisti	scientia_et_sapientia
sample	CDS-CASE-933388	CDS-BIOS-279477	Sputum	faber_est_suae_quisque_fortunae	Blood	Peritumoral	Ring Finger	419	nanos_gigantum_humeris_insidentes	faber_est_suae_quisque_fortunae	imperium_in_imperio
sample	CDS-CASE-848575	CDS-BIOS-327657	Stool	id_quod_plerumque_accidit	Stool	Normal	Pineal	864	barba_crescit_caput_nescit	e_causa_ignota	id_quod_plerumque_accidit
sample	CDS-CASE-615651	CDS-BIOS-727308	Analyte	saltus_in_demonstrando	Urine	Not Reported	Endocrine Gland	310	O_Tite_tute_Tati_tibi_tanta_tyranne_tulisti	Obedientia_civium_urbis_felicitas	labor_ipse_voluptas
sample	CDS-CASE-980111	CDS-BIOS-970186	Ascites	cacatum_non_est_pictum	Bone Marrow	Unknown	Lacrimal Gland	68	salus_in_arduis	Gallia_est_omnis_divisa_in_partes_tres	cacatum_non_est_pictum
sample	CDS-CASE-298198	CDS-BIOS-396319	Mouth Rinse	scientia_imperii_decus_et_tutamen	Bone Marrow	Unknown	Head & Neck	884	Gallia_est_omnis_divisa_in_partes_tres	a_bene_placito	Macte_animo_Generose_puer_sic_itur_ad_astra
sample	CDS-CASE-167337	CDS-BIOS-385290	Cells	salus_in_arduis	Tissue	Normal	Occipital Cortex	621	Gallia_est_omnis_divisa_in_partes_tres	id_quod_plerumque_accidit	scientiae_cedit_mare
sample	CDS-CASE-734004	CDS-BIOS-599690	Sputum	scientia,_aere_perennius	Sputum	Tumor	Gallbladder	675	e_causa_ignota	pace_tua	scientia,_aere_perennius
sample	CDS-CASE-630565	CDS-BIOS-244528	Ascites	id_quod_plerumque_accidit	Stool	Tumor	Fluid	587	Obedientia_civium_urbis_felicitas	labor_ipse_voluptas	scientia_et_labor
sample	CDS-CASE-311685	CDS-BIOS-683012	Urine	salus_in_arduis	Fluids	Not Reported	Lumbar Spine	174	scientia_et_labor	haec_olim_meminisse_iuvabit	id_quod_plerumque_accidit
sample	CDS-CASE-230339	CDS-BIOS-959011	Analyte	scientia_et_labor	Analyte	Normal	Hip	951	scientia_imperii_decus_et_tutamen	faber_est_suae_quisque_fortunae	O_Tite_tute_Tati_tibi_tanta_tyranne_tulisti
sample	CDS-CASE-213716	CDS-BIOS-882045	Mouth Rinse	barba_crescit_caput_nescit	Sputum	Normal	Skin	235	labor_ipse_voluptas	labor_ipse_voluptas	O_Tite_tute_Tati_tibi_tanta_tyranne_tulisti
sample	CDS-CASE-320231	CDS-BIOS-300561	Blood	pace_tua	Unknown	Peritumoral	Paranasal Sinuses	120	cacatum_non_est_pictum	Macte_animo_Generose_puer_sic_itur_ad_astra	Obedientia_civium_urbis_felicitas
sample	CDS-CASE-744877	CDS-BIOS-242164	Bone Marrow	sapiens_qui_prospicit	Sputum	Tumor	Lymph Node(s) Mammary	88	nascentes_morimur_finisque_ab_origine_pendet	haec_olim_meminisse_iuvabit	salus_in_arduis
sample	CDS-CASE-906178	CDS-BIOS-891281	Analyte	pace_tua	Cells	Not Reported	Retina	376	saltus_in_demonstrando	a_bene_placito	Macte_animo_Generose_puer_sic_itur_ad_astra
sample	CDS-CASE-594106	CDS-BIOS-852369	Fluids	barba_crescit_caput_nescit	Analyte	Normal	Ascending Colon Hepatic Flexure	850	scientia_et_labor	Macte_animo_Generose_puer_sic_itur_ad_astra	a_bene_placito
sample	CDS-CASE-634900	CDS-BIOS-989607	Tissue	Gallia_est_omnis_divisa_in_partes_tres	Urine	Tumor	Arm	149	faber_est_suae_quisque_fortunae	id_quod_plerumque_accidit	sapiens_qui_prospicit
sample	CDS-CASE-128139	CDS-BIOS-877076	Ascites	saltus_in_demonstrando	Analyte	Peritumoral	Head - Face Or Neck, Nos	701	barba_crescit_caput_nescit	cacatum_non_est_pictum	nanos_gigantum_humeris_insidentes
sample	CDS-CASE-568872	CDS-BIOS-760921	Cells	a_bene_placito	Blood	Peritumoral	Lymph Node(s) Mammary	20	e_causa_ignota	pace_tua	faber_est_suae_quisque_fortunae
sample	CDS-CASE-430694	CDS-BIOS-173284	Ascites	sapiens_qui_prospicit	Sputum	Not Reported	L. Kidney	751	scientiae_cedit_mare	pace_tua	a_bene_placito
sample	CDS-CASE-165391	CDS-BIOS-421469	Blood	id_quod_plerumque_accidit	Ascites	Normal	Clavicle	419	scientiae_et_patriae	e_causa_ignota	labor_ipse_voluptas
sample	CDS-CASE-703290	CDS-BIOS-745930	Cells	sapiens_qui_prospicit	Fluids	Normal	Mandible	103	e_causa_ignota	imperium_in_imperio	Macte_animo_Generose_puer_sic_itur_ad_astra
sample	CDS-CASE-815905	CDS-BIOS-605641	Fluids	Gallia_est_omnis_divisa_in_partes_tres	Urine	Peritumoral	Carina	908	haec_olim_meminisse_iuvabit	imperium_in_imperio	imperium_in_imperio
sample	CDS-CASE-403850	CDS-BIOS-923948	Cells	nanos_gigantum_humeris_insidentes	Blood	Normal	Chest Wall	944	saltus_in_demonstrando	sapiens_qui_prospicit	a_bene_placito
sample	CDS-CASE-375757	CDS-BIOS-512561	Cells	nanos_gigantum_humeris_insidentes	Bone Marrow	Peritumoral	Venous	46	Gallia_est_omnis_divisa_in_partes_tres	Gallia_est_omnis_divisa_in_partes_tres	e_causa_ignota
sample	CDS-CASE-531996	CDS-BIOS-868224	Stool	nascentes_morimur_finisque_ab_origine_pendet	Fluids	Peritumoral	Popliteal Fossa	983	barba_crescit_caput_nescit	scientia_et_labor	cacatum_non_est_pictum
sample	CDS-CASE-770511	CDS-BIOS-443601	Urine	id_quod_plerumque_accidit	Sputum	Peritumoral	L. Occipital mass	110	id_quod_plerumque_accidit	nascentes_morimur_finisque_ab_origine_pendet	haec_olim_meminisse_iuvabit
sample	CDS-CASE-339194	CDS-BIOS-798645	Mouth Rinse	cacatum_non_est_pictum	Bone Marrow	Normal	Index Finger	845	nascentes_morimur_finisque_ab_origine_pendet	haec_olim_meminisse_iuvabit	imperium_in_imperio
sample	CDS-CASE-381646	CDS-BIOS-914938	Stool	damnant_quod_non_intellegunt	Ascites	Peritumoral	Frontal Cortex	341	scientiae_cedit_mare	saltus_in_demonstrando	haec_olim_meminisse_iuvabit
sample	CDS-CASE-408061	CDS-BIOS-141557	Cells	scientia_et_sapientia	Blood	Tumor	Finger	210	nanos_gigantum_humeris_insidentes	haec_olim_meminisse_iuvabit	cacatum_non_est_pictum
sample	CDS-CASE-275110	CDS-BIOS-382638	Blood	pace_tua	Bone Marrow	Tumor	Paraspinal mass	93	nascentes_morimur_finisque_ab_origine_pendet	e_causa_ignota	pace_tua
sample	CDS-CASE-237451	CDS-BIOS-183375	Bone Marrow	a_bene_placito	Analyte	Normal	Occipital Cortex	998	O_Tite_tute_Tati_tibi_tanta_tyranne_tulisti	scientia,_aere_perennius	scientia_et_labor
sample	CDS-CASE-903694	CDS-BIOS-967071	Bone Marrow	sapiens_qui_prospicit	Bone Marrow	Tumor	Jaw	651	O_Tite_tute_Tati_tibi_tanta_tyranne_tulisti	saltus_in_demonstrando	scientia_et_sapientia
sample	CDS-CASE-200045	CDS-BIOS-647919	Tissue	saltus_in_demonstrando	Unknown	Unknown	Heart	997	cacatum_non_est_pictum	scientiae_et_patriae	id_quod_plerumque_accidit
sample	CDS-CASE-423866	CDS-BIOS-804241	Tissue	barba_crescit_caput_nescit	Blood	Tumor	Not specified in data	39	cacatum_non_est_pictum	labor_ipse_voluptas	a_bene_placito
sample	CDS-CASE-363929	CDS-BIOS-111348	Blood	Macte_animo_Generose_puer_sic_itur_ad_astra	Fluids	Normal	Laryngopharynx	681	scientiae_et_patriae	Gallia_est_omnis_divisa_in_partes_tres	scientia,_aere_perennius
sample	CDS-CASE-516551	CDS-BIOS-431945	Mouth Rinse	pace_tua	Blood	Peritumoral	Mesothelium	664	haec_olim_meminisse_iuvabit	Obedientia_civium_urbis_felicitas	nanos_gigantum_humeris_insidentes
sample	CDS-CASE-580210	CDS-BIOS-235090	Ascites	id_quod_plerumque_accidit	Unknown	Peritumoral	Ovary	494	O_Tite_tute_Tati_tibi_tanta_tyranne_tulisti	imperium_in_imperio	nascentes_morimur_finisque_ab_origine_pendet
sample	CDS-CASE-114128	CDS-BIOS-542543	Stool	nascentes_morimur_finisque_ab_origine_pendet	Mouth Rinse	Normal	Mediastinal Soft Tissue	387	a_bene_placito	O_Tite_tute_Tati_tibi_tanta_tyranne_tulisti	labor_ipse_voluptas
sample	CDS-CASE-787602	CDS-BIOS-780910	Blood	labor_ipse_voluptas	Cells	Normal	Broad Ligament	489	Gallia_est_omnis_divisa_in_partes_tres	damnant_quod_non_intellegunt	barba_crescit_caput_nescit
sample	CDS-CASE-228762	CDS-BIOS-508363	Tissue	Gallia_est_omnis_divisa_in_partes_tres	Not Reported	Peritumoral	Skeletal Muscle	850	nanos_gigantum_humeris_insidentes	e_causa_ignota	scientia,_aere_perennius
sample	CDS-CASE-448572	CDS-BIOS-839318	Blood	nascentes_morimur_finisque_ab_origine_pendet	Cells	Not Reported	R. femur/rib/verebra	661	Gallia_est_omnis_divisa_in_partes_tres	nascentes_morimur_finisque_ab_origine_pendet	haec_olim_meminisse_iuvabit
sample	CDS-CASE-357086	CDS-BIOS-261776	Blood	Gallia_est_omnis_divisa_in_partes_tres	Analyte	Normal	L. Kidney	804	cacatum_non_est_pictum	scientia_imperii_decus_et_tutamen	scientia_imperii_decus_et_tutamen
