type	participant.study_participant_id	treatment_id	treatment_type	days_to_treatment	therapeutic_agents	response	crdc_id
treatment	CDS-CASE-987713	CDS-TREATMENT-411271	Conventional Radiotherapy	56	Glesatinib	Minor Response	pace_tua
treatment	CDS-CASE-843182	CDS-TREATMENT-519462	Stem Cell Transplant	594	Liposomal Vinorelbine	Complete Remission	Macte_animo_Generose_puer_sic_itur_ad_astra
treatment	CDS-CASE-378645	CDS-TREATMENT-273914	Proton Beam Radiation Therapy	930	TIGIT-targeting Agent MK-7684	Complete Remission	faber_est_suae_quisque_fortunae
treatment	CDS-CASE-815816	CDS-TREATMENT-247710	Chemotherapy	433	Immunomodulatory Agent CC-11006	Complete Remission	sapiens_qui_prospicit
treatment	CDS-CASE-131265	CDS-TREATMENT-158944	Brachytherapy	487	Motexafin Lutetium	Not Evaluable	nanos_gigantum_humeris_insidentes
treatment	CDS-CASE-610856	CDS-TREATMENT-935116	Hormone Therapy	594	Anti-CTLA-4 Monoclonal Antibody REGN4659	Progressive Disease	scientiae_et_patriae
treatment	CDS-CASE-792489	CDS-TREATMENT-456720	Targeted Molecular Therapy	845	Autologous Genetically-modified MAGE-A4 C1032 CD8alpha T Cells	Non-Response	a_bene_placito
treatment	CDS-CASE-578926	CDS-TREATMENT-730108	Radiofrequency Ablation	570	Arcitumomab	No Evidence of Disease	scientiae_et_patriae
treatment	CDS-CASE-232084	CDS-TREATMENT-666139	Palliative Care	215	Trifluridine and Tipiracil Hydrochloride	Mixed Response	nanos_gigantum_humeris_insidentes
treatment	CDS-CASE-907333	CDS-TREATMENT-176497	Immunotherapy	490	Troglitazone	Not Applicable	Gallia_est_omnis_divisa_in_partes_tres
treatment	CDS-CASE-717623	CDS-TREATMENT-662192	Immunotherapy	279	Survivin Antigen	Not Reported	nanos_gigantum_humeris_insidentes
treatment	CDS-CASE-355633	CDS-TREATMENT-143991	Surgical Procedure	702	Vanucizumab	Very Good Partial Response	haec_olim_meminisse_iuvabit
treatment	CDS-CASE-763304	CDS-TREATMENT-704223	Stereotactic Radiosurgery	175	MET Tyrosine Kinase Inhibitor SAR125844	Progressive Disease	nascentes_morimur_finisque_ab_origine_pendet
treatment	CDS-CASE-220559	CDS-TREATMENT-701624	Unknown	703	Catumaxomab	Minor Response	O_Tite_tute_Tati_tibi_tanta_tyranne_tulisti
treatment	CDS-CASE-382837	CDS-TREATMENT-860173	Chemotherapy	959	Trastuzumab Monomethyl Auristatin F	Stable Disease	scientia_et_labor
treatment	CDS-CASE-156928	CDS-TREATMENT-681543	Low-Dose Rate Brachytherapy	254	Pictilisib Bismesylate	Not Applicable	scientia_imperii_decus_et_tutamen
treatment	CDS-CASE-352348	CDS-TREATMENT-919769	Allogeneic Hematopoietic Stem Cell Transplantation	301	Autologous BCMA-targeted CAR T Cells LCAR-B4822M	Stable Disease	scientia,_aere_perennius
treatment	CDS-CASE-533997	CDS-TREATMENT-338935	Not Reported	465	Tritylcysteine	Non-Response	scientiae_cedit_mare
treatment	CDS-CASE-476640	CDS-TREATMENT-904904	Photon Beam Radiation Therapy	416	Vascular Disrupting Agent BNC105	Not Evaluable	e_causa_ignota
treatment	CDS-CASE-205786	CDS-TREATMENT-188428	Palliative Care	523	Antigen-presenting Cells-expressing HPV16 E6/E7 SQZ-PBMC-HPV	Unknown	pace_tua
treatment	CDS-CASE-993577	CDS-TREATMENT-916385	Chemotherapy	143	XBP1-US/XBP1-SP/CD138/CS1 Multipeptide Vaccine PVX-410	Progressive Disease	salus_in_arduis
treatment	CDS-CASE-602801	CDS-TREATMENT-845969	Stereotactic Radiosurgery	660	Human Monoclonal Antibody 216	Very Good Partial Response	nanos_gigantum_humeris_insidentes
treatment	CDS-CASE-471011	CDS-TREATMENT-927730	Brachytherapy	849	Liposomal Mitoxantrone Hydrochloride	Not Done	labor_ipse_voluptas
treatment	CDS-CASE-293547	CDS-TREATMENT-420092	Radiation Therapy	590	Ras Peptide ASP	Very Good Partial Response	saltus_in_demonstrando
treatment	CDS-CASE-656540	CDS-TREATMENT-801924	Organ Transplantation	488	Glutaminase Inhibitor CB-839 Hydrochloride	Partial Response	saltus_in_demonstrando
treatment	CDS-CASE-491248	CDS-TREATMENT-542728	Proton Beam Radiation Therapy	741	Dynemicin	Unknown	faber_est_suae_quisque_fortunae
treatment	CDS-CASE-231153	CDS-TREATMENT-693860	Organ Transplantation	813	Antineoplastic Vaccine	Mixed Response	scientiae_et_patriae
treatment	CDS-CASE-699899	CDS-TREATMENT-733431	Radiopharmaceutical	611	N-Methylformamide	Not Applicable	scientiae_cedit_mare
treatment	CDS-CASE-554147	CDS-TREATMENT-179190	Not Reported	586	Anti-CD40 Monoclonal Antibody SEA-CD40	Mixed Response	Obedientia_civium_urbis_felicitas
treatment	CDS-CASE-515778	CDS-TREATMENT-574016	Cellular Therapy	123	Nemorubicin	Minor Response	faber_est_suae_quisque_fortunae
treatment	CDS-CASE-892572	CDS-TREATMENT-684742	Organ Transplantation	684	Dacarbazine	Partial Response	scientiae_et_patriae
treatment	CDS-CASE-120752	CDS-TREATMENT-348418	Pharmacotherapy	312	BCMA-CD19 Compound CAR T Cells	Mixed Response	faber_est_suae_quisque_fortunae
treatment	CDS-CASE-539715	CDS-TREATMENT-588863	Chemotherapy	752	Recombinant Human Endostatin	No Evidence of Disease	e_causa_ignota
treatment	CDS-CASE-931136	CDS-TREATMENT-214948	Stereotactic Body Radiation Therapy	756	KRAS Mutant-targeting AMG 510	Not Applicable	salus_in_arduis
treatment	CDS-CASE-920146	CDS-TREATMENT-724691	Immunotherapy	275	Deoxycytidine Analogue TAS-109	Not Applicable	e_causa_ignota
treatment	CDS-CASE-526268	CDS-TREATMENT-866584	Palliative Care	306	Brigatinib	Very Good Partial Response	salus_in_arduis
treatment	CDS-CASE-943506	CDS-TREATMENT-410931	Stereotactic Body Radiation Therapy	65	Fluorine F 18 Ara-G	No Evidence of Disease	labor_ipse_voluptas
treatment	CDS-CASE-116656	CDS-TREATMENT-449760	Hormone Therapy	392	Allogeneic GM-CSF-secreting Tumor Vaccine PANC 6.03 pcDNA-1/GM-Neo	Minor Response	scientia_imperii_decus_et_tutamen
treatment	CDS-CASE-308384	CDS-TREATMENT-808922	Cellular Therapy	662	Anti-integrin Beta-6/MMAE Antibody-drug Conjugate SGN-B6A	Partial Response	imperium_in_imperio
treatment	CDS-CASE-296147	CDS-TREATMENT-477883	External Beam Radiation Therapy	708	Cyclodisone	Very Good Partial Response	scientia_et_labor
treatment	CDS-CASE-110697	CDS-TREATMENT-579946	Chemotherapy	662	Anti-CD25 Monoclonal Antibody RO7296682	Minor Response	pace_tua
treatment	CDS-CASE-815309	CDS-TREATMENT-135685	Pharmacotherapy	317	Gemcitabine Hydrochloride Emulsion	Partial Response	scientia_imperii_decus_et_tutamen
treatment	CDS-CASE-784898	CDS-TREATMENT-308339	Proton Beam Radiation Therapy	735	Anti-CD33 Antibody-drug Conjugate IMGN779	Not Reported	sapiens_qui_prospicit
treatment	CDS-CASE-785374	CDS-TREATMENT-555804	Stereotactic Body Radiation Therapy	121	Genistein	Non-Response	scientia_imperii_decus_et_tutamen
treatment	CDS-CASE-363951	CDS-TREATMENT-947179	Stem Cell Transplant	130	Dendritic Cell-targeting Lentiviral Vector ID-LV305	Stable Disease	haec_olim_meminisse_iuvabit
treatment	CDS-CASE-978089	CDS-TREATMENT-284521	Photon Beam Radiation Therapy	839	Anti-PLGF Monoclonal Antibody TB-403	Not Evaluable	saltus_in_demonstrando
treatment	CDS-CASE-495440	CDS-TREATMENT-431763	High-Dose Rate Brachytherapy	246	Tyrosine Kinase Inhibitor XL228	Mixed Response	a_bene_placito
treatment	CDS-CASE-682995	CDS-TREATMENT-312584	Palliative Care	549	STING Agonist MK-1454	Not Evaluable	salus_in_arduis
treatment	CDS-CASE-330373	CDS-TREATMENT-784509	Unknown	739	Yttrium Y 90-Edotreotide	Very Good Partial Response	barba_crescit_caput_nescit
treatment	CDS-CASE-532293	CDS-TREATMENT-164541	Allogeneic Hematopoietic Stem Cell Transplantation	744	MYC-targeting siRNA DCR-MYC	Not Done	scientia_et_sapientia
treatment	CDS-CASE-943959	CDS-TREATMENT-876039	External Beam Radiation Therapy	939	BMS-275183	Partial Response	saltus_in_demonstrando
treatment	CDS-CASE-124427	CDS-TREATMENT-120666	Low-Dose Rate Brachytherapy	118	Telomerase-specific Type 5 Adenovirus OBP-301	Not Done	pace_tua
treatment	CDS-CASE-632014	CDS-TREATMENT-288398	Immunotherapy	575	Mitozolomide	Not Reported	Gallia_est_omnis_divisa_in_partes_tres
treatment	CDS-CASE-826457	CDS-TREATMENT-726017	Brachytherapy	690	Sodium Salicylate	Stable Disease	scientia_et_labor
treatment	CDS-CASE-602377	CDS-TREATMENT-132216	Conventional Radiotherapy	944	Sapanisertib	Progressive Disease	saltus_in_demonstrando
treatment	CDS-CASE-615316	CDS-TREATMENT-980859	Electron Beam Radiation Therapy	582	Fibromun	Stable Disease	scientia_et_sapientia
treatment	CDS-CASE-492793	CDS-TREATMENT-214635	Surgical Procedure	904	Lutetium Lu 177-PSMA-617	Minor Response	pace_tua
treatment	CDS-CASE-981087	CDS-TREATMENT-999363	Low-Dose Rate Brachytherapy	139	Nolatrexed Dihydrochloride	Unknown	imperium_in_imperio
treatment	CDS-CASE-288711	CDS-TREATMENT-180163	Proton Beam Radiation Therapy	364	Aurora Kinase Inhibitor SNS-314	Not Reported	faber_est_suae_quisque_fortunae
treatment	CDS-CASE-333636	CDS-TREATMENT-833982	3-Dimensional Conformal Radiation Therapy	320	Adenoviral MUC1 Vaccine ETBX-061	Partial Response	Obedientia_civium_urbis_felicitas
treatment	CDS-CASE-365562	CDS-TREATMENT-230470	Immunotherapy	949	Tarextumab	Partial Response	scientia_imperii_decus_et_tutamen
treatment	CDS-CASE-631926	CDS-TREATMENT-396908	Autologous Stem Cell Transplantation	576	Rhenium Re-188 Etidronate	Minor Response	pace_tua
treatment	CDS-CASE-701570	CDS-TREATMENT-747621	Stereotactic Body Radiation Therapy	841	RIPK1 Inhibitor GSK3145095	Mixed Response	pace_tua
treatment	CDS-CASE-621295	CDS-TREATMENT-858592	Conventional Radiotherapy	906	Anti-FCRH5/CD3 BiTE Antibody BFCR4350A	Progressive Disease	barba_crescit_caput_nescit
treatment	CDS-CASE-459930	CDS-TREATMENT-633280	Stem Cell Transplant	44	Src Kinase Inhibitor KX2-391 Ointment	Very Good Partial Response	pace_tua
treatment	CDS-CASE-807208	CDS-TREATMENT-795102	Cellular Therapy	765	Yttrium Y 90 Anti-CD45 Monoclonal Antibody AHN-12	Minor Response	Gallia_est_omnis_divisa_in_partes_tres
treatment	CDS-CASE-355121	CDS-TREATMENT-418217	Electron Beam Radiation Therapy	273	Auranofin	Not Done	haec_olim_meminisse_iuvabit
treatment	CDS-CASE-313708	CDS-TREATMENT-323067	Radiofrequency Ablation	902	Pancratistatin	No Evidence of Disease	labor_ipse_voluptas
treatment	CDS-CASE-357554	CDS-TREATMENT-188714	Cellular Therapy	872	Rucaparib Camsylate	Non-Response	scientia,_aere_perennius
treatment	CDS-CASE-386015	CDS-TREATMENT-583259	Brachytherapy	522	Sodium Phenylbutyrate	Partial Response	e_causa_ignota
treatment	CDS-CASE-555375	CDS-TREATMENT-700808	Immunotherapy	653	Bavituximab	Not Done	cacatum_non_est_pictum
treatment	CDS-CASE-449439	CDS-TREATMENT-804636	Not Reported	421	Coxsackievirus A21	Partial Response	nascentes_morimur_finisque_ab_origine_pendet
treatment	CDS-CASE-245678	CDS-TREATMENT-230515	Targeted Molecular Therapy	299	Alsevalimab	Unknown	damnant_quod_non_intellegunt
treatment	CDS-CASE-930569	CDS-TREATMENT-814950	External Beam Radiation Therapy	723	MDM2 Antagonist RO6839921	Complete Remission	damnant_quod_non_intellegunt
treatment	CDS-CASE-373805	CDS-TREATMENT-919747	Photon Beam Radiation Therapy	352	Onvansertib	Very Good Partial Response	Obedientia_civium_urbis_felicitas
treatment	CDS-CASE-162289	CDS-TREATMENT-652330	Concurrent Chemoradiation	149	Anti-CD19/CD3 Tetravalent Antibody AFM11	Not Reported	scientia,_aere_perennius
treatment	CDS-CASE-432417	CDS-TREATMENT-832097	Stereotactic Radiosurgery	291	Lentinan	Partial Response	Obedientia_civium_urbis_felicitas
treatment	CDS-CASE-205167	CDS-TREATMENT-148289	Chemotherapy	419	Sialyl Tn-KLH Vaccine	Non-Response	scientiae_cedit_mare
treatment	CDS-CASE-518480	CDS-TREATMENT-490834	Allogeneic Hematopoietic Stem Cell Transplantation	318	Risperidone Formulation in Rumenic Acid	Progressive Disease	scientia_et_sapientia
treatment	CDS-CASE-358400	CDS-TREATMENT-261692	Radiofrequency Ablation	644	HDAC Inhibitor CXD101	Minor Response	damnant_quod_non_intellegunt
treatment	CDS-CASE-531888	CDS-TREATMENT-238268	External Beam Radiation Therapy	520	BF-200 Gel Formulation	Mixed Response	Obedientia_civium_urbis_felicitas
treatment	CDS-CASE-765426	CDS-TREATMENT-918386	Organ Transplantation	582	Pegvisomant	Progressive Disease	saltus_in_demonstrando
treatment	CDS-CASE-552345	CDS-TREATMENT-905740	External Beam Radiation Therapy	895	Pralatrexate	Not Done	scientia_imperii_decus_et_tutamen
treatment	CDS-CASE-587893	CDS-TREATMENT-755093	Immunotherapy	724	ERK1/2 Inhibitor KO-947	Not Evaluable	barba_crescit_caput_nescit
treatment	CDS-CASE-277809	CDS-TREATMENT-684313	Hormone Therapy	346	Anti-PD-1 Antibody-interleukin-21 Mutein Fusion Protein AMG 256	Complete Remission	saltus_in_demonstrando
treatment	CDS-CASE-576516	CDS-TREATMENT-856390	Stereotactic Radiosurgery	635	Artesunate	Mixed Response	id_quod_plerumque_accidit
treatment	CDS-CASE-727362	CDS-TREATMENT-642175	Stereotactic Body Radiation Therapy	461	Yttrium Y 90 Resin Microspheres	Partial Response	nanos_gigantum_humeris_insidentes
treatment	CDS-CASE-199748	CDS-TREATMENT-495028	Unknown	521	Famitinib	Not Evaluable	labor_ipse_voluptas
treatment	CDS-CASE-308154	CDS-TREATMENT-634738	Targeted Molecular Therapy	831	ALK Inhibitor PLB 1003	Very Good Partial Response	salus_in_arduis
treatment	CDS-CASE-810191	CDS-TREATMENT-405361	Not Reported	494	Anti-EGFR Monoclonal Antibody HLX-07	Minor Response	a_bene_placito
treatment	CDS-CASE-458286	CDS-TREATMENT-977605	Proton Beam Radiation Therapy	713	Andecaliximab	Mixed Response	Macte_animo_Generose_puer_sic_itur_ad_astra
treatment	CDS-CASE-580939	CDS-TREATMENT-906911	Not Reported	83	mRNA-based Personalized Cancer Vaccine NCI-4650	Not Done	imperium_in_imperio
treatment	CDS-CASE-772476	CDS-TREATMENT-586307	External Beam Radiation Therapy	394	Lipid Nanoparticle Encapsulating Glutathione S-transferase P siRNA NBF-006	Complete Remission	O_Tite_tute_Tati_tibi_tanta_tyranne_tulisti
treatment	CDS-CASE-433455	CDS-TREATMENT-574774	Pharmacotherapy	564	Acronine	Not Applicable	pace_tua
treatment	CDS-CASE-513044	CDS-TREATMENT-487548	Low-Dose Rate Brachytherapy	366	HPV Types 16/18 E6/E7-Adenoviral Transduced Autologous Lymphocytes/alpha-Galactosylceramide Vaccine BVAC-C	Very Good Partial Response	pace_tua
treatment	CDS-CASE-923469	CDS-TREATMENT-327567	Conventional Radiotherapy	363	Methotrexate Sodium	Not Applicable	id_quod_plerumque_accidit
treatment	CDS-CASE-310008	CDS-TREATMENT-965112	Radiopharmaceutical	377	VEGFR-2 DNA Vaccine VXM01	No Evidence of Disease	O_Tite_tute_Tati_tibi_tanta_tyranne_tulisti
treatment	CDS-CASE-714674	CDS-TREATMENT-660200	Organ Transplantation	909	Melphalan Flufenamide	Complete Remission	haec_olim_meminisse_iuvabit
treatment	CDS-CASE-349736	CDS-TREATMENT-950156	Organ Transplantation	374	Anti-human GITR Monoclonal Antibody TRX518	Progressive Disease	scientia_et_labor
treatment	CDS-CASE-451287	CDS-TREATMENT-843122	Radiopharmaceutical	428	Etoposide Toniribate	Minor Response	cacatum_non_est_pictum
treatment	CDS-CASE-555640	CDS-TREATMENT-725371	Proton Beam Radiation Therapy	613	Anti-OFA Immunotherapeutic BB-MPI-03	Minor Response	salus_in_arduis
treatment	CDS-CASE-597769	CDS-TREATMENT-751198	Radiofrequency Ablation	842	C/EBP Beta Antagonist ST101	Mixed Response	Macte_animo_Generose_puer_sic_itur_ad_astra
treatment	CDS-CASE-114812	CDS-TREATMENT-918956	Radiopharmaceutical	756	Alemtuzumab	Non-Response	a_bene_placito
treatment	CDS-CASE-919816	CDS-TREATMENT-954073	Surgical Procedure	982	PI3Kdelta Inhibitor GS-9901	Stable Disease	cacatum_non_est_pictum
treatment	CDS-CASE-926670	CDS-TREATMENT-995413	Concurrent Chemoradiation	370	FGFR4 Inhibitor BLU 9931	Very Good Partial Response	e_causa_ignota
treatment	CDS-CASE-134972	CDS-TREATMENT-422984	Cellular Therapy	197	Gataparsen Sodium	Not Done	e_causa_ignota
treatment	CDS-CASE-560172	CDS-TREATMENT-585441	Stem Cell Transplant	849	Oral Fludarabine Phosphate	Minor Response	scientiae_cedit_mare
treatment	CDS-CASE-464576	CDS-TREATMENT-944213	Chemotherapy	892	Lorvotuzumab Mertansine	Complete Remission	labor_ipse_voluptas
treatment	CDS-CASE-727836	CDS-TREATMENT-774389	High-Dose Rate Brachytherapy	801	IDO/TDO Inhibitor LY-01013	Complete Remission	nascentes_morimur_finisque_ab_origine_pendet
treatment	CDS-CASE-838088	CDS-TREATMENT-368150	Photon Beam Radiation Therapy	789	Monoclonal Antibody CC49-delta CH2	Not Applicable	a_bene_placito
treatment	CDS-CASE-506788	CDS-TREATMENT-830224	Stem Cell Transplant	592	Abiraterone	Not Applicable	labor_ipse_voluptas
treatment	CDS-CASE-785581	CDS-TREATMENT-259843	Palliative Care	953	Chaparrin	Unknown	Gallia_est_omnis_divisa_in_partes_tres
treatment	CDS-CASE-165113	CDS-TREATMENT-561794	Allogeneic Hematopoietic Stem Cell Transplantation	501	Mogamulizumab	Progressive Disease	scientia_et_sapientia
treatment	CDS-CASE-963172	CDS-TREATMENT-634254	Allogeneic Hematopoietic Stem Cell Transplantation	777	Allogeneic Anti-BCMA/CS1 Bispecific CAR-T Cells	Mixed Response	labor_ipse_voluptas
treatment	CDS-CASE-204009	CDS-TREATMENT-702791	Low-Dose Rate Brachytherapy	322	Pegylated Recombinant L-asparaginase Erwinia chrysanthemi	Not Applicable	scientia_imperii_decus_et_tutamen
treatment	CDS-CASE-991906	CDS-TREATMENT-768200	Cellular Therapy	407	LmddA-LLO-chHER2 Fusion Protein-secreting Live-attenuated Listeria Cancer Vaccine ADXS31-164	Not Evaluable	cacatum_non_est_pictum
treatment	CDS-CASE-501457	CDS-TREATMENT-470748	Palliative Care	259	Eribulin Mesylate	Very Good Partial Response	nanos_gigantum_humeris_insidentes
treatment	CDS-CASE-551925	CDS-TREATMENT-247742	High-Dose Rate Brachytherapy	291	Voxtalisib	Complete Remission	barba_crescit_caput_nescit
treatment	CDS-CASE-935355	CDS-TREATMENT-167554	Cellular Therapy	152	Anti-CD205 Antibody-drug Conjugate OBT076	Non-Response	scientia_imperii_decus_et_tutamen
treatment	CDS-CASE-173543	CDS-TREATMENT-503233	Chemotherapy	19	HuaChanSu	No Evidence of Disease	Macte_animo_Generose_puer_sic_itur_ad_astra
treatment	CDS-CASE-516968	CDS-TREATMENT-883996	Stereotactic Body Radiation Therapy	447	Anti-NY-ESO-1 Immunotherapeutic GSK-2241658A	Non-Response	labor_ipse_voluptas
treatment	CDS-CASE-366480	CDS-TREATMENT-421670	Targeted Molecular Therapy	140	PARP Inhibitor E7016	Stable Disease	e_causa_ignota
treatment	CDS-CASE-365739	CDS-TREATMENT-413580	Radiofrequency Ablation	630	Bi-functional Alkylating Agent VAL-083	Partial Response	pace_tua
treatment	CDS-CASE-128614	CDS-TREATMENT-260747	Autologous Stem Cell Transplantation	288	Zebularine	Unknown	barba_crescit_caput_nescit
treatment	CDS-CASE-123913	CDS-TREATMENT-822684	Chemotherapy	519	PI3K/mTOR Kinase Inhibitor VS-5584	Not Reported	faber_est_suae_quisque_fortunae
treatment	CDS-CASE-321601	CDS-TREATMENT-164240	Unknown	735	Tarextumab	Minor Response	sapiens_qui_prospicit
treatment	CDS-CASE-528875	CDS-TREATMENT-516219	Brachytherapy	679	SHP-1 Agonist SC-43	Not Reported	scientia,_aere_perennius
treatment	CDS-CASE-889045	CDS-TREATMENT-536535	Allogeneic Hematopoietic Stem Cell Transplantation	881	DHA-Paclitaxel	Very Good Partial Response	barba_crescit_caput_nescit
treatment	CDS-CASE-624844	CDS-TREATMENT-695526	Stereotactic Radiosurgery	478	Roblitinib	Not Done	scientiae_et_patriae
treatment	CDS-CASE-100199	CDS-TREATMENT-744524	Radiation Therapy	483	Vinblastine	Very Good Partial Response	barba_crescit_caput_nescit
treatment	CDS-CASE-118944	CDS-TREATMENT-622398	Radiofrequency Ablation	582	Recombinant Fractalkine	No Evidence of Disease	scientiae_cedit_mare
treatment	CDS-CASE-480318	CDS-TREATMENT-619314	Organ Transplantation	806	Autologous Anti-BCMA CAR-transduced T-cells KITE-585	Stable Disease	saltus_in_demonstrando
treatment	CDS-CASE-877364	CDS-TREATMENT-987001	Cellular Therapy	294	Liposomal Bcl-2 Antisense Oligonucleotide BP1002	Partial Response	scientiae_et_patriae
treatment	CDS-CASE-111762	CDS-TREATMENT-949251	Palliative Care	449	Sustained-release Mitomycin C Hydrogel Formulation UGN-101	Not Applicable	saltus_in_demonstrando
treatment	CDS-CASE-831866	CDS-TREATMENT-310571	Unknown	206	Thiodiglycol	Not Done	faber_est_suae_quisque_fortunae
treatment	CDS-CASE-196403	CDS-TREATMENT-748200	Targeted Molecular Therapy	946	Radioactive Iodine	Unknown	Gallia_est_omnis_divisa_in_partes_tres
treatment	CDS-CASE-446648	CDS-TREATMENT-444423	Targeted Molecular Therapy	556	Allogeneic Melanoma Vaccine AGI-101H	Not Evaluable	haec_olim_meminisse_iuvabit
treatment	CDS-CASE-213019	CDS-TREATMENT-760454	Surgical Procedure	824	SHP2 Inhibitor TNO155	Non-Response	Obedientia_civium_urbis_felicitas
treatment	CDS-CASE-841005	CDS-TREATMENT-486220	Stem Cell Transplant	834	FMS Inhibitor JNJ-40346527	Complete Remission	scientia_et_sapientia
treatment	CDS-CASE-500131	CDS-TREATMENT-196515	Stem Cell Transplant	863	Vinflunine	Non-Response	nascentes_morimur_finisque_ab_origine_pendet
treatment	CDS-CASE-112738	CDS-TREATMENT-878388	Conventional Radiotherapy	294	Nocodazole	No Evidence of Disease	faber_est_suae_quisque_fortunae
treatment	CDS-CASE-979176	CDS-TREATMENT-892618	Proton Beam Radiation Therapy	153	Ruthenium-based Small Molecule Therapeutic BOLD-100	Not Evaluable	O_Tite_tute_Tati_tibi_tanta_tyranne_tulisti
treatment	CDS-CASE-684646	CDS-TREATMENT-213702	Brachytherapy	775	PGG Beta-Glucan	Very Good Partial Response	barba_crescit_caput_nescit
treatment	CDS-CASE-819268	CDS-TREATMENT-391462	Low-Dose Rate Brachytherapy	137	VEGFR2/PDGFR/c-Kit/Flt-3 Inhibitor SU014813	Very Good Partial Response	imperium_in_imperio
treatment	CDS-CASE-487976	CDS-TREATMENT-547052	Chemotherapy	676	TRPV6 Calcium Channel Inhibitor SOR-C13	Unknown	haec_olim_meminisse_iuvabit
treatment	CDS-CASE-750786	CDS-TREATMENT-726554	Stereotactic Body Radiation Therapy	929	BTK Inhibitor LOXO-305	Not Applicable	cacatum_non_est_pictum
treatment	CDS-CASE-657834	CDS-TREATMENT-205999	Electron Beam Radiation Therapy	271	Mechlorethamine	Complete Remission	scientiae_cedit_mare
treatment	CDS-CASE-778529	CDS-TREATMENT-263655	Surgical Procedure	926	Burixafor	Not Evaluable	saltus_in_demonstrando
treatment	CDS-CASE-361550	CDS-TREATMENT-725059	Electron Beam Radiation Therapy	301	Estrogen Receptor Agonist GTx-758	Very Good Partial Response	haec_olim_meminisse_iuvabit
treatment	CDS-CASE-864922	CDS-TREATMENT-258061	Intensity-Modulated Radiation Therapy	227	HIF-2alpha Inhibitor PT2385	Complete Remission	salus_in_arduis
treatment	CDS-CASE-279744	CDS-TREATMENT-153951	Stem Cell Transplant	186	Anti-CD123 Monoclonal Antibody KHK2823	Progressive Disease	haec_olim_meminisse_iuvabit
treatment	CDS-CASE-669388	CDS-TREATMENT-360686	Immunotherapy	259	Vinfosiltine	Progressive Disease	scientia_et_sapientia
treatment	CDS-CASE-819736	CDS-TREATMENT-686740	Stem Cell Transplant	486	Cixutumumab	No Evidence of Disease	pace_tua
treatment	CDS-CASE-469785	CDS-TREATMENT-135736	Pharmacotherapy	688	Autologous Tumor Infiltrating Lymphocytes LN-145-S1	Stable Disease	e_causa_ignota
treatment	CDS-CASE-293871	CDS-TREATMENT-532413	Low-Dose Rate Brachytherapy	573	Sunitinib Malate	Partial Response	haec_olim_meminisse_iuvabit
treatment	CDS-CASE-896696	CDS-TREATMENT-435900	Pharmacotherapy	73	Ningetinib Tosylate	Not Applicable	scientia_imperii_decus_et_tutamen
treatment	CDS-CASE-969157	CDS-TREATMENT-439722	Cellular Therapy	587	PDK1 Inhibitor AR-12	No Evidence of Disease	scientia_et_labor
treatment	CDS-CASE-215384	CDS-TREATMENT-318629	Chemotherapy	544	Conatumumab	Complete Remission	imperium_in_imperio
treatment	CDS-CASE-933388	CDS-TREATMENT-151608	Electron Beam Radiation Therapy	769	Glasdegib Maleate	Partial Response	scientia_imperii_decus_et_tutamen
treatment	CDS-CASE-848575	CDS-TREATMENT-249891	Proton Beam Radiation Therapy	107	Gemcitabine Elaidate	Progressive Disease	cacatum_non_est_pictum
treatment	CDS-CASE-615651	CDS-TREATMENT-978644	Targeted Molecular Therapy	352	Afatinib Dimaleate	Stable Disease	damnant_quod_non_intellegunt
treatment	CDS-CASE-980111	CDS-TREATMENT-606199	Radiopharmaceutical	989	Anti-Claudin18.2 Monoclonal Antibody TST001	Mixed Response	Macte_animo_Generose_puer_sic_itur_ad_astra
treatment	CDS-CASE-298198	CDS-TREATMENT-239577	Radiation Therapy	739	Duvelisib	Not Done	cacatum_non_est_pictum
treatment	CDS-CASE-167337	CDS-TREATMENT-313266	Allogeneic Hematopoietic Stem Cell Transplantation	107	P-p68 Inhibitor RX-5902	Not Reported	imperium_in_imperio
treatment	CDS-CASE-734004	CDS-TREATMENT-514503	Intensity-Modulated Radiation Therapy	532	Allogeneic IL13-Zetakine/HyTK-Expressing-Glucocorticoid Resistant Cytotoxic T Lymphocytes GRm13Z40-2	Not Evaluable	barba_crescit_caput_nescit
treatment	CDS-CASE-630565	CDS-TREATMENT-418768	Pharmacotherapy	89	Bruceantin	Complete Remission	e_causa_ignota
treatment	CDS-CASE-311685	CDS-TREATMENT-830382	Not Reported	47	Bispecific Antibody AMG 509	Not Done	scientiae_cedit_mare
treatment	CDS-CASE-230339	CDS-TREATMENT-160285	Organ Transplantation	140	Triplatin Tetranitrate	Unknown	saltus_in_demonstrando
treatment	CDS-CASE-213716	CDS-TREATMENT-898543	Radiation Therapy	126	Anti-OX40 Hexavalent Agonist Antibody INBRX-106	Minor Response	damnant_quod_non_intellegunt
treatment	CDS-CASE-320231	CDS-TREATMENT-855747	Chemotherapy	67	Recombinant Adenovirus-p53 SCH-58500	Unknown	pace_tua
treatment	CDS-CASE-744877	CDS-TREATMENT-114666	Radiation Therapy	456	Glioblastoma Multiforme Multipeptide Vaccine IMA950	Not Done	Macte_animo_Generose_puer_sic_itur_ad_astra
treatment	CDS-CASE-906178	CDS-TREATMENT-228723	Concurrent Chemoradiation	485	Menogaril	Partial Response	barba_crescit_caput_nescit
treatment	CDS-CASE-594106	CDS-TREATMENT-194948	Low-Dose Rate Brachytherapy	302	Burixafor Hydrobromide	Progressive Disease	Obedientia_civium_urbis_felicitas
treatment	CDS-CASE-634900	CDS-TREATMENT-136324	Organ Transplantation	251	Anaxirone	Not Done	imperium_in_imperio
treatment	CDS-CASE-128139	CDS-TREATMENT-646807	Brachytherapy	205	STAT3 Inhibitor OPB-31121	Not Done	damnant_quod_non_intellegunt
treatment	CDS-CASE-568872	CDS-TREATMENT-907241	Palliative Care	769	mRNA-based Personalized Cancer Vaccine NCI-4650	Non-Response	scientiae_et_patriae
treatment	CDS-CASE-430694	CDS-TREATMENT-708859	Targeted Molecular Therapy	153	MTF-1 Inhibitor APTO-253 HCl	Not Done	labor_ipse_voluptas
treatment	CDS-CASE-165391	CDS-TREATMENT-284299	Radiopharmaceutical	181	PI3K Inhibitor BGT226	Non-Response	pace_tua
treatment	CDS-CASE-703290	CDS-TREATMENT-601373	Chemotherapy	920	Dibrospidium Chloride	Complete Remission	pace_tua
treatment	CDS-CASE-815905	CDS-TREATMENT-507108	External Beam Radiation Therapy	691	FLT3 Inhibitor HM43239	Partial Response	saltus_in_demonstrando
treatment	CDS-CASE-403850	CDS-TREATMENT-818196	High-Dose Rate Brachytherapy	847	Glutaminase Inhibitor IPN60090	Not Done	imperium_in_imperio
treatment	CDS-CASE-375757	CDS-TREATMENT-524866	Low-Dose Rate Brachytherapy	764	Polysialic Acid	Not Done	Obedientia_civium_urbis_felicitas
treatment	CDS-CASE-531996	CDS-TREATMENT-202533	Allogeneic Hematopoietic Stem Cell Transplantation	334	Bortezomib	Not Evaluable	imperium_in_imperio
treatment	CDS-CASE-770511	CDS-TREATMENT-535454	Intensity-Modulated Radiation Therapy	561	Autologous NKG2D CAR-CD3zeta-DAP10-expressing T-Lymphocytes CYAD-01	Unknown	id_quod_plerumque_accidit
treatment	CDS-CASE-339194	CDS-TREATMENT-372559	Stem Cell Transplant	747	Ribonuclease QBI-139	Not Applicable	sapiens_qui_prospicit
treatment	CDS-CASE-381646	CDS-TREATMENT-712528	Radiation Therapy	574	LMB-2 Immunotoxin	Partial Response	scientia_et_labor
treatment	CDS-CASE-408061	CDS-TREATMENT-699682	Organ Transplantation	191	Taurolidine	No Evidence of Disease	id_quod_plerumque_accidit
treatment	CDS-CASE-275110	CDS-TREATMENT-849623	Stereotactic Body Radiation Therapy	711	Monoclonal T-cell Receptor Anti-CD3 scFv Fusion Protein IMCgp100	Not Evaluable	e_causa_ignota
treatment	CDS-CASE-237451	CDS-TREATMENT-990474	Pharmacotherapy	385	Recombinant Interferon Alfa	Unknown	e_causa_ignota
treatment	CDS-CASE-903694	CDS-TREATMENT-908713	High-Dose Rate Brachytherapy	28	Olmutinib	Partial Response	pace_tua
treatment	CDS-CASE-200045	CDS-TREATMENT-355830	Radiation Therapy	542	Dihydroorotate Dehydrogenase Inhibitor BAY2402234	Not Evaluable	barba_crescit_caput_nescit
treatment	CDS-CASE-423866	CDS-TREATMENT-403167	Not Reported	316	Pterostilbene	Not Done	nascentes_morimur_finisque_ab_origine_pendet
treatment	CDS-CASE-363929	CDS-TREATMENT-982058	Unknown	70	Dihydroorotate Dehydrogenase Inhibitor AG-636	Non-Response	scientiae_cedit_mare
treatment	CDS-CASE-516551	CDS-TREATMENT-546863	Cellular Therapy	793	North American Ginseng Extract AFX-2	Minor Response	imperium_in_imperio
treatment	CDS-CASE-580210	CDS-TREATMENT-951712	Electron Beam Radiation Therapy	820	Anakinra	Partial Response	cacatum_non_est_pictum
treatment	CDS-CASE-114128	CDS-TREATMENT-744156	Proton Beam Radiation Therapy	886	Tinzaparin Sodium	Progressive Disease	haec_olim_meminisse_iuvabit
treatment	CDS-CASE-787602	CDS-TREATMENT-291799	Allogeneic Hematopoietic Stem Cell Transplantation	443	Asparaginase	No Evidence of Disease	labor_ipse_voluptas
treatment	CDS-CASE-228762	CDS-TREATMENT-363685	3-Dimensional Conformal Radiation Therapy	280	Tigapotide	Not Done	scientia,_aere_perennius
treatment	CDS-CASE-448572	CDS-TREATMENT-754682	Pharmacotherapy	676	Anti-integrin Beta-6/MMAE Antibody-drug Conjugate SGN-B6A	Not Applicable	barba_crescit_caput_nescit
treatment	CDS-CASE-357086	CDS-TREATMENT-370039	Chemotherapy	644	Adenoviral Transduced hIL-12-expressing Autologous Dendritic Cells INXN-3001 Plus Activator Ligand INXN-1001	Not Evaluable	barba_crescit_caput_nescit
