type	participant.study_participant_id	treatment_id	treatment_type	days_to_treatment	therapeutic_agents	response	crdc_id
treatment	GC-CASE-211317	GC-TREATMENT-207059	External Beam Radiation Therapy	746	BiTE Antibody AMG 910	Progressive Disease	barba_crescit_caput_nescit
treatment	GC-CASE-367941	GC-TREATMENT-962303	Stereotactic Body Radiation Therapy	232	Vibecotamab	No Response	Macte_animo_Generose_puer_sic_itur_ad_astra
treatment	GC-CASE-231619	GC-TREATMENT-450074	Hormone Therapy	205	Gutolactone	Not Reported	Macte_animo_Generose_puer_sic_itur_ad_astra
treatment	GC-CASE-745527	GC-TREATMENT-632196	High-Dose Rate Brachytherapy	833	Anti-PD-1 Antibody-interleukin-21 Mutein Fusion Protein AMG 256	Progressive Disease	labor_ipse_voluptas
treatment	GC-CASE-930869	GC-TREATMENT-147307	Radiopharmaceutical	790	Autologous Multi-lineage Potential Cells	Complete Response	id_quod_plerumque_accidit
treatment	GC-CASE-949916	GC-TREATMENT-137694	Hormone Therapy	655	ERK Inhibitor LTT462	Persistent Disease	scientia_et_labor
treatment	GC-CASE-498098	GC-TREATMENT-889033	High-Dose Rate Brachytherapy	196	Monoclonal Antibody HuHMFG1	Not Applicable	faber_est_suae_quisque_fortunae
treatment	GC-CASE-534670	GC-TREATMENT-980796	Radiofrequency Ablation	83	Lutetium Lu 177-DOTA-EB-TATE	Persistent Disease	nanos_gigantum_humeris_insidentes
treatment	GC-CASE-891498	GC-TREATMENT-154513	Proton Beam Radiation Therapy	81	Agonistic Anti-OX40 Monoclonal Antibody MEDI6469	No Response	scientiae_et_patriae
treatment	GC-CASE-230009	GC-TREATMENT-545705	Chemotherapy	857	Bryostatin 1	Progressive Disease	O_Tite_tute_Tati_tibi_tanta_tyranne_tulisti
treatment	GC-CASE-183712	GC-TREATMENT-613158	Radiopharmaceutical	360	CXCR4 Peptide Antagonist LY2510924	Progressive Disease	scientiae_et_patriae
treatment	GC-CASE-626603	GC-TREATMENT-281376	3-Dimensional Conformal Radiation Therapy	872	S-Adenosylmethionine	Progressive Disease	sapiens_qui_prospicit
treatment	GC-CASE-940271	GC-TREATMENT-293426	Radiopharmaceutical	90	AXL/ FLT3/VEGFR2 Inhibitor KC1036	Persistent Disease	pace_tua
treatment	GC-CASE-489518	GC-TREATMENT-880391	Palliative Care	340	Etarotene	Persistent Disease	imperium_in_imperio
treatment	GC-CASE-575815	GC-TREATMENT-421093	Immunotherapy	457	Alisertib	Stable Disease	a_bene_placito
treatment	GC-CASE-405402	GC-TREATMENT-530481	Organ Transplantation	492	Anti-MAGE-A4 T-cell Receptor/Anti-CD3 scFv Fusion Protein IMC-C103C	Progressive Disease	cacatum_non_est_pictum
treatment	GC-CASE-262097	GC-TREATMENT-784601	Proton Beam Radiation Therapy	997	Tanomastat	No Evidence of Disease	scientia_et_labor
treatment	GC-CASE-628830	GC-TREATMENT-442234	Not Reported	882	Elliptinium Acetate	Unknown	Macte_animo_Generose_puer_sic_itur_ad_astra
treatment	GC-CASE-132176	GC-TREATMENT-853174	Stereotactic Radiosurgery	353	Namodenoson	Complete Response	nanos_gigantum_humeris_insidentes
treatment	GC-CASE-842940	GC-TREATMENT-571376	Electron Beam Radiation Therapy	448	Cantrixil	Partial Response	haec_olim_meminisse_iuvabit
treatment	GC-CASE-962690	GC-TREATMENT-694053	Brachytherapy	714	KRAS-MAPK Signaling Pathway Inhibitor JAB-3312	Not Evaluable	faber_est_suae_quisque_fortunae
treatment	GC-CASE-609353	GC-TREATMENT-295163	Chemotherapy	236	Melanoma Monoclonal Antibody hIgG2A	No Evidence of Disease	Gallia_est_omnis_divisa_in_partes_tres
treatment	GC-CASE-260709	GC-TREATMENT-180932	Radiation Therapy	241	Triptorelin	Partial Response	scientia_imperii_decus_et_tutamen
treatment	GC-CASE-756220	GC-TREATMENT-145218	3-Dimensional Conformal Radiation Therapy	998	Antibody-drug Conjugate Anti-TIM-1-vcMMAE CDX-014	Progressive Disease	cacatum_non_est_pictum
treatment	GC-CASE-250697	GC-TREATMENT-340820	Stem Cell Transplant	224	Beauvericin	Partial Response	barba_crescit_caput_nescit
treatment	GC-CASE-930115	GC-TREATMENT-482585	Photon Beam Radiation Therapy	704	Autologous Anti-CD19 CAR T-cells IM19	Not Applicable	scientiae_cedit_mare
treatment	GC-CASE-872868	GC-TREATMENT-175352	Unknown	524	Androgen Receptor Antagonist BAY 1161116	Not Applicable	scientia_imperii_decus_et_tutamen
treatment	GC-CASE-666585	GC-TREATMENT-265365	Chemotherapy	799	Enzastaurin Hydrochloride	Stable Disease	scientia,_aere_perennius
treatment	GC-CASE-201996	GC-TREATMENT-185024	Autologous Stem Cell Transplantation	149	Cergutuzumab Amunaleukin	Not Reported	labor_ipse_voluptas
treatment	GC-CASE-907583	GC-TREATMENT-707727	Stem Cell Transplant	363	IDO Peptide Vaccine IO102	Progressive Disease	O_Tite_tute_Tati_tibi_tanta_tyranne_tulisti
treatment	GC-CASE-945677	GC-TREATMENT-544084	Stereotactic Body Radiation Therapy	652	Goserelin Acetate Extended-release Microspheres LY01005	No Evidence of Disease	scientia_et_sapientia
treatment	GC-CASE-433197	GC-TREATMENT-705527	Autologous Stem Cell Transplantation	554	Monomethyl Auristatin E	Complete Response	scientiae_cedit_mare
treatment	GC-CASE-159523	GC-TREATMENT-573830	Conventional Radiotherapy	568	EGFR Mutant-specific Inhibitor BPI-7711	Partial Response	O_Tite_tute_Tati_tibi_tanta_tyranne_tulisti
treatment	GC-CASE-401390	GC-TREATMENT-663288	Concurrent Chemoradiation	469	Monoclonal Antibody A33	Not Evaluable	Macte_animo_Generose_puer_sic_itur_ad_astra
treatment	GC-CASE-873240	GC-TREATMENT-367969	Radiofrequency Ablation	517	MELK Inhibitor OTS167	Unknown	e_causa_ignota
treatment	GC-CASE-616362	GC-TREATMENT-137960	Radiopharmaceutical	906	Anti-PD-1 Monoclonal Antibody BCD-100	Partial Response	damnant_quod_non_intellegunt
treatment	GC-CASE-391600	GC-TREATMENT-569561	Immunotherapy	824	MDM2 Inhibitor AMGMDS3	Persistent Disease	id_quod_plerumque_accidit
treatment	GC-CASE-522053	GC-TREATMENT-222637	Palliative Care	115	Bispecific Antibody 2B1	Unknown	faber_est_suae_quisque_fortunae
treatment	GC-CASE-308906	GC-TREATMENT-442396	External Beam Radiation Therapy	610	Adenoviral Tumor-specific Neoantigen Priming Vaccine GRT-C901	Unknown	e_causa_ignota
treatment	GC-CASE-736097	GC-TREATMENT-912803	Chemotherapy	308	Vosaroxin	Partial Response	scientiae_cedit_mare
treatment	GC-CASE-230005	GC-TREATMENT-396082	Hormone Therapy	141	Caffeic Acid Phenethyl Ester	Stable Disease	e_causa_ignota
treatment	GC-CASE-390829	GC-TREATMENT-688945	Concurrent Chemoradiation	171	Cedazuridine	Progressive Disease	scientia_et_sapientia
treatment	GC-CASE-750806	GC-TREATMENT-835660	Not Reported	915	Topoisomerase-II Inhibitor Racemic XK469	No Response	e_causa_ignota
treatment	GC-CASE-127743	GC-TREATMENT-633509	Proton Beam Radiation Therapy	613	Topixantrone	Persistent Disease	scientiae_et_patriae
treatment	GC-CASE-559288	GC-TREATMENT-569686	Electron Beam Radiation Therapy	932	Ozarelix	Persistent Disease	O_Tite_tute_Tati_tibi_tanta_tyranne_tulisti
treatment	GC-CASE-891746	GC-TREATMENT-839437	Hormone Therapy	865	Seneca Valley Virus-001	Not Reported	scientiae_cedit_mare
treatment	GC-CASE-120932	GC-TREATMENT-182568	Not Reported	572	Vanucizumab	Complete Response	Gallia_est_omnis_divisa_in_partes_tres
treatment	GC-CASE-460725	GC-TREATMENT-572150	Surgical Procedure	50	EZH1/2 Inhibitor HH2853	Persistent Disease	Gallia_est_omnis_divisa_in_partes_tres
treatment	GC-CASE-144489	GC-TREATMENT-763979	Organ Transplantation	78	Pan-AKT Inhibitor ARQ751	Partial Response	labor_ipse_voluptas
treatment	GC-CASE-326683	GC-TREATMENT-621289	Surgical Procedure	877	Epothilone KOS-1584	Persistent Disease	scientia_et_sapientia
treatment	GC-CASE-664505	GC-TREATMENT-992370	Unknown	494	Baltaleucel-T	No Response	imperium_in_imperio
treatment	GC-CASE-594520	GC-TREATMENT-848766	3-Dimensional Conformal Radiation Therapy	974	Fenebrutinib	Partial Response	imperium_in_imperio
treatment	GC-CASE-672315	GC-TREATMENT-150082	External Beam Radiation Therapy	692	Vinblastine Sulfate	Not Reported	sapiens_qui_prospicit
treatment	GC-CASE-566394	GC-TREATMENT-922482	External Beam Radiation Therapy	773	Anti-HER2/Anti-CD3 Bispecific Monoclonal Antibody GBR 1302	Not Reported	scientiae_cedit_mare
treatment	GC-CASE-514149	GC-TREATMENT-706176	Immunotherapy	97	Vosilasarm	Unknown	nascentes_morimur_finisque_ab_origine_pendet
treatment	GC-CASE-621883	GC-TREATMENT-554158	Proton Beam Radiation Therapy	234	Oleclumab	Stable Disease	imperium_in_imperio
treatment	GC-CASE-707484	GC-TREATMENT-111683	Autologous Stem Cell Transplantation	98	CDK9 Inhibitor AZD4573	Progressive Disease	scientia_et_sapientia
treatment	GC-CASE-697249	GC-TREATMENT-977082	Autologous Stem Cell Transplantation	799	Allogeneic IL13-Zetakine/HyTK-Expressing-Glucocorticoid Resistant Cytotoxic T Lymphocytes GRm13Z40-2	Not Evaluable	labor_ipse_voluptas
treatment	GC-CASE-977273	GC-TREATMENT-809306	Radiation Therapy	200	St. John's Wort	Stable Disease	O_Tite_tute_Tati_tibi_tanta_tyranne_tulisti
treatment	GC-CASE-611503	GC-TREATMENT-951787	Pharmacotherapy	980	Smac Mimetic LCL161	No Response	e_causa_ignota
treatment	GC-CASE-974840	GC-TREATMENT-987183	Radiofrequency Ablation	292	c-raf Antisense Oligonucleotide ISIS 5132	Stable Disease	saltus_in_demonstrando
treatment	GC-CASE-162099	GC-TREATMENT-199178	External Beam Radiation Therapy	386	siRNA-transfected Peripheral Blood Mononuclear Cells APN401	No Response	Macte_animo_Generose_puer_sic_itur_ad_astra
treatment	GC-CASE-406474	GC-TREATMENT-808747	Palliative Care	978	Camidanlumab Tesirine	No Response	Gallia_est_omnis_divisa_in_partes_tres
treatment	GC-CASE-693506	GC-TREATMENT-537630	Unknown	811	Piritrexim	Complete Response	faber_est_suae_quisque_fortunae
treatment	GC-CASE-473182	GC-TREATMENT-620017	Immunotherapy	865	Cilengitide	Not Applicable	barba_crescit_caput_nescit
treatment	GC-CASE-944648	GC-TREATMENT-445630	Electron Beam Radiation Therapy	66	PI3K-delta Inhibitor AMG 319	No Response	Obedientia_civium_urbis_felicitas
treatment	GC-CASE-609107	GC-TREATMENT-115480	Surgical Procedure	310	Loncastuximab Tesirine	Not Reported	faber_est_suae_quisque_fortunae
treatment	GC-CASE-388636	GC-TREATMENT-689269	Allogeneic Hematopoietic Stem Cell Transplantation	853	Autologous AFP Specific T Cell Receptor Transduced T Cells C-TCR055	Complete Response	haec_olim_meminisse_iuvabit
treatment	GC-CASE-436696	GC-TREATMENT-905439	Cellular Therapy	481	Nab-paclitaxel	Stable Disease	cacatum_non_est_pictum
treatment	GC-CASE-160829	GC-TREATMENT-466132	Pharmacotherapy	989	Alacizumab Pegol	Stable Disease	faber_est_suae_quisque_fortunae
treatment	GC-CASE-689508	GC-TREATMENT-675378	Intensity-Modulated Radiation Therapy	573	Perfosfamide	Unknown	pace_tua
treatment	GC-CASE-145348	GC-TREATMENT-352572	High-Dose Rate Brachytherapy	425	STING Agonist TAK-676	No Response	scientia_et_sapientia
treatment	GC-CASE-592282	GC-TREATMENT-400161	External Beam Radiation Therapy	421	Sitimagene Ceradenovec	Progressive Disease	scientiae_et_patriae
treatment	GC-CASE-123488	GC-TREATMENT-324107	Allogeneic Hematopoietic Stem Cell Transplantation	33	CDK4/6 Inhibitor TQB3616	Progressive Disease	saltus_in_demonstrando
treatment	GC-CASE-897405	GC-TREATMENT-241349	Hormone Therapy	687	Adenovirus 5/F35-Human Guanylyl Cyclase C-PADRE	Unknown	id_quod_plerumque_accidit
treatment	GC-CASE-499916	GC-TREATMENT-949073	Not Reported	791	Lucitanib	Partial Response	scientia_imperii_decus_et_tutamen
treatment	GC-CASE-200528	GC-TREATMENT-513070	Immunotherapy	217	Cinacalcet Hydrochloride	No Evidence of Disease	faber_est_suae_quisque_fortunae
treatment	GC-CASE-489819	GC-TREATMENT-909131	Unknown	189	FAP/4-1BB-targeting DARPin MP0310	Not Evaluable	imperium_in_imperio
treatment	GC-CASE-768639	GC-TREATMENT-329762	Cellular Therapy	680	EGFR Mutant-specific Inhibitor BPI-7711	Stable Disease	barba_crescit_caput_nescit
treatment	GC-CASE-819839	GC-TREATMENT-602359	Hormone Therapy	767	Autologous BCMA-targeted CAR T Cells LCAR-B4822M	No Response	scientiae_et_patriae
treatment	GC-CASE-543336	GC-TREATMENT-341746	External Beam Radiation Therapy	376	Trastuzumab Duocarmazine	Unknown	scientia,_aere_perennius
treatment	GC-CASE-730868	GC-TREATMENT-221167	Concurrent Chemoradiation	104	Ieramilimab	Persistent Disease	nascentes_morimur_finisque_ab_origine_pendet
treatment	GC-CASE-203970	GC-TREATMENT-752348	Electron Beam Radiation Therapy	127	Anti-CTLA-4 Monoclonal Antibody HBM4003	Unknown	scientiae_cedit_mare
treatment	GC-CASE-830889	GC-TREATMENT-307123	Hormone Therapy	426	Splicing Inhibitor H3B-8800	No Evidence of Disease	faber_est_suae_quisque_fortunae
treatment	GC-CASE-940851	GC-TREATMENT-304151	Intensity-Modulated Radiation Therapy	653	Idarubicin-Eluting Beads	Stable Disease	salus_in_arduis
treatment	GC-CASE-981829	GC-TREATMENT-838763	Concurrent Chemoradiation	880	Anti-DLL4 Monoclonal Antibody MEDI0639	Progressive Disease	e_causa_ignota
treatment	GC-CASE-690010	GC-TREATMENT-515480	Stereotactic Body Radiation Therapy	193	Ceralasertib	Stable Disease	O_Tite_tute_Tati_tibi_tanta_tyranne_tulisti
treatment	GC-CASE-910366	GC-TREATMENT-809650	Not Reported	543	Anti-CD19/CD3 BiTE Antibody AMG 562	Not Applicable	barba_crescit_caput_nescit
treatment	GC-CASE-985100	GC-TREATMENT-655969	Electron Beam Radiation Therapy	940	Micellar Nanoparticle-encapsulated Epirubicin	Stable Disease	Obedientia_civium_urbis_felicitas
treatment	GC-CASE-248016	GC-TREATMENT-267548	Conventional Radiotherapy	535	Esorubicin	Not Reported	scientia_et_sapientia
treatment	GC-CASE-159817	GC-TREATMENT-751994	Allogeneic Hematopoietic Stem Cell Transplantation	868	Phospholipid Ether-drug Conjugate CLR 131	Stable Disease	Obedientia_civium_urbis_felicitas
treatment	GC-CASE-247146	GC-TREATMENT-383736	Intensity-Modulated Radiation Therapy	825	Siltuximab	No Evidence of Disease	labor_ipse_voluptas
treatment	GC-CASE-228175	GC-TREATMENT-879776	Electron Beam Radiation Therapy	565	Caricotamide/Tretazicar	Not Evaluable	scientia_et_labor
treatment	GC-CASE-827175	GC-TREATMENT-678964	Hormone Therapy	897	Ilixadencel	Persistent Disease	nascentes_morimur_finisque_ab_origine_pendet
treatment	GC-CASE-169624	GC-TREATMENT-473931	Photon Beam Radiation Therapy	14	Diethylnorspermine	No Response	barba_crescit_caput_nescit
treatment	GC-CASE-946929	GC-TREATMENT-924425	High-Dose Rate Brachytherapy	607	Nadofaragene Firadenovec	Stable Disease	id_quod_plerumque_accidit
treatment	GC-CASE-493331	GC-TREATMENT-573256	Low-Dose Rate Brachytherapy	596	Antibody-drug Conjugate ABBV-155	No Evidence of Disease	faber_est_suae_quisque_fortunae
treatment	GC-CASE-411064	GC-TREATMENT-850002	Concurrent Chemoradiation	469	Tubulin Polymerization Inhibitor CKD-516	Progressive Disease	salus_in_arduis
treatment	GC-CASE-867860	GC-TREATMENT-599570	High-Dose Rate Brachytherapy	972	Pentostatin	Not Evaluable	labor_ipse_voluptas
treatment	GC-CASE-848288	GC-TREATMENT-433909	Concurrent Chemoradiation	575	Imetelstat	Unknown	scientia_imperii_decus_et_tutamen
treatment	GC-CASE-965267	GC-TREATMENT-173296	Not Reported	956	Enasidenib Mesylate	Progressive Disease	scientia_et_sapientia
treatment	GC-CASE-284360	GC-TREATMENT-740267	Intensity-Modulated Radiation Therapy	620	Piperine Extract (Standardized)	Not Evaluable	faber_est_suae_quisque_fortunae
treatment	GC-CASE-916156	GC-TREATMENT-210453	Not Reported	139	Anti-CD205 Antibody-drug Conjugate OBT076	No Response	haec_olim_meminisse_iuvabit
treatment	GC-CASE-435164	GC-TREATMENT-779537	Hormone Therapy	56	PI3K/mTOR Kinase Inhibitor WXFL10030390	Not Reported	labor_ipse_voluptas
treatment	GC-CASE-121516	GC-TREATMENT-587456	Unknown	843	Rhenium Re-186 Hydroxyethylidene Diphosphonate	Complete Response	Macte_animo_Generose_puer_sic_itur_ad_astra
treatment	GC-CASE-951648	GC-TREATMENT-159105	External Beam Radiation Therapy	366	Anti-Ly6E Antibody-Drug Conjugate RG 7841	No Evidence of Disease	pace_tua
treatment	GC-CASE-242427	GC-TREATMENT-991280	Surgical Procedure	265	BRAF/EGFR Inhibitor BGB-283	Not Evaluable	scientia_imperii_decus_et_tutamen
treatment	GC-CASE-558335	GC-TREATMENT-614903	Chemotherapy	810	Roblitinib	Partial Response	damnant_quod_non_intellegunt
treatment	GC-CASE-268097	GC-TREATMENT-266626	Stem Cell Transplant	123	Estrogen Receptor Agonist GTx-758	Persistent Disease	pace_tua
treatment	GC-CASE-142209	GC-TREATMENT-796838	Chemotherapy	461	Attenuated Measles Virus Encoding SCD Transgene TMV-018	Complete Response	barba_crescit_caput_nescit
treatment	GC-CASE-750284	GC-TREATMENT-242488	Organ Transplantation	786	Aviscumine	No Evidence of Disease	Macte_animo_Generose_puer_sic_itur_ad_astra
treatment	GC-CASE-937274	GC-TREATMENT-851819	Hormone Therapy	605	RFT5-dgA Immunotoxin IMTOX25	Complete Response	Obedientia_civium_urbis_felicitas
treatment	GC-CASE-546595	GC-TREATMENT-760625	Radiofrequency Ablation	12	Anti-5T4 Antibody-Drug Conjugate PF-06263507	Not Reported	damnant_quod_non_intellegunt
treatment	GC-CASE-760964	GC-TREATMENT-624658	Conventional Radiotherapy	954	Bcl-Xs Adenovirus Vaccine	Complete Response	labor_ipse_voluptas
treatment	GC-CASE-373043	GC-TREATMENT-303378	Palliative Care	228	Anti-EGFR/HER2/HER3 Monoclonal Antibody Mixture Sym013	Persistent Disease	sapiens_qui_prospicit
treatment	GC-CASE-400835	GC-TREATMENT-500357	Pharmacotherapy	811	Budotitane	Progressive Disease	labor_ipse_voluptas
treatment	GC-CASE-829666	GC-TREATMENT-168162	Not Reported	250	Nutlin-3a	Not Evaluable	saltus_in_demonstrando
treatment	GC-CASE-144490	GC-TREATMENT-368217	Unknown	669	Thorium Th 227 Anetumab	Complete Response	scientia_imperii_decus_et_tutamen
treatment	GC-CASE-780180	GC-TREATMENT-840955	Radiopharmaceutical	924	Anti-GD2 Monoclonal Antibody MORAb-028	Persistent Disease	sapiens_qui_prospicit
treatment	GC-CASE-471825	GC-TREATMENT-768481	Organ Transplantation	260	Vinzolidine	Persistent Disease	scientiae_cedit_mare
treatment	GC-CASE-593239	GC-TREATMENT-808203	Hormone Therapy	501	4-Thio-2-deoxycytidine	No Evidence of Disease	scientiae_et_patriae
treatment	GC-CASE-958929	GC-TREATMENT-754821	Hormone Therapy	66	Rucaparib Phosphate	Not Applicable	id_quod_plerumque_accidit
treatment	GC-CASE-746324	GC-TREATMENT-831643	Proton Beam Radiation Therapy	592	Fosbretabulin Disodium	No Evidence of Disease	barba_crescit_caput_nescit
treatment	GC-CASE-170664	GC-TREATMENT-300385	Allogeneic Hematopoietic Stem Cell Transplantation	351	Cimetidine	Persistent Disease	scientiae_cedit_mare
treatment	GC-CASE-463222	GC-TREATMENT-197446	External Beam Radiation Therapy	853	HER2-directed TLR8 Agonist SBT6050	Progressive Disease	haec_olim_meminisse_iuvabit
treatment	GC-CASE-855565	GC-TREATMENT-324532	Brachytherapy	267	EGFR/TGFb Fusion Monoclonal Antibody BCA101	Not Applicable	scientia_et_labor
treatment	GC-CASE-777460	GC-TREATMENT-203121	Cellular Therapy	324	Palonosetron Hydrochloride	No Response	saltus_in_demonstrando
treatment	GC-CASE-132043	GC-TREATMENT-573812	Surgical Procedure	397	PI3Kalpha Inhibitor AZD8835	No Evidence of Disease	scientia_et_sapientia
treatment	GC-CASE-964709	GC-TREATMENT-198355	Chemotherapy	322	Safingol	Progressive Disease	Gallia_est_omnis_divisa_in_partes_tres
treatment	GC-CASE-444491	GC-TREATMENT-692294	Stereotactic Body Radiation Therapy	530	Samotolisib	Stable Disease	salus_in_arduis
treatment	GC-CASE-268104	GC-TREATMENT-919727	Immunotherapy	92	Recombinant Human EGF-rP64K/Montanide ISA 51 Vaccine	Partial Response	nascentes_morimur_finisque_ab_origine_pendet
treatment	GC-CASE-590657	GC-TREATMENT-736708	Allogeneic Hematopoietic Stem Cell Transplantation	76	Anti-MUC1 Monoclonal Antibody BTH1704	Stable Disease	scientiae_cedit_mare
treatment	GC-CASE-315590	GC-TREATMENT-778042	Radiopharmaceutical	236	BRD4 Inhibitor PLX2853	Unknown	Macte_animo_Generose_puer_sic_itur_ad_astra
treatment	GC-CASE-523683	GC-TREATMENT-361338	Not Reported	65	Anti-CDH6 Antibody-drug Conjugate HKT288	No Evidence of Disease	salus_in_arduis
treatment	GC-CASE-251730	GC-TREATMENT-209307	Pharmacotherapy	565	Flanvotumab	Complete Response	Gallia_est_omnis_divisa_in_partes_tres
treatment	GC-CASE-761038	GC-TREATMENT-600499	Electron Beam Radiation Therapy	463	Inosine 5'-monophosphate Dehydrogenase Inhibitor FF-10501-01	Complete Response	sapiens_qui_prospicit
treatment	GC-CASE-108875	GC-TREATMENT-937124	Intensity-Modulated Radiation Therapy	463	EGFR/EGFRvIII Inhibitor WSD0922-FU	Unknown	e_causa_ignota
treatment	GC-CASE-344750	GC-TREATMENT-114180	Not Reported	352	Anti-CD22 Monoclonal Antibody-MMAE Conjugate DCDT2980S	Progressive Disease	nanos_gigantum_humeris_insidentes
treatment	GC-CASE-936851	GC-TREATMENT-900812	Pharmacotherapy	279	Anti-ErbB3 Monoclonal Antibody CDX-3379	Unknown	scientia_et_labor
treatment	GC-CASE-673016	GC-TREATMENT-552750	Cellular Therapy	226	MVA-FCU1 TG4023	Partial Response	labor_ipse_voluptas
treatment	GC-CASE-237322	GC-TREATMENT-263078	Concurrent Chemoradiation	674	ALK Inhibitor ASP3026	Partial Response	nascentes_morimur_finisque_ab_origine_pendet
treatment	GC-CASE-987680	GC-TREATMENT-839883	Brachytherapy	439	Tisotumab Vedotin	Persistent Disease	O_Tite_tute_Tati_tibi_tanta_tyranne_tulisti
treatment	GC-CASE-886430	GC-TREATMENT-928354	Stereotactic Radiosurgery	638	Neoantigen-based Renal Cell Carcinoma-Poly-ICLC Vaccine	Unknown	haec_olim_meminisse_iuvabit
treatment	GC-CASE-801658	GC-TREATMENT-218418	Targeted Molecular Therapy	616	CHP-NY-ESO-1 Peptide Vaccine IMF-001	Complete Response	Gallia_est_omnis_divisa_in_partes_tres
treatment	GC-CASE-945080	GC-TREATMENT-714696	Cellular Therapy	649	Custirsen Sodium	Progressive Disease	a_bene_placito
treatment	GC-CASE-421737	GC-TREATMENT-611611	Hormone Therapy	136	Motexafin Gadolinium	Progressive Disease	haec_olim_meminisse_iuvabit
treatment	GC-CASE-938810	GC-TREATMENT-670018	Radiofrequency Ablation	753	Ceramide Nanoliposome	Progressive Disease	labor_ipse_voluptas
treatment	GC-CASE-784887	GC-TREATMENT-885665	Organ Transplantation	702	Activin Type 2B Receptor Fc Fusion Protein STM 434	Partial Response	sapiens_qui_prospicit
treatment	GC-CASE-903803	GC-TREATMENT-741866	External Beam Radiation Therapy	178	PI3K Alpha/mTOR Inhibitor PWT33597 Mesylate	Not Reported	scientiae_et_patriae
treatment	GC-CASE-153469	GC-TREATMENT-275119	Photon Beam Radiation Therapy	403	Picropodophyllin	Not Reported	scientia_et_labor
treatment	GC-CASE-603766	GC-TREATMENT-663349	Conventional Radiotherapy	514	SERD D-0502	No Response	salus_in_arduis
treatment	GC-CASE-634747	GC-TREATMENT-175627	Low-Dose Rate Brachytherapy	76	BTK Inhibitor LOXO-305	No Response	Macte_animo_Generose_puer_sic_itur_ad_astra
treatment	GC-CASE-619757	GC-TREATMENT-938182	Targeted Molecular Therapy	800	CHP-NY-ESO-1 Peptide Vaccine IMF-001	Partial Response	scientiae_cedit_mare
treatment	GC-CASE-631893	GC-TREATMENT-470734	Targeted Molecular Therapy	436	Patritumab Deruxtecan	Persistent Disease	saltus_in_demonstrando
treatment	GC-CASE-992050	GC-TREATMENT-169471	Unknown	602	Yttrium Y 90 Monoclonal Antibody MN-14	Complete Response	scientia_et_labor
treatment	GC-CASE-615797	GC-TREATMENT-743718	Unknown	176	Cinrebafusp Alfa	Not Evaluable	id_quod_plerumque_accidit
treatment	GC-CASE-731487	GC-TREATMENT-736244	External Beam Radiation Therapy	629	NEDD8 Activating Enzyme E1 Inhibitor TAS4464	Persistent Disease	nanos_gigantum_humeris_insidentes
treatment	GC-CASE-648835	GC-TREATMENT-630230	Intensity-Modulated Radiation Therapy	318	Trastuzumab Conjugate BI-CON-02	Not Applicable	scientia_et_sapientia
treatment	GC-CASE-328294	GC-TREATMENT-451277	Brachytherapy	868	Azacitidine	Complete Response	damnant_quod_non_intellegunt
treatment	GC-CASE-271429	GC-TREATMENT-552532	Allogeneic Hematopoietic Stem Cell Transplantation	40	Palladium Pd-103	Complete Response	scientia_et_labor
treatment	GC-CASE-330014	GC-TREATMENT-103073	Hormone Therapy	380	Liposome-encapsulated TAAs mRNA Vaccine W_ova1	Persistent Disease	faber_est_suae_quisque_fortunae
treatment	GC-CASE-117901	GC-TREATMENT-481307	Palliative Care	946	Calculus bovis/Moschus/Olibanum/Myrrha Capsule	Progressive Disease	Gallia_est_omnis_divisa_in_partes_tres
treatment	GC-CASE-942172	GC-TREATMENT-727563	Low-Dose Rate Brachytherapy	294	VEGF/HGF-targeting DARPin MP0250	No Response	pace_tua
treatment	GC-CASE-234104	GC-TREATMENT-347400	Radiation Therapy	346	SDF-1 Receptor Antagonist PTX-9908	No Response	damnant_quod_non_intellegunt
treatment	GC-CASE-147510	GC-TREATMENT-740899	Not Reported	930	Anti-PD-L1 Monoclonal Antibody CBT-502	Progressive Disease	saltus_in_demonstrando
treatment	GC-CASE-407486	GC-TREATMENT-172358	Chemotherapy	619	Zorubicin Hydrochloride	No Evidence of Disease	Obedientia_civium_urbis_felicitas
treatment	GC-CASE-894096	GC-TREATMENT-811211	External Beam Radiation Therapy	555	Doxorubicin	Not Reported	id_quod_plerumque_accidit
treatment	GC-CASE-793948	GC-TREATMENT-386132	Electron Beam Radiation Therapy	354	Flumatinib Mesylate	No Response	faber_est_suae_quisque_fortunae
treatment	GC-CASE-554988	GC-TREATMENT-251463	High-Dose Rate Brachytherapy	415	Selicrelumab	Progressive Disease	Macte_animo_Generose_puer_sic_itur_ad_astra
treatment	GC-CASE-424769	GC-TREATMENT-679368	Intensity-Modulated Radiation Therapy	300	Anti-DKK1 Monoclonal Antibody BHQ880	Progressive Disease	id_quod_plerumque_accidit
treatment	GC-CASE-206957	GC-TREATMENT-722825	Low-Dose Rate Brachytherapy	189	Midostaurin	Progressive Disease	salus_in_arduis
treatment	GC-CASE-422140	GC-TREATMENT-638845	Organ Transplantation	103	Estradiol Valerate	Progressive Disease	nanos_gigantum_humeris_insidentes
treatment	GC-CASE-399649	GC-TREATMENT-257034	Electron Beam Radiation Therapy	667	Recombinant Interleukin-2	Not Evaluable	scientia,_aere_perennius
treatment	GC-CASE-149110	GC-TREATMENT-285986	Surgical Procedure	123	Tamibarotene	Persistent Disease	scientia,_aere_perennius
treatment	GC-CASE-436568	GC-TREATMENT-354945	Stem Cell Transplant	981	EGFR/HER1/HER2 Inhibitor PKI166	Complete Response	scientia_imperii_decus_et_tutamen
treatment	GC-CASE-369176	GC-TREATMENT-385297	Electron Beam Radiation Therapy	791	Piritrexim	Unknown	pace_tua
treatment	GC-CASE-919371	GC-TREATMENT-754430	Not Reported	924	Phellodendron amurense Bark Extract	Not Evaluable	salus_in_arduis
treatment	GC-CASE-642383	GC-TREATMENT-613703	Radiofrequency Ablation	205	Nanoparticle Albumin-bound Thiocolchicine Dimer nab-5404	Unknown	O_Tite_tute_Tati_tibi_tanta_tyranne_tulisti
treatment	GC-CASE-736685	GC-TREATMENT-500892	Brachytherapy	537	MVA-FCU1 TG4023	Persistent Disease	scientia,_aere_perennius
treatment	GC-CASE-295954	GC-TREATMENT-216210	Stem Cell Transplant	857	Valecobulin	Progressive Disease	cacatum_non_est_pictum
treatment	GC-CASE-857381	GC-TREATMENT-897493	Brachytherapy	916	Ritrosulfan	Not Evaluable	saltus_in_demonstrando
treatment	GC-CASE-902482	GC-TREATMENT-239260	Not Reported	735	HuaChanSu	Partial Response	scientiae_et_patriae
treatment	GC-CASE-719380	GC-TREATMENT-462410	Stem Cell Transplant	533	Cyclin-dependent Kinase 8/19 Inhibitor BCD 115	Not Applicable	barba_crescit_caput_nescit
treatment	GC-CASE-785467	GC-TREATMENT-831016	Stem Cell Transplant	413	Phellodendron amurense Bark Extract	Unknown	nanos_gigantum_humeris_insidentes
treatment	GC-CASE-455998	GC-TREATMENT-429982	Intensity-Modulated Radiation Therapy	145	PIM/FLT3 Kinase Inhibitor SEL24	Complete Response	imperium_in_imperio
treatment	GC-CASE-728147	GC-TREATMENT-667728	Autologous Stem Cell Transplantation	801	Temoporfin	No Evidence of Disease	a_bene_placito
treatment	GC-CASE-137996	GC-TREATMENT-520369	Conventional Radiotherapy	839	Cord Blood Derived CAR T-Cells	Not Evaluable	saltus_in_demonstrando
treatment	GC-CASE-324647	GC-TREATMENT-671193	Concurrent Chemoradiation	558	Trans Sodium Crocetinate	Not Applicable	Obedientia_civium_urbis_felicitas
treatment	GC-CASE-121980	GC-TREATMENT-781723	Radiation Therapy	591	O6-Benzylguanine	Stable Disease	saltus_in_demonstrando
treatment	GC-CASE-124047	GC-TREATMENT-380321	Stereotactic Body Radiation Therapy	198	p70S6K Inhibitor LY2584702	Complete Response	a_bene_placito
treatment	GC-CASE-723221	GC-TREATMENT-750655	Low-Dose Rate Brachytherapy	78	APC8015F	Complete Response	Gallia_est_omnis_divisa_in_partes_tres
treatment	GC-CASE-548718	GC-TREATMENT-918574	Autologous Stem Cell Transplantation	435	EZH2 Inhibitor PF-06821497	Progressive Disease	barba_crescit_caput_nescit
treatment	GC-CASE-193316	GC-TREATMENT-278119	Hormone Therapy	805	Luminespib	No Evidence of Disease	faber_est_suae_quisque_fortunae
treatment	GC-CASE-713246	GC-TREATMENT-117649	Stereotactic Body Radiation Therapy	432	Camptothecin Analogue TLC388	No Response	scientia_et_labor
treatment	GC-CASE-451586	GC-TREATMENT-347575	Stereotactic Radiosurgery	658	Anti-NRP1 Antibody ASP1948	Partial Response	scientia,_aere_perennius
treatment	GC-CASE-125019	GC-TREATMENT-339057	Conventional Radiotherapy	552	Rabusertib	Not Evaluable	Macte_animo_Generose_puer_sic_itur_ad_astra
treatment	GC-CASE-742910	GC-TREATMENT-711763	Surgical Procedure	797	CDK1 Inhibitor BEY1107	Not Evaluable	damnant_quod_non_intellegunt
treatment	GC-CASE-423617	GC-TREATMENT-448758	Immunotherapy	385	Inactivated Oncolytic Virus Particle GEN0101	Complete Response	scientia_et_labor
treatment	GC-CASE-802652	GC-TREATMENT-572944	Low-Dose Rate Brachytherapy	201	Tipifarnib	Persistent Disease	scientia,_aere_perennius
treatment	GC-CASE-249139	GC-TREATMENT-626640	Conventional Radiotherapy	990	Mitobronitol	Progressive Disease	Gallia_est_omnis_divisa_in_partes_tres
