type	participant.study_participant_id	treatment_id	treatment_type	days_to_treatment	therapeutic_agents	response	crdc_id
treatment	CDS-CASE-366360	CDS-TREATMENT-498819	Surgical Procedure	62	Apoptosis Inducer BZL101	Stable Disease	scientiae_et_patriae
treatment	CDS-CASE-684720	CDS-TREATMENT-891566	High-Dose Rate Brachytherapy	727	Dilpacimab	Not Evaluable	salus_in_arduis
treatment	CDS-CASE-323682	CDS-TREATMENT-161886	Intensity-Modulated Radiation Therapy	357	Ningetinib Tosylate	Progressive Disease	nascentes_morimur_finisque_ab_origine_pendet
treatment	CDS-CASE-704136	CDS-TREATMENT-390393	Autologous Stem Cell Transplantation	663	CDK4/6 Inhibitor BPI-16350	Unknown	damnant_quod_non_intellegunt
treatment	CDS-CASE-256673	CDS-TREATMENT-473810	Radiation Therapy	275	Monoclonal Antibody D6.12	Complete Remission	haec_olim_meminisse_iuvabit
treatment	CDS-CASE-612259	CDS-TREATMENT-969115	External Beam Radiation Therapy	546	Procarbazine	Minor Response	haec_olim_meminisse_iuvabit
treatment	CDS-CASE-429405	CDS-TREATMENT-200414	Brachytherapy	283	Tivantinib	Progressive Disease	Macte_animo_Generose_puer_sic_itur_ad_astra
treatment	CDS-CASE-736604	CDS-TREATMENT-289886	Intensity-Modulated Radiation Therapy	926	Pyruvate Kinase M2 Isoform Activator TP-1454	Stable Disease	scientiae_cedit_mare
treatment	CDS-CASE-408393	CDS-TREATMENT-136025	Chemotherapy	912	Dexamethasone Phosphate	Complete Remission	pace_tua
treatment	CDS-CASE-691079	CDS-TREATMENT-241968	Photon Beam Radiation Therapy	389	Anti-PD-L1 Monoclonal Antibody FAZ053	Stable Disease	id_quod_plerumque_accidit
treatment	CDS-CASE-588457	CDS-TREATMENT-561183	Radiation Therapy	273	Albumin-binding Cisplatin Prodrug BTP-114	Not Done	barba_crescit_caput_nescit
treatment	CDS-CASE-550545	CDS-TREATMENT-155514	Concurrent Chemoradiation	92	Ralaniten Acetate	Unknown	labor_ipse_voluptas
treatment	CDS-CASE-896994	CDS-TREATMENT-956969	Unknown	443	pan-PIM Kinase Inhibitor NVP-LGB-321	No Evidence of Disease	sapiens_qui_prospicit
treatment	CDS-CASE-514095	CDS-TREATMENT-770228	Allogeneic Hematopoietic Stem Cell Transplantation	695	IDO Peptide Vaccine IO102	Non-Response	damnant_quod_non_intellegunt
treatment	CDS-CASE-748215	CDS-TREATMENT-924497	Intensity-Modulated Radiation Therapy	850	Interferon Alfa-N3	Non-Response	a_bene_placito
treatment	CDS-CASE-271027	CDS-TREATMENT-903879	Radiation Therapy	470	Autologous FRa-4SCAR-expressing T-cells 4SCAR-FRa	Unknown	pace_tua
treatment	CDS-CASE-297340	CDS-TREATMENT-896035	High-Dose Rate Brachytherapy	830	Nelipepimut-S Plus GM-CSF Vaccine	Partial Response	sapiens_qui_prospicit
treatment	CDS-CASE-489725	CDS-TREATMENT-109586	External Beam Radiation Therapy	861	Pyroxamide	Partial Response	scientia_et_labor
treatment	CDS-CASE-912165	CDS-TREATMENT-912548	Surgical Procedure	206	UAE Inhibitor TAK-243	Progressive Disease	scientia_et_labor
treatment	CDS-CASE-299889	CDS-TREATMENT-377110	Autologous Stem Cell Transplantation	420	Paclitaxel Injection Concentrate for Nanodispersion	Unknown	damnant_quod_non_intellegunt
treatment	CDS-CASE-551429	CDS-TREATMENT-734294	Pharmacotherapy	572	Anti-PD-L1/CD137 Bispecific Antibody MCLA-145	Not Reported	scientia_imperii_decus_et_tutamen
treatment	CDS-CASE-380565	CDS-TREATMENT-991991	Brachytherapy	25	Terfluranol	Progressive Disease	Macte_animo_Generose_puer_sic_itur_ad_astra
treatment	CDS-CASE-329640	CDS-TREATMENT-875250	Stem Cell Transplant	494	Masoprocol	Not Evaluable	nascentes_morimur_finisque_ab_origine_pendet
treatment	CDS-CASE-498519	CDS-TREATMENT-159592	Palliative Care	409	VEGF/HGF-targeting DARPin MP0250	Not Evaluable	faber_est_suae_quisque_fortunae
treatment	CDS-CASE-199139	CDS-TREATMENT-628705	Electron Beam Radiation Therapy	123	Synthetic Glioblastoma Mutated Tumor-specific Peptides Vaccine Therapy APVAC2	Minor Response	O_Tite_tute_Tati_tibi_tanta_tyranne_tulisti
treatment	CDS-CASE-689211	CDS-TREATMENT-272488	Cellular Therapy	653	Ritrosulfan	Not Reported	a_bene_placito
treatment	CDS-CASE-752982	CDS-TREATMENT-944994	Hormone Therapy	70	Vincristine	Progressive Disease	imperium_in_imperio
treatment	CDS-CASE-485076	CDS-TREATMENT-273354	Hormone Therapy	327	Anti-Folate Receptor-alpha Antibody Drug Conjugate STRO-002	Complete Remission	sapiens_qui_prospicit
treatment	CDS-CASE-936837	CDS-TREATMENT-672029	Brachytherapy	843	Quinine	Not Reported	sapiens_qui_prospicit
treatment	CDS-CASE-669928	CDS-TREATMENT-944508	3-Dimensional Conformal Radiation Therapy	673	Tositumomab	Minor Response	saltus_in_demonstrando
treatment	CDS-CASE-610562	CDS-TREATMENT-752497	Radiation Therapy	477	Lisocabtagene Maraleucel	Very Good Partial Response	faber_est_suae_quisque_fortunae
treatment	CDS-CASE-532530	CDS-TREATMENT-595205	High-Dose Rate Brachytherapy	551	Anti-EGFR Monoclonal Antibody EMD 55900	Not Evaluable	a_bene_placito
treatment	CDS-CASE-492643	CDS-TREATMENT-487358	Low-Dose Rate Brachytherapy	52	Axitinib	Stable Disease	faber_est_suae_quisque_fortunae
treatment	CDS-CASE-970288	CDS-TREATMENT-878415	Concurrent Chemoradiation	631	Huang Lian	Not Done	scientia_et_sapientia
treatment	CDS-CASE-882999	CDS-TREATMENT-885908	3-Dimensional Conformal Radiation Therapy	237	VGEFR/c-kit/PDGFR Tyrosine Kinase Inhibitor XL820	Mixed Response	scientia,_aere_perennius
treatment	CDS-CASE-833310	CDS-TREATMENT-542269	Not Reported	96	Acodazole	Not Done	nascentes_morimur_finisque_ab_origine_pendet
treatment	CDS-CASE-690576	CDS-TREATMENT-201246	Concurrent Chemoradiation	61	Recombinant Interleukin-6	Partial Response	nanos_gigantum_humeris_insidentes
treatment	CDS-CASE-549675	CDS-TREATMENT-913491	Chemotherapy	791	Pegzilarginase	Not Reported	haec_olim_meminisse_iuvabit
treatment	CDS-CASE-222534	CDS-TREATMENT-760507	Concurrent Chemoradiation	496	Anti-FLT3/CD3 BiTE Antibody AMG 427	Partial Response	saltus_in_demonstrando
treatment	CDS-CASE-683936	CDS-TREATMENT-721005	Surgical Procedure	173	Acolbifene Hydrochloride	Stable Disease	Macte_animo_Generose_puer_sic_itur_ad_astra
treatment	CDS-CASE-678608	CDS-TREATMENT-764103	Autologous Stem Cell Transplantation	166	Fostriecin	Non-Response	nascentes_morimur_finisque_ab_origine_pendet
treatment	CDS-CASE-421526	CDS-TREATMENT-367921	Not Reported	787	Avelumab	Minor Response	scientia_et_sapientia
treatment	CDS-CASE-271434	CDS-TREATMENT-475475	Unknown	230	Anti-TGF-beta Monoclonal Antibody NIS793	Partial Response	scientia_et_sapientia
treatment	CDS-CASE-708260	CDS-TREATMENT-224368	Hormone Therapy	381	Zotiraciclib Citrate	Complete Remission	Gallia_est_omnis_divisa_in_partes_tres
treatment	CDS-CASE-703064	CDS-TREATMENT-574023	Intensity-Modulated Radiation Therapy	420	Rogletimide	Complete Remission	salus_in_arduis
treatment	CDS-CASE-155554	CDS-TREATMENT-104635	External Beam Radiation Therapy	552	Zandelisib	Progressive Disease	saltus_in_demonstrando
treatment	CDS-CASE-341757	CDS-TREATMENT-452552	Unknown	190	Mutant-selective EGFR Inhibitor PF-06459988	Very Good Partial Response	O_Tite_tute_Tati_tibi_tanta_tyranne_tulisti
treatment	CDS-CASE-966985	CDS-TREATMENT-980410	Autologous Stem Cell Transplantation	894	Anlotinib Hydrochloride	Not Reported	scientia_imperii_decus_et_tutamen
treatment	CDS-CASE-548582	CDS-TREATMENT-986208	Low-Dose Rate Brachytherapy	947	Telapristone Acetate	Not Evaluable	scientiae_cedit_mare
treatment	CDS-CASE-685965	CDS-TREATMENT-996466	Allogeneic Hematopoietic Stem Cell Transplantation	867	Gemcitabine Elaidate	Not Reported	damnant_quod_non_intellegunt
treatment	CDS-CASE-555406	CDS-TREATMENT-963417	Proton Beam Radiation Therapy	232	Anti-EGFR Monoclonal Antibody SCT200	Not Done	damnant_quod_non_intellegunt
treatment	CDS-CASE-973829	CDS-TREATMENT-334202	Unknown	857	Canertinib Dihydrochloride	Complete Remission	faber_est_suae_quisque_fortunae
treatment	CDS-CASE-332466	CDS-TREATMENT-461137	Immunotherapy	195	Anti-CD33/CD3 Bispecific Antibody JNJ-67571244	Mixed Response	a_bene_placito
treatment	CDS-CASE-965965	CDS-TREATMENT-148067	Immunotherapy	543	Polyandrol	Not Done	Obedientia_civium_urbis_felicitas
treatment	CDS-CASE-352522	CDS-TREATMENT-494377	Pharmacotherapy	268	TLR9 Agonist AST-008	Complete Remission	saltus_in_demonstrando
treatment	CDS-CASE-870962	CDS-TREATMENT-501107	Pharmacotherapy	475	Metarrestin	Complete Remission	scientiae_et_patriae
treatment	CDS-CASE-721817	CDS-TREATMENT-946050	Radiation Therapy	365	Bcr-Abl Kinase Inhibitor K0706	Complete Remission	e_causa_ignota
treatment	CDS-CASE-114013	CDS-TREATMENT-696172	Stereotactic Radiosurgery	723	Hematoporphyrin Derivative	Unknown	pace_tua
treatment	CDS-CASE-451604	CDS-TREATMENT-911721	Radiation Therapy	283	ARC Fusion Protein SL-279252	Partial Response	pace_tua
treatment	CDS-CASE-228118	CDS-TREATMENT-429395	Brachytherapy	786	Triazene Derivative CB10-277	Not Evaluable	imperium_in_imperio
treatment	CDS-CASE-138144	CDS-TREATMENT-342482	Stem Cell Transplant	718	Autologous HPV16 E7-specific HLA-A*02:01-restricted TCR Gene Engineered Lymphocytes KITE-439	Stable Disease	scientia_imperii_decus_et_tutamen
treatment	CDS-CASE-916110	CDS-TREATMENT-433426	Organ Transplantation	161	Triamcinolone Acetonide	Partial Response	e_causa_ignota
treatment	CDS-CASE-746581	CDS-TREATMENT-265702	Conventional Radiotherapy	712	Interleukin Therapy	Stable Disease	O_Tite_tute_Tati_tibi_tanta_tyranne_tulisti
treatment	CDS-CASE-788815	CDS-TREATMENT-457975	Cellular Therapy	179	Recombinant KSA Glycoprotein CO17-1A	Non-Response	sapiens_qui_prospicit
treatment	CDS-CASE-582048	CDS-TREATMENT-416515	3-Dimensional Conformal Radiation Therapy	152	Abexinostat Tosylate	Stable Disease	pace_tua
treatment	CDS-CASE-622225	CDS-TREATMENT-638378	Pharmacotherapy	144	Lurbinectedin	Non-Response	scientia_et_sapientia
treatment	CDS-CASE-278766	CDS-TREATMENT-433000	Radiation Therapy	861	Long-acting Release Pasireotide	Mixed Response	id_quod_plerumque_accidit
treatment	CDS-CASE-973257	CDS-TREATMENT-385651	Radiofrequency Ablation	84	Fluorouracil Implant	Unknown	nascentes_morimur_finisque_ab_origine_pendet
treatment	CDS-CASE-476672	CDS-TREATMENT-704985	Concurrent Chemoradiation	809	Abarelix	Very Good Partial Response	Obedientia_civium_urbis_felicitas
treatment	CDS-CASE-778690	CDS-TREATMENT-805441	Immunotherapy	685	Pegylated Liposomal Mitomycin C Lipid-based Prodrug	Mixed Response	barba_crescit_caput_nescit
treatment	CDS-CASE-743583	CDS-TREATMENT-904699	Allogeneic Hematopoietic Stem Cell Transplantation	80	Amivantamab	Progressive Disease	O_Tite_tute_Tati_tibi_tanta_tyranne_tulisti
treatment	CDS-CASE-523815	CDS-TREATMENT-760414	Stereotactic Body Radiation Therapy	891	Obatoclax Mesylate	Unknown	labor_ipse_voluptas
treatment	CDS-CASE-346989	CDS-TREATMENT-731416	Cellular Therapy	464	Monoclonal Antibody HeFi-1	Not Evaluable	scientiae_et_patriae
treatment	CDS-CASE-378395	CDS-TREATMENT-701831	Radiation Therapy	934	Vadimezan	Not Done	Obedientia_civium_urbis_felicitas
treatment	CDS-CASE-288426	CDS-TREATMENT-526052	Immunotherapy	636	Alvespimycin	Non-Response	scientiae_cedit_mare
treatment	CDS-CASE-828969	CDS-TREATMENT-355830	Radiofrequency Ablation	163	Selective Human Estrogen-receptor Alpha Partial Agonist TTC-352	Not Done	scientia_imperii_decus_et_tutamen
treatment	CDS-CASE-759871	CDS-TREATMENT-747230	Unknown	137	Rosmantuzumab	Partial Response	imperium_in_imperio
treatment	CDS-CASE-651136	CDS-TREATMENT-357087	Allogeneic Hematopoietic Stem Cell Transplantation	862	TLC ELL-12	No Evidence of Disease	scientia_et_labor
treatment	CDS-CASE-809909	CDS-TREATMENT-549294	Brachytherapy	667	JAK1 Inhibitor AZD4205	Unknown	scientia,_aere_perennius
treatment	CDS-CASE-993365	CDS-TREATMENT-721238	Targeted Molecular Therapy	149	Pterostilbene	Unknown	pace_tua
treatment	CDS-CASE-367945	CDS-TREATMENT-817646	Brachytherapy	83	Broxuridine	Complete Remission	salus_in_arduis
treatment	CDS-CASE-307856	CDS-TREATMENT-442648	Targeted Molecular Therapy	881	Tasisulam	Not Applicable	Obedientia_civium_urbis_felicitas
treatment	CDS-CASE-882406	CDS-TREATMENT-164581	Palliative Care	185	Transdermal 17beta-Estradiol Gel BHR-200	Stable Disease	Obedientia_civium_urbis_felicitas
treatment	CDS-CASE-661104	CDS-TREATMENT-199740	Conventional Radiotherapy	936	Clostridium Novyi-NT Spores	Not Evaluable	scientiae_cedit_mare
treatment	CDS-CASE-902974	CDS-TREATMENT-811397	Palliative Care	755	Yttrium Y 90 Anti-CD19 Monoclonal Antibody BU12	Mixed Response	scientia_et_sapientia
treatment	CDS-CASE-429102	CDS-TREATMENT-747051	Unknown	66	Urelumab	Not Applicable	faber_est_suae_quisque_fortunae
treatment	CDS-CASE-607219	CDS-TREATMENT-412986	Radiofrequency Ablation	878	Rolinsatamab Talirine	Very Good Partial Response	cacatum_non_est_pictum
treatment	CDS-CASE-396068	CDS-TREATMENT-628162	Radiopharmaceutical	783	Autologous TCRm-expressing T-cells ET140203	Not Applicable	Macte_animo_Generose_puer_sic_itur_ad_astra
treatment	CDS-CASE-268270	CDS-TREATMENT-765853	Palliative Care	293	HuaChanSu	Mixed Response	scientia_et_labor
treatment	CDS-CASE-422435	CDS-TREATMENT-959555	Stereotactic Body Radiation Therapy	665	Gossypol Acetic Acid	Not Evaluable	scientiae_et_patriae
treatment	CDS-CASE-266043	CDS-TREATMENT-152035	Stereotactic Body Radiation Therapy	839	MAGE-A3 Peptide Vaccine	Not Reported	haec_olim_meminisse_iuvabit
treatment	CDS-CASE-821468	CDS-TREATMENT-828652	Allogeneic Hematopoietic Stem Cell Transplantation	32	Cell Cycle Checkpoint/DNA Repair Antagonist IC83	No Evidence of Disease	scientia_et_sapientia
treatment	CDS-CASE-747462	CDS-TREATMENT-617061	High-Dose Rate Brachytherapy	20	Altiratinib	Non-Response	faber_est_suae_quisque_fortunae
treatment	CDS-CASE-292886	CDS-TREATMENT-323197	Pharmacotherapy	441	Yttrium Y-90 Ibritumomab Tiuxetan	Not Applicable	scientia_et_sapientia
treatment	CDS-CASE-130057	CDS-TREATMENT-404507	Not Reported	698	Anti-BCMA SparX Protein Plus BCMA-directed Anti-TAAG ARC T-cells CART-ddBCMA	Stable Disease	saltus_in_demonstrando
treatment	CDS-CASE-249345	CDS-TREATMENT-374020	Radiopharmaceutical	26	Ancitabine Hydrochloride	Very Good Partial Response	nascentes_morimur_finisque_ab_origine_pendet
treatment	CDS-CASE-281661	CDS-TREATMENT-613367	Pharmacotherapy	730	Nilotinib	Very Good Partial Response	scientia_imperii_decus_et_tutamen
treatment	CDS-CASE-456910	CDS-TREATMENT-691604	Autologous Stem Cell Transplantation	384	CCR2 Antagonist CCX872-B	Not Done	cacatum_non_est_pictum
treatment	CDS-CASE-509930	CDS-TREATMENT-983927	Conventional Radiotherapy	795	MDM2 Inhibitor BI 907828	Very Good Partial Response	cacatum_non_est_pictum
treatment	CDS-CASE-239449	CDS-TREATMENT-391871	Concurrent Chemoradiation	226	Amsacrine	Stable Disease	imperium_in_imperio
treatment	CDS-CASE-429192	CDS-TREATMENT-224269	Cellular Therapy	53	Adenosine A2A/A2B Receptor Antagonist AB928	Progressive Disease	scientia_et_sapientia
treatment	CDS-CASE-130878	CDS-TREATMENT-980864	Palliative Care	900	DNMT1 Inhibitor NTX-301	Minor Response	pace_tua
treatment	CDS-CASE-715409	CDS-TREATMENT-960993	Stereotactic Radiosurgery	474	Lenzilumab	No Evidence of Disease	scientia,_aere_perennius
treatment	CDS-CASE-528896	CDS-TREATMENT-739666	High-Dose Rate Brachytherapy	500	Bardoxolone	Very Good Partial Response	saltus_in_demonstrando
treatment	CDS-CASE-502653	CDS-TREATMENT-716655	Autologous Stem Cell Transplantation	703	Antigen-presenting Cells-expressing HPV16 E6/E7 SQZ-PBMC-HPV	Not Applicable	salus_in_arduis
treatment	CDS-CASE-603748	CDS-TREATMENT-181309	Hormone Therapy	136	PI3K-gamma Inhibitor IPI-549	Not Done	id_quod_plerumque_accidit
treatment	CDS-CASE-438511	CDS-TREATMENT-819399	Cellular Therapy	614	Anti-FCRH5/CD3 BiTE Antibody BFCR4350A	Very Good Partial Response	scientiae_et_patriae
treatment	CDS-CASE-573644	CDS-TREATMENT-620462	Low-Dose Rate Brachytherapy	288	c-Met Inhibitor JNJ-38877605	Not Done	nanos_gigantum_humeris_insidentes
treatment	CDS-CASE-638388	CDS-TREATMENT-594063	Proton Beam Radiation Therapy	988	Tubercidin	Not Applicable	nanos_gigantum_humeris_insidentes
treatment	CDS-CASE-427765	CDS-TREATMENT-379651	Targeted Molecular Therapy	201	Pembrolizumab	Complete Remission	a_bene_placito
treatment	CDS-CASE-403333	CDS-TREATMENT-880299	Immunotherapy	960	Iodine I 131 Derlotuximab Biotin	No Evidence of Disease	salus_in_arduis
treatment	CDS-CASE-115140	CDS-TREATMENT-741302	Autologous Stem Cell Transplantation	251	Aurora Kinase Inhibitor BI 811283	Mixed Response	sapiens_qui_prospicit
treatment	CDS-CASE-212596	CDS-TREATMENT-528756	Autologous Stem Cell Transplantation	404	Acalabrutinib	Progressive Disease	cacatum_non_est_pictum
treatment	CDS-CASE-379997	CDS-TREATMENT-389290	Immunotherapy	281	RNR Inhibitor COH29	Very Good Partial Response	imperium_in_imperio
treatment	CDS-CASE-439032	CDS-TREATMENT-237787	Allogeneic Hematopoietic Stem Cell Transplantation	675	Exicorilant	Mixed Response	Gallia_est_omnis_divisa_in_partes_tres
treatment	CDS-CASE-413051	CDS-TREATMENT-692969	Brachytherapy	273	Navitoclax	Mixed Response	salus_in_arduis
treatment	CDS-CASE-744677	CDS-TREATMENT-194896	3-Dimensional Conformal Radiation Therapy	361	CBP/beta-catenin Modulator E7386	Minor Response	a_bene_placito
treatment	CDS-CASE-817482	CDS-TREATMENT-129174	Organ Transplantation	543	PI3Kdelta Inhibitor GS-9901	Non-Response	scientiae_et_patriae
treatment	CDS-CASE-856182	CDS-TREATMENT-149366	Stereotactic Radiosurgery	714	Dibrospidium Chloride	Mixed Response	imperium_in_imperio
treatment	CDS-CASE-142228	CDS-TREATMENT-734588	3-Dimensional Conformal Radiation Therapy	633	Cisplatin-E Therapeutic Implant	Not Evaluable	damnant_quod_non_intellegunt
treatment	CDS-CASE-998143	CDS-TREATMENT-876735	Stem Cell Transplant	705	PI3Kdelta Inhibitor GS-9901	Not Reported	sapiens_qui_prospicit
treatment	CDS-CASE-981372	CDS-TREATMENT-252445	Brachytherapy	841	NY-ESO-1/GLA-SE Vaccine ID-G305	Progressive Disease	scientia_et_sapientia
treatment	CDS-CASE-218850	CDS-TREATMENT-762713	Autologous Stem Cell Transplantation	777	Varlitinib Tosylate	Not Applicable	scientia_et_labor
treatment	CDS-CASE-628178	CDS-TREATMENT-997355	Radiofrequency Ablation	254	Benzoylphenylurea	Mixed Response	labor_ipse_voluptas
treatment	CDS-CASE-232057	CDS-TREATMENT-826487	Low-Dose Rate Brachytherapy	834	Anti-HER2 Antibody-drug Conjugate DP303c	Progressive Disease	scientiae_et_patriae
treatment	CDS-CASE-458522	CDS-TREATMENT-840608	Not Reported	398	Actinomycin C2	Mixed Response	scientiae_et_patriae
treatment	CDS-CASE-825664	CDS-TREATMENT-527592	Cellular Therapy	786	Tipiracil Hydrochloride	Not Done	nascentes_morimur_finisque_ab_origine_pendet
treatment	CDS-CASE-903211	CDS-TREATMENT-114049	High-Dose Rate Brachytherapy	529	Monoclonal Antibody D6.12	Very Good Partial Response	sapiens_qui_prospicit
treatment	CDS-CASE-113476	CDS-TREATMENT-113738	Radiation Therapy	56	Anti-TROP2 Antibody-drug Conjugate BAT8003	Not Reported	labor_ipse_voluptas
treatment	CDS-CASE-771999	CDS-TREATMENT-434822	Surgical Procedure	814	Viagenpumatucel-L	Progressive Disease	damnant_quod_non_intellegunt
treatment	CDS-CASE-719747	CDS-TREATMENT-444787	Conventional Radiotherapy	656	Anti-EGFR/c-Met Bispecific Antibody JNJ-61186372	Very Good Partial Response	faber_est_suae_quisque_fortunae
treatment	CDS-CASE-696778	CDS-TREATMENT-754546	Brachytherapy	504	Trilaciclib	Minor Response	e_causa_ignota
treatment	CDS-CASE-310659	CDS-TREATMENT-538774	Photon Beam Radiation Therapy	464	Cinobufagin	Progressive Disease	sapiens_qui_prospicit
treatment	CDS-CASE-279861	CDS-TREATMENT-342893	Concurrent Chemoradiation	540	Mibefradil Dihydrochloride	Complete Remission	e_causa_ignota
treatment	CDS-CASE-616038	CDS-TREATMENT-926057	Conventional Radiotherapy	954	Gemtuzumab Ozogamicin	Minor Response	pace_tua
treatment	CDS-CASE-252737	CDS-TREATMENT-747950	Conventional Radiotherapy	437	Quinacrine Hydrochloride	Not Applicable	nanos_gigantum_humeris_insidentes
treatment	CDS-CASE-444593	CDS-TREATMENT-765412	Conventional Radiotherapy	394	Ras Inhibitor	Not Applicable	scientia_imperii_decus_et_tutamen
treatment	CDS-CASE-389615	CDS-TREATMENT-231938	Intensity-Modulated Radiation Therapy	812	Anti-PRAME Immunotherapeutic GSK2302032A	Progressive Disease	scientiae_cedit_mare
treatment	CDS-CASE-624561	CDS-TREATMENT-505893	Hormone Therapy	834	Leflunomide	Very Good Partial Response	cacatum_non_est_pictum
treatment	CDS-CASE-878325	CDS-TREATMENT-343596	Immunotherapy	506	Opolimogene Capmilisbac	Unknown	pace_tua
treatment	CDS-CASE-873645	CDS-TREATMENT-544587	External Beam Radiation Therapy	850	pan-RAF Kinase Inhibitor CCT3833	Minor Response	faber_est_suae_quisque_fortunae
treatment	CDS-CASE-947999	CDS-TREATMENT-337939	Radiopharmaceutical	847	Trastuzumab	Stable Disease	labor_ipse_voluptas
treatment	CDS-CASE-472652	CDS-TREATMENT-390190	Proton Beam Radiation Therapy	811	Cyclodisone	Non-Response	Macte_animo_Generose_puer_sic_itur_ad_astra
treatment	CDS-CASE-374028	CDS-TREATMENT-607048	Organ Transplantation	318	EGFR Mutant-selective Inhibitor TQB3804	Not Applicable	Macte_animo_Generose_puer_sic_itur_ad_astra
treatment	CDS-CASE-999672	CDS-TREATMENT-281244	Radiation Therapy	998	EGFR/HER2 Kinase Inhibitor TAK-285	Minor Response	sapiens_qui_prospicit
treatment	CDS-CASE-614617	CDS-TREATMENT-761078	High-Dose Rate Brachytherapy	862	Epratuzumab	Stable Disease	Macte_animo_Generose_puer_sic_itur_ad_astra
treatment	CDS-CASE-339764	CDS-TREATMENT-572670	Pharmacotherapy	58	Tolnidamine	Minor Response	id_quod_plerumque_accidit
treatment	CDS-CASE-461333	CDS-TREATMENT-505663	Allogeneic Hematopoietic Stem Cell Transplantation	846	4-Thio-2-deoxycytidine	Not Reported	a_bene_placito
treatment	CDS-CASE-483134	CDS-TREATMENT-130112	Intensity-Modulated Radiation Therapy	350	Anti-CD20 Monoclonal Antibody-Interferon-alpha Fusion Protein IGN002	Progressive Disease	nascentes_morimur_finisque_ab_origine_pendet
treatment	CDS-CASE-991992	CDS-TREATMENT-578063	Intensity-Modulated Radiation Therapy	84	Nimotuzumab	No Evidence of Disease	id_quod_plerumque_accidit
treatment	CDS-CASE-652721	CDS-TREATMENT-516726	Radiofrequency Ablation	841	Anhydrous Enol-oxaloacetate	No Evidence of Disease	barba_crescit_caput_nescit
treatment	CDS-CASE-384864	CDS-TREATMENT-327752	Palliative Care	433	Colloidal Gold-Bound Tumor Necrosis Factor	Very Good Partial Response	pace_tua
treatment	CDS-CASE-264049	CDS-TREATMENT-781711	Brachytherapy	301	Seneca Valley Virus-001	Minor Response	nanos_gigantum_humeris_insidentes
treatment	CDS-CASE-861399	CDS-TREATMENT-187019	Cellular Therapy	224	Huaier Extract Granule	Partial Response	O_Tite_tute_Tati_tibi_tanta_tyranne_tulisti
treatment	CDS-CASE-188708	CDS-TREATMENT-357734	Pharmacotherapy	347	TGF-beta Receptor 1 Kinase Inhibitor SH3051	Partial Response	nascentes_morimur_finisque_ab_origine_pendet
treatment	CDS-CASE-603668	CDS-TREATMENT-121941	Concurrent Chemoradiation	933	Tezacitabine Anhydrous	No Evidence of Disease	salus_in_arduis
treatment	CDS-CASE-640653	CDS-TREATMENT-410029	Immunotherapy	761	Superagonist Interleukin-15:Interleukin-15 Receptor alphaSu/Fc Fusion Complex ALT-803	Not Applicable	scientia_et_sapientia
treatment	CDS-CASE-250209	CDS-TREATMENT-720004	Photon Beam Radiation Therapy	21	Edodekin alfa	Not Evaluable	damnant_quod_non_intellegunt
treatment	CDS-CASE-699220	CDS-TREATMENT-676530	Immunotherapy	891	CDK4/6 Inhibitor G1T38	Non-Response	salus_in_arduis
treatment	CDS-CASE-545181	CDS-TREATMENT-809388	Not Reported	484	FAP/4-1BB-targeting DARPin MP0310	Not Evaluable	scientiae_et_patriae
treatment	CDS-CASE-405877	CDS-TREATMENT-257168	Immunotherapy	806	Aniline Mustard	Complete Remission	haec_olim_meminisse_iuvabit
treatment	CDS-CASE-963339	CDS-TREATMENT-977202	Not Reported	316	Oral Cancer Vaccine V3-OVA	Stable Disease	e_causa_ignota
treatment	CDS-CASE-114109	CDS-TREATMENT-390595	Immunotherapy	147	GM-CSF-encoding Oncolytic Adenovirus CGTG-102	Very Good Partial Response	faber_est_suae_quisque_fortunae
treatment	CDS-CASE-141564	CDS-TREATMENT-415124	Electron Beam Radiation Therapy	263	Astuprotimut-R	Not Done	saltus_in_demonstrando
treatment	CDS-CASE-763044	CDS-TREATMENT-613132	Electron Beam Radiation Therapy	316	Uracil Ointment	Not Done	labor_ipse_voluptas
treatment	CDS-CASE-116637	CDS-TREATMENT-857685	Radiofrequency Ablation	407	Marizomib	Mixed Response	Gallia_est_omnis_divisa_in_partes_tres
treatment	CDS-CASE-154936	CDS-TREATMENT-394038	Palliative Care	835	Vincristine	Not Applicable	faber_est_suae_quisque_fortunae
treatment	CDS-CASE-661107	CDS-TREATMENT-497098	Stem Cell Transplant	653	NLRP3 Agonist BMS-986299	Unknown	saltus_in_demonstrando
treatment	CDS-CASE-441359	CDS-TREATMENT-684602	Intensity-Modulated Radiation Therapy	755	Lucanthone	Stable Disease	faber_est_suae_quisque_fortunae
treatment	CDS-CASE-239347	CDS-TREATMENT-390508	Radiation Therapy	828	Human MOAB LICO 28a32	Non-Response	nanos_gigantum_humeris_insidentes
treatment	CDS-CASE-253971	CDS-TREATMENT-287779	Proton Beam Radiation Therapy	219	Therapeutic Liver Cancer Peptide Vaccine IMA970A	Not Reported	imperium_in_imperio
treatment	CDS-CASE-781651	CDS-TREATMENT-397999	Proton Beam Radiation Therapy	965	Glutamine Antagonist DRP-104	Mixed Response	saltus_in_demonstrando
treatment	CDS-CASE-508573	CDS-TREATMENT-495500	Unknown	566	Agonistic Anti-CD40 Monoclonal Antibody ADC-1013	Stable Disease	sapiens_qui_prospicit
treatment	CDS-CASE-988511	CDS-TREATMENT-565815	External Beam Radiation Therapy	160	Bcl-2 Inhibitor APG 2575	Minor Response	scientia_et_labor
treatment	CDS-CASE-881063	CDS-TREATMENT-894252	Intensity-Modulated Radiation Therapy	11	Aclacinomycin B	Not Evaluable	damnant_quod_non_intellegunt
treatment	CDS-CASE-273345	CDS-TREATMENT-424341	Not Reported	982	Lestaurtinib	No Evidence of Disease	Macte_animo_Generose_puer_sic_itur_ad_astra
treatment	CDS-CASE-251620	CDS-TREATMENT-992955	Radiation Therapy	456	Warfarin Sodium	Not Done	haec_olim_meminisse_iuvabit
treatment	CDS-CASE-189920	CDS-TREATMENT-662192	Cellular Therapy	352	MYC-targeting siRNA DCR-MYC	Not Reported	Obedientia_civium_urbis_felicitas
treatment	CDS-CASE-202072	CDS-TREATMENT-689963	Photon Beam Radiation Therapy	999	Tilsotolimod Sodium	Not Evaluable	e_causa_ignota
treatment	CDS-CASE-856942	CDS-TREATMENT-316549	Unknown	954	Anti-ErbB3 Antibody ISU104	Stable Disease	id_quod_plerumque_accidit
treatment	CDS-CASE-104012	CDS-TREATMENT-633875	Brachytherapy	343	Anti-CXCR4 Monoclonal Antibody PF-06747143	Mixed Response	Obedientia_civium_urbis_felicitas
treatment	CDS-CASE-237218	CDS-TREATMENT-910881	Radiofrequency Ablation	846	Acai Berry Juice	Partial Response	scientiae_et_patriae
treatment	CDS-CASE-888511	CDS-TREATMENT-782131	Hormone Therapy	971	EGFR/HER2 Inhibitor AP32788	Complete Remission	scientia_et_sapientia
treatment	CDS-CASE-843003	CDS-TREATMENT-449260	Autologous Stem Cell Transplantation	146	Avitinib Maleate	Non-Response	Macte_animo_Generose_puer_sic_itur_ad_astra
treatment	CDS-CASE-853191	CDS-TREATMENT-258188	Allogeneic Hematopoietic Stem Cell Transplantation	140	Archexin	Not Reported	nanos_gigantum_humeris_insidentes
treatment	CDS-CASE-885609	CDS-TREATMENT-852966	Low-Dose Rate Brachytherapy	703	Mogamulizumab	Minor Response	scientia_imperii_decus_et_tutamen
treatment	CDS-CASE-604952	CDS-TREATMENT-344688	Radiofrequency Ablation	872	Trastuzumab Conjugate BI-CON-02	Not Done	O_Tite_tute_Tati_tibi_tanta_tyranne_tulisti
treatment	CDS-CASE-987170	CDS-TREATMENT-841246	Unknown	573	Guanabenz Acetate	Complete Remission	e_causa_ignota
treatment	CDS-CASE-788274	CDS-TREATMENT-233237	Immunotherapy	440	FGFR/CSF-1R Inhibitor 3D185	Stable Disease	damnant_quod_non_intellegunt
treatment	CDS-CASE-591189	CDS-TREATMENT-228558	Stereotactic Radiosurgery	82	Personalized Neoepitope Yeast Vaccine YE-NEO-001	Partial Response	nascentes_morimur_finisque_ab_origine_pendet
treatment	CDS-CASE-428332	CDS-TREATMENT-645392	Surgical Procedure	425	FGF/FGFR Pathway Inhibitor E7090	Not Evaluable	pace_tua
treatment	CDS-CASE-908043	CDS-TREATMENT-231655	Concurrent Chemoradiation	231	Sonidegib	Unknown	nanos_gigantum_humeris_insidentes
treatment	CDS-CASE-117479	CDS-TREATMENT-718980	Stem Cell Transplant	222	Foretinib	No Evidence of Disease	scientia_et_sapientia
treatment	CDS-CASE-126290	CDS-TREATMENT-221511	Proton Beam Radiation Therapy	31	Glembatumumab Vedotin	Mixed Response	pace_tua
treatment	CDS-CASE-537898	CDS-TREATMENT-381521	3-Dimensional Conformal Radiation Therapy	438	STAT3 Inhibitor TTI-101	Unknown	scientiae_cedit_mare
treatment	CDS-CASE-123495	CDS-TREATMENT-910465	Targeted Molecular Therapy	367	Camptothecin	Complete Remission	labor_ipse_voluptas
treatment	CDS-CASE-593121	CDS-TREATMENT-832069	Concurrent Chemoradiation	528	HDAC/EGFR/HER2 Inhibitor CUDC-101	Not Applicable	O_Tite_tute_Tati_tibi_tanta_tyranne_tulisti
treatment	CDS-CASE-716210	CDS-TREATMENT-450637	Intensity-Modulated Radiation Therapy	695	MCL-1 Inhibitor AMG 176	Non-Response	scientia_et_labor
treatment	CDS-CASE-931613	CDS-TREATMENT-529035	Pharmacotherapy	263	Nitrogen Mustard Prodrug PR-104	Non-Response	faber_est_suae_quisque_fortunae
treatment	CDS-CASE-870612	CDS-TREATMENT-224284	Targeted Molecular Therapy	87	Medroxyprogesterone	Minor Response	e_causa_ignota
